index,profile,recipe,y_true,y_pred,correct,benign,malicious_plain,malicious_obfuscated
0,file_download,random_padding+timing_jitter+tunnel_encapsulation,benign,benign,1,0.8859,0.0108,0.1034
1,port_scan,none,malicious_plain,malicious_plain,1,0.0166,0.9425,0.0409
2,video_streaming,none,benign,benign,1,0.9744,0.0156,0.0101
3,brute_force,constant_rate_shaping+tunnel_encapsulation,malicious_obfuscated,benign,0,0.6227,0.0182,0.3591
4,video_streaming,dummy_injection+timing_jitter,benign,benign,1,0.9132,0.0769,0.0099
5,data_exfiltration,none,malicious_plain,malicious_plain,1,0.0118,0.9674,0.0208
6,ddos_flood,none,malicious_plain,malicious_plain,1,0.0097,0.8723,0.1179
7,reverse_shell,none,malicious_plain,malicious_plain,1,0.0360,0.8462,0.1178
8,video_streaming,random_padding+timing_jitter,benign,benign,1,0.9552,0.0059,0.0389
9,brute_force,fragmentation+constant_rate_shaping,malicious_obfuscated,malicious_obfuscated,1,0.2630,0.0120,0.7251
10,video_streaming,none,benign,benign,1,0.9686,0.0208,0.0105
11,reverse_shell,none,malicious_plain,malicious_plain,1,0.0029,0.9820,0.0151
12,data_exfiltration,random_padding+constant_rate_shaping,malicious_obfuscated,malicious_obfuscated,1,0.0098,0.0070,0.9832
13,reverse_shell,none,malicious_plain,malicious_plain,1,0.1960,0.5511,0.2529
14,port_scan,none,malicious_plain,malicious_plain,1,0.0160,0.9503,0.0338
15,port_scan,none,malicious_plain,malicious_plain,1,0.0124,0.9612,0.0264
16,data_exfiltration,block_padding,malicious_obfuscated,malicious_obfuscated,1,0.0212,0.0798,0.8990
17,port_scan,constant_rate_shaping,malicious_obfuscated,malicious_obfuscated,1,0.0260,0.0125,0.9615
18,file_download,protocol_mimicry+random_padding,benign,benign,1,0.6350,0.0247,0.3403
19,brute_force,none,malicious_plain,malicious_plain,1,0.0080,0.9501,0.0419
20,data_exfiltration,random_padding+timing_jitter,malicious_obfuscated,malicious_obfuscated,1,0.0105,0.0067,0.9828
21,port_scan,block_padding+constant_rate_shaping,malicious_obfuscated,malicious_obfuscated,1,0.0342,0.0123,0.9535
22,ssh_interactive,none,benign,benign,1,0.9360,0.0433,0.0207
23,brute_force,none,malicious_plain,malicious_plain,1,0.0195,0.7646,0.2159
24,reverse_shell,constant_rate_shaping,malicious_obfuscated,malicious_obfuscated,1,0.4962,0.0035,0.5003
25,video_streaming,tunnel_encapsulation,benign,benign,1,0.9576,0.0120,0.0304
26,ddos_flood,constant_rate_shaping,malicious_obfuscated,malicious_obfuscated,1,0.0133,0.0119,0.9748
27,video_streaming,none,benign,benign,1,0.9616,0.0292,0.0092
28,port_scan,none,malicious_plain,malicious_plain,1,0.0383,0.8045,0.1573
29,file_download,none,benign,benign,1,0.9662,0.0164,0.0173
30,voip,none,benign,benign,1,0.9656,0.0103,0.0241
31,voip,fragmentation,benign,benign,1,0.9494,0.0102,0.0404
32,port_scan,none,malicious_plain,malicious_plain,1,0.0353,0.8232,0.1415
33,port_scan,none,malicious_plain,malicious_plain,1,0.0151,0.9446,0.0404
34,ssh_interactive,none,benign,benign,1,0.9601,0.0126,0.0273
35,file_download,block_padding+random_padding+tunnel_encapsulation,benign,benign,1,0.9693,0.0105,0.0202
36,reverse_shell,protocol_mimicry+random_padding+dummy_injection,malicious_obfuscated,malicious_obfuscated,1,0.3171,0.0098,0.6731
37,brute_force,block_padding,malicious_obfuscated,malicious_plain,0,0.0306,0.8849,0.0845
38,data_exfiltration,none,malicious_plain,malicious_plain,1,0.0125,0.9658,0.0216
39,web_browsing,none,benign,benign,1,0.9235,0.0459,0.0307
40,video_streaming,protocol_mimicry+tunnel_encapsulation,benign,benign,1,0.8106,0.0102,0.1792
41,ddos_flood,none,malicious_plain,malicious_plain,1,0.0072,0.9446,0.0483
42,reverse_shell,none,malicious_plain,malicious_plain,1,0.0090,0.9746,0.0164
43,brute_force,block_padding,malicious_obfuscated,malicious_obfuscated,1,0.0460,0.0534,0.9006
44,reverse_shell,none,malicious_plain,malicious_plain,1,0.2953,0.6553,0.0494
45,web_browsing,block_padding+dummy_injection+constant_rate_shaping,benign,benign,1,0.6311,0.0458,0.3231
46,reverse_shell,dummy_injection,malicious_obfuscated,benign,0,0.5407,0.0498,0.4095
47,video_streaming,none,benign,benign,1,0.9666,0.0233,0.0100
48,web_browsing,tunnel_encapsulation,benign,benign,1,0.9712,0.0112,0.0176
49,reverse_shell,none,malicious_plain,malicious_plain,1,0.0134,0.9426,0.0440
50,file_download,block_padding,benign,benign,1,0.9669,0.0182,0.0150
51,c2_beacon,none,malicious_plain,malicious_plain,1,0.0056,0.9380,0.0563
52,brute_force,none,malicious_plain,malicious_plain,1,0.0097,0.9002,0.0900
53,data_exfiltration,none,malicious_plain,malicious_plain,1,0.0134,0.9544,0.0322
54,video_streaming,none,benign,benign,1,0.9695,0.0200,0.0105
55,reverse_shell,none,malicious_plain,malicious_plain,1,0.0250,0.8326,0.1424
56,data_exfiltration,random_padding+tunnel_encapsulation,malicious_obfuscated,malicious_obfuscated,1,0.0210,0.0077,0.9714
57,ssh_interactive,none,benign,benign,1,0.9756,0.0126,0.0118
58,c2_beacon,timing_jitter,malicious_obfuscated,malicious_plain,0,0.0061,0.8838,0.1100
59,port_scan,none,malicious_plain,malicious_plain,1,0.0486,0.8466,0.1048
60,web_browsing,constant_rate_shaping,benign,benign,1,0.9591,0.0173,0.0236
61,reverse_shell,protocol_mimicry+fragmentation+random_padding,malicious_obfuscated,malicious_obfuscated,1,0.0512,0.0380,0.9108
62,c2_beacon,dummy_injection+timing_jitter+constant_rate_shaping,malicious_obfuscated,benign,0,0.7936,0.0370,0.1694
63,c2_beacon,protocol_mimicry+fragmentation+constant_rate_shaping,malicious_obfuscated,malicious_obfuscated,1,0.0540,0.0194,0.9266
64,brute_force,none,malicious_plain,malicious_plain,1,0.0129,0.9326,0.0545
65,reverse_shell,fragmentation+timing_jitter,malicious_obfuscated,malicious_obfuscated,1,0.0200,0.0111,0.9689
66,ddos_flood,constant_rate_shaping+tunnel_encapsulation,malicious_obfuscated,malicious_obfuscated,1,0.0262,0.0254,0.9484
67,web_browsing,tunnel_encapsulation,benign,benign,1,0.9627,0.0133,0.0240
68,c2_beacon,none,malicious_plain,malicious_plain,1,0.0076,0.8797,0.1128
69,video_streaming,fragmentation+random_padding+dummy_injection,benign,benign,1,0.9558,0.0174,0.0267
70,file_download,dummy_injection,benign,benign,1,0.9860,0.0078,0.0061
71,ddos_flood,random_padding+timing_jitter,malicious_obfuscated,malicious_obfuscated,1,0.0252,0.0079,0.9669
72,c2_beacon,none,malicious_plain,malicious_plain,1,0.0044,0.9508,0.0449
73,c2_beacon,block_padding+timing_jitter,malicious_obfuscated,malicious_plain,0,0.0405,0.5343,0.4253
74,port_scan,protocol_mimicry+dummy_injection,malicious_obfuscated,malicious_obfuscated,1,0.0227,0.0287,0.9487
75,ddos_flood,timing_jitter+constant_rate_shaping+tunnel_encapsulation,malicious_obfuscated,malicious_obfuscated,1,0.0238,0.0111,0.9651
76,file_download,none,benign,benign,1,0.9655,0.0212,0.0133
77,port_scan,protocol_mimicry+dummy_injection,malicious_obfuscated,malicious_obfuscated,1,0.0167,0.0151,0.9682
78,ssh_interactive,none,benign,benign,1,0.9609,0.0142,0.0249
79,ddos_flood,protocol_mimicry+block_padding,malicious_obfuscated,malicious_obfuscated,1,0.0263,0.0169,0.9568
80,web_browsing,none,benign,benign,1,0.9715,0.0196,0.0089
81,voip,none,benign,benign,1,0.9405,0.0100,0.0495
82,web_browsing,none,benign,benign,1,0.9646,0.0210,0.0144
83,port_scan,dummy_injection+constant_rate_shaping+tunnel_encapsulation,malicious_obfuscated,benign,0,0.7152,0.0129,0.2718
84,ssh_interactive,none,benign,benign,1,0.9808,0.0120,0.0072
85,data_exfiltration,protocol_mimicry+random_padding,malicious_obfuscated,malicious_obfuscated,1,0.0101,0.0018,0.9881
86,port_scan,dummy_injection,malicious_obfuscated,malicious_obfuscated,1,0.0250,0.0186,0.9564
87,video_streaming,fragmentation+random_padding,benign,benign,1,0.9467,0.0155,0.0378
88,ssh_interactive,random_padding+dummy_injection,benign,benign,1,0.9071,0.0383,0.0546
89,web_browsing,none,benign,benign,1,0.9119,0.0157,0.0724
90,port_scan,fragmentation+random_padding,malicious_obfuscated,malicious_obfuscated,1,0.0310,0.0103,0.9588
91,data_exfiltration,none,malicious_plain,malicious_plain,1,0.0109,0.9730,0.0161
92,reverse_shell,fragmentation,malicious_obfuscated,malicious_obfuscated,1,0.1291,0.0066,0.8643
93,data_exfiltration,constant_rate_shaping,malicious_obfuscated,malicious_obfuscated,1,0.0404,0.0008,0.9588
94,web_browsing,none,benign,benign,1,0.8827,0.0129,0.1044
95,data_exfiltration,protocol_mimicry+constant_rate_shaping,malicious_obfuscated,malicious_obfuscated,1,0.2724,0.0124,0.7152
96,c2_beacon,none,malicious_plain,malicious_plain,1,0.0375,0.7045,0.2580
97,ddos_flood,none,malicious_plain,malicious_plain,1,0.0122,0.7727,0.2151
98,ssh_interactive,fragmentation,benign,benign,1,0.9289,0.0078,0.0633
99,video_streaming,none,benign,benign,1,0.9750,0.0144,0.0106
100,c2_beacon,fragmentation+timing_jitter,malicious_obfuscated,malicious_obfuscated,1,0.0210,0.0272,0.9518
101,brute_force,fragmentation,malicious_obfuscated,malicious_plain,0,0.0158,0.9196,0.0646
102,reverse_shell,block_padding+timing_jitter+constant_rate_shaping,malicious_obfuscated,malicious_obfuscated,1,0.2105,0.0042,0.7853
103,brute_force,none,malicious_plain,malicious_plain,1,0.0196,0.8802,0.1003
104,c2_beacon,none,malicious_plain,malicious_plain,1,0.0021,0.9786,0.0193
105,web_browsing,timing_jitter+tunnel_encapsulation,benign,benign,1,0.8906,0.0059,0.1035
106,c2_beacon,random_padding+constant_rate_shaping,malicious_obfuscated,malicious_obfuscated,1,0.3182,0.0206,0.6612
107,data_exfiltration,none,malicious_plain,malicious_plain,1,0.0122,0.9675,0.0204
108,video_streaming,none,benign,benign,1,0.9494,0.0438,0.0068
109,reverse_shell,constant_rate_shaping,malicious_obfuscated,benign,0,0.6801,0.0505,0.2693
110,web_browsing,protocol_mimicry+fragmentation+tunnel_encapsulation,benign,malicious_obfuscated,0,0.3340,0.0143,0.6517
111,ssh_interactive,none,benign,benign,1,0.9795,0.0091,0.0115
112,ssh_interactive,none,benign,benign,1,0.9648,0.0180,0.0172
113,video_streaming,protocol_mimicry+timing_jitter+constant_rate_shaping,benign,malicious_obfuscated,0,0.2328,0.0110,0.7562
114,ssh_interactive,fragmentation+dummy_injection,benign,benign,1,0.9208,0.0093,0.0698
115,video_streaming,none,benign,benign,1,0.9705,0.0202,0.0093
116,c2_beacon,none,malicious_plain,malicious_plain,1,0.0044,0.9357,0.0599
117,data_exfiltration,timing_jitter+tunnel_encapsulation,malicious_obfuscated,malicious_obfuscated,1,0.0209,0.0053,0.9738
118,reverse_shell,random_padding+tunnel_encapsulation,malicious_obfuscated,malicious_plain,0,0.1058,0.4778,0.4164
119,voip,none,benign,benign,1,0.9509,0.0103,0.0388
120,data_exfiltration,none,malicious_plain,malicious_plain,1,0.0106,0.9740,0.0154
121,ddos_flood,constant_rate_shaping,malicious_obfuscated,malicious_obfuscated,1,0.0093,0.0089,0.9818
122,reverse_shell,none,malicious_plain,malicious_plain,1,0.0076,0.9564,0.0360
123,data_exfiltration,none,malicious_plain,malicious_plain,1,0.0105,0.9742,0.0152
124,file_download,none,benign,benign,1,0.9663,0.0188,0.0149
125,c2_beacon,none,malicious_plain,malicious_plain,1,0.0297,0.8285,0.1418
126,port_scan,none,malicious_plain,malicious_plain,1,0.0184,0.9396,0.0420
127,reverse_shell,timing_jitter+constant_rate_shaping,malicious_obfuscated,benign,0,0.8789,0.0318,0.0892
128,video_streaming,none,benign,benign,1,0.9727,0.0184,0.0089
129,brute_force,protocol_mimicry+dummy_injection+constant_rate_shaping,malicious_obfuscated,benign,0,0.7126,0.0077,0.2797
130,data_exfiltration,protocol_mimicry+dummy_injection,malicious_obfuscated,malicious_obfuscated,1,0.0294,0.0046,0.9660
131,file_download,none,benign,benign,1,0.9736,0.0152,0.0112
132,data_exfiltration,none,malicious_plain,malicious_plain,1,0.0119,0.9678,0.0203
133,file_download,protocol_mimicry+fragmentation+dummy_injection,benign,malicious_obfuscated,0,0.2407,0.0012,0.7581
134,brute_force,fragmentation,malicious_obfuscated,malicious_obfuscated,1,0.0319,0.0082,0.9599
135,ssh_interactive,none,benign,benign,1,0.9682,0.0142,0.0175
136,reverse_shell,random_padding,malicious_obfuscated,malicious_obfuscated,1,0.0669,0.1868,0.7463
137,web_browsing,protocol_mimicry+constant_rate_shaping+tunnel_encapsulation,benign,benign,1,0.9362,0.0218,0.0420
138,ddos_flood,none,malicious_plain,malicious_plain,1,0.0080,0.9534,0.0386
139,c2_beacon,none,malicious_plain,malicious_plain,1,0.0038,0.9466,0.0496
140,brute_force,fragmentation+block_padding+tunnel_encapsulation,malicious_obfuscated,malicious_obfuscated,1,0.4196,0.0147,0.5657
141,ssh_interactive,none,benign,benign,1,0.9765,0.0124,0.0111
142,port_scan,block_padding,malicious_obfuscated,malicious_obfuscated,1,0.0295,0.0056,0.9650
143,ddos_flood,none,malicious_plain,malicious_plain,1,0.0075,0.9582,0.0343
144,ssh_interactive,none,benign,benign,1,0.9820,0.0121,0.0058
145,video_streaming,none,benign,benign,1,0.9784,0.0145,0.0071
146,file_download,none,benign,benign,1,0.9679,0.0197,0.0124
147,ssh_interactive,none,benign,benign,1,0.9697,0.0169,0.0134
148,video_streaming,none,benign,benign,1,0.9732,0.0160,0.0108
149,port_scan,none,malicious_plain,malicious_plain,1,0.0136,0.9548,0.0317
150,file_download,fragmentation+constant_rate_shaping,benign,malicious_obfuscated,0,0.2305,0.0038,0.7657
151,video_streaming,protocol_mimicry+random_padding+constant_rate_shaping,benign,benign,1,0.9664,0.0199,0.0137
152,video_streaming,fragmentation+block_padding,benign,benign,1,0.9485,0.0137,0.0378
153,ddos_flood,protocol_mimicry+timing_jitter,malicious_obfuscated,malicious_obfuscated,1,0.0097,0.0048,0.9854
154,ssh_interactive,none,benign,benign,1,0.9742,0.0125,0.0132
155,voip,fragmentation+tunnel_encapsulation,benign,benign,1,0.8049,0.0123,0.1827
156,ssh_interactive,none,benign,benign,1,0.9685,0.0108,0.0207
157,voip,protocol_mimicry+fragmentation+dummy_injection,benign,benign,1,0.5802,0.0076,0.4122
158,video_streaming,none,benign,benign,1,0.9680,0.0239,0.0081
159,brute_force,block_padding+timing_jitter+constant_rate_shaping,malicious_obfuscated,benign,0,0.5932,0.0684,0.3384
160,port_scan,none,malicious_plain,malicious_plain,1,0.0182,0.9429,0.0389
161,ddos_flood,none,malicious_plain,malicious_plain,1,0.0063,0.9625,0.0312
162,web_browsing,random_padding+dummy_injection+timing_jitter,benign,benign,1,0.9354,0.0113,0.0532
163,reverse_shell,none,malicious_plain,malicious_plain,1,0.0857,0.6783,0.2361
164,ssh_interactive,none,benign,benign,1,0.9795,0.0105,0.0100
165,c2_beacon,fragmentation+random_padding+constant_rate_shaping,malicious_obfuscated,malicious_obfuscated,1,0.4460,0.0099,0.5442
166,c2_beacon,none,malicious_plain,malicious_plain,1,0.0025,0.9586,0.0389
167,port_scan,protocol_mimicry+fragmentation+tunnel_encapsulation,malicious_obfuscated,malicious_obfuscated,1,0.0112,0.0092,0.9795
168,video_streaming,none,benign,benign,1,0.9698,0.0188,0.0115
169,voip,protocol_mimicry+random_padding+tunnel_encapsulation,benign,benign,1,0.8089,0.0137,0.1774
170,voip,fragmentation,benign,benign,1,0.9358,0.0096,0.0547
171,ssh_interactive,none,benign,benign,1,0.9693,0.0130,0.0177
172,brute_force,random_padding,malicious_obfuscated,malicious_plain,0,0.0132,0.9079,0.0788
173,data_exfiltration,random_padding+tunnel_encapsulation,malicious_obfuscated,malicious_obfuscated,1,0.0248,0.0094,0.9658
174,brute_force,protocol_mimicry+timing_jitter+constant_rate_shaping,malicious_obfuscated,malicious_obfuscated,1,0.0396,0.0113,0.9491
175,port_scan,none,malicious_plain,malicious_plain,1,0.0192,0.9333,0.0475
176,reverse_shell,random_padding+timing_jitter+constant_rate_shaping,malicious_obfuscated,malicious_obfuscated,1,0.2879,0.0563,0.6558
177,ddos_flood,constant_rate_shaping,malicious_obfuscated,malicious_obfuscated,1,0.0145,0.0153,0.9702
178,port_scan,none,malicious_plain,malicious_plain,1,0.0163,0.9472,0.0365
179,file_download,timing_jitter,benign,benign,1,0.9507,0.0130,0.0363
180,reverse_shell,none,malicious_plain,malicious_plain,1,0.0063,0.9786,0.0151
181,voip,tunnel_encapsulation,benign,benign,1,0.9532,0.0118,0.0350
182,brute_force,none,malicious_plain,malicious_plain,1,0.0123,0.9119,0.0757
183,brute_force,none,malicious_plain,malicious_plain,1,0.0140,0.8463,0.1397
184,reverse_shell,none,malicious_plain,malicious_plain,1,0.0790,0.7324,0.1886
185,ssh_interactive,none,benign,benign,1,0.9751,0.0116,0.0133
186,ddos_flood,protocol_mimicry+random_padding+tunnel_encapsulation,malicious_obfuscated,malicious_obfuscated,1,0.0133,0.0144,0.9722
187,reverse_shell,timing_jitter,malicious_obfuscated,malicious_plain,0,0.0414,0.8616,0.0970
188,ddos_flood,none,malicious_plain,malicious_plain,1,0.0113,0.8363,0.1524
189,data_exfiltration,protocol_mimicry+timing_jitter,malicious_obfuscated,malicious_obfuscated,1,0.0153,0.0070,0.9777
190,data_exfiltration,none,malicious_plain,malicious_plain,1,0.0129,0.9627,0.0244
191,brute_force,random_padding+tunnel_encapsulation,malicious_obfuscated,malicious_obfuscated,1,0.0798,0.0075,0.9127
192,ddos_flood,none,malicious_plain,malicious_plain,1,0.0098,0.9231,0.0671
193,port_scan,none,malicious_plain,malicious_plain,1,0.0154,0.9488,0.0358
194,brute_force,none,malicious_plain,malicious_plain,1,0.0089,0.9574,0.0337
195,c2_beacon,block_padding+dummy_injection+timing_jitter,malicious_obfuscated,malicious_obfuscated,1,0.0178,0.0043,0.9779
196,reverse_shell,protocol_mimicry+dummy_injection+timing_jitter,malicious_obfuscated,malicious_obfuscated,1,0.0209,0.0202,0.9589
197,data_exfiltration,dummy_injection+constant_rate_shaping+tunnel_encapsulation,malicious_obfuscated,malicious_obfuscated,1,0.0342,0.0019,0.9639
198,reverse_shell,none,malicious_plain,malicious_plain,1,0.0058,0.9681,0.0261
199,data_exfiltration,none,malicious_plain,malicious_plain,1,0.0130,0.9572,0.0298
200,brute_force,protocol_mimicry+fragmentation+dummy_injection,malicious_obfuscated,malicious_obfuscated,1,0.0978,0.0173,0.8849
201,web_browsing,random_padding+timing_jitter+tunnel_encapsulation,benign,benign,1,0.9308,0.0100,0.0592
202,ddos_flood,protocol_mimicry+dummy_injection,malicious_obfuscated,malicious_obfuscated,1,0.2954,0.0535,0.6511
203,ddos_flood,random_padding,malicious_obfuscated,malicious_plain,0,0.0223,0.5894,0.3883
204,ddos_flood,none,malicious_plain,malicious_plain,1,0.0067,0.9629,0.0303
205,ddos_flood,none,malicious_plain,malicious_plain,1,0.0082,0.9597,0.0321
206,ddos_flood,protocol_mimicry+block_padding+timing_jitter,malicious_obfuscated,malicious_obfuscated,1,0.0189,0.0068,0.9743
207,reverse_shell,timing_jitter+constant_rate_shaping+tunnel_encapsulation,malicious_obfuscated,malicious_obfuscated,1,0.4192,0.0072,0.5736
208,brute_force,tunnel_encapsulation,malicious_obfuscated,malicious_plain,0,0.0326,0.8472,0.1202
209,c2_beacon,none,malicious_plain,malicious_plain,1,0.0211,0.8228,0.1560
210,port_scan,none,malicious_plain,malicious_plain,1,0.0194,0.9353,0.0453
211,c2_beacon,protocol_mimicry,malicious_obfuscated,malicious_obfuscated,1,0.1964,0.0436,0.7600
212,ssh_interactive,block_padding+random_padding+dummy_injection,benign,benign,1,0.7273,0.0584,0.2143
213,reverse_shell,none,malicious_plain,malicious_plain,1,0.0122,0.9444,0.0434
214,data_exfiltration,none,malicious_plain,malicious_plain,1,0.0186,0.9153,0.0661
215,port_scan,none,malicious_plain,malicious_plain,1,0.0342,0.8858,0.0800
216,ddos_flood,none,malicious_plain,malicious_plain,1,0.0098,0.8886,0.1017
217,file_download,none,benign,benign,1,0.9666,0.0208,0.0126
218,reverse_shell,none,malicious_plain,malicious_plain,1,0.0105,0.9422,0.0473
219,ssh_interactive,none,benign,benign,1,0.9800,0.0115,0.0085
220,ssh_interactive,random_padding+timing_jitter,benign,benign,1,0.8758,0.0234,0.1008
221,voip,tunnel_encapsulation,benign,benign,1,0.6493,0.0115,0.3391
222,ddos_flood,random_padding+dummy_injection,malicious_obfuscated,malicious_obfuscated,1,0.0270,0.0196,0.9534
223,reverse_shell,none,malicious_plain,malicious_plain,1,0.0105,0.9735,0.0161
224,file_download,none,benign,benign,1,0.9605,0.0213,0.0182
225,file_download,none,benign,benign,1,0.9677,0.0194,0.0129
226,brute_force,none,malicious_plain,malicious_plain,1,0.0161,0.8776,0.1063
227,brute_force,timing_jitter+tunnel_encapsulation,malicious_obfuscated,malicious_obfuscated,1,0.0748,0.0953,0.8299
228,video_streaming,none,benign,benign,1,0.9714,0.0169,0.0116
229,c2_beacon,none,malicious_plain,malicious_plain,1,0.0023,0.9688,0.0289
230,video_streaming,protocol_mimicry+constant_rate_shaping,benign,benign,1,0.5267,0.0162,0.4571
231,c2_beacon,none,malicious_plain,malicious_plain,1,0.0046,0.9531,0.0423
232,ddos_flood,dummy_injection+tunnel_encapsulation,malicious_obfuscated,malicious_obfuscated,1,0.0188,0.0067,0.9745
233,ddos_flood,none,malicious_plain,malicious_plain,1,0.0063,0.9588,0.0349
234,port_scan,dummy_injection+timing_jitter+constant_rate_shaping,malicious_obfuscated,malicious_obfuscated,1,0.0188,0.0083,0.9729
235,ssh_interactive,dummy_injection,benign,benign,1,0.8146,0.0402,0.1452
236,ssh_interactive,none,benign,benign,1,0.9796,0.0093,0.0111
237,reverse_shell,dummy_injection+constant_rate_shaping,malicious_obfuscated,malicious_obfuscated,1,0.3246,0.0031,0.6723
238,brute_force,block_padding+dummy_injection,malicious_obfuscated,malicious_obfuscated,1,0.0358,0.0285,0.9357
239,port_scan,none,malicious_plain,malicious_plain,1,0.0197,0.9249,0.0554
240,brute_force,none,malicious_plain,malicious_plain,1,0.0109,0.9446,0.0445
241,ddos_flood,none,malicious_plain,malicious_plain,1,0.0077,0.9492,0.0431
242,ssh_interactive,none,benign,benign,1,0.8667,0.0220,0.1113
243,ssh_interactive,none,benign,benign,1,0.9818,0.0098,0.0084
244,voip,none,benign,benign,1,0.9637,0.0102,0.0261
245,brute_force,none,malicious_plain,malicious_plain,1,0.0125,0.9031,0.0844
246,data_exfiltration,none,malicious_plain,malicious_plain,1,0.0126,0.9648,0.0227
247,port_scan,constant_rate_shaping,malicious_obfuscated,malicious_obfuscated,1,0.0184,0.0107,0.9709
248,brute_force,protocol_mimicry+fragmentation+timing_jitter,malicious_obfuscated,malicious_obfuscated,1,0.1835,0.0046,0.8120
249,reverse_shell,constant_rate_shaping+tunnel_encapsulation,malicious_obfuscated,malicious_obfuscated,1,0.4452,0.0037,0.5511
250,web_browsing,random_padding+tunnel_encapsulation,benign,benign,1,0.9801,0.0072,0.0127
251,brute_force,none,malicious_plain,malicious_plain,1,0.0101,0.9402,0.0496
252,reverse_shell,fragmentation+random_padding,malicious_obfuscated,malicious_obfuscated,1,0.0547,0.0141,0.9311
253,c2_beacon,none,malicious_plain,malicious_obfuscated,0,0.0157,0.0811,0.9032
254,ssh_interactive,none,benign,benign,1,0.9710,0.0113,0.0177
255,file_download,none,benign,benign,1,0.9668,0.0195,0.0137
256,ssh_interactive,random_padding+tunnel_encapsulation,benign,benign,1,0.9280,0.0217,0.0503
257,ddos_flood,fragmentation+random_padding,malicious_obfuscated,malicious_obfuscated,1,0.0256,0.0237,0.9506
258,port_scan,none,malicious_plain,malicious_plain,1,0.0144,0.9555,0.0301
259,data_exfiltration,timing_jitter,malicious_obfuscated,malicious_obfuscated,1,0.0254,0.0121,0.9625
260,ssh_interactive,none,benign,benign,1,0.9741,0.0138,0.0121
261,file_download,none,benign,benign,1,0.9723,0.0162,0.0115
262,video_streaming,random_padding+constant_rate_shaping+tunnel_encapsulation,benign,benign,1,0.9664,0.0081,0.0255
263,reverse_shell,none,malicious_plain,malicious_plain,1,0.0039,0.9810,0.0151
264,c2_beacon,protocol_mimicry+constant_rate_shaping+tunnel_encapsulation,malicious_obfuscated,malicious_obfuscated,1,0.0233,0.0187,0.9580
265,port_scan,random_padding+tunnel_encapsulation,malicious_obfuscated,malicious_obfuscated,1,0.0399,0.0326,0.9275
266,port_scan,none,malicious_plain,malicious_plain,1,0.0254,0.8672,0.1074
267,reverse_shell,protocol_mimicry+tunnel_encapsulation,malicious_obfuscated,malicious_obfuscated,1,0.0887,0.0481,0.8632
268,reverse_shell,protocol_mimicry+dummy_injection,malicious_obfuscated,benign,0,0.7923,0.0468,0.1610
269,brute_force,none,malicious_plain,malicious_plain,1,0.0120,0.9110,0.0770
270,ddos_flood,none,malicious_plain,malicious_plain,1,0.0075,0.9603,0.0321
271,data_exfiltration,timing_jitter,malicious_obfuscated,malicious_obfuscated,1,0.0199,0.0121,0.9680
272,brute_force,dummy_injection,malicious_obfuscated,malicious_obfuscated,1,0.1063,0.0132,0.8805
273,video_streaming,none,benign,benign,1,0.9702,0.0185,0.0113
274,voip,none,benign,benign,1,0.9637,0.0098,0.0265
275,data_exfiltration,block_padding+dummy_injection+timing_jitter,malicious_obfuscated,malicious_obfuscated,1,0.0257,0.0022,0.9720
276,port_scan,none,malicious_plain,malicious_plain,1,0.0208,0.8779,0.1013
277,c2_beacon,fragmentation+timing_jitter,malicious_obfuscated,malicious_obfuscated,1,0.0290,0.0325,0.9386
278,ssh_interactive,random_padding+dummy_injection,benign,benign,1,0.7272,0.0173,0.2555
279,file_download,none,benign,benign,1,0.9672,0.0184,0.0144
280,brute_force,none,malicious_plain,malicious_obfuscated,0,0.0635,0.2769,0.6596
281,reverse_shell,protocol_mimicry+block_padding+random_padding,malicious_obfuscated,malicious_obfuscated,1,0.0179,0.0068,0.9754
282,c2_beacon,none,malicious_plain,malicious_plain,1,0.0073,0.9514,0.0413
283,c2_beacon,none,malicious_plain,malicious_plain,1,0.0061,0.9619,0.0320
284,c2_beacon,none,malicious_plain,malicious_plain,1,0.0151,0.8652,0.1198
285,c2_beacon,none,malicious_plain,malicious_plain,1,0.0016,0.9803,0.0181
286,c2_beacon,none,malicious_plain,malicious_plain,1,0.0018,0.9791,0.0191
287,data_exfiltration,fragmentation,malicious_obfuscated,malicious_obfuscated,1,0.0275,0.0238,0.9487
288,ddos_flood,block_padding+timing_jitter+tunnel_encapsulation,malicious_obfuscated,malicious_obfuscated,1,0.0357,0.0118,0.9524
289,port_scan,none,malicious_plain,malicious_plain,1,0.0187,0.9367,0.0446
290,reverse_shell,timing_jitter+constant_rate_shaping+tunnel_encapsulation,malicious_obfuscated,malicious_obfuscated,1,0.3903,0.0242,0.5856
291,reverse_shell,protocol_mimicry+timing_jitter,malicious_obfuscated,malicious_obfuscated,1,0.1357,0.0321,0.8322
292,port_scan,dummy_injection,malicious_obfuscated,malicious_obfuscated,1,0.0652,0.0065,0.9284
293,port_scan,block_padding,malicious_obfuscated,malicious_obfuscated,1,0.0259,0.0200,0.9541
294,voip,none,benign,benign,1,0.9627,0.0087,0.0285
295,c2_beacon,none,malicious_plain,malicious_plain,1,0.0049,0.9345,0.0606
296,ssh_interactive,none,benign,benign,1,0.9809,0.0117,0.0074
297,data_exfiltration,none,malicious_plain,malicious_plain,1,0.0118,0.9685,0.0197
298,reverse_shell,dummy_injection,malicious_obfuscated,malicious_obfuscated,1,0.0432,0.0157,0.9411
299,port_scan,none,malicious_plain,malicious_plain,1,0.0135,0.9467,0.0398
300,reverse_shell,fragmentation+dummy_injection+timing_jitter,malicious_obfuscated,malicious_obfuscated,1,0.0581,0.0937,0.8481
301,port_scan,none,malicious_plain,malicious_plain,1,0.0172,0.9410,0.0418
302,brute_force,none,malicious_plain,malicious_plain,1,0.0174,0.8148,0.1678
303,data_exfiltration,none,malicious_plain,malicious_plain,1,0.0118,0.9671,0.0211
304,video_streaming,block_padding+timing_jitter,benign,benign,1,0.9556,0.0073,0.0371
305,port_scan,dummy_injection,malicious_obfuscated,malicious_obfuscated,1,0.0498,0.0116,0.9386
306,video_streaming,none,benign,benign,1,0.9709,0.0184,0.0108
307,voip,protocol_mimicry+block_padding+timing_jitter,benign,malicious_obfuscated,0,0.3109,0.0163,0.6728
308,web_browsing,none,benign,benign,1,0.9105,0.0517,0.0378
309,ddos_flood,protocol_mimicry+block_padding+random_padding,malicious_obfuscated,malicious_obfuscated,1,0.0098,0.0092,0.9809
310,voip,constant_rate_shaping+tunnel_encapsulation,benign,malicious_obfuscated,0,0.4393,0.0107,0.5500
311,brute_force,fragmentation+tunnel_encapsulation,malicious_obfuscated,malicious_obfuscated,1,0.0249,0.0099,0.9652
312,ssh_interactive,none,benign,benign,1,0.9825,0.0105,0.0070
313,ddos_flood,fragmentation+constant_rate_shaping+tunnel_encapsulation,malicious_obfuscated,malicious_obfuscated,1,0.0174,0.0170,0.9655
314,brute_force,block_padding+random_padding,malicious_obfuscated,malicious_obfuscated,1,0.0412,0.0053,0.9536
315,reverse_shell,none,malicious_plain,malicious_plain,1,0.0045,0.9817,0.0138
316,voip,none,benign,benign,1,0.9567,0.0088,0.0345
317,brute_force,timing_jitter,malicious_obfuscated,malicious_plain,0,0.0186,0.9046,0.0768
318,file_download,none,benign,benign,1,0.9688,0.0172,0.0140
319,data_exfiltration,none,malicious_plain,malicious_plain,1,0.0106,0.9744,0.0150
320,c2_beacon,random_padding+constant_rate_shaping,malicious_obfuscated,malicious_obfuscated,1,0.3479,0.0255,0.6266
321,ssh_interactive,constant_rate_shaping,benign,benign,1,0.8207,0.0145,0.1648
322,voip,none,benign,benign,1,0.9545,0.0086,0.0369
323,web_browsing,none,benign,benign,1,0.9809,0.0140,0.0051
324,voip,none,benign,benign,1,0.8973,0.0116,0.0911
325,c2_beacon,fragmentation+block_padding+constant_rate_shaping,malicious_obfuscated,malicious_obfuscated,1,0.3537,0.0092,0.6372
326,c2_beacon,none,malicious_plain,malicious_plain,1,0.0739,0.6652,0.2609
327,c2_beacon,protocol_mimicry+fragmentation,malicious_obfuscated,malicious_obfuscated,1,0.1054,0.0124,0.8823
328,brute_force,none,malicious_plain,malicious_plain,1,0.0258,0.6442,0.3300
329,ssh_interactive,none,benign,benign,1,0.9736,0.0139,0.0125
330,file_download,none,benign,benign,1,0.9648,0.0183,0.0169
331,port_scan,timing_jitter,malicious_obfuscated,malicious_obfuscated,1,0.0255,0.0080,0.9665
332,c2_beacon,dummy_injection+timing_jitter,malicious_obfuscated,malicious_obfuscated,1,0.0304,0.0186,0.9510
333,data_exfiltration,none,malicious_plain,malicious_plain,1,0.0177,0.9180,0.0644
334,c2_beacon,none,malicious_plain,malicious_plain,1,0.0233,0.8071,0.1696
335,reverse_shell,none,malicious_plain,malicious_plain,1,0.0068,0.9754,0.0178
336,file_download,none,benign,benign,1,0.9674,0.0152,0.0174
337,reverse_shell,none,malicious_plain,malicious_plain,1,0.0092,0.9565,0.0343
338,voip,protocol_mimicry+fragmentation+random_padding,benign,benign,1,0.9514,0.0236,0.0250
339,ddos_flood,timing_jitter,malicious_obfuscated,malicious_obfuscated,1,0.0214,0.0072,0.9714
340,video_streaming,dummy_injection+constant_rate_shaping+tunnel_encapsulation,benign,benign,1,0.9506,0.0090,0.0404
341,ssh_interactive,none,benign,benign,1,0.9770,0.0133,0.0097
342,reverse_shell,none,malicious_plain,malicious_plain,1,0.0145,0.9575,0.0280
343,c2_beacon,protocol_mimicry,malicious_obfuscated,malicious_obfuscated,1,0.0344,0.0144,0.9512
344,data_exfiltration,none,malicious_plain,malicious_plain,1,0.0123,0.9648,0.0228
345,brute_force,block_padding+random_padding+constant_rate_shaping,malicious_obfuscated,malicious_obfuscated,1,0.0819,0.0075,0.9106
346,brute_force,fragmentation+block_padding,malicious_obfuscated,malicious_obfuscated,1,0.1095,0.0052,0.8853
347,data_exfiltration,block_padding+timing_jitter,malicious_obfuscated,malicious_obfuscated,1,0.0175,0.0077,0.9747
348,voip,none,benign,benign,1,0.9640,0.0097,0.0263
349,ddos_flood,none,malicious_plain,malicious_plain,1,0.0072,0.9610,0.0318
350,video_streaming,block_padding+dummy_injection+constant_rate_shaping,benign,benign,1,0.9427,0.0184,0.0389
351,reverse_shell,none,malicious_plain,malicious_plain,1,0.0317,0.8310,0.1373
352,c2_beacon,none,malicious_plain,malicious_plain,1,0.0023,0.9693,0.0284
353,brute_force,dummy_injection,malicious_obfuscated,malicious_obfuscated,1,0.0308,0.0113,0.9579
354,data_exfiltration,none,malicious_plain,malicious_plain,1,0.0112,0.9712,0.0176
355,data_exfiltration,block_padding,malicious_obfuscated,malicious_obfuscated,1,0.0213,0.0727,0.9060
356,reverse_shell,none,malicious_plain,malicious_plain,1,0.0042,0.9840,0.0118
357,ddos_flood,protocol_mimicry+block_padding+constant_rate_shaping,malicious_obfuscated,malicious_obfuscated,1,0.0404,0.0231,0.9365
358,video_streaming,none,benign,benign,1,0.9653,0.0224,0.0123
359,c2_beacon,block_padding+random_padding,malicious_obfuscated,malicious_obfuscated,1,0.0207,0.0167,0.9625
360,reverse_shell,none,malicious_plain,malicious_plain,1,0.0177,0.9304,0.0519
361,brute_force,none,malicious_plain,malicious_plain,1,0.0279,0.7313,0.2408
362,ssh_interactive,none,benign,benign,1,0.9806,0.0101,0.0093
363,port_scan,protocol_mimicry+dummy_injection,malicious_obfuscated,malicious_obfuscated,1,0.0153,0.0663,0.9185
364,brute_force,none,malicious_plain,malicious_plain,1,0.0087,0.9535,0.0378
365,data_exfiltration,none,malicious_plain,malicious_plain,1,0.0112,0.9728,0.0160
366,c2_beacon,block_padding+random_padding+dummy_injection,malicious_obfuscated,malicious_obfuscated,1,0.0303,0.0119,0.9578
367,data_exfiltration,timing_jitter,malicious_obfuscated,malicious_obfuscated,1,0.0153,0.0116,0.9731
368,voip,none,benign,benign,1,0.9642,0.0084,0.0274
369,c2_beacon,timing_jitter+constant_rate_shaping,malicious_obfuscated,malicious_obfuscated,1,0.3485,0.0890,0.5626
370,c2_beacon,none,malicious_plain,malicious_plain,1,0.0070,0.9081,0.0849
371,brute_force,none,malicious_plain,malicious_plain,1,0.0134,0.9326,0.0541
372,file_download,none,benign,benign,1,0.9701,0.0155,0.0144
373,data_exfiltration,none,malicious_plain,malicious_plain,1,0.0178,0.9222,0.0600
374,data_exfiltration,none,malicious_plain,malicious_plain,1,0.0156,0.9394,0.0450
375,ddos_flood,none,malicious_plain,malicious_plain,1,0.0107,0.8358,0.1534
376,brute_force,none,malicious_plain,malicious_plain,1,0.0128,0.9387,0.0485
377,ddos_flood,none,malicious_plain,malicious_plain,1,0.0065,0.9603,0.0332
378,video_streaming,none,benign,benign,1,0.9699,0.0202,0.0099
379,reverse_shell,none,malicious_plain,malicious_plain,1,0.0220,0.9487,0.0293
380,file_download,none,benign,benign,1,0.9610,0.0218,0.0173
381,port_scan,none,malicious_plain,malicious_plain,1,0.0187,0.9317,0.0496
382,ddos_flood,none,malicious_plain,malicious_plain,1,0.0066,0.9519,0.0414
383,port_scan,none,malicious_plain,malicious_plain,1,0.0300,0.8393,0.1307
384,ddos_flood,protocol_mimicry+random_padding+constant_rate_shaping,malicious_obfuscated,malicious_obfuscated,1,0.0261,0.0092,0.9647
385,data_exfiltration,protocol_mimicry,malicious_obfuscated,malicious_obfuscated,1,0.0826,0.1010,0.8164
386,port_scan,dummy_injection+timing_jitter,malicious_obfuscated,malicious_obfuscated,1,0.0899,0.0539,0.8563
387,reverse_shell,none,malicious_plain,malicious_plain,1,0.0088,0.9837,0.0075
388,c2_beacon,none,malicious_plain,malicious_plain,1,0.0030,0.9571,0.0399
389,c2_beacon,protocol_mimicry+constant_rate_shaping,malicious_obfuscated,malicious_obfuscated,1,0.0332,0.0128,0.9540
390,web_browsing,none,benign,benign,1,0.9674,0.0140,0.0185
391,data_exfiltration,fragmentation+tunnel_encapsulation,malicious_obfuscated,malicious_obfuscated,1,0.0285,0.0156,0.9559
392,brute_force,none,malicious_plain,malicious_plain,1,0.0294,0.6135,0.3571
393,web_browsing,none,benign,benign,1,0.9846,0.0102,0.0052
394,file_download,none,benign,benign,1,0.9655,0.0185,0.0161
395,ssh_interactive,none,benign,benign,1,0.9737,0.0092,0.0171
396,reverse_shell,none,malicious_plain,malicious_plain,1,0.0221,0.9380,0.0400
397,ssh_interactive,block_padding,benign,benign,1,0.9254,0.0259,0.0487
398,data_exfiltration,random_padding+tunnel_encapsulation,malicious_obfuscated,malicious_obfuscated,1,0.0220,0.0066,0.9714
399,brute_force,protocol_mimicry+block_padding+dummy_injection,malicious_obfuscated,malicious_obfuscated,1,0.0297,0.0101,0.9602
400,c2_beacon,none,malicious_plain,malicious_plain,1,0.0128,0.7711,0.2161
401,ssh_interactive,none,benign,benign,1,0.9769,0.0095,0.0137
402,port_scan,block_padding+dummy_injection,malicious_obfuscated,malicious_obfuscated,1,0.0127,0.0053,0.9820
403,brute_force,none,malicious_plain,malicious_plain,1,0.0109,0.9416,0.0475
404,data_exfiltration,none,malicious_plain,malicious_plain,1,0.0129,0.9570,0.0300
405,c2_beacon,none,malicious_plain,malicious_plain,1,0.0027,0.9620,0.0353
406,c2_beacon,block_padding+dummy_injection,malicious_obfuscated,malicious_obfuscated,1,0.0173,0.0071,0.9757
407,ddos_flood,protocol_mimicry+random_padding+constant_rate_shaping,malicious_obfuscated,malicious_obfuscated,1,0.0375,0.0204,0.9421
408,port_scan,tunnel_encapsulation,malicious_obfuscated,malicious_obfuscated,1,0.0138,0.0309,0.9554
409,ssh_interactive,none,benign,benign,1,0.9796,0.0115,0.0089
410,ddos_flood,fragmentation+random_padding+tunnel_encapsulation,malicious_obfuscated,malicious_obfuscated,1,0.0209,0.0170,0.9621
411,reverse_shell,constant_rate_shaping+tunnel_encapsulation,malicious_obfuscated,malicious_obfuscated,1,0.3264,0.0142,0.6594
412,reverse_shell,dummy_injection,malicious_obfuscated,malicious_obfuscated,1,0.0453,0.0205,0.9341
413,reverse_shell,tunnel_encapsulation,malicious_obfuscated,malicious_obfuscated,1,0.0886,0.0342,0.8773
414,reverse_shell,protocol_mimicry,malicious_obfuscated,malicious_obfuscated,1,0.1428,0.0442,0.8130
415,ddos_flood,protocol_mimicry+random_padding+dummy_injection,malicious_obfuscated,malicious_obfuscated,1,0.0265,0.0057,0.9677
416,ssh_interactive,fragmentation+timing_jitter,benign,benign,1,0.9274,0.0120,0.0607
417,ddos_flood,block_padding,malicious_obfuscated,malicious_plain,0,0.0066,0.9427,0.0507
418,port_scan,none,malicious_plain,malicious_plain,1,0.0207,0.9076,0.0717
419,web_browsing,fragmentation,benign,benign,1,0.9254,0.0117,0.0629
420,voip,none,benign,benign,1,0.9294,0.0107,0.0600
421,voip,timing_jitter,benign,benign,1,0.6555,0.1364,0.2081
422,reverse_shell,none,malicious_plain,malicious_plain,1,0.0337,0.8389,0.1274
423,ddos_flood,protocol_mimicry+timing_jitter,malicious_obfuscated,malicious_obfuscated,1,0.0233,0.0071,0.9696
424,reverse_shell,dummy_injection,malicious_obfuscated,malicious_plain,0,0.0292,0.7484,0.2224
425,data_exfiltration,none,malicious_plain,malicious_plain,1,0.0121,0.9665,0.0214
426,ddos_flood,none,malicious_plain,malicious_plain,1,0.0090,0.9506,0.0404
427,c2_beacon,none,malicious_plain,malicious_plain,1,0.0322,0.6992,0.2686
428,ddos_flood,none,malicious_plain,malicious_plain,1,0.0092,0.9123,0.0785
429,video_streaming,protocol_mimicry+dummy_injection+tunnel_encapsulation,benign,benign,1,0.8945,0.0122,0.0933
430,brute_force,none,malicious_plain,malicious_plain,1,0.0163,0.9212,0.0625
431,port_scan,none,malicious_plain,malicious_plain,1,0.0123,0.9529,0.0347
432,web_browsing,none,benign,benign,1,0.9856,0.0064,0.0080
433,brute_force,protocol_mimicry+dummy_injection,malicious_obfuscated,malicious_obfuscated,1,0.0382,0.0232,0.9386
434,data_exfiltration,none,malicious_plain,malicious_plain,1,0.0118,0.9680,0.0202
435,data_exfiltration,none,malicious_plain,malicious_plain,1,0.0125,0.9597,0.0278
436,c2_beacon,block_padding+constant_rate_shaping+tunnel_encapsulation,malicious_obfuscated,malicious_obfuscated,1,0.4131,0.0196,0.5674
437,ssh_interactive,none,benign,benign,1,0.9834,0.0104,0.0062
438,dns_query,block_padding+constant_rate_shaping,benign,malicious_obfuscated,0,0.2555,0.0161,0.7284
439,reverse_shell,random_padding+dummy_injection+timing_jitter,malicious_obfuscated,malicious_obfuscated,1,0.0582,0.0132,0.9285
440,c2_beacon,none,malicious_plain,malicious_plain,1,0.0036,0.9680,0.0284
441,web_browsing,none,benign,benign,1,0.9847,0.0076,0.0077
442,port_scan,none,malicious_plain,malicious_plain,1,0.0201,0.8813,0.0986
443,reverse_shell,dummy_injection,malicious_obfuscated,benign,0,0.7345,0.0528,0.2127
444,c2_beacon,none,malicious_plain,malicious_plain,1,0.0083,0.8984,0.0933
445,video_streaming,protocol_mimicry,benign,benign,1,0.7918,0.0118,0.1964
446,ssh_interactive,none,benign,benign,1,0.9724,0.0151,0.0125
447,brute_force,none,malicious_plain,malicious_plain,1,0.0093,0.9265,0.0642
448,brute_force,none,malicious_plain,malicious_plain,1,0.0298,0.9033,0.0669
449,c2_beacon,none,malicious_plain,malicious_plain,1,0.0149,0.8560,0.1290
450,file_download,block_padding+timing_jitter,benign,benign,1,0.9511,0.0099,0.0390
451,voip,protocol_mimicry,benign,benign,1,0.6104,0.0743,0.3154
452,brute_force,none,malicious_plain,malicious_plain,1,0.0224,0.8633,0.1143
453,web_browsing,none,benign,benign,1,0.9810,0.0131,0.0059
454,reverse_shell,none,malicious_plain,malicious_plain,1,0.0389,0.8861,0.0749
455,web_browsing,protocol_mimicry+random_padding,benign,benign,1,0.9537,0.0194,0.0269
456,data_exfiltration,none,malicious_plain,malicious_plain,1,0.0105,0.9738,0.0157
457,ddos_flood,fragmentation+dummy_injection+constant_rate_shaping,malicious_obfuscated,malicious_obfuscated,1,0.4561,0.0034,0.5405
458,port_scan,constant_rate_shaping,malicious_obfuscated,malicious_obfuscated,1,0.0124,0.0219,0.9657
459,port_scan,none,malicious_plain,malicious_plain,1,0.0152,0.9484,0.0364
460,c2_beacon,none,malicious_plain,malicious_plain,1,0.0058,0.9283,0.0659
461,c2_beacon,none,malicious_plain,malicious_plain,1,0.0083,0.9136,0.0782
462,c2_beacon,none,malicious_plain,malicious_plain,1,0.0163,0.5039,0.4798
463,voip,none,benign,benign,1,0.9677,0.0082,0.0241
464,web_browsing,none,benign,benign,1,0.9796,0.0124,0.0080
465,voip,none,benign,benign,1,0.9262,0.0107,0.0631
466,voip,protocol_mimicry+block_padding+dummy_injection,benign,benign,1,0.7559,0.0280,0.2161
467,video_streaming,none,benign,benign,1,0.9716,0.0181,0.0103
468,data_exfiltration,fragmentation+block_padding,malicious_obfuscated,malicious_obfuscated,1,0.0239,0.0134,0.9627
469,c2_beacon,none,malicious_plain,malicious_plain,1,0.0038,0.9727,0.0236
470,voip,none,benign,benign,1,0.9614,0.0099,0.0287
471,port_scan,fragmentation+block_padding+dummy_injection,malicious_obfuscated,malicious_obfuscated,1,0.0841,0.0086,0.9073
472,port_scan,none,malicious_plain,malicious_plain,1,0.0172,0.9566,0.0262
473,data_exfiltration,fragmentation+block_padding,malicious_obfuscated,malicious_obfuscated,1,0.0286,0.0119,0.9596
474,port_scan,constant_rate_shaping,malicious_obfuscated,malicious_obfuscated,1,0.0119,0.0118,0.9763
475,port_scan,none,malicious_plain,malicious_plain,1,0.0141,0.9488,0.0370
476,data_exfiltration,none,malicious_plain,malicious_plain,1,0.0128,0.9580,0.0291
477,web_browsing,fragmentation+block_padding+random_padding,benign,benign,1,0.8909,0.0183,0.0908
478,port_scan,none,malicious_plain,malicious_plain,1,0.0222,0.9032,0.0746
479,voip,none,benign,benign,1,0.9484,0.0103,0.0413
480,port_scan,tunnel_encapsulation,malicious_obfuscated,malicious_obfuscated,1,0.0139,0.0329,0.9531
481,data_exfiltration,none,malicious_plain,malicious_plain,1,0.0106,0.9731,0.0162
482,port_scan,block_padding+dummy_injection+tunnel_encapsulation,malicious_obfuscated,malicious_obfuscated,1,0.1057,0.0239,0.8704
483,ssh_interactive,none,benign,benign,1,0.9805,0.0098,0.0098
484,web_browsing,none,benign,benign,1,0.9600,0.0177,0.0223
485,brute_force,fragmentation+tunnel_encapsulation,malicious_obfuscated,benign,0,0.6034,0.0128,0.3838
486,ssh_interactive,protocol_mimicry+fragmentation+random_padding,benign,benign,1,0.6132,0.0068,0.3799
487,reverse_shell,dummy_injection,malicious_obfuscated,malicious_plain,0,0.0917,0.5746,0.3337
488,brute_force,block_padding,malicious_obfuscated,malicious_obfuscated,1,0.0495,0.0401,0.9104
489,data_exfiltration,none,malicious_plain,malicious_plain,1,0.0118,0.9692,0.0190
490,c2_beacon,none,malicious_plain,malicious_plain,1,0.0073,0.8928,0.0999
491,brute_force,protocol_mimicry+dummy_injection,malicious_obfuscated,malicious_obfuscated,1,0.0164,0.0213,0.9622
492,c2_beacon,block_padding+random_padding+timing_jitter,malicious_obfuscated,malicious_obfuscated,1,0.0553,0.1067,0.8380
493,port_scan,none,malicious_plain,malicious_plain,1,0.0197,0.9198,0.0606
494,file_download,protocol_mimicry,benign,benign,1,0.6456,0.0169,0.3376
495,ddos_flood,block_padding+constant_rate_shaping+tunnel_encapsulation,malicious_obfuscated,malicious_obfuscated,1,0.0236,0.0170,0.9594
496,voip,none,benign,benign,1,0.9633,0.0102,0.0264
497,brute_force,none,malicious_plain,malicious_plain,1,0.0114,0.9019,0.0867
498,c2_beacon,protocol_mimicry,malicious_obfuscated,malicious_obfuscated,1,0.3499,0.0065,0.6437
499,web_browsing,constant_rate_shaping+tunnel_encapsulation,benign,malicious_obfuscated,0,0.2386,0.0038,0.7576
500,ssh_interactive,none,benign,benign,1,0.9746,0.0107,0.0147
501,brute_force,constant_rate_shaping+tunnel_encapsulation,malicious_obfuscated,malicious_obfuscated,1,0.4614,0.0058,0.5328
502,c2_beacon,none,malicious_plain,malicious_plain,1,0.0025,0.9677,0.0298
503,ssh_interactive,none,benign,benign,1,0.9781,0.0121,0.0098
504,c2_beacon,fragmentation+block_padding+timing_jitter,malicious_obfuscated,malicious_obfuscated,1,0.0141,0.0234,0.9625
505,c2_beacon,none,malicious_plain,malicious_plain,1,0.0035,0.9651,0.0314
506,web_browsing,none,benign,benign,1,0.9850,0.0072,0.0078
507,brute_force,none,malicious_plain,malicious_plain,1,0.0181,0.8059,0.1760
508,brute_force,none,malicious_plain,malicious_plain,1,0.0102,0.9034,0.0863
509,c2_beacon,protocol_mimicry+random_padding+timing_jitter,malicious_obfuscated,malicious_obfuscated,1,0.0266,0.0174,0.9560
510,web_browsing,random_padding+dummy_injection+tunnel_encapsulation,benign,benign,1,0.9790,0.0082,0.0128
511,data_exfiltration,random_padding+constant_rate_shaping+tunnel_encapsulation,malicious_obfuscated,malicious_obfuscated,1,0.0279,0.0050,0.9671
512,data_exfiltration,dummy_injection,malicious_obfuscated,malicious_obfuscated,1,0.0661,0.0055,0.9285
513,data_exfiltration,block_padding,malicious_obfuscated,malicious_obfuscated,1,0.0205,0.0558,0.9237
514,file_download,none,benign,benign,1,0.9672,0.0169,0.0159
515,brute_force,dummy_injection,malicious_obfuscated,malicious_obfuscated,1,0.0804,0.0103,0.9093
516,dns_query,constant_rate_shaping,benign,malicious_obfuscated,0,0.0599,0.0042,0.9358
517,brute_force,block_padding,malicious_obfuscated,malicious_plain,0,0.0099,0.9429,0.0472
518,web_browsing,none,benign,benign,1,0.9843,0.0118,0.0039
519,video_streaming,none,benign,benign,1,0.9685,0.0177,0.0138
520,c2_beacon,none,malicious_plain,malicious_plain,1,0.0072,0.8517,0.1412
521,c2_beacon,fragmentation,malicious_obfuscated,malicious_obfuscated,1,0.0299,0.0406,0.9295
522,brute_force,fragmentation+block_padding+constant_rate_shaping,malicious_obfuscated,malicious_obfuscated,1,0.3317,0.0079,0.6604
523,video_streaming,none,benign,benign,1,0.9678,0.0219,0.0103
524,data_exfiltration,random_padding+tunnel_encapsulation,malicious_obfuscated,malicious_obfuscated,1,0.0219,0.0082,0.9699
525,web_browsing,timing_jitter+tunnel_encapsulation,benign,benign,1,0.9620,0.0106,0.0273
526,port_scan,random_padding,malicious_obfuscated,malicious_obfuscated,1,0.0394,0.0127,0.9479
527,ddos_flood,timing_jitter+constant_rate_shaping+tunnel_encapsulation,malicious_obfuscated,malicious_obfuscated,1,0.0497,0.0206,0.9296
528,ddos_flood,none,malicious_plain,malicious_plain,1,0.0072,0.9522,0.0406
529,ssh_interactive,none,benign,benign,1,0.9825,0.0092,0.0083
530,web_browsing,none,benign,benign,1,0.9005,0.0451,0.0544
531,reverse_shell,none,malicious_plain,malicious_plain,1,0.0076,0.9658,0.0266
532,ddos_flood,none,malicious_plain,malicious_plain,1,0.0071,0.9646,0.0283
533,web_browsing,protocol_mimicry+timing_jitter,benign,malicious_obfuscated,0,0.0865,0.0386,0.8750
534,c2_beacon,dummy_injection,malicious_obfuscated,malicious_obfuscated,1,0.0205,0.0063,0.9732
535,video_streaming,none,benign,benign,1,0.9695,0.0182,0.0123
536,c2_beacon,none,malicious_plain,malicious_plain,1,0.0059,0.9015,0.0926
537,web_browsing,none,benign,benign,1,0.9660,0.0179,0.0161
538,brute_force,none,malicious_plain,malicious_plain,1,0.0162,0.8198,0.1640
539,dns_query,protocol_mimicry+block_padding+dummy_injection,benign,malicious_obfuscated,0,0.2353,0.1895,0.5752
540,brute_force,none,malicious_plain,malicious_plain,1,0.0358,0.5169,0.4473
541,port_scan,none,malicious_plain,malicious_plain,1,0.0186,0.9261,0.0553
542,brute_force,none,malicious_plain,malicious_plain,1,0.0131,0.9452,0.0417
543,c2_beacon,fragmentation+dummy_injection,malicious_obfuscated,malicious_obfuscated,1,0.0262,0.0029,0.9709
544,ssh_interactive,none,benign,benign,1,0.9733,0.0120,0.0147
545,c2_beacon,none,malicious_plain,malicious_plain,1,0.0042,0.9472,0.0486
546,brute_force,timing_jitter,malicious_obfuscated,malicious_plain,0,0.0242,0.8337,0.1421
547,ddos_flood,none,malicious_plain,malicious_plain,1,0.0096,0.8933,0.0971
548,video_streaming,block_padding+tunnel_encapsulation,benign,benign,1,0.9657,0.0120,0.0223
549,web_browsing,none,benign,benign,1,0.9799,0.0089,0.0112
550,ddos_flood,none,malicious_plain,malicious_plain,1,0.0089,0.9422,0.0489
551,ddos_flood,none,malicious_plain,malicious_plain,1,0.0090,0.9193,0.0717
552,reverse_shell,constant_rate_shaping,malicious_obfuscated,benign,0,0.7748,0.0431,0.1821
553,c2_beacon,none,malicious_plain,malicious_plain,1,0.0094,0.9296,0.0610
554,data_exfiltration,protocol_mimicry+random_padding+timing_jitter,malicious_obfuscated,malicious_obfuscated,1,0.0292,0.0055,0.9653
555,reverse_shell,protocol_mimicry,malicious_obfuscated,malicious_obfuscated,1,0.0509,0.0012,0.9479
556,port_scan,block_padding+timing_jitter,malicious_obfuscated,malicious_obfuscated,1,0.0233,0.0081,0.9686
557,file_download,fragmentation,benign,benign,1,0.8246,0.0094,0.1661
558,reverse_shell,none,malicious_plain,malicious_plain,1,0.2581,0.4648,0.2771
559,brute_force,none,malicious_plain,malicious_plain,1,0.0263,0.8104,0.1633
560,data_exfiltration,none,malicious_plain,malicious_plain,1,0.0108,0.9725,0.0167
561,reverse_shell,protocol_mimicry+block_padding+timing_jitter,malicious_obfuscated,malicious_obfuscated,1,0.0208,0.0089,0.9704
562,c2_beacon,none,malicious_plain,malicious_plain,1,0.0075,0.9217,0.0708
563,c2_beacon,fragmentation,malicious_obfuscated,malicious_obfuscated,1,0.0369,0.0120,0.9511
564,web_browsing,none,benign,benign,1,0.9736,0.0081,0.0183
565,file_download,constant_rate_shaping+tunnel_encapsulation,benign,benign,1,0.8482,0.0096,0.1422
566,video_streaming,none,benign,benign,1,0.9764,0.0114,0.0122
567,brute_force,protocol_mimicry,malicious_obfuscated,malicious_obfuscated,1,0.0394,0.0213,0.9393
568,file_download,protocol_mimicry,benign,malicious_obfuscated,0,0.0380,0.0281,0.9339
569,c2_beacon,random_padding+dummy_injection+constant_rate_shaping,malicious_obfuscated,malicious_obfuscated,1,0.2033,0.0433,0.7533
570,video_streaming,random_padding,benign,benign,1,0.9705,0.0183,0.0112
571,ssh_interactive,protocol_mimicry,benign,benign,1,0.9215,0.0094,0.0690
572,reverse_shell,none,malicious_plain,malicious_plain,1,0.0791,0.7722,0.1487
573,web_browsing,block_padding+timing_jitter,benign,malicious_obfuscated,0,0.3277,0.0114,0.6609
574,ddos_flood,none,malicious_plain,malicious_plain,1,0.0063,0.9645,0.0292
575,web_browsing,none,benign,benign,1,0.9799,0.0077,0.0124
576,file_download,none,benign,benign,1,0.9720,0.0159,0.0121
577,brute_force,block_padding+random_padding+tunnel_encapsulation,malicious_obfuscated,malicious_obfuscated,1,0.0340,0.0020,0.9640
578,port_scan,none,malicious_plain,malicious_plain,1,0.0151,0.9548,0.0301
579,c2_beacon,none,malicious_plain,malicious_plain,1,0.0053,0.9153,0.0794
580,c2_beacon,none,malicious_plain,malicious_plain,1,0.0175,0.8248,0.1577
581,port_scan,none,malicious_plain,malicious_plain,1,0.0178,0.9078,0.0744
582,ddos_flood,none,malicious_plain,malicious_plain,1,0.0075,0.9586,0.0339
583,ddos_flood,none,malicious_plain,malicious_plain,1,0.0129,0.7754,0.2116
584,voip,none,benign,benign,1,0.9241,0.0106,0.0653
585,ddos_flood,fragmentation+constant_rate_shaping,malicious_obfuscated,malicious_obfuscated,1,0.0140,0.0071,0.9789
586,brute_force,block_padding+dummy_injection+tunnel_encapsulation,malicious_obfuscated,malicious_obfuscated,1,0.0349,0.0167,0.9484
587,brute_force,block_padding+tunnel_encapsulation,malicious_obfuscated,malicious_obfuscated,1,0.0310,0.0075,0.9615
588,ddos_flood,none,malicious_plain,malicious_plain,1,0.0080,0.9393,0.0527
589,file_download,none,benign,benign,1,0.9687,0.0183,0.0130
590,brute_force,none,malicious_plain,malicious_plain,1,0.0082,0.9400,0.0519
591,reverse_shell,protocol_mimicry+block_padding+timing_jitter,malicious_obfuscated,malicious_obfuscated,1,0.1101,0.0266,0.8633
592,ddos_flood,random_padding,malicious_obfuscated,malicious_obfuscated,1,0.0284,0.0154,0.9563
593,data_exfiltration,timing_jitter+tunnel_encapsulation,malicious_obfuscated,malicious_obfuscated,1,0.0216,0.0063,0.9721
594,brute_force,random_padding+timing_jitter+tunnel_encapsulation,malicious_obfuscated,malicious_obfuscated,1,0.0433,0.0089,0.9478
595,data_exfiltration,none,malicious_plain,malicious_plain,1,0.0116,0.9698,0.0185
596,brute_force,block_padding,malicious_obfuscated,malicious_plain,0,0.0273,0.5796,0.3931
597,c2_beacon,none,malicious_plain,malicious_plain,1,0.0072,0.9463,0.0465
598,data_exfiltration,timing_jitter+constant_rate_shaping+tunnel_encapsulation,malicious_obfuscated,malicious_obfuscated,1,0.0473,0.0033,0.9494
599,video_streaming,none,benign,benign,1,0.9637,0.0248,0.0115
600,c2_beacon,none,malicious_plain,malicious_plain,1,0.0023,0.9731,0.0246
601,data_exfiltration,none,malicious_plain,malicious_plain,1,0.0118,0.9644,0.0238
602,ddos_flood,none,malicious_plain,malicious_plain,1,0.0070,0.9640,0.0290
603,port_scan,none,malicious_plain,malicious_plain,1,0.0154,0.9155,0.0692
604,ssh_interactive,none,benign,benign,1,0.9641,0.0167,0.0192
605,port_scan,random_padding+timing_jitter+constant_rate_shaping,malicious_obfuscated,malicious_obfuscated,1,0.0169,0.0042,0.9789
606,ssh_interactive,none,benign,benign,1,0.9831,0.0104,0.0065
607,brute_force,none,malicious_plain,malicious_plain,1,0.0131,0.9072,0.0797
608,data_exfiltration,fragmentation+timing_jitter,malicious_obfuscated,malicious_obfuscated,1,0.0267,0.0078,0.9655
609,web_browsing,none,benign,benign,1,0.9299,0.0516,0.0184
610,file_download,fragmentation+timing_jitter+constant_rate_shaping,benign,malicious_obfuscated,0,0.2957,0.0370,0.6673
611,reverse_shell,dummy_injection+tunnel_encapsulation,malicious_obfuscated,malicious_obfuscated,1,0.0426,0.0042,0.9532
612,data_exfiltration,random_padding+dummy_injection,malicious_obfuscated,malicious_obfuscated,1,0.0309,0.0038,0.9653
613,port_scan,none,malicious_plain,malicious_plain,1,0.0135,0.9486,0.0379
614,ssh_interactive,none,benign,benign,1,0.9795,0.0097,0.0108
615,ssh_interactive,none,benign,benign,1,0.9740,0.0142,0.0117
616,web_browsing,none,benign,malicious_obfuscated,0,0.1835,0.0217,0.7949
617,data_exfiltration,fragmentation,malicious_obfuscated,malicious_obfuscated,1,0.0311,0.0131,0.9558
618,reverse_shell,protocol_mimicry+fragmentation+constant_rate_shaping,malicious_obfuscated,malicious_obfuscated,1,0.3294,0.0131,0.6574
619,ddos_flood,none,malicious_plain,malicious_plain,1,0.0064,0.9505,0.0430
620,c2_beacon,protocol_mimicry+dummy_injection,malicious_obfuscated,malicious_obfuscated,1,0.1066,0.0434,0.8500
621,file_download,none,benign,benign,1,0.9683,0.0186,0.0131
622,data_exfiltration,none,malicious_plain,malicious_plain,1,0.0133,0.9607,0.0260
623,ddos_flood,none,malicious_plain,malicious_plain,1,0.0080,0.9633,0.0286
624,voip,protocol_mimicry+dummy_injection+tunnel_encapsulation,benign,benign,1,0.8854,0.0089,0.1056
625,data_exfiltration,protocol_mimicry,malicious_obfuscated,malicious_obfuscated,1,0.1617,0.0249,0.8133
626,port_scan,dummy_injection+timing_jitter,malicious_obfuscated,malicious_obfuscated,1,0.1885,0.1145,0.6970
627,ddos_flood,none,malicious_plain,malicious_plain,1,0.0080,0.9505,0.0415
628,reverse_shell,none,malicious_plain,malicious_plain,1,0.0048,0.9810,0.0142
629,video_streaming,none,benign,benign,1,0.9710,0.0168,0.0122
630,data_exfiltration,none,malicious_plain,malicious_plain,1,0.0158,0.9406,0.0436
631,web_browsing,none,benign,benign,1,0.9837,0.0109,0.0054
632,brute_force,none,malicious_plain,malicious_plain,1,0.0154,0.9304,0.0542
633,port_scan,block_padding+tunnel_encapsulation,malicious_obfuscated,malicious_obfuscated,1,0.0263,0.0115,0.9623
634,ssh_interactive,none,benign,benign,1,0.9608,0.0167,0.0225
635,data_exfiltration,block_padding+random_padding,malicious_obfuscated,malicious_obfuscated,1,0.0117,0.0051,0.9832
636,brute_force,none,malicious_plain,malicious_plain,1,0.0551,0.8147,0.1302
637,ddos_flood,none,malicious_plain,malicious_plain,1,0.0070,0.9658,0.0272
638,ssh_interactive,none,benign,benign,1,0.9759,0.0104,0.0137
639,c2_beacon,none,malicious_plain,malicious_plain,1,0.0068,0.9489,0.0442
640,port_scan,protocol_mimicry+random_padding+tunnel_encapsulation,malicious_obfuscated,malicious_obfuscated,1,0.0193,0.0119,0.9688
641,video_streaming,none,benign,benign,1,0.9749,0.0178,0.0073
642,reverse_shell,none,malicious_plain,malicious_plain,1,0.0248,0.8968,0.0784
643,c2_beacon,none,malicious_plain,malicious_plain,1,0.0105,0.8654,0.1240
644,data_exfiltration,none,malicious_plain,malicious_plain,1,0.0109,0.9711,0.0179
645,data_exfiltration,none,malicious_plain,malicious_plain,1,0.0115,0.9708,0.0177
646,port_scan,constant_rate_shaping,malicious_obfuscated,malicious_obfuscated,1,0.0201,0.0143,0.9655
647,voip,none,benign,benign,1,0.9565,0.0087,0.0348
648,brute_force,none,malicious_plain,malicious_plain,1,0.0084,0.9564,0.0352
649,c2_beacon,none,malicious_plain,malicious_plain,1,0.0029,0.9615,0.0355
650,file_download,timing_jitter+tunnel_encapsulation,benign,benign,1,0.9444,0.0101,0.0455
651,port_scan,protocol_mimicry+dummy_injection,malicious_obfuscated,malicious_obfuscated,1,0.0288,0.0306,0.9406
652,reverse_shell,none,malicious_plain,malicious_plain,1,0.0128,0.9693,0.0178
653,web_browsing,protocol_mimicry+fragmentation+timing_jitter,benign,malicious_obfuscated,0,0.3760,0.0198,0.6041
654,data_exfiltration,dummy_injection,malicious_obfuscated,malicious_obfuscated,1,0.0178,0.0042,0.9780
655,c2_beacon,constant_rate_shaping,malicious_obfuscated,malicious_obfuscated,1,0.2766,0.0433,0.6801
656,ddos_flood,constant_rate_shaping+tunnel_encapsulation,malicious_obfuscated,malicious_obfuscated,1,0.0395,0.0200,0.9404
657,reverse_shell,fragmentation,malicious_obfuscated,malicious_obfuscated,1,0.3214,0.0058,0.6727
658,file_download,random_padding+timing_jitter+constant_rate_shaping,benign,benign,1,0.9568,0.0152,0.0280
659,ddos_flood,random_padding,malicious_obfuscated,malicious_obfuscated,1,0.0256,0.0191,0.9553
660,web_browsing,none,benign,benign,1,0.9677,0.0293,0.0030
661,file_download,none,benign,benign,1,0.9706,0.0190,0.0104
662,brute_force,none,malicious_plain,malicious_plain,1,0.0226,0.9028,0.0746
663,video_streaming,dummy_injection,benign,benign,1,0.9709,0.0185,0.0106
664,brute_force,fragmentation,malicious_obfuscated,malicious_obfuscated,1,0.0325,0.0084,0.9591
665,voip,none,benign,benign,1,0.9646,0.0084,0.0271
666,ssh_interactive,none,benign,benign,1,0.9789,0.0105,0.0106
667,web_browsing,random_padding,benign,benign,1,0.9770,0.0076,0.0155
668,ddos_flood,timing_jitter+tunnel_encapsulation,malicious_obfuscated,malicious_obfuscated,1,0.0225,0.0066,0.9710
669,voip,none,benign,benign,1,0.9524,0.0102,0.0374
670,web_browsing,block_padding+timing_jitter+constant_rate_shaping,benign,malicious_obfuscated,0,0.3986,0.0471,0.5543
671,voip,protocol_mimicry+fragmentation+dummy_injection,benign,malicious_obfuscated,0,0.0224,0.0088,0.9688
672,ddos_flood,random_padding+constant_rate_shaping,malicious_obfuscated,malicious_obfuscated,1,0.0132,0.0151,0.9717
673,reverse_shell,none,malicious_plain,malicious_plain,1,0.0732,0.7895,0.1372
674,ssh_interactive,none,benign,benign,1,0.9759,0.0119,0.0122
675,port_scan,none,malicious_plain,malicious_plain,1,0.0174,0.9371,0.0455
676,web_browsing,tunnel_encapsulation,benign,benign,1,0.9583,0.0108,0.0309
677,port_scan,protocol_mimicry+dummy_injection,malicious_obfuscated,malicious_obfuscated,1,0.0167,0.0176,0.9656
678,brute_force,none,malicious_plain,malicious_plain,1,0.0145,0.8860,0.0995
679,brute_force,none,malicious_plain,malicious_plain,1,0.0124,0.8985,0.0892
680,web_browsing,constant_rate_shaping,benign,benign,1,0.9625,0.0131,0.0245
681,reverse_shell,none,malicious_plain,malicious_plain,1,0.0274,0.9097,0.0629
682,data_exfiltration,protocol_mimicry+random_padding,malicious_obfuscated,malicious_obfuscated,1,0.0356,0.0185,0.9459
683,c2_beacon,fragmentation+block_padding+random_padding,malicious_obfuscated,benign,0,0.8585,0.0071,0.1344
684,c2_beacon,timing_jitter+constant_rate_shaping,malicious_obfuscated,malicious_obfuscated,1,0.2163,0.0097,0.7740
685,brute_force,block_padding+random_padding,malicious_obfuscated,malicious_obfuscated,1,0.0816,0.0647,0.8538
686,brute_force,none,malicious_plain,malicious_plain,1,0.0140,0.9105,0.0755
687,data_exfiltration,none,malicious_plain,malicious_plain,1,0.0179,0.9221,0.0600
688,ssh_interactive,fragmentation+random_padding,benign,benign,1,0.8792,0.0128,0.1080
689,web_browsing,none,benign,benign,1,0.9803,0.0151,0.0045
690,video_streaming,fragmentation+dummy_injection+constant_rate_shaping,benign,malicious_obfuscated,0,0.2376,0.0111,0.7513
691,brute_force,none,malicious_plain,malicious_plain,1,0.0887,0.7210,0.1904
692,file_download,none,benign,benign,1,0.9727,0.0167,0.0106
693,video_streaming,none,benign,benign,1,0.9713,0.0177,0.0110
694,reverse_shell,protocol_mimicry+random_padding+dummy_injection,malicious_obfuscated,malicious_obfuscated,1,0.0396,0.0099,0.9505
695,voip,none,benign,benign,1,0.9504,0.0091,0.0405
696,port_scan,none,malicious_plain,malicious_plain,1,0.0197,0.9294,0.0509
697,video_streaming,tunnel_encapsulation,benign,benign,1,0.9735,0.0127,0.0138
698,voip,none,benign,benign,1,0.9521,0.0102,0.0378
699,voip,none,benign,benign,1,0.9093,0.0115,0.0792
700,ssh_interactive,none,benign,benign,1,0.9577,0.0196,0.0227
701,web_browsing,none,benign,benign,1,0.9705,0.0129,0.0166
702,reverse_shell,fragmentation+constant_rate_shaping,malicious_obfuscated,malicious_obfuscated,1,0.2307,0.0060,0.7633
703,file_download,none,benign,benign,1,0.9706,0.0175,0.0119
704,ddos_flood,fragmentation+random_padding+timing_jitter,malicious_obfuscated,malicious_obfuscated,1,0.0238,0.0090,0.9672
705,reverse_shell,none,malicious_plain,malicious_plain,1,0.0610,0.8703,0.0687
706,brute_force,none,malicious_plain,malicious_plain,1,0.0140,0.9164,0.0695
707,brute_force,timing_jitter,malicious_obfuscated,malicious_plain,0,0.0099,0.8972,0.0929
708,reverse_shell,none,malicious_plain,malicious_plain,1,0.0150,0.9622,0.0228
709,c2_beacon,protocol_mimicry+fragmentation+timing_jitter,malicious_obfuscated,malicious_obfuscated,1,0.0873,0.0090,0.9038
710,data_exfiltration,none,malicious_plain,malicious_plain,1,0.0127,0.9641,0.0232
711,web_browsing,constant_rate_shaping,benign,malicious_obfuscated,0,0.4755,0.0101,0.5144
712,port_scan,none,malicious_plain,malicious_plain,1,0.0157,0.9199,0.0644
713,ddos_flood,dummy_injection+timing_jitter,malicious_obfuscated,malicious_obfuscated,1,0.0346,0.0129,0.9525
714,port_scan,random_padding+timing_jitter,malicious_obfuscated,malicious_obfuscated,1,0.0221,0.0071,0.9708
715,brute_force,random_padding+timing_jitter,malicious_obfuscated,malicious_obfuscated,1,0.0348,0.0102,0.9550
716,c2_beacon,block_padding+constant_rate_shaping+tunnel_encapsulation,malicious_obfuscated,benign,0,0.7922,0.0279,0.1799
717,web_browsing,protocol_mimicry+dummy_injection+tunnel_encapsulation,benign,malicious_obfuscated,0,0.1556,0.0495,0.7949
718,c2_beacon,protocol_mimicry+fragmentation+dummy_injection,malicious_obfuscated,malicious_obfuscated,1,0.4323,0.0205,0.5473
719,file_download,none,benign,benign,1,0.9700,0.0155,0.0145
720,ssh_interactive,none,benign,benign,1,0.9778,0.0118,0.0103
721,ddos_flood,random_padding,malicious_obfuscated,malicious_obfuscated,1,0.0235,0.0168,0.9597
722,voip,none,benign,benign,1,0.9436,0.0091,0.0473
723,reverse_shell,none,malicious_plain,malicious_plain,1,0.0041,0.9846,0.0112
724,web_browsing,block_padding+dummy_injection+tunnel_encapsulation,benign,benign,1,0.7552,0.0175,0.2273
725,ssh_interactive,fragmentation+random_padding+constant_rate_shaping,benign,benign,1,0.7638,0.0111,0.2251
726,reverse_shell,none,malicious_plain,malicious_plain,1,0.0646,0.8047,0.1308
727,port_scan,none,malicious_plain,malicious_plain,1,0.0429,0.8198,0.1373
728,reverse_shell,protocol_mimicry+fragmentation+timing_jitter,malicious_obfuscated,malicious_obfuscated,1,0.0348,0.0123,0.9529
729,reverse_shell,fragmentation,malicious_obfuscated,malicious_obfuscated,1,0.0503,0.0040,0.9457
730,reverse_shell,fragmentation,malicious_obfuscated,benign,0,0.5390,0.0112,0.4498
731,data_exfiltration,block_padding+dummy_injection+tunnel_encapsulation,malicious_obfuscated,malicious_obfuscated,1,0.3401,0.0070,0.6529
732,video_streaming,none,benign,benign,1,0.9709,0.0161,0.0130
733,port_scan,none,malicious_plain,malicious_plain,1,0.0197,0.9309,0.0494
734,ddos_flood,none,malicious_plain,malicious_plain,1,0.0072,0.9546,0.0382
735,reverse_shell,none,malicious_plain,malicious_plain,1,0.0270,0.8940,0.0790
736,file_download,none,benign,benign,1,0.9683,0.0173,0.0144
737,video_streaming,protocol_mimicry+dummy_injection+constant_rate_shaping,benign,benign,1,0.9385,0.0530,0.0084
738,c2_beacon,block_padding,malicious_obfuscated,malicious_plain,0,0.0342,0.7750,0.1908
739,ddos_flood,none,malicious_plain,malicious_plain,1,0.0072,0.9412,0.0516
740,brute_force,fragmentation+random_padding+timing_jitter,malicious_obfuscated,malicious_obfuscated,1,0.2097,0.0159,0.7744
741,port_scan,none,malicious_plain,malicious_plain,1,0.0151,0.9384,0.0465
742,c2_beacon,none,malicious_plain,malicious_plain,1,0.0109,0.7847,0.2044
743,reverse_shell,tunnel_encapsulation,malicious_obfuscated,malicious_plain,0,0.0526,0.8405,0.1069
744,video_streaming,none,benign,benign,1,0.9710,0.0170,0.0120
745,brute_force,none,malicious_plain,malicious_plain,1,0.0193,0.8895,0.0912
746,voip,none,benign,benign,1,0.9486,0.0100,0.0414
747,ddos_flood,random_padding,malicious_obfuscated,malicious_obfuscated,1,0.0245,0.0155,0.9599
748,brute_force,none,malicious_plain,malicious_plain,1,0.0107,0.9385,0.0508
749,c2_beacon,none,malicious_plain,malicious_plain,1,0.0129,0.7221,0.2650
750,ssh_interactive,none,benign,benign,1,0.9762,0.0132,0.0107
751,ddos_flood,none,malicious_plain,malicious_plain,1,0.0077,0.9317,0.0606
752,ddos_flood,fragmentation+constant_rate_shaping,malicious_obfuscated,malicious_obfuscated,1,0.0153,0.0096,0.9751
753,data_exfiltration,none,malicious_plain,malicious_plain,1,0.0117,0.9690,0.0193
754,ddos_flood,dummy_injection,malicious_obfuscated,malicious_obfuscated,1,0.0443,0.0091,0.9466
755,ddos_flood,protocol_mimicry,malicious_obfuscated,malicious_obfuscated,1,0.0368,0.0305,0.9327
756,file_download,fragmentation+block_padding,benign,benign,1,0.9033,0.0116,0.0850
757,c2_beacon,fragmentation+block_padding,malicious_obfuscated,malicious_obfuscated,1,0.0273,0.0305,0.9423
758,reverse_shell,none,malicious_plain,malicious_plain,1,0.0773,0.6960,0.2267
759,c2_beacon,fragmentation+constant_rate_shaping+tunnel_encapsulation,malicious_obfuscated,malicious_obfuscated,1,0.3170,0.0322,0.6507
760,reverse_shell,none,malicious_plain,malicious_plain,1,0.0110,0.9658,0.0232
761,data_exfiltration,block_padding+random_padding+dummy_injection,malicious_obfuscated,malicious_obfuscated,1,0.0343,0.0026,0.9632
762,file_download,fragmentation+random_padding,benign,benign,1,0.8583,0.0164,0.1253
763,data_exfiltration,protocol_mimicry+block_padding,malicious_obfuscated,malicious_obfuscated,1,0.0457,0.0522,0.9022
764,voip,block_padding+dummy_injection+tunnel_encapsulation,benign,benign,1,0.5357,0.0180,0.4463
765,video_streaming,none,benign,benign,1,0.9690,0.0198,0.0113
766,brute_force,none,malicious_plain,malicious_plain,1,0.0138,0.9275,0.0587
767,port_scan,block_padding+constant_rate_shaping+tunnel_encapsulation,malicious_obfuscated,malicious_obfuscated,1,0.0142,0.0098,0.9761
768,reverse_shell,dummy_injection+constant_rate_shaping,malicious_obfuscated,malicious_obfuscated,1,0.2952,0.0092,0.6956
769,ddos_flood,random_padding+dummy_injection+tunnel_encapsulation,malicious_obfuscated,malicious_obfuscated,1,0.0182,0.0148,0.9670
770,brute_force,dummy_injection+tunnel_encapsulation,malicious_obfuscated,malicious_obfuscated,1,0.2081,0.0122,0.7797
771,brute_force,tunnel_encapsulation,malicious_obfuscated,malicious_plain,0,0.0134,0.9266,0.0600
772,port_scan,none,malicious_plain,malicious_plain,1,0.0189,0.9400,0.0412
773,file_download,none,benign,benign,1,0.9713,0.0160,0.0127
774,c2_beacon,none,malicious_plain,malicious_plain,1,0.0086,0.9351,0.0563
775,video_streaming,block_padding+random_padding+timing_jitter,benign,benign,1,0.9517,0.0064,0.0419
776,voip,dummy_injection+tunnel_encapsulation,benign,benign,1,0.7256,0.0265,0.2478
777,ddos_flood,protocol_mimicry+fragmentation+constant_rate_shaping,malicious_obfuscated,malicious_obfuscated,1,0.0219,0.0235,0.9546
778,ddos_flood,dummy_injection+timing_jitter,malicious_obfuscated,malicious_obfuscated,1,0.0226,0.0089,0.9685
779,video_streaming,none,benign,benign,1,0.9714,0.0186,0.0100
780,port_scan,none,malicious_plain,malicious_plain,1,0.0127,0.9514,0.0359
781,video_streaming,none,benign,benign,1,0.9717,0.0179,0.0104
782,port_scan,none,malicious_plain,malicious_plain,1,0.0177,0.9395,0.0429
783,port_scan,none,malicious_plain,malicious_plain,1,0.0132,0.9526,0.0342
784,ddos_flood,constant_rate_shaping,malicious_obfuscated,malicious_obfuscated,1,0.0199,0.0225,0.9576
785,brute_force,none,malicious_plain,malicious_plain,1,0.0171,0.9320,0.0509
786,web_browsing,none,benign,benign,1,0.9837,0.0102,0.0060
787,web_browsing,none,benign,benign,1,0.9634,0.0179,0.0187
788,c2_beacon,fragmentation,malicious_obfuscated,malicious_obfuscated,1,0.1603,0.0059,0.8338
789,c2_beacon,none,malicious_plain,malicious_plain,1,0.0068,0.9155,0.0777
790,port_scan,constant_rate_shaping+tunnel_encapsulation,malicious_obfuscated,malicious_obfuscated,1,0.0201,0.0089,0.9710
791,reverse_shell,none,malicious_plain,malicious_plain,1,0.0093,0.9786,0.0121
792,port_scan,none,malicious_plain,malicious_plain,1,0.0197,0.8998,0.0805
793,c2_beacon,block_padding+tunnel_encapsulation,malicious_obfuscated,malicious_obfuscated,1,0.0338,0.0240,0.9423
794,data_exfiltration,none,malicious_plain,malicious_plain,1,0.0214,0.8896,0.0890
795,brute_force,none,malicious_plain,malicious_plain,1,0.0193,0.9242,0.0566
796,c2_beacon,none,malicious_plain,malicious_plain,1,0.0048,0.9451,0.0501
797,ddos_flood,timing_jitter,malicious_obfuscated,malicious_obfuscated,1,0.0220,0.0113,0.9667
798,ssh_interactive,none,benign,benign,1,0.9694,0.0110,0.0196
799,ddos_flood,fragmentation+timing_jitter+tunnel_encapsulation,malicious_obfuscated,malicious_obfuscated,1,0.0205,0.0079,0.9716
800,ssh_interactive,fragmentation,benign,benign,1,0.9516,0.0111,0.0373
801,c2_beacon,block_padding+random_padding,malicious_obfuscated,malicious_obfuscated,1,0.0299,0.0538,0.9164
802,c2_beacon,protocol_mimicry+dummy_injection,malicious_obfuscated,malicious_obfuscated,1,0.2262,0.0851,0.6888
803,ddos_flood,dummy_injection+constant_rate_shaping,malicious_obfuscated,benign,0,0.5835,0.0059,0.4106
804,data_exfiltration,none,malicious_plain,malicious_plain,1,0.0125,0.9641,0.0234
805,c2_beacon,fragmentation+timing_jitter,malicious_obfuscated,malicious_obfuscated,1,0.0263,0.0339,0.9398
806,web_browsing,block_padding,benign,benign,1,0.9842,0.0092,0.0066
807,ssh_interactive,none,benign,benign,1,0.9739,0.0121,0.0140
808,brute_force,none,malicious_plain,malicious_plain,1,0.0148,0.9065,0.0788
809,video_streaming,none,benign,benign,1,0.9702,0.0176,0.0122
810,ddos_flood,none,malicious_plain,malicious_plain,1,0.0099,0.9113,0.0788
811,ssh_interactive,none,benign,benign,1,0.9811,0.0091,0.0098
812,voip,none,benign,benign,1,0.9698,0.0082,0.0220
813,port_scan,none,malicious_plain,malicious_plain,1,0.0177,0.9299,0.0523
814,port_scan,dummy_injection+constant_rate_shaping+tunnel_encapsulation,malicious_obfuscated,malicious_obfuscated,1,0.0429,0.0236,0.9335
815,brute_force,none,malicious_plain,malicious_plain,1,0.0087,0.9493,0.0421
816,voip,none,benign,benign,1,0.9199,0.0107,0.0694
817,video_streaming,none,benign,benign,1,0.9720,0.0188,0.0093
818,port_scan,none,malicious_plain,malicious_plain,1,0.0239,0.8983,0.0779
819,file_download,none,benign,benign,1,0.9674,0.0176,0.0150
820,port_scan,none,malicious_plain,malicious_plain,1,0.0178,0.9342,0.0480
821,c2_beacon,none,malicious_plain,malicious_plain,1,0.0039,0.9531,0.0430
822,voip,none,benign,benign,1,0.9594,0.0099,0.0307
823,port_scan,none,malicious_plain,malicious_plain,1,0.0172,0.9459,0.0369
824,brute_force,none,malicious_plain,malicious_plain,1,0.0189,0.9144,0.0667
825,ddos_flood,none,malicious_plain,malicious_plain,1,0.0074,0.9577,0.0349
826,brute_force,none,malicious_plain,malicious_plain,1,0.0177,0.8951,0.0872
827,reverse_shell,none,malicious_plain,malicious_plain,1,0.0030,0.9881,0.0088
828,video_streaming,none,benign,benign,1,0.9745,0.0165,0.0090
829,web_browsing,fragmentation+dummy_injection+timing_jitter,benign,benign,1,0.7471,0.0148,0.2381
830,data_exfiltration,dummy_injection,malicious_obfuscated,malicious_obfuscated,1,0.0226,0.0088,0.9686
831,reverse_shell,protocol_mimicry+fragmentation,malicious_obfuscated,malicious_obfuscated,1,0.0118,0.0041,0.9841
832,port_scan,fragmentation,malicious_obfuscated,malicious_plain,0,0.0174,0.9241,0.0584
833,file_download,protocol_mimicry+block_padding+tunnel_encapsulation,benign,benign,1,0.9666,0.0158,0.0176
834,reverse_shell,none,malicious_plain,malicious_plain,1,0.0560,0.8346,0.1094
835,reverse_shell,tunnel_encapsulation,malicious_obfuscated,malicious_obfuscated,1,0.1314,0.0843,0.7843
836,c2_beacon,protocol_mimicry+tunnel_encapsulation,malicious_obfuscated,malicious_obfuscated,1,0.0970,0.1002,0.8028
837,reverse_shell,fragmentation+timing_jitter+tunnel_encapsulation,malicious_obfuscated,malicious_obfuscated,1,0.0171,0.0133,0.9695
838,reverse_shell,none,malicious_plain,malicious_plain,1,0.0127,0.9346,0.0527
839,data_exfiltration,none,malicious_plain,malicious_plain,1,0.0108,0.9742,0.0150
840,voip,random_padding,benign,benign,1,0.8556,0.0116,0.1328
841,port_scan,none,malicious_plain,malicious_plain,1,0.0173,0.9393,0.0434
842,port_scan,constant_rate_shaping,malicious_obfuscated,malicious_obfuscated,1,0.0262,0.0230,0.9508
843,file_download,none,benign,benign,1,0.9688,0.0170,0.0142
844,ddos_flood,protocol_mimicry+timing_jitter,malicious_obfuscated,malicious_obfuscated,1,0.0163,0.0053,0.9784
845,file_download,block_padding+dummy_injection,benign,benign,1,0.9611,0.0133,0.0256
846,video_streaming,random_padding+timing_jitter+tunnel_encapsulation,benign,benign,1,0.9327,0.0109,0.0564
847,reverse_shell,fragmentation+dummy_injection+constant_rate_shaping,malicious_obfuscated,benign,0,0.6906,0.0455,0.2639
848,ddos_flood,fragmentation+block_padding,malicious_obfuscated,malicious_plain,0,0.0099,0.9194,0.0707
849,ddos_flood,none,malicious_plain,malicious_plain,1,0.0063,0.9589,0.0347
850,video_streaming,none,benign,benign,1,0.9629,0.0272,0.0099
851,c2_beacon,block_padding+timing_jitter+tunnel_encapsulation,malicious_obfuscated,malicious_obfuscated,1,0.0214,0.0084,0.9701
852,brute_force,fragmentation+block_padding+timing_jitter,malicious_obfuscated,malicious_obfuscated,1,0.0295,0.0291,0.9413
853,ssh_interactive,none,benign,benign,1,0.9640,0.0119,0.0240
854,c2_beacon,protocol_mimicry+fragmentation+block_padding,malicious_obfuscated,malicious_obfuscated,1,0.2601,0.0384,0.7015
855,web_browsing,random_padding+timing_jitter+constant_rate_shaping,benign,malicious_obfuscated,0,0.4660,0.0552,0.4789
856,c2_beacon,random_padding+constant_rate_shaping+tunnel_encapsulation,malicious_obfuscated,malicious_obfuscated,1,0.2969,0.0332,0.6699
857,voip,random_padding,benign,benign,1,0.5779,0.0108,0.4113
858,reverse_shell,block_padding+timing_jitter,malicious_obfuscated,malicious_obfuscated,1,0.0338,0.0121,0.9541
859,data_exfiltration,dummy_injection+constant_rate_shaping+tunnel_encapsulation,malicious_obfuscated,malicious_obfuscated,1,0.3436,0.0077,0.6487
860,reverse_shell,protocol_mimicry+block_padding+dummy_injection,malicious_obfuscated,malicious_obfuscated,1,0.0766,0.0224,0.9010
861,data_exfiltration,protocol_mimicry+block_padding+constant_rate_shaping,malicious_obfuscated,malicious_obfuscated,1,0.0167,0.0065,0.9768
862,port_scan,none,malicious_plain,malicious_plain,1,0.0254,0.8790,0.0956
863,data_exfiltration,constant_rate_shaping,malicious_obfuscated,malicious_obfuscated,1,0.0993,0.0013,0.8994
864,brute_force,none,malicious_plain,malicious_plain,1,0.0082,0.9329,0.0589
865,ddos_flood,none,malicious_plain,malicious_plain,1,0.0061,0.9570,0.0369
866,ddos_flood,dummy_injection,malicious_obfuscated,malicious_obfuscated,1,0.0093,0.0161,0.9746
867,video_streaming,none,benign,benign,1,0.9731,0.0158,0.0111
868,file_download,none,benign,benign,1,0.9696,0.0173,0.0130
869,voip,none,benign,benign,1,0.9633,0.0084,0.0283
870,port_scan,constant_rate_shaping,malicious_obfuscated,malicious_obfuscated,1,0.0125,0.0095,0.9780
871,video_streaming,protocol_mimicry+fragmentation+dummy_injection,benign,benign,1,0.7498,0.0153,0.2350
872,c2_beacon,fragmentation+block_padding+random_padding,malicious_obfuscated,malicious_obfuscated,1,0.2421,0.0161,0.7418
873,ddos_flood,none,malicious_plain,malicious_plain,1,0.0069,0.9607,0.0323
874,reverse_shell,none,malicious_plain,malicious_plain,1,0.0248,0.9633,0.0118
875,data_exfiltration,protocol_mimicry+block_padding+dummy_injection,malicious_obfuscated,malicious_obfuscated,1,0.0930,0.0084,0.8986
876,web_browsing,none,benign,benign,1,0.9654,0.0102,0.0244
877,ddos_flood,fragmentation+block_padding,malicious_obfuscated,malicious_plain,0,0.0093,0.8807,0.1101
878,web_browsing,none,benign,malicious_obfuscated,0,0.4283,0.0365,0.5351
879,ddos_flood,none,malicious_plain,malicious_plain,1,0.0079,0.9535,0.0386
880,data_exfiltration,none,malicious_plain,malicious_plain,1,0.0124,0.9640,0.0236
881,reverse_shell,none,malicious_plain,malicious_plain,1,0.0061,0.9812,0.0126
882,reverse_shell,none,malicious_plain,malicious_plain,1,0.0338,0.8864,0.0798
883,video_streaming,random_padding+dummy_injection,benign,benign,1,0.9836,0.0088,0.0076
884,brute_force,none,malicious_plain,malicious_plain,1,0.0069,0.9488,0.0443
885,data_exfiltration,protocol_mimicry+fragmentation,malicious_obfuscated,malicious_obfuscated,1,0.0123,0.0064,0.9813
886,file_download,fragmentation+timing_jitter,benign,benign,1,0.6289,0.0124,0.3586
887,port_scan,protocol_mimicry+block_padding+constant_rate_shaping,malicious_obfuscated,malicious_obfuscated,1,0.0153,0.0135,0.9712
888,voip,none,benign,benign,1,0.9654,0.0102,0.0244
889,web_browsing,block_padding,benign,benign,1,0.9693,0.0162,0.0145
890,ssh_interactive,none,benign,benign,1,0.9817,0.0122,0.0061
891,brute_force,none,malicious_plain,malicious_plain,1,0.0090,0.9440,0.0469
892,voip,fragmentation+block_padding+timing_jitter,benign,benign,1,0.8515,0.0165,0.1320
893,reverse_shell,protocol_mimicry+block_padding,malicious_obfuscated,malicious_obfuscated,1,0.0324,0.0030,0.9646
894,ssh_interactive,none,benign,benign,1,0.9798,0.0124,0.0078
895,port_scan,fragmentation+random_padding+constant_rate_shaping,malicious_obfuscated,malicious_obfuscated,1,0.0303,0.0136,0.9561
896,brute_force,none,malicious_plain,malicious_plain,1,0.0075,0.9478,0.0448
897,brute_force,none,malicious_plain,malicious_plain,1,0.0122,0.8607,0.1271
898,c2_beacon,none,malicious_plain,malicious_plain,1,0.0136,0.6968,0.2896
899,brute_force,fragmentation+random_padding+dummy_injection,malicious_obfuscated,malicious_obfuscated,1,0.0284,0.0079,0.9637
900,port_scan,timing_jitter,malicious_obfuscated,malicious_obfuscated,1,0.0417,0.0390,0.9193
901,reverse_shell,protocol_mimicry+random_padding+tunnel_encapsulation,malicious_obfuscated,malicious_obfuscated,1,0.0887,0.0075,0.9038
902,c2_beacon,block_padding+random_padding,malicious_obfuscated,malicious_obfuscated,1,0.0196,0.0557,0.9246
903,port_scan,fragmentation+block_padding,malicious_obfuscated,malicious_obfuscated,1,0.0196,0.0650,0.9154
904,data_exfiltration,dummy_injection,malicious_obfuscated,malicious_obfuscated,1,0.0190,0.0063,0.9747
905,brute_force,none,malicious_plain,malicious_plain,1,0.0267,0.6113,0.3620
906,data_exfiltration,fragmentation+dummy_injection,malicious_obfuscated,malicious_obfuscated,1,0.0150,0.0148,0.9702
907,voip,none,benign,benign,1,0.9697,0.0082,0.0221
908,brute_force,fragmentation,malicious_obfuscated,malicious_obfuscated,1,0.0362,0.0089,0.9549
909,ddos_flood,none,malicious_plain,malicious_plain,1,0.0076,0.9566,0.0358
910,c2_beacon,fragmentation,malicious_obfuscated,malicious_obfuscated,1,0.0280,0.0306,0.9414
911,web_browsing,none,benign,benign,1,0.8852,0.0574,0.0573
912,port_scan,none,malicious_plain,malicious_plain,1,0.0199,0.9369,0.0433
913,brute_force,none,malicious_plain,malicious_plain,1,0.0178,0.9049,0.0773
914,brute_force,block_padding+random_padding,malicious_obfuscated,malicious_obfuscated,1,0.0391,0.0090,0.9519
915,c2_beacon,fragmentation+random_padding+timing_jitter,malicious_obfuscated,malicious_obfuscated,1,0.2601,0.0094,0.7306
916,voip,fragmentation+block_padding+dummy_injection,benign,benign,1,0.7697,0.0183,0.2120
917,port_scan,none,malicious_plain,malicious_plain,1,0.0268,0.8452,0.1280
918,data_exfiltration,protocol_mimicry+fragmentation+tunnel_encapsulation,malicious_obfuscated,malicious_obfuscated,1,0.1074,0.0121,0.8806
919,port_scan,none,malicious_plain,malicious_plain,1,0.0203,0.9046,0.0750
920,video_streaming,protocol_mimicry+constant_rate_shaping,benign,benign,1,0.5241,0.0077,0.4682
921,voip,fragmentation+timing_jitter+constant_rate_shaping,benign,benign,1,0.5057,0.0134,0.4809
922,reverse_shell,protocol_mimicry+timing_jitter+tunnel_encapsulation,malicious_obfuscated,malicious_obfuscated,1,0.0927,0.0188,0.8885
923,reverse_shell,block_padding,malicious_obfuscated,malicious_plain,0,0.0837,0.7695,0.1468
924,port_scan,none,malicious_plain,malicious_plain,1,0.0170,0.9469,0.0361
925,c2_beacon,dummy_injection,malicious_obfuscated,malicious_obfuscated,1,0.0109,0.0045,0.9846
926,brute_force,none,malicious_plain,malicious_plain,1,0.0089,0.9154,0.0757
927,c2_beacon,block_padding+dummy_injection,malicious_obfuscated,malicious_obfuscated,1,0.0124,0.0034,0.9842
928,video_streaming,none,benign,benign,1,0.9682,0.0224,0.0094
929,port_scan,none,malicious_plain,malicious_plain,1,0.0158,0.9510,0.0332
930,ssh_interactive,none,benign,benign,1,0.9739,0.0108,0.0152
931,video_streaming,none,benign,benign,1,0.9749,0.0163,0.0088
932,brute_force,random_padding+timing_jitter,malicious_obfuscated,malicious_obfuscated,1,0.0348,0.0183,0.9469
933,reverse_shell,protocol_mimicry+fragmentation+block_padding,malicious_obfuscated,malicious_obfuscated,1,0.0230,0.0053,0.9717
934,voip,none,benign,benign,1,0.9453,0.0103,0.0444
935,ddos_flood,tunnel_encapsulation,malicious_obfuscated,malicious_obfuscated,1,0.0201,0.0427,0.9372
936,video_streaming,random_padding,benign,benign,1,0.9813,0.0119,0.0068
937,video_streaming,none,benign,benign,1,0.9713,0.0190,0.0097
938,port_scan,fragmentation+timing_jitter,malicious_obfuscated,malicious_obfuscated,1,0.0321,0.0123,0.9556
939,c2_beacon,none,malicious_plain,malicious_plain,1,0.0052,0.9389,0.0559
940,data_exfiltration,none,malicious_plain,malicious_plain,1,0.0125,0.9616,0.0259
941,port_scan,none,malicious_plain,malicious_plain,1,0.0210,0.8941,0.0849
942,reverse_shell,dummy_injection,malicious_obfuscated,malicious_obfuscated,1,0.1567,0.0158,0.8275
943,c2_beacon,dummy_injection,malicious_obfuscated,malicious_obfuscated,1,0.0211,0.0116,0.9673
944,ddos_flood,none,malicious_plain,malicious_plain,1,0.0116,0.8996,0.0888
945,c2_beacon,none,malicious_plain,malicious_plain,1,0.0022,0.9766,0.0212
946,c2_beacon,none,malicious_plain,malicious_plain,1,0.0029,0.9657,0.0315
947,c2_beacon,block_padding+dummy_injection+timing_jitter,malicious_obfuscated,malicious_obfuscated,1,0.0188,0.0125,0.9687
948,c2_beacon,protocol_mimicry,malicious_obfuscated,malicious_obfuscated,1,0.0431,0.0116,0.9453
949,reverse_shell,none,malicious_plain,malicious_plain,1,0.2296,0.7423,0.0281
950,ddos_flood,none,malicious_plain,malicious_plain,1,0.0072,0.9649,0.0279
951,brute_force,none,malicious_plain,malicious_plain,1,0.0195,0.7670,0.2135
952,video_streaming,none,benign,benign,1,0.9726,0.0163,0.0111
953,web_browsing,none,benign,benign,1,0.9742,0.0117,0.0141
954,data_exfiltration,protocol_mimicry+constant_rate_shaping+tunnel_encapsulation,malicious_obfuscated,malicious_obfuscated,1,0.0348,0.0087,0.9565
955,dns_query,protocol_mimicry+block_padding+tunnel_encapsulation,benign,malicious_obfuscated,0,0.1509,0.1297,0.7194
956,port_scan,none,malicious_plain,malicious_plain,1,0.0345,0.8675,0.0980
957,web_browsing,none,benign,benign,1,0.9815,0.0089,0.0096
958,web_browsing,none,benign,benign,1,0.9549,0.0179,0.0272
959,c2_beacon,timing_jitter+constant_rate_shaping,malicious_obfuscated,malicious_obfuscated,1,0.2338,0.0050,0.7612
960,voip,none,benign,benign,1,0.9605,0.0101,0.0293
961,brute_force,none,malicious_plain,malicious_plain,1,0.0117,0.9133,0.0749
962,brute_force,protocol_mimicry,malicious_obfuscated,malicious_obfuscated,1,0.2354,0.0738,0.6908
963,c2_beacon,protocol_mimicry,malicious_obfuscated,benign,0,0.7454,0.0171,0.2375
964,reverse_shell,random_padding,malicious_obfuscated,malicious_plain,0,0.0559,0.7879,0.1562
965,video_streaming,none,benign,benign,1,0.9706,0.0196,0.0098
966,data_exfiltration,random_padding+constant_rate_shaping,malicious_obfuscated,malicious_obfuscated,1,0.0280,0.0114,0.9606
967,file_download,dummy_injection,benign,benign,1,0.9826,0.0132,0.0041
968,data_exfiltration,constant_rate_shaping,malicious_obfuscated,malicious_obfuscated,1,0.0249,0.0170,0.9581
969,port_scan,none,malicious_plain,malicious_plain,1,0.0198,0.9357,0.0445
970,reverse_shell,none,malicious_plain,malicious_plain,1,0.0332,0.9012,0.0657
971,voip,protocol_mimicry+fragmentation+dummy_injection,benign,benign,1,0.8717,0.0309,0.0974
972,data_exfiltration,none,malicious_plain,malicious_obfuscated,0,0.0282,0.1945,0.7773
973,web_browsing,none,benign,benign,1,0.9457,0.0161,0.0382
974,ddos_flood,protocol_mimicry+timing_jitter+constant_rate_shaping,malicious_obfuscated,malicious_obfuscated,1,0.1688,0.1111,0.7201
975,c2_beacon,protocol_mimicry+fragmentation+tunnel_encapsulation,malicious_obfuscated,malicious_obfuscated,1,0.0612,0.0183,0.9205
976,file_download,none,benign,benign,1,0.9591,0.0227,0.0182
977,dns_query,protocol_mimicry+tunnel_encapsulation,benign,malicious_obfuscated,0,0.4271,0.0878,0.4852
978,ssh_interactive,random_padding+constant_rate_shaping+tunnel_encapsulation,benign,benign,1,0.7594,0.0105,0.2301
979,voip,tunnel_encapsulation,benign,benign,1,0.5914,0.0099,0.3987
980,data_exfiltration,protocol_mimicry+block_padding+random_padding,malicious_obfuscated,malicious_obfuscated,1,0.0188,0.0025,0.9788
981,file_download,none,benign,benign,1,0.9682,0.0184,0.0134
982,ddos_flood,none,malicious_plain,malicious_plain,1,0.0101,0.9196,0.0703
983,web_browsing,none,benign,malicious_plain,0,0.1669,0.6638,0.1693
984,c2_beacon,fragmentation+constant_rate_shaping+tunnel_encapsulation,malicious_obfuscated,malicious_obfuscated,1,0.1476,0.0114,0.8411
985,ddos_flood,none,malicious_plain,malicious_plain,1,0.0080,0.9236,0.0684
986,port_scan,block_padding+random_padding+dummy_injection,malicious_obfuscated,malicious_obfuscated,1,0.0324,0.0016,0.9660
987,voip,random_padding+dummy_injection+tunnel_encapsulation,benign,malicious_obfuscated,0,0.2288,0.0117,0.7594
988,brute_force,fragmentation,malicious_obfuscated,malicious_obfuscated,1,0.0885,0.0158,0.8957
989,c2_beacon,none,malicious_plain,malicious_plain,1,0.0068,0.8960,0.0972
990,brute_force,none,malicious_plain,malicious_plain,1,0.0089,0.9445,0.0466
991,web_browsing,none,benign,benign,1,0.9707,0.0161,0.0132
992,file_download,none,benign,benign,1,0.9647,0.0180,0.0174
993,reverse_shell,fragmentation,malicious_obfuscated,malicious_obfuscated,1,0.0529,0.0262,0.9209
994,port_scan,fragmentation+tunnel_encapsulation,malicious_obfuscated,malicious_obfuscated,1,0.0160,0.0237,0.9603
995,video_streaming,none,benign,benign,1,0.9728,0.0146,0.0126
996,reverse_shell,block_padding+random_padding+constant_rate_shaping,malicious_obfuscated,malicious_obfuscated,1,0.3131,0.0039,0.6830
997,reverse_shell,none,malicious_plain,malicious_plain,1,0.0631,0.8826,0.0543
998,reverse_shell,block_padding+dummy_injection,malicious_obfuscated,malicious_obfuscated,1,0.0640,0.1093,0.8267
999,port_scan,random_padding+dummy_injection+tunnel_encapsulation,malicious_obfuscated,malicious_obfuscated,1,0.0641,0.0036,0.9323
1000,ddos_flood,none,malicious_plain,malicious_plain,1,0.0174,0.5968,0.3858
1001,ssh_interactive,none,benign,benign,1,0.9756,0.0094,0.0150
1002,data_exfiltration,protocol_mimicry,malicious_obfuscated,malicious_obfuscated,1,0.0244,0.0106,0.9650
1003,file_download,none,benign,benign,1,0.9683,0.0196,0.0121
1004,voip,none,benign,benign,1,0.9581,0.0089,0.0330
1005,c2_beacon,none,malicious_plain,malicious_plain,1,0.0028,0.9675,0.0297
1006,ddos_flood,dummy_injection,malicious_obfuscated,malicious_obfuscated,1,0.0455,0.0076,0.9469
1007,ssh_interactive,fragmentation+timing_jitter,benign,benign,1,0.8430,0.0197,0.1373
1008,data_exfiltration,protocol_mimicry+dummy_injection+tunnel_encapsulation,malicious_obfuscated,malicious_obfuscated,1,0.1228,0.0061,0.8710
1009,ddos_flood,none,malicious_plain,malicious_plain,1,0.0072,0.9566,0.0361
1010,port_scan,block_padding+tunnel_encapsulation,malicious_obfuscated,malicious_obfuscated,1,0.0313,0.0131,0.9556
1011,data_exfiltration,none,malicious_plain,malicious_plain,1,0.0163,0.9352,0.0484
1012,video_streaming,protocol_mimicry+constant_rate_shaping,benign,malicious_obfuscated,0,0.3057,0.0059,0.6884
1013,brute_force,none,malicious_plain,malicious_plain,1,0.0149,0.9210,0.0641
1014,port_scan,protocol_mimicry+random_padding,malicious_obfuscated,malicious_obfuscated,1,0.0353,0.0165,0.9482
1015,c2_beacon,none,malicious_plain,malicious_plain,1,0.0063,0.9063,0.0874
1016,voip,none,benign,benign,1,0.9648,0.0083,0.0269
1017,reverse_shell,none,malicious_plain,malicious_plain,1,0.0098,0.9561,0.0341
1018,port_scan,none,malicious_plain,malicious_plain,1,0.0169,0.9442,0.0389
1019,port_scan,fragmentation+block_padding+constant_rate_shaping,malicious_obfuscated,malicious_obfuscated,1,0.0165,0.0236,0.9598
1020,port_scan,none,malicious_plain,malicious_plain,1,0.0156,0.9430,0.0413
1021,voip,none,benign,benign,1,0.9513,0.0089,0.0398
1022,data_exfiltration,none,malicious_plain,malicious_plain,1,0.0138,0.9592,0.0270
1023,ddos_flood,protocol_mimicry+block_padding+tunnel_encapsulation,malicious_obfuscated,malicious_obfuscated,1,0.0108,0.0072,0.9820
1024,ddos_flood,none,malicious_plain,malicious_plain,1,0.0065,0.9633,0.0302
1025,ddos_flood,none,malicious_plain,malicious_plain,1,0.0113,0.8050,0.1837
1026,reverse_shell,fragmentation+random_padding+constant_rate_shaping,malicious_obfuscated,malicious_obfuscated,1,0.2433,0.0087,0.7480
1027,file_download,block_padding,benign,benign,1,0.9688,0.0193,0.0119
1028,data_exfiltration,protocol_mimicry+block_padding+tunnel_encapsulation,malicious_obfuscated,malicious_obfuscated,1,0.1558,0.0043,0.8399
1029,web_browsing,none,benign,benign,1,0.9813,0.0131,0.0055
1030,brute_force,none,malicious_plain,malicious_plain,1,0.0142,0.9277,0.0581
1031,data_exfiltration,timing_jitter+constant_rate_shaping,malicious_obfuscated,malicious_obfuscated,1,0.0989,0.0176,0.8835
1032,ssh_interactive,none,benign,benign,1,0.9679,0.0125,0.0196
1033,brute_force,fragmentation+block_padding+constant_rate_shaping,malicious_obfuscated,malicious_obfuscated,1,0.3352,0.0278,0.6370
1034,file_download,none,benign,benign,1,0.9643,0.0158,0.0199
1035,ddos_flood,none,malicious_plain,malicious_plain,1,0.0090,0.8787,0.1123
1036,reverse_shell,none,malicious_plain,malicious_plain,1,0.0248,0.9001,0.0750
1037,port_scan,none,malicious_plain,malicious_plain,1,0.0147,0.9487,0.0366
1038,ssh_interactive,none,benign,benign,1,0.9791,0.0098,0.0111
1039,ssh_interactive,fragmentation+timing_jitter+constant_rate_shaping,benign,benign,1,0.8280,0.0217,0.1502
1040,file_download,protocol_mimicry+random_padding+tunnel_encapsulation,benign,benign,1,0.9066,0.0266,0.0668
1041,brute_force,none,malicious_plain,malicious_plain,1,0.0099,0.9242,0.0659
1042,video_streaming,none,benign,benign,1,0.9687,0.0207,0.0107
1043,video_streaming,none,benign,benign,1,0.9728,0.0158,0.0114
1044,reverse_shell,protocol_mimicry+dummy_injection+timing_jitter,malicious_obfuscated,malicious_obfuscated,1,0.0322,0.0043,0.9635
1045,brute_force,none,malicious_plain,malicious_plain,1,0.0082,0.9466,0.0451
1046,c2_beacon,random_padding+timing_jitter+constant_rate_shaping,malicious_obfuscated,malicious_obfuscated,1,0.3090,0.0556,0.6353
1047,c2_beacon,none,malicious_plain,malicious_plain,1,0.0065,0.9366,0.0568
1048,reverse_shell,none,malicious_plain,malicious_plain,1,0.0339,0.7840,0.1821
1049,web_browsing,none,benign,benign,1,0.9620,0.0185,0.0195
1050,port_scan,none,malicious_plain,malicious_plain,1,0.0156,0.9504,0.0339
1051,ddos_flood,none,malicious_plain,malicious_plain,1,0.0073,0.9638,0.0290
1052,data_exfiltration,block_padding+tunnel_encapsulation,malicious_obfuscated,malicious_obfuscated,1,0.0164,0.0050,0.9786
1053,reverse_shell,dummy_injection+timing_jitter+constant_rate_shaping,malicious_obfuscated,malicious_obfuscated,1,0.4043,0.0044,0.5913
1054,reverse_shell,none,malicious_plain,malicious_plain,1,0.0292,0.7322,0.2386
1055,ddos_flood,none,malicious_plain,malicious_plain,1,0.0065,0.9651,0.0284
1056,ssh_interactive,none,benign,benign,1,0.9824,0.0103,0.0072
1057,brute_force,fragmentation+timing_jitter,malicious_obfuscated,malicious_obfuscated,1,0.0327,0.0085,0.9588
1058,ddos_flood,tunnel_encapsulation,malicious_obfuscated,malicious_obfuscated,1,0.0173,0.0594,0.9233
1059,port_scan,none,malicious_plain,malicious_plain,1,0.0287,0.8969,0.0744
1060,web_browsing,protocol_mimicry+block_padding+constant_rate_shaping,benign,benign,1,0.9458,0.0190,0.0352
1061,brute_force,protocol_mimicry,malicious_obfuscated,malicious_obfuscated,1,0.2837,0.0145,0.7018
1062,reverse_shell,none,malicious_plain,malicious_plain,1,0.0544,0.8052,0.1404
1063,brute_force,fragmentation+timing_jitter+constant_rate_shaping,malicious_obfuscated,malicious_obfuscated,1,0.2476,0.1437,0.6087
1064,ddos_flood,block_padding,malicious_obfuscated,malicious_obfuscated,1,0.0208,0.0114,0.9678
1065,file_download,none,benign,benign,1,0.9696,0.0180,0.0123
1066,voip,fragmentation,benign,benign,1,0.9387,0.0103,0.0510
1067,brute_force,constant_rate_shaping+tunnel_encapsulation,malicious_obfuscated,malicious_obfuscated,1,0.3506,0.0124,0.6370
1068,port_scan,none,malicious_plain,malicious_plain,1,0.0124,0.9405,0.0471
1069,reverse_shell,protocol_mimicry+fragmentation+timing_jitter,malicious_obfuscated,malicious_obfuscated,1,0.0265,0.0030,0.9705
1070,reverse_shell,none,malicious_plain,malicious_plain,1,0.0093,0.9554,0.0352
1071,brute_force,fragmentation+tunnel_encapsulation,malicious_obfuscated,malicious_obfuscated,1,0.1868,0.0504,0.7629
1072,port_scan,none,malicious_plain,malicious_plain,1,0.0140,0.9507,0.0353
1073,voip,block_padding+random_padding+tunnel_encapsulation,benign,benign,1,0.5720,0.0063,0.4217
1074,web_browsing,none,benign,benign,1,0.9501,0.0256,0.0243
1075,ssh_interactive,block_padding+timing_jitter+constant_rate_shaping,benign,benign,1,0.7995,0.0147,0.1858
1076,voip,none,benign,benign,1,0.9264,0.0107,0.0630
1077,port_scan,none,malicious_plain,malicious_plain,1,0.0157,0.9501,0.0342
1078,file_download,none,benign,benign,1,0.9687,0.0156,0.0157
1079,voip,none,benign,benign,1,0.9401,0.0106,0.0493
1080,port_scan,none,malicious_plain,malicious_plain,1,0.0279,0.8204,0.1517
1081,port_scan,none,malicious_plain,malicious_plain,1,0.0193,0.9295,0.0511
1082,brute_force,random_padding,malicious_obfuscated,malicious_obfuscated,1,0.0589,0.0347,0.9064
1083,file_download,none,benign,benign,1,0.9640,0.0181,0.0179
1084,voip,none,benign,benign,1,0.9597,0.0100,0.0303
1085,data_exfiltration,block_padding+timing_jitter+constant_rate_shaping,malicious_obfuscated,malicious_obfuscated,1,0.0631,0.0084,0.9284
1086,brute_force,none,malicious_plain,malicious_plain,1,0.0087,0.9232,0.0682
1087,brute_force,random_padding,malicious_obfuscated,malicious_obfuscated,1,0.0447,0.0413,0.9139
1088,data_exfiltration,block_padding,malicious_obfuscated,malicious_obfuscated,1,0.0230,0.1044,0.8727
1089,ddos_flood,block_padding+random_padding+timing_jitter,malicious_obfuscated,malicious_obfuscated,1,0.0390,0.0121,0.9489
1090,brute_force,none,malicious_plain,malicious_plain,1,0.0069,0.9599,0.0331
1091,port_scan,none,malicious_plain,malicious_plain,1,0.0166,0.9468,0.0365
1092,ssh_interactive,none,benign,benign,1,0.9815,0.0102,0.0083
1093,ddos_flood,none,malicious_plain,malicious_plain,1,0.0069,0.9581,0.0350
1094,voip,none,benign,benign,1,0.9419,0.0102,0.0478
1095,port_scan,none,malicious_plain,malicious_plain,1,0.0152,0.9504,0.0345
1096,data_exfiltration,none,malicious_plain,malicious_plain,1,0.0126,0.9659,0.0215
1097,ssh_interactive,none,benign,benign,1,0.9798,0.0101,0.0101
1098,ssh_interactive,protocol_mimicry+fragmentation+tunnel_encapsulation,benign,benign,1,0.7057,0.0096,0.2847
1099,data_exfiltration,none,malicious_plain,malicious_plain,1,0.0111,0.9725,0.0163
1100,brute_force,none,malicious_plain,malicious_plain,1,0.0198,0.8599,0.1203
1101,c2_beacon,none,malicious_plain,malicious_plain,1,0.0098,0.9202,0.0700
1102,data_exfiltration,block_padding+tunnel_encapsulation,malicious_obfuscated,malicious_obfuscated,1,0.0258,0.0057,0.9685
1103,ssh_interactive,none,benign,benign,1,0.9730,0.0161,0.0108
1104,ddos_flood,none,malicious_plain,malicious_plain,1,0.0072,0.9595,0.0333
1105,data_exfiltration,none,malicious_plain,malicious_plain,1,0.0126,0.9595,0.0279
1106,data_exfiltration,random_padding,malicious_obfuscated,malicious_obfuscated,1,0.0136,0.0154,0.9710
1107,brute_force,timing_jitter,malicious_obfuscated,malicious_plain,0,0.0126,0.9180,0.0694
1108,ssh_interactive,block_padding+timing_jitter,benign,benign,1,0.8135,0.0529,0.1336
1109,web_browsing,none,benign,benign,1,0.9761,0.0102,0.0136
1110,brute_force,block_padding,malicious_obfuscated,malicious_plain,0,0.0314,0.7601,0.2085
1111,port_scan,tunnel_encapsulation,malicious_obfuscated,malicious_obfuscated,1,0.0323,0.0904,0.8773
1112,port_scan,dummy_injection+constant_rate_shaping,malicious_obfuscated,benign,0,0.5393,0.0043,0.4564
1113,data_exfiltration,none,malicious_plain,malicious_plain,1,0.0119,0.9693,0.0189
1114,voip,none,benign,benign,1,0.9234,0.0108,0.0658
1115,reverse_shell,none,malicious_plain,malicious_plain,1,0.0081,0.9837,0.0082
1116,reverse_shell,none,malicious_plain,malicious_plain,1,0.0160,0.9442,0.0398
1117,reverse_shell,none,malicious_plain,malicious_plain,1,0.0383,0.8555,0.1062
1118,port_scan,random_padding+tunnel_encapsulation,malicious_obfuscated,malicious_obfuscated,1,0.0292,0.0117,0.9590
1119,voip,none,benign,benign,1,0.9452,0.0094,0.0454
1120,ssh_interactive,none,benign,benign,1,0.9745,0.0121,0.0134
1121,ssh_interactive,constant_rate_shaping,benign,benign,1,0.5739,0.0049,0.4212
1122,brute_force,none,malicious_plain,malicious_plain,1,0.0146,0.8989,0.0865
1123,data_exfiltration,none,malicious_plain,malicious_plain,1,0.0108,0.9724,0.0167
1124,data_exfiltration,none,malicious_plain,malicious_plain,1,0.0145,0.9542,0.0313
1125,c2_beacon,none,malicious_plain,malicious_plain,1,0.0018,0.9792,0.0191
1126,data_exfiltration,fragmentation+tunnel_encapsulation,malicious_obfuscated,malicious_obfuscated,1,0.0230,0.0209,0.9561
1127,brute_force,none,malicious_plain,malicious_plain,1,0.0144,0.9254,0.0602
1128,web_browsing,none,benign,benign,1,0.9560,0.0105,0.0335
1129,port_scan,none,malicious_plain,malicious_plain,1,0.0184,0.9252,0.0564
1130,port_scan,none,malicious_plain,malicious_plain,1,0.0176,0.9174,0.0650
1131,data_exfiltration,none,malicious_plain,malicious_plain,1,0.0114,0.9685,0.0201
1132,port_scan,fragmentation+timing_jitter,malicious_obfuscated,malicious_obfuscated,1,0.0331,0.0219,0.9451
1133,data_exfiltration,none,malicious_plain,malicious_plain,1,0.0121,0.9671,0.0208
1134,ddos_flood,protocol_mimicry+dummy_injection+constant_rate_shaping,malicious_obfuscated,benign,0,0.5613,0.0033,0.4354
1135,ddos_flood,none,malicious_plain,malicious_plain,1,0.0094,0.9297,0.0610
1136,ddos_flood,fragmentation+block_padding,malicious_obfuscated,malicious_plain,0,0.0127,0.7883,0.1990
1137,port_scan,none,malicious_plain,malicious_plain,1,0.0500,0.7723,0.1777
1138,ddos_flood,block_padding+tunnel_encapsulation,malicious_obfuscated,malicious_obfuscated,1,0.0235,0.0195,0.9570
1139,c2_beacon,none,malicious_plain,malicious_plain,1,0.0113,0.9059,0.0828
1140,file_download,protocol_mimicry+block_padding+dummy_injection,benign,benign,1,0.9046,0.0284,0.0670
1141,file_download,protocol_mimicry,benign,benign,1,0.6188,0.0164,0.3647
1142,ssh_interactive,none,benign,benign,1,0.9711,0.0098,0.0191
1143,reverse_shell,protocol_mimicry,malicious_obfuscated,malicious_obfuscated,1,0.1078,0.0304,0.8618
1144,web_browsing,none,benign,benign,1,0.9776,0.0132,0.0092
1145,port_scan,fragmentation+random_padding,malicious_obfuscated,malicious_obfuscated,1,0.0222,0.0364,0.9414
1146,c2_beacon,protocol_mimicry,malicious_obfuscated,malicious_obfuscated,1,0.2067,0.0034,0.7899
1147,file_download,random_padding,benign,benign,1,0.9705,0.0166,0.0130
1148,ddos_flood,protocol_mimicry+random_padding+constant_rate_shaping,malicious_obfuscated,malicious_obfuscated,1,0.0222,0.0159,0.9620
1149,brute_force,block_padding+dummy_injection+constant_rate_shaping,malicious_obfuscated,malicious_obfuscated,1,0.2216,0.0106,0.7679
1150,voip,fragmentation+random_padding+dummy_injection,benign,benign,1,0.4897,0.0347,0.4756
1151,brute_force,protocol_mimicry+fragmentation+constant_rate_shaping,malicious_obfuscated,malicious_obfuscated,1,0.0469,0.0202,0.9329
1152,reverse_shell,fragmentation+tunnel_encapsulation,malicious_obfuscated,malicious_obfuscated,1,0.1686,0.0106,0.8208
1153,web_browsing,none,benign,benign,1,0.9821,0.0115,0.0064
1154,c2_beacon,none,malicious_plain,malicious_plain,1,0.0053,0.9625,0.0322
1155,ssh_interactive,none,benign,benign,1,0.9682,0.0122,0.0196
1156,c2_beacon,protocol_mimicry+block_padding,malicious_obfuscated,malicious_obfuscated,1,0.0191,0.0071,0.9738
1157,reverse_shell,random_padding+timing_jitter,malicious_obfuscated,malicious_obfuscated,1,0.0905,0.2650,0.6445
1158,file_download,none,benign,benign,1,0.9686,0.0165,0.0150
1159,reverse_shell,none,malicious_plain,malicious_plain,1,0.0328,0.9078,0.0594
1160,ssh_interactive,none,benign,benign,1,0.9727,0.0111,0.0162
1161,voip,none,benign,benign,1,0.9543,0.0088,0.0369
1162,web_browsing,tunnel_encapsulation,benign,benign,1,0.9680,0.0075,0.0245
1163,file_download,fragmentation+random_padding+tunnel_encapsulation,benign,benign,1,0.9315,0.0093,0.0592
1164,ddos_flood,protocol_mimicry+fragmentation+random_padding,malicious_obfuscated,malicious_obfuscated,1,0.0175,0.0046,0.9779
1165,reverse_shell,none,malicious_plain,malicious_plain,1,0.0419,0.8426,0.1154
1166,data_exfiltration,none,malicious_plain,malicious_plain,1,0.0124,0.9639,0.0237
1167,data_exfiltration,none,malicious_plain,malicious_plain,1,0.0202,0.8994,0.0804
1168,port_scan,protocol_mimicry+tunnel_encapsulation,malicious_obfuscated,malicious_obfuscated,1,0.0226,0.0260,0.9514
1169,brute_force,none,malicious_plain,malicious_plain,1,0.0212,0.9214,0.0574
1170,voip,none,benign,benign,1,0.9511,0.0093,0.0396
1171,reverse_shell,tunnel_encapsulation,malicious_obfuscated,malicious_obfuscated,1,0.0986,0.0088,0.8926
1172,ddos_flood,block_padding,malicious_obfuscated,malicious_plain,0,0.0100,0.9108,0.0792
1173,data_exfiltration,none,malicious_plain,malicious_plain,1,0.0125,0.9638,0.0237
1174,voip,none,benign,benign,1,0.9203,0.0109,0.0688
1175,web_browsing,protocol_mimicry+block_padding+random_padding,benign,benign,1,0.9399,0.0238,0.0363
1176,reverse_shell,dummy_injection+timing_jitter+constant_rate_shaping,malicious_obfuscated,malicious_obfuscated,1,0.0407,0.0078,0.9515
1177,video_streaming,none,benign,benign,1,0.9689,0.0195,0.0116
1178,c2_beacon,none,malicious_plain,malicious_plain,1,0.0034,0.9718,0.0247
1179,data_exfiltration,none,malicious_plain,malicious_plain,1,0.0133,0.9627,0.0240
1180,c2_beacon,constant_rate_shaping,malicious_obfuscated,malicious_obfuscated,1,0.4504,0.0052,0.5443
1181,data_exfiltration,none,malicious_plain,malicious_plain,1,0.0177,0.9227,0.0596
1182,ssh_interactive,random_padding,benign,benign,1,0.9536,0.0134,0.0330
1183,data_exfiltration,none,malicious_plain,malicious_plain,1,0.0117,0.9674,0.0209
1184,file_download,none,benign,benign,1,0.9658,0.0195,0.0148
1185,c2_beacon,none,malicious_plain,malicious_plain,1,0.0056,0.9319,0.0625
1186,data_exfiltration,none,malicious_plain,malicious_plain,1,0.0106,0.9734,0.0161
1187,reverse_shell,random_padding+timing_jitter,malicious_obfuscated,malicious_obfuscated,1,0.0464,0.0130,0.9406
1188,ddos_flood,tunnel_encapsulation,malicious_obfuscated,malicious_obfuscated,1,0.0212,0.0402,0.9387
1189,data_exfiltration,none,malicious_plain,malicious_plain,1,0.0127,0.9583,0.0290
1190,brute_force,dummy_injection+tunnel_encapsulation,malicious_obfuscated,malicious_obfuscated,1,0.0428,0.0132,0.9440
1191,reverse_shell,none,malicious_plain,malicious_plain,1,0.0056,0.9723,0.0221
1192,ssh_interactive,none,benign,benign,1,0.9840,0.0103,0.0057
1193,ssh_interactive,fragmentation+dummy_injection,benign,benign,1,0.7683,0.0262,0.2055
1194,brute_force,none,malicious_plain,malicious_plain,1,0.0175,0.8976,0.0848
1195,data_exfiltration,none,malicious_plain,malicious_plain,1,0.0120,0.9652,0.0227
1196,ddos_flood,none,malicious_plain,malicious_plain,1,0.0072,0.9656,0.0272
1197,file_download,none,benign,benign,1,0.9590,0.0228,0.0182
1198,c2_beacon,none,malicious_plain,malicious_plain,1,0.0028,0.9758,0.0214
1199,ssh_interactive,none,benign,benign,1,0.9769,0.0113,0.0118
1200,c2_beacon,block_padding+timing_jitter,malicious_obfuscated,malicious_obfuscated,1,0.0194,0.1948,0.7858
1201,reverse_shell,fragmentation+dummy_injection,malicious_obfuscated,malicious_obfuscated,1,0.0230,0.0097,0.9672
1202,ssh_interactive,fragmentation+timing_jitter+constant_rate_shaping,benign,malicious_obfuscated,0,0.2545,0.0061,0.7394
1203,port_scan,none,malicious_plain,malicious_plain,1,0.0133,0.9515,0.0352
1204,c2_beacon,none,malicious_plain,malicious_plain,1,0.0030,0.9627,0.0343
1205,video_streaming,none,benign,benign,1,0.9748,0.0147,0.0104
1206,voip,none,benign,benign,1,0.9670,0.0082,0.0248
1207,reverse_shell,random_padding+constant_rate_shaping,malicious_obfuscated,malicious_obfuscated,1,0.3111,0.0424,0.6465
1208,port_scan,none,malicious_plain,malicious_plain,1,0.0232,0.8891,0.0877
1209,brute_force,fragmentation+constant_rate_shaping,malicious_obfuscated,malicious_obfuscated,1,0.3198,0.0165,0.6637
1210,reverse_shell,none,malicious_plain,malicious_plain,1,0.0708,0.7343,0.1949
1211,ddos_flood,none,malicious_plain,malicious_plain,1,0.0070,0.9647,0.0283
1212,brute_force,none,malicious_plain,malicious_plain,1,0.0322,0.8750,0.0929
1213,ssh_interactive,tunnel_encapsulation,benign,benign,1,0.9644,0.0136,0.0220
1214,ddos_flood,random_padding+tunnel_encapsulation,malicious_obfuscated,malicious_obfuscated,1,0.0229,0.0160,0.9611
1215,data_exfiltration,fragmentation,malicious_obfuscated,malicious_obfuscated,1,0.0290,0.0285,0.9426
1216,data_exfiltration,none,malicious_plain,malicious_plain,1,0.0122,0.9627,0.0250
1217,ssh_interactive,none,benign,benign,1,0.9794,0.0129,0.0077
1218,voip,none,benign,benign,1,0.9308,0.0097,0.0595
1219,c2_beacon,fragmentation+timing_jitter+tunnel_encapsulation,malicious_obfuscated,malicious_obfuscated,1,0.0244,0.0116,0.9640
1220,data_exfiltration,none,malicious_plain,malicious_plain,1,0.0137,0.9610,0.0253
1221,reverse_shell,none,malicious_plain,malicious_plain,1,0.0297,0.8945,0.0758
1222,voip,none,benign,benign,1,0.9517,0.0099,0.0384
1223,data_exfiltration,block_padding+random_padding,malicious_obfuscated,malicious_obfuscated,1,0.0127,0.0075,0.9799
1224,file_download,none,benign,benign,1,0.9590,0.0224,0.0187
1225,c2_beacon,none,malicious_plain,malicious_plain,1,0.0060,0.9199,0.0741
1226,ssh_interactive,none,benign,benign,1,0.9711,0.0146,0.0143
1227,web_browsing,none,benign,benign,1,0.8854,0.0297,0.0849
1228,brute_force,none,malicious_plain,malicious_plain,1,0.0113,0.9443,0.0444
1229,brute_force,protocol_mimicry+random_padding+tunnel_encapsulation,malicious_obfuscated,malicious_obfuscated,1,0.1850,0.0195,0.7955
1230,reverse_shell,constant_rate_shaping,malicious_obfuscated,benign,0,0.6875,0.0410,0.2715
1231,reverse_shell,fragmentation+dummy_injection,malicious_obfuscated,malicious_obfuscated,1,0.0456,0.0046,0.9498
1232,port_scan,fragmentation+timing_jitter,malicious_obfuscated,malicious_obfuscated,1,0.0361,0.0275,0.9364
1233,brute_force,none,malicious_plain,malicious_plain,1,0.0081,0.9580,0.0339
1234,c2_beacon,none,malicious_plain,malicious_plain,1,0.0132,0.8728,0.1140
1235,c2_beacon,none,malicious_plain,malicious_plain,1,0.0274,0.8542,0.1184
1236,web_browsing,none,benign,benign,1,0.8523,0.0636,0.0841
1237,data_exfiltration,none,malicious_plain,malicious_plain,1,0.0286,0.7713,0.2002
1238,voip,none,benign,benign,1,0.9511,0.0100,0.0389
1239,port_scan,protocol_mimicry+timing_jitter,malicious_obfuscated,malicious_obfuscated,1,0.0175,0.0062,0.9763
1240,video_streaming,none,benign,benign,1,0.9649,0.0245,0.0106
1241,ddos_flood,none,malicious_plain,malicious_plain,1,0.0072,0.9506,0.0422
1242,ddos_flood,protocol_mimicry+block_padding+random_padding,malicious_obfuscated,malicious_obfuscated,1,0.0213,0.0094,0.9693
1243,ddos_flood,none,malicious_plain,malicious_plain,1,0.0074,0.9578,0.0348
1244,ssh_interactive,fragmentation+random_padding+tunnel_encapsulation,benign,benign,1,0.8716,0.0222,0.1062
1245,c2_beacon,none,malicious_plain,malicious_plain,1,0.0026,0.9700,0.0274
1246,ddos_flood,protocol_mimicry+dummy_injection,malicious_obfuscated,malicious_obfuscated,1,0.0196,0.0255,0.9549
1247,data_exfiltration,timing_jitter,malicious_obfuscated,malicious_obfuscated,1,0.0149,0.0126,0.9725
1248,reverse_shell,fragmentation,malicious_obfuscated,malicious_obfuscated,1,0.0578,0.0075,0.9347
1249,brute_force,none,malicious_plain,malicious_plain,1,0.0138,0.9105,0.0757
1250,c2_beacon,none,malicious_plain,malicious_plain,1,0.0074,0.8905,0.1021
1251,web_browsing,block_padding+random_padding+constant_rate_shaping,benign,benign,1,0.9516,0.0305,0.0179
1252,data_exfiltration,fragmentation+random_padding+constant_rate_shaping,malicious_obfuscated,malicious_obfuscated,1,0.1584,0.0414,0.8002
1253,port_scan,tunnel_encapsulation,malicious_obfuscated,malicious_obfuscated,1,0.0225,0.1070,0.8705
1254,video_streaming,tunnel_encapsulation,benign,benign,1,0.9471,0.0112,0.0417
1255,reverse_shell,protocol_mimicry+timing_jitter,malicious_obfuscated,malicious_obfuscated,1,0.0911,0.0095,0.8994
1256,dns_query,protocol_mimicry+block_padding+dummy_injection,benign,malicious_obfuscated,0,0.1531,0.1356,0.7113
1257,c2_beacon,none,malicious_plain,malicious_plain,1,0.0023,0.9704,0.0273
1258,reverse_shell,none,malicious_plain,malicious_plain,1,0.0125,0.9652,0.0222
1259,web_browsing,none,benign,benign,1,0.9788,0.0155,0.0057
1260,file_download,none,benign,benign,1,0.9657,0.0191,0.0152
1261,data_exfiltration,timing_jitter+tunnel_encapsulation,malicious_obfuscated,malicious_obfuscated,1,0.0216,0.0057,0.9727
1262,file_download,random_padding+timing_jitter,benign,benign,1,0.9658,0.0134,0.0208
1263,web_browsing,none,benign,benign,1,0.9403,0.0421,0.0176
1264,web_browsing,none,benign,benign,1,0.9766,0.0165,0.0069
1265,c2_beacon,none,malicious_plain,malicious_plain,1,0.0030,0.9689,0.0281
1266,video_streaming,none,benign,benign,1,0.9699,0.0192,0.0109
1267,ddos_flood,protocol_mimicry+block_padding+random_padding,malicious_obfuscated,malicious_obfuscated,1,0.0095,0.0055,0.9851
1268,c2_beacon,none,malicious_plain,malicious_plain,1,0.0090,0.8689,0.1221
1269,ssh_interactive,none,benign,benign,1,0.9767,0.0136,0.0097
1270,data_exfiltration,protocol_mimicry+random_padding+constant_rate_shaping,malicious_obfuscated,malicious_obfuscated,1,0.0336,0.0154,0.9510
1271,c2_beacon,protocol_mimicry+block_padding+random_padding,malicious_obfuscated,malicious_obfuscated,1,0.0121,0.0035,0.9843
1272,ddos_flood,none,malicious_plain,malicious_plain,1,0.0083,0.9576,0.0341
1273,data_exfiltration,tunnel_encapsulation,malicious_obfuscated,malicious_obfuscated,1,0.0210,0.0075,0.9716
1274,ssh_interactive,none,benign,benign,1,0.9854,0.0098,0.0048
1275,web_browsing,random_padding+dummy_injection+timing_jitter,benign,benign,1,0.9775,0.0067,0.0158
1276,data_exfiltration,none,malicious_plain,malicious_plain,1,0.0129,0.9622,0.0249
1277,c2_beacon,fragmentation+block_padding,malicious_obfuscated,malicious_obfuscated,1,0.0329,0.0147,0.9524
1278,c2_beacon,protocol_mimicry+fragmentation+constant_rate_shaping,malicious_obfuscated,malicious_obfuscated,1,0.0222,0.0099,0.9680
1279,ddos_flood,protocol_mimicry+dummy_injection+tunnel_encapsulation,malicious_obfuscated,malicious_obfuscated,1,0.0433,0.0172,0.9395
1280,video_streaming,block_padding+random_padding+constant_rate_shaping,benign,benign,1,0.9508,0.0303,0.0189
1281,reverse_shell,none,malicious_plain,malicious_plain,1,0.0589,0.5924,0.3487
1282,video_streaming,none,benign,benign,1,0.9597,0.0302,0.0101
1283,c2_beacon,none,malicious_plain,malicious_plain,1,0.0160,0.7226,0.2614
1284,brute_force,none,malicious_plain,malicious_plain,1,0.0140,0.9023,0.0837
1285,ddos_flood,none,malicious_plain,malicious_plain,1,0.0072,0.9461,0.0468
1286,voip,constant_rate_shaping,benign,benign,1,0.5913,0.0061,0.4027
1287,ddos_flood,none,malicious_plain,malicious_plain,1,0.0081,0.9477,0.0442
1288,brute_force,fragmentation,malicious_obfuscated,malicious_plain,0,0.0108,0.9249,0.0643
1289,c2_beacon,none,malicious_plain,malicious_plain,1,0.0362,0.7233,0.2406
1290,port_scan,none,malicious_plain,malicious_plain,1,0.0294,0.8460,0.1246
1291,voip,block_padding,benign,benign,1,0.6029,0.0101,0.3870
1292,web_browsing,none,benign,benign,1,0.9713,0.0077,0.0210
1293,ssh_interactive,none,benign,benign,1,0.9721,0.0127,0.0151
1294,voip,none,benign,benign,1,0.9520,0.0104,0.0376
1295,ddos_flood,fragmentation,malicious_obfuscated,malicious_plain,0,0.0075,0.9534,0.0391
1296,brute_force,protocol_mimicry+tunnel_encapsulation,malicious_obfuscated,benign,0,0.5756,0.0902,0.3342
1297,brute_force,none,malicious_plain,malicious_plain,1,0.0116,0.9347,0.0537
1298,c2_beacon,none,malicious_plain,malicious_plain,1,0.0070,0.8389,0.1541
1299,c2_beacon,none,malicious_plain,malicious_plain,1,0.0048,0.9341,0.0611
1300,ddos_flood,none,malicious_plain,malicious_plain,1,0.0072,0.9552,0.0376
1301,brute_force,block_padding+dummy_injection+timing_jitter,malicious_obfuscated,malicious_obfuscated,1,0.0311,0.0078,0.9610
1302,dns_query,protocol_mimicry+constant_rate_shaping,benign,malicious_obfuscated,0,0.0836,0.1106,0.8057
1303,c2_beacon,none,malicious_plain,malicious_plain,1,0.0230,0.8432,0.1337
1304,reverse_shell,fragmentation+random_padding,malicious_obfuscated,malicious_obfuscated,1,0.0509,0.0189,0.9302
1305,brute_force,tunnel_encapsulation,malicious_obfuscated,malicious_obfuscated,1,0.2281,0.0701,0.7018
1306,file_download,none,benign,benign,1,0.9650,0.0220,0.0129
1307,reverse_shell,none,malicious_plain,malicious_plain,1,0.0480,0.7087,0.2434
1308,reverse_shell,none,malicious_plain,malicious_plain,1,0.0057,0.9629,0.0315
1309,data_exfiltration,random_padding+constant_rate_shaping,malicious_obfuscated,malicious_obfuscated,1,0.0252,0.0148,0.9600
1310,reverse_shell,fragmentation+dummy_injection,malicious_obfuscated,malicious_obfuscated,1,0.4384,0.0131,0.5485
1311,c2_beacon,random_padding+dummy_injection+timing_jitter,malicious_obfuscated,malicious_obfuscated,1,0.0294,0.0065,0.9641
1312,data_exfiltration,fragmentation+constant_rate_shaping,malicious_obfuscated,malicious_obfuscated,1,0.2600,0.0222,0.7178
1313,brute_force,timing_jitter,malicious_obfuscated,malicious_plain,0,0.0156,0.9165,0.0679
1314,port_scan,none,malicious_plain,malicious_plain,1,0.0157,0.9431,0.0412
1315,reverse_shell,none,malicious_plain,malicious_plain,1,0.0102,0.9477,0.0421
1316,file_download,none,benign,benign,1,0.9647,0.0205,0.0147
1317,c2_beacon,none,malicious_plain,malicious_plain,1,0.0171,0.9163,0.0666
1318,brute_force,none,malicious_plain,malicious_plain,1,0.0098,0.9461,0.0441
1319,port_scan,random_padding+tunnel_encapsulation,malicious_obfuscated,malicious_obfuscated,1,0.0181,0.0334,0.9485
1320,c2_beacon,block_padding+timing_jitter,malicious_obfuscated,malicious_obfuscated,1,0.0164,0.0224,0.9612
1321,web_browsing,block_padding+random_padding+tunnel_encapsulation,benign,benign,1,0.9608,0.0102,0.0290
1322,file_download,constant_rate_shaping,benign,benign,1,0.9680,0.0162,0.0158
1323,web_browsing,none,benign,benign,1,0.9605,0.0226,0.0169
1324,ssh_interactive,dummy_injection+timing_jitter+constant_rate_shaping,benign,malicious_obfuscated,0,0.2892,0.0181,0.6927
1325,c2_beacon,random_padding+dummy_injection,malicious_obfuscated,malicious_obfuscated,1,0.0780,0.0079,0.9142
1326,reverse_shell,none,malicious_plain,malicious_plain,1,0.2526,0.4247,0.3228
1327,c2_beacon,none,malicious_plain,malicious_plain,1,0.0460,0.6817,0.2722
1328,ddos_flood,random_padding+constant_rate_shaping,malicious_obfuscated,malicious_obfuscated,1,0.0186,0.0099,0.9715
1329,web_browsing,none,benign,benign,1,0.9807,0.0119,0.0074
1330,c2_beacon,none,malicious_plain,malicious_plain,1,0.0035,0.9476,0.0490
1331,voip,none,benign,benign,1,0.9478,0.0095,0.0428
1332,c2_beacon,random_padding+constant_rate_shaping+tunnel_encapsulation,malicious_obfuscated,malicious_obfuscated,1,0.1909,0.0061,0.8030
1333,ssh_interactive,none,benign,benign,1,0.9748,0.0134,0.0118
1334,web_browsing,none,benign,malicious_obfuscated,0,0.4432,0.0172,0.5396
1335,c2_beacon,none,malicious_plain,malicious_plain,1,0.0035,0.9644,0.0321
1336,voip,protocol_mimicry+fragmentation+block_padding,benign,benign,1,0.8280,0.0178,0.1542
1337,reverse_shell,none,malicious_plain,malicious_plain,1,0.0037,0.9823,0.0140
1338,web_browsing,none,benign,benign,1,0.9496,0.0317,0.0187
1339,ssh_interactive,none,benign,benign,1,0.9786,0.0130,0.0084
1340,data_exfiltration,none,malicious_plain,malicious_plain,1,0.0125,0.9647,0.0228
1341,data_exfiltration,none,malicious_plain,malicious_plain,1,0.0118,0.9657,0.0225
1342,reverse_shell,protocol_mimicry+random_padding+tunnel_encapsulation,malicious_obfuscated,malicious_obfuscated,1,0.0626,0.0525,0.8849
1343,c2_beacon,tunnel_encapsulation,malicious_obfuscated,malicious_obfuscated,1,0.0272,0.0521,0.9207
1344,web_browsing,none,benign,benign,1,0.9468,0.0386,0.0146
1345,reverse_shell,none,malicious_plain,malicious_plain,1,0.0048,0.9717,0.0235
1346,brute_force,protocol_mimicry+fragmentation+timing_jitter,malicious_obfuscated,malicious_obfuscated,1,0.0444,0.0046,0.9510
1347,web_browsing,none,benign,benign,1,0.9670,0.0142,0.0188
1348,reverse_shell,protocol_mimicry+tunnel_encapsulation,malicious_obfuscated,malicious_obfuscated,1,0.0707,0.0024,0.9268
1349,ddos_flood,protocol_mimicry+timing_jitter,malicious_obfuscated,malicious_obfuscated,1,0.0118,0.0100,0.9782
1350,video_streaming,none,benign,benign,1,0.9731,0.0155,0.0114
1351,brute_force,none,malicious_plain,malicious_plain,1,0.0199,0.8788,0.1013
1352,reverse_shell,random_padding,malicious_obfuscated,malicious_obfuscated,1,0.2373,0.0267,0.7360
1353,ssh_interactive,none,benign,benign,1,0.9759,0.0130,0.0111
1354,port_scan,none,malicious_plain,malicious_plain,1,0.0161,0.9478,0.0362
1355,web_browsing,none,benign,benign,1,0.9685,0.0227,0.0088
1356,voip,none,benign,benign,1,0.9313,0.0102,0.0584
1357,brute_force,protocol_mimicry,malicious_obfuscated,malicious_obfuscated,1,0.0204,0.0041,0.9755
1358,ddos_flood,none,malicious_plain,malicious_plain,1,0.0094,0.8988,0.0918
1359,reverse_shell,none,malicious_plain,malicious_plain,1,0.0569,0.8254,0.1177
1360,voip,none,benign,benign,1,0.9384,0.0105,0.0512
1361,file_download,protocol_mimicry,benign,benign,1,0.9477,0.0250,0.0273
1362,c2_beacon,none,malicious_plain,malicious_plain,1,0.0069,0.8777,0.1154
1363,dns_query,constant_rate_shaping,benign,malicious_obfuscated,0,0.1883,0.2009,0.6108
1364,file_download,none,benign,benign,1,0.9639,0.0210,0.0151
1365,brute_force,protocol_mimicry,malicious_obfuscated,malicious_obfuscated,1,0.0508,0.0325,0.9168
1366,video_streaming,none,benign,benign,1,0.9690,0.0214,0.0096
1367,web_browsing,none,benign,benign,1,0.9600,0.0342,0.0059
1368,ddos_flood,protocol_mimicry+constant_rate_shaping,malicious_obfuscated,malicious_obfuscated,1,0.0360,0.0273,0.9367
1369,ssh_interactive,tunnel_encapsulation,benign,benign,1,0.9693,0.0103,0.0204
1370,file_download,none,benign,benign,1,0.9703,0.0171,0.0126
1371,video_streaming,fragmentation+random_padding+constant_rate_shaping,benign,benign,1,0.5388,0.0205,0.4407
1372,ddos_flood,fragmentation,malicious_obfuscated,malicious_plain,0,0.0111,0.9139,0.0749
1373,data_exfiltration,none,malicious_plain,malicious_plain,1,0.0118,0.9695,0.0187
1374,c2_beacon,protocol_mimicry+block_padding,malicious_obfuscated,malicious_obfuscated,1,0.0421,0.0071,0.9508
1375,port_scan,none,malicious_plain,malicious_plain,1,0.0176,0.9375,0.0448
1376,c2_beacon,constant_rate_shaping,malicious_obfuscated,malicious_obfuscated,1,0.2601,0.0131,0.7268
1377,video_streaming,none,benign,benign,1,0.9668,0.0227,0.0106
1378,brute_force,protocol_mimicry+timing_jitter+constant_rate_shaping,malicious_obfuscated,malicious_obfuscated,1,0.0321,0.0064,0.9615
1379,port_scan,none,malicious_plain,malicious_plain,1,0.0152,0.9456,0.0392
1380,port_scan,none,malicious_plain,malicious_plain,1,0.0149,0.9470,0.0381
1381,voip,none,benign,benign,1,0.8976,0.0114,0.0909
1382,video_streaming,none,benign,benign,1,0.9713,0.0169,0.0118
1383,ddos_flood,protocol_mimicry+random_padding+constant_rate_shaping,malicious_obfuscated,malicious_obfuscated,1,0.0228,0.0078,0.9695
1384,ddos_flood,none,malicious_plain,malicious_plain,1,0.0081,0.9488,0.0431
1385,web_browsing,none,benign,benign,1,0.9506,0.0390,0.0104
1386,brute_force,protocol_mimicry+random_padding+timing_jitter,malicious_obfuscated,malicious_obfuscated,1,0.0335,0.0070,0.9596
1387,video_streaming,none,benign,benign,1,0.9694,0.0226,0.0080
1388,voip,none,benign,benign,1,0.9128,0.0111,0.0761
1389,ddos_flood,none,malicious_plain,malicious_plain,1,0.0094,0.9272,0.0634
1390,voip,protocol_mimicry,benign,benign,1,0.6339,0.0257,0.3404
1391,reverse_shell,none,malicious_plain,malicious_plain,1,0.0302,0.9331,0.0367
1392,reverse_shell,protocol_mimicry+timing_jitter+constant_rate_shaping,malicious_obfuscated,malicious_obfuscated,1,0.3345,0.0373,0.6281
1393,brute_force,none,malicious_plain,malicious_obfuscated,0,0.0716,0.0809,0.8475
1394,brute_force,none,malicious_plain,malicious_plain,1,0.0112,0.9012,0.0876
1395,ssh_interactive,none,benign,benign,1,0.9798,0.0115,0.0087
1396,data_exfiltration,none,malicious_plain,malicious_plain,1,0.0113,0.9716,0.0171
1397,file_download,none,benign,benign,1,0.9683,0.0147,0.0170
1398,ddos_flood,none,malicious_plain,malicious_plain,1,0.0065,0.9461,0.0474
1399,brute_force,none,malicious_plain,malicious_plain,1,0.0109,0.9517,0.0375
1400,ssh_interactive,none,benign,benign,1,0.9771,0.0113,0.0116
1401,video_streaming,protocol_mimicry,benign,benign,1,0.8170,0.0657,0.1173
1402,reverse_shell,none,malicious_plain,malicious_plain,1,0.0123,0.9632,0.0245
1403,voip,none,benign,benign,1,0.9472,0.0090,0.0438
1404,web_browsing,none,benign,malicious_plain,0,0.0299,0.9072,0.0629
1405,c2_beacon,none,malicious_plain,malicious_plain,1,0.0044,0.9327,0.0629
1406,brute_force,dummy_injection+timing_jitter,malicious_obfuscated,malicious_obfuscated,1,0.1106,0.0118,0.8776
1407,file_download,none,benign,benign,1,0.9704,0.0164,0.0132
1408,ddos_flood,none,malicious_plain,malicious_plain,1,0.0075,0.9514,0.0411
1409,port_scan,tunnel_encapsulation,malicious_obfuscated,malicious_obfuscated,1,0.0292,0.0279,0.9429
1410,ddos_flood,fragmentation+timing_jitter,malicious_obfuscated,malicious_obfuscated,1,0.0209,0.0088,0.9703
1411,voip,none,benign,benign,1,0.9440,0.0103,0.0457
1412,ssh_interactive,protocol_mimicry,benign,benign,1,0.9751,0.0145,0.0103
1413,port_scan,random_padding,malicious_obfuscated,malicious_obfuscated,1,0.0465,0.0179,0.9356
1414,video_streaming,none,benign,benign,1,0.9681,0.0199,0.0119
1415,ssh_interactive,protocol_mimicry+fragmentation+dummy_injection,benign,malicious_obfuscated,0,0.0416,0.0125,0.9459
1416,dns_query,protocol_mimicry+block_padding+tunnel_encapsulation,benign,malicious_obfuscated,0,0.3461,0.1367,0.5172
1417,video_streaming,fragmentation+random_padding,benign,benign,1,0.9404,0.0144,0.0451
1418,ddos_flood,none,malicious_plain,malicious_plain,1,0.0104,0.9314,0.0582
1419,brute_force,protocol_mimicry,malicious_obfuscated,malicious_obfuscated,1,0.0340,0.0154,0.9506
1420,brute_force,fragmentation+block_padding+constant_rate_shaping,malicious_obfuscated,malicious_obfuscated,1,0.2844,0.0128,0.7028
1421,c2_beacon,none,malicious_plain,malicious_plain,1,0.0310,0.8739,0.0951
1422,video_streaming,none,benign,benign,1,0.9658,0.0231,0.0110
1423,data_exfiltration,fragmentation+random_padding+timing_jitter,malicious_obfuscated,malicious_obfuscated,1,0.0344,0.0112,0.9545
1424,web_browsing,block_padding+dummy_injection,benign,benign,1,0.9736,0.0095,0.0168
1425,data_exfiltration,none,malicious_plain,malicious_plain,1,0.0108,0.9738,0.0154
1426,data_exfiltration,block_padding+timing_jitter,malicious_obfuscated,malicious_obfuscated,1,0.0106,0.0045,0.9849
1427,ddos_flood,none,malicious_plain,malicious_plain,1,0.0084,0.9581,0.0335
1428,port_scan,none,malicious_plain,malicious_plain,1,0.0166,0.9363,0.0471
1429,web_browsing,none,benign,benign,1,0.9812,0.0119,0.0069
1430,port_scan,none,malicious_plain,malicious_plain,1,0.0389,0.8104,0.1507
1431,c2_beacon,fragmentation,malicious_obfuscated,malicious_obfuscated,1,0.0309,0.0254,0.9437
1432,web_browsing,none,benign,benign,1,0.9682,0.0189,0.0129
1433,c2_beacon,none,malicious_plain,malicious_plain,1,0.0183,0.8858,0.0960
1434,ddos_flood,none,malicious_plain,malicious_plain,1,0.0074,0.9590,0.0336
1435,reverse_shell,none,malicious_plain,malicious_plain,1,0.0041,0.9767,0.0192
1436,port_scan,block_padding+random_padding,malicious_obfuscated,malicious_obfuscated,1,0.0293,0.0099,0.9609
1437,brute_force,none,malicious_plain,malicious_plain,1,0.0080,0.9493,0.0427
1438,video_streaming,random_padding,benign,benign,1,0.9775,0.0111,0.0114
1439,web_browsing,fragmentation+dummy_injection+tunnel_encapsulation,benign,benign,1,0.9014,0.0050,0.0936
1440,data_exfiltration,none,malicious_plain,malicious_plain,1,0.0116,0.9702,0.0182
1441,reverse_shell,none,malicious_plain,malicious_plain,1,0.0547,0.8543,0.0910
1442,reverse_shell,constant_rate_shaping,malicious_obfuscated,malicious_obfuscated,1,0.1862,0.0037,0.8101
1443,data_exfiltration,dummy_injection+tunnel_encapsulation,malicious_obfuscated,malicious_obfuscated,1,0.1581,0.0097,0.8322
1444,brute_force,block_padding+constant_rate_shaping,malicious_obfuscated,malicious_obfuscated,1,0.3313,0.0426,0.6261
1445,file_download,none,benign,benign,1,0.9754,0.0134,0.0111
1446,c2_beacon,none,malicious_plain,malicious_plain,1,0.0025,0.9630,0.0344
1447,c2_beacon,none,malicious_plain,malicious_plain,1,0.0026,0.9703,0.0271
1448,file_download,none,benign,benign,1,0.9676,0.0158,0.0166
1449,brute_force,fragmentation+block_padding+random_padding,malicious_obfuscated,malicious_obfuscated,1,0.0252,0.0040,0.9709
1450,brute_force,none,malicious_plain,malicious_obfuscated,0,0.0342,0.4754,0.4905
1451,file_download,none,benign,benign,1,0.9669,0.0180,0.0151
1452,video_streaming,none,benign,benign,1,0.9648,0.0265,0.0087
1453,video_streaming,random_padding+timing_jitter,benign,benign,1,0.9612,0.0093,0.0294
1454,brute_force,none,malicious_plain,malicious_plain,1,0.0285,0.8066,0.1650
1455,web_browsing,none,benign,benign,1,0.9698,0.0129,0.0173
1456,brute_force,constant_rate_shaping,malicious_obfuscated,malicious_obfuscated,1,0.2519,0.0160,0.7321
1457,ddos_flood,random_padding,malicious_obfuscated,malicious_obfuscated,1,0.0264,0.0265,0.9472
1458,reverse_shell,dummy_injection,malicious_obfuscated,malicious_obfuscated,1,0.0495,0.0453,0.9052
1459,data_exfiltration,protocol_mimicry+constant_rate_shaping,malicious_obfuscated,malicious_obfuscated,1,0.0295,0.0114,0.9591
1460,video_streaming,none,benign,benign,1,0.9703,0.0180,0.0117
1461,data_exfiltration,block_padding+random_padding,malicious_obfuscated,malicious_obfuscated,1,0.0160,0.0280,0.9559
1462,reverse_shell,none,malicious_plain,malicious_plain,1,0.0625,0.8761,0.0614
1463,web_browsing,fragmentation+timing_jitter,benign,malicious_obfuscated,0,0.2750,0.0106,0.7145
1464,ssh_interactive,none,benign,benign,1,0.9812,0.0105,0.0083
1465,ddos_flood,none,malicious_plain,malicious_plain,1,0.0081,0.9535,0.0384
1466,c2_beacon,none,malicious_plain,malicious_plain,1,0.0325,0.8315,0.1360
1467,ddos_flood,fragmentation+dummy_injection,malicious_obfuscated,malicious_obfuscated,1,0.0097,0.0186,0.9716
1468,port_scan,fragmentation+block_padding+timing_jitter,malicious_obfuscated,malicious_obfuscated,1,0.0260,0.0104,0.9636
1469,ddos_flood,none,malicious_plain,malicious_plain,1,0.0064,0.9585,0.0351
1470,c2_beacon,block_padding+random_padding,malicious_obfuscated,malicious_obfuscated,1,0.0174,0.0092,0.9734
1471,port_scan,timing_jitter+constant_rate_shaping,malicious_obfuscated,malicious_obfuscated,1,0.0975,0.0063,0.8962
1472,reverse_shell,none,malicious_plain,malicious_plain,1,0.0240,0.9508,0.0252
1473,file_download,dummy_injection+timing_jitter+tunnel_encapsulation,benign,benign,1,0.8321,0.0086,0.1593
1474,data_exfiltration,fragmentation+block_padding,malicious_obfuscated,malicious_obfuscated,1,0.0277,0.0099,0.9624
1475,reverse_shell,fragmentation+random_padding+tunnel_encapsulation,malicious_obfuscated,malicious_obfuscated,1,0.0617,0.0417,0.8966
1476,c2_beacon,random_padding+timing_jitter+tunnel_encapsulation,malicious_obfuscated,malicious_obfuscated,1,0.0188,0.0103,0.9709
1477,port_scan,block_padding+timing_jitter+tunnel_encapsulation,malicious_obfuscated,malicious_obfuscated,1,0.0195,0.0084,0.9721
1478,video_streaming,timing_jitter,benign,benign,1,0.9611,0.0101,0.0288
1479,ssh_interactive,none,benign,benign,1,0.9806,0.0098,0.0096
1480,data_exfiltration,random_padding+timing_jitter+constant_rate_shaping,malicious_obfuscated,malicious_obfuscated,1,0.1271,0.0065,0.8664
1481,video_streaming,none,benign,benign,1,0.9716,0.0193,0.0091
1482,port_scan,none,malicious_plain,malicious_plain,1,0.0168,0.9393,0.0440
1483,ddos_flood,none,malicious_plain,malicious_plain,1,0.0068,0.9545,0.0387
1484,web_browsing,none,benign,benign,1,0.9741,0.0113,0.0146
1485,ddos_flood,fragmentation,malicious_obfuscated,malicious_plain,0,0.0078,0.9288,0.0634
1486,voip,none,benign,benign,1,0.9589,0.0098,0.0313
1487,c2_beacon,fragmentation+block_padding+tunnel_encapsulation,malicious_obfuscated,malicious_obfuscated,1,0.0472,0.0368,0.9160
1488,brute_force,none,malicious_plain,malicious_plain,1,0.0336,0.8778,0.0886
1489,ddos_flood,block_padding+dummy_injection+timing_jitter,malicious_obfuscated,malicious_obfuscated,1,0.0234,0.0103,0.9663
1490,data_exfiltration,none,malicious_plain,malicious_plain,1,0.0175,0.9247,0.0578
1491,port_scan,none,malicious_plain,malicious_plain,1,0.0219,0.9319,0.0462
1492,ddos_flood,random_padding+timing_jitter+tunnel_encapsulation,malicious_obfuscated,malicious_obfuscated,1,0.0336,0.0072,0.9592
1493,c2_beacon,random_padding+tunnel_encapsulation,malicious_obfuscated,malicious_obfuscated,1,0.0157,0.0263,0.9580
1494,voip,none,benign,benign,1,0.9505,0.0100,0.0395
1495,voip,none,benign,benign,1,0.9655,0.0083,0.0263
1496,file_download,protocol_mimicry+fragmentation,benign,benign,1,0.8193,0.0400,0.1408
1497,ddos_flood,timing_jitter+constant_rate_shaping,malicious_obfuscated,malicious_plain,0,0.1001,0.5978,0.3022
1498,reverse_shell,none,malicious_plain,malicious_plain,1,0.0076,0.9597,0.0326
1499,web_browsing,none,benign,benign,1,0.9686,0.0180,0.0134
1500,reverse_shell,protocol_mimicry+dummy_injection+tunnel_encapsulation,malicious_obfuscated,benign,0,0.5084,0.0109,0.4807
1501,file_download,none,benign,benign,1,0.9649,0.0212,0.0139
1502,data_exfiltration,none,malicious_plain,malicious_plain,1,0.0144,0.9517,0.0339
1503,reverse_shell,dummy_injection+timing_jitter+tunnel_encapsulation,malicious_obfuscated,malicious_obfuscated,1,0.1115,0.0172,0.8713
1504,port_scan,none,malicious_plain,malicious_plain,1,0.0145,0.9334,0.0521
1505,data_exfiltration,random_padding,malicious_obfuscated,malicious_obfuscated,1,0.0226,0.0808,0.8966
1506,ddos_flood,dummy_injection,malicious_obfuscated,malicious_obfuscated,1,0.0131,0.0198,0.9671
1507,brute_force,block_padding,malicious_obfuscated,malicious_obfuscated,1,0.0424,0.1373,0.8204
1508,data_exfiltration,fragmentation+constant_rate_shaping,malicious_obfuscated,malicious_obfuscated,1,0.2543,0.0064,0.7394
1509,file_download,none,benign,benign,1,0.9671,0.0185,0.0144
1510,video_streaming,none,benign,benign,1,0.9747,0.0166,0.0087
1511,voip,none,benign,benign,1,0.9487,0.0101,0.0412
1512,ssh_interactive,none,benign,benign,1,0.9809,0.0095,0.0096
1513,brute_force,none,malicious_plain,malicious_plain,1,0.0086,0.9521,0.0393
1514,port_scan,none,malicious_plain,malicious_plain,1,0.0150,0.9480,0.0371
1515,c2_beacon,none,malicious_plain,malicious_plain,1,0.0049,0.9381,0.0570
1516,video_streaming,timing_jitter+constant_rate_shaping,benign,malicious_obfuscated,0,0.3438,0.1006,0.5556
1517,ddos_flood,tunnel_encapsulation,malicious_obfuscated,malicious_obfuscated,1,0.0205,0.0836,0.8960
1518,ssh_interactive,protocol_mimicry,benign,malicious_obfuscated,0,0.0621,0.0391,0.8989
1519,brute_force,none,malicious_plain,malicious_plain,1,0.0338,0.8774,0.0888
1520,file_download,none,benign,benign,1,0.9703,0.0163,0.0134
1521,port_scan,dummy_injection,malicious_obfuscated,malicious_obfuscated,1,0.0162,0.0134,0.9704
1522,ddos_flood,block_padding,malicious_obfuscated,malicious_obfuscated,1,0.0254,0.0190,0.9557
1523,web_browsing,none,benign,benign,1,0.9667,0.0151,0.0182
1524,c2_beacon,timing_jitter,malicious_obfuscated,malicious_plain,0,0.0063,0.9108,0.0829
1525,c2_beacon,block_padding+random_padding+tunnel_encapsulation,malicious_obfuscated,malicious_plain,0,0.0317,0.5318,0.4365
1526,voip,none,benign,benign,1,0.9383,0.0101,0.0516
1527,brute_force,fragmentation+constant_rate_shaping,malicious_obfuscated,malicious_obfuscated,1,0.3626,0.0227,0.6147
1528,c2_beacon,fragmentation+block_padding+timing_jitter,malicious_obfuscated,malicious_obfuscated,1,0.0272,0.0643,0.9085
1529,reverse_shell,none,malicious_plain,malicious_plain,1,0.0125,0.9538,0.0337
1530,c2_beacon,block_padding+timing_jitter+constant_rate_shaping,malicious_obfuscated,malicious_obfuscated,1,0.1012,0.0070,0.8918
1531,reverse_shell,none,malicious_plain,malicious_plain,1,0.0284,0.8454,0.1262
1532,video_streaming,none,benign,benign,1,0.9689,0.0194,0.0116
1533,c2_beacon,none,malicious_plain,malicious_plain,1,0.0070,0.8923,0.1007
1534,ddos_flood,protocol_mimicry+timing_jitter+tunnel_encapsulation,malicious_obfuscated,malicious_obfuscated,1,0.0144,0.0069,0.9787
1535,brute_force,constant_rate_shaping,malicious_obfuscated,malicious_obfuscated,1,0.2062,0.0035,0.7902
1536,data_exfiltration,none,malicious_plain,malicious_plain,1,0.0124,0.9652,0.0224
1537,ddos_flood,none,malicious_plain,malicious_plain,1,0.0088,0.9580,0.0332
1538,ssh_interactive,none,benign,benign,1,0.9785,0.0115,0.0100
1539,brute_force,none,malicious_plain,malicious_plain,1,0.0145,0.9062,0.0792
1540,web_browsing,none,benign,benign,1,0.9638,0.0161,0.0201
1541,video_streaming,none,benign,benign,1,0.9709,0.0191,0.0100
1542,video_streaming,protocol_mimicry+random_padding+timing_jitter,benign,benign,1,0.7736,0.0085,0.2180
1543,file_download,none,benign,benign,1,0.9705,0.0178,0.0117
1544,reverse_shell,protocol_mimicry,malicious_obfuscated,malicious_obfuscated,1,0.0743,0.0042,0.9215
1545,file_download,fragmentation+block_padding,benign,benign,1,0.9279,0.0140,0.0581
1546,ssh_interactive,block_padding+timing_jitter+tunnel_encapsulation,benign,benign,1,0.8219,0.0319,0.1461
1547,voip,protocol_mimicry,benign,benign,1,0.9660,0.0081,0.0258
1548,port_scan,protocol_mimicry+timing_jitter+tunnel_encapsulation,malicious_obfuscated,malicious_obfuscated,1,0.0243,0.0108,0.9648
1549,file_download,none,benign,benign,1,0.9588,0.0232,0.0180
1550,reverse_shell,protocol_mimicry+block_padding+dummy_injection,malicious_obfuscated,benign,0,0.5202,0.0126,0.4672
1551,data_exfiltration,protocol_mimicry+block_padding+tunnel_encapsulation,malicious_obfuscated,malicious_obfuscated,1,0.0173,0.0030,0.9797
1552,c2_beacon,fragmentation+dummy_injection+constant_rate_shaping,malicious_obfuscated,malicious_obfuscated,1,0.2342,0.0079,0.7579
1553,web_browsing,protocol_mimicry+constant_rate_shaping+tunnel_encapsulation,benign,benign,1,0.5062,0.0115,0.4823
1554,file_download,protocol_mimicry+constant_rate_shaping+tunnel_encapsulation,benign,benign,1,0.9281,0.0237,0.0482
1555,voip,none,benign,benign,1,0.9553,0.0087,0.0360
1556,brute_force,none,malicious_plain,malicious_plain,1,0.0099,0.9247,0.0654
1557,c2_beacon,fragmentation,malicious_obfuscated,malicious_obfuscated,1,0.0378,0.0153,0.9469
1558,c2_beacon,none,malicious_plain,malicious_plain,1,0.0028,0.9707,0.0264
1559,brute_force,none,malicious_plain,malicious_plain,1,0.0191,0.8611,0.1197
1560,data_exfiltration,random_padding+dummy_injection+constant_rate_shaping,malicious_obfuscated,malicious_obfuscated,1,0.4732,0.0087,0.5181
1561,brute_force,constant_rate_shaping,malicious_obfuscated,benign,0,0.7296,0.0292,0.2412
1562,reverse_shell,none,malicious_plain,malicious_plain,1,0.0117,0.9704,0.0178
1563,ddos_flood,none,malicious_plain,malicious_plain,1,0.0081,0.9436,0.0483
1564,brute_force,random_padding+constant_rate_shaping,malicious_obfuscated,malicious_obfuscated,1,0.2716,0.0041,0.7243
1565,brute_force,none,malicious_plain,malicious_plain,1,0.0087,0.9233,0.0680
1566,ddos_flood,random_padding,malicious_obfuscated,malicious_obfuscated,1,0.0254,0.0245,0.9501
1567,video_streaming,none,benign,benign,1,0.9728,0.0158,0.0114
1568,file_download,protocol_mimicry+constant_rate_shaping,benign,benign,1,0.9647,0.0235,0.0118
1569,voip,none,benign,benign,1,0.9357,0.0104,0.0539
1570,brute_force,dummy_injection+timing_jitter,malicious_obfuscated,malicious_obfuscated,1,0.0226,0.0090,0.9684
1571,web_browsing,none,benign,benign,1,0.9723,0.0188,0.0089
1572,brute_force,none,malicious_plain,malicious_plain,1,0.0141,0.8976,0.0883
1573,port_scan,none,malicious_plain,malicious_obfuscated,0,0.0686,0.2133,0.7181
1574,ssh_interactive,none,benign,benign,1,0.9697,0.0121,0.0181
1575,voip,random_padding+tunnel_encapsulation,benign,benign,1,0.6671,0.0084,0.3245
1576,reverse_shell,none,malicious_plain,malicious_plain,1,0.4057,0.5701,0.0242
1577,port_scan,dummy_injection+constant_rate_shaping+tunnel_encapsulation,malicious_obfuscated,malicious_obfuscated,1,0.0115,0.0066,0.9819
1578,data_exfiltration,random_padding+constant_rate_shaping,malicious_obfuscated,malicious_obfuscated,1,0.0222,0.0108,0.9670
1579,data_exfiltration,random_padding+constant_rate_shaping,malicious_obfuscated,malicious_obfuscated,1,0.0549,0.0009,0.9442
1580,ssh_interactive,none,benign,benign,1,0.9797,0.0117,0.0086
1581,brute_force,block_padding+dummy_injection+tunnel_encapsulation,malicious_obfuscated,malicious_obfuscated,1,0.2301,0.0104,0.7594
1582,ddos_flood,none,malicious_plain,malicious_plain,1,0.0092,0.8952,0.0956
1583,ssh_interactive,protocol_mimicry+block_padding+dummy_injection,benign,benign,1,0.8995,0.0826,0.0179
1584,ssh_interactive,none,benign,benign,1,0.9753,0.0136,0.0110
1585,ddos_flood,dummy_injection+constant_rate_shaping,malicious_obfuscated,malicious_obfuscated,1,0.2889,0.0010,0.7101
1586,data_exfiltration,protocol_mimicry+block_padding,malicious_obfuscated,malicious_obfuscated,1,0.0110,0.0034,0.9856
1587,reverse_shell,none,malicious_plain,malicious_plain,1,0.0365,0.8472,0.1163
1588,ddos_flood,none,malicious_plain,malicious_plain,1,0.0066,0.9582,0.0352
1589,reverse_shell,none,malicious_plain,malicious_plain,1,0.0179,0.8785,0.1036
1590,brute_force,block_padding+dummy_injection,malicious_obfuscated,malicious_obfuscated,1,0.0275,0.0036,0.9689
1591,ddos_flood,none,malicious_plain,malicious_plain,1,0.0081,0.9437,0.0482
1592,port_scan,none,malicious_plain,malicious_plain,1,0.0149,0.9514,0.0336
1593,data_exfiltration,protocol_mimicry+dummy_injection+tunnel_encapsulation,malicious_obfuscated,malicious_obfuscated,1,0.0090,0.0029,0.9881
1594,c2_beacon,protocol_mimicry+random_padding+constant_rate_shaping,malicious_obfuscated,malicious_obfuscated,1,0.0696,0.0146,0.9159
1595,ddos_flood,none,malicious_plain,malicious_plain,1,0.0077,0.9399,0.0524
1596,brute_force,timing_jitter+constant_rate_shaping,malicious_obfuscated,malicious_obfuscated,1,0.2826,0.0282,0.6893
1597,port_scan,none,malicious_plain,malicious_plain,1,0.0261,0.8894,0.0845
1598,video_streaming,none,benign,benign,1,0.9694,0.0185,0.0121
1599,file_download,none,benign,benign,1,0.9659,0.0166,0.0175
1600,data_exfiltration,none,malicious_plain,malicious_plain,1,0.0119,0.9667,0.0214
1601,port_scan,block_padding+timing_jitter+constant_rate_shaping,malicious_obfuscated,malicious_obfuscated,1,0.0497,0.0084,0.9419
1602,port_scan,none,malicious_plain,malicious_plain,1,0.0153,0.9476,0.0372
1603,ssh_interactive,none,benign,benign,1,0.9750,0.0127,0.0124
1604,ssh_interactive,protocol_mimicry+constant_rate_shaping,benign,benign,1,0.7191,0.0109,0.2700
1605,ddos_flood,protocol_mimicry+random_padding+dummy_injection,malicious_obfuscated,malicious_obfuscated,1,0.0106,0.0079,0.9816
1606,brute_force,none,malicious_plain,malicious_plain,1,0.0201,0.8312,0.1487
1607,port_scan,none,malicious_plain,malicious_plain,1,0.0187,0.9363,0.0450
1608,video_streaming,block_padding+constant_rate_shaping,benign,benign,1,0.9590,0.0185,0.0225
1609,video_streaming,none,benign,benign,1,0.9661,0.0274,0.0065
1610,web_browsing,none,benign,benign,1,0.9851,0.0070,0.0079
1611,port_scan,protocol_mimicry+timing_jitter,malicious_obfuscated,malicious_obfuscated,1,0.0180,0.0056,0.9764
1612,data_exfiltration,protocol_mimicry+fragmentation+constant_rate_shaping,malicious_obfuscated,malicious_obfuscated,1,0.0168,0.0063,0.9769
1613,web_browsing,none,benign,benign,1,0.9757,0.0196,0.0047
1614,c2_beacon,timing_jitter,malicious_obfuscated,malicious_plain,0,0.0074,0.8494,0.1432
1615,reverse_shell,none,malicious_plain,malicious_plain,1,0.0119,0.9232,0.0649
1616,video_streaming,protocol_mimicry+tunnel_encapsulation,benign,benign,1,0.9385,0.0441,0.0174
1617,voip,none,benign,benign,1,0.9213,0.0106,0.0682
1618,reverse_shell,protocol_mimicry+block_padding,malicious_obfuscated,malicious_obfuscated,1,0.0240,0.0080,0.9680
1619,ddos_flood,none,malicious_plain,malicious_plain,1,0.0089,0.9383,0.0528
1620,c2_beacon,random_padding+timing_jitter+tunnel_encapsulation,malicious_obfuscated,malicious_obfuscated,1,0.0284,0.0225,0.9491
1621,reverse_shell,timing_jitter+tunnel_encapsulation,malicious_obfuscated,malicious_obfuscated,1,0.0354,0.0073,0.9574
1622,port_scan,protocol_mimicry+block_padding+random_padding,malicious_obfuscated,malicious_obfuscated,1,0.0167,0.0164,0.9668
1623,voip,dummy_injection+timing_jitter+constant_rate_shaping,benign,malicious_obfuscated,0,0.3101,0.0436,0.6464
1624,video_streaming,none,benign,benign,1,0.9709,0.0167,0.0124
1625,ddos_flood,fragmentation+block_padding+dummy_injection,malicious_obfuscated,malicious_obfuscated,1,0.0156,0.0057,0.9787
1626,web_browsing,fragmentation+timing_jitter,benign,benign,1,0.8329,0.0107,0.1565
1627,video_streaming,none,benign,benign,1,0.9751,0.0171,0.0077
1628,voip,random_padding,benign,benign,1,0.6324,0.0080,0.3596
1629,web_browsing,none,benign,benign,1,0.9614,0.0202,0.0183
1630,voip,protocol_mimicry+random_padding+dummy_injection,benign,benign,1,0.5337,0.0098,0.4565
1631,web_browsing,none,benign,benign,1,0.9816,0.0121,0.0063
1632,brute_force,random_padding+dummy_injection+constant_rate_shaping,malicious_obfuscated,malicious_obfuscated,1,0.3701,0.0584,0.5715
1633,ddos_flood,none,malicious_plain,malicious_plain,1,0.0127,0.8131,0.1742
1634,voip,block_padding+timing_jitter+tunnel_encapsulation,benign,malicious_obfuscated,0,0.2677,0.0157,0.7167
1635,reverse_shell,tunnel_encapsulation,malicious_obfuscated,malicious_obfuscated,1,0.0955,0.2100,0.6945
1636,ssh_interactive,none,benign,benign,1,0.9003,0.0238,0.0759
1637,ddos_flood,random_padding,malicious_obfuscated,malicious_plain,0,0.0068,0.9480,0.0451
1638,reverse_shell,protocol_mimicry+tunnel_encapsulation,malicious_obfuscated,malicious_obfuscated,1,0.0899,0.0385,0.8716
1639,file_download,none,benign,benign,1,0.9646,0.0201,0.0154
1640,port_scan,dummy_injection+timing_jitter,malicious_obfuscated,malicious_obfuscated,1,0.0484,0.0809,0.8707
1641,port_scan,tunnel_encapsulation,malicious_obfuscated,malicious_obfuscated,1,0.0314,0.0242,0.9445
1642,ddos_flood,fragmentation+random_padding+dummy_injection,malicious_obfuscated,malicious_obfuscated,1,0.0325,0.0041,0.9634
1643,data_exfiltration,dummy_injection+timing_jitter,malicious_obfuscated,malicious_obfuscated,1,0.0197,0.0036,0.9767
1644,port_scan,none,malicious_plain,malicious_plain,1,0.0208,0.9122,0.0670
1645,brute_force,fragmentation+constant_rate_shaping,malicious_obfuscated,malicious_obfuscated,1,0.0812,0.0075,0.9112
1646,video_streaming,none,benign,benign,1,0.9721,0.0177,0.0102
1647,ddos_flood,none,malicious_plain,malicious_plain,1,0.0065,0.9538,0.0397
1648,port_scan,timing_jitter+constant_rate_shaping,malicious_obfuscated,malicious_obfuscated,1,0.0128,0.0084,0.9789
1649,brute_force,none,malicious_plain,malicious_plain,1,0.0201,0.8551,0.1248
1650,ddos_flood,none,malicious_plain,malicious_plain,1,0.0102,0.9128,0.0769
1651,reverse_shell,dummy_injection,malicious_obfuscated,malicious_obfuscated,1,0.0959,0.0163,0.8878
1652,file_download,none,benign,benign,1,0.9695,0.0182,0.0124
1653,data_exfiltration,none,malicious_plain,malicious_plain,1,0.0124,0.9603,0.0273
1654,c2_beacon,none,malicious_plain,malicious_plain,1,0.0024,0.9716,0.0260
1655,video_streaming,fragmentation+dummy_injection,benign,benign,1,0.8209,0.0046,0.1745
1656,data_exfiltration,none,malicious_plain,malicious_plain,1,0.0113,0.9699,0.0188
1657,reverse_shell,protocol_mimicry+dummy_injection+tunnel_encapsulation,malicious_obfuscated,malicious_obfuscated,1,0.1586,0.0181,0.8233
1658,c2_beacon,none,malicious_plain,malicious_plain,1,0.0036,0.9729,0.0236
1659,data_exfiltration,none,malicious_plain,malicious_plain,1,0.0118,0.9684,0.0198
1660,voip,none,benign,benign,1,0.9630,0.0098,0.0272
1661,c2_beacon,fragmentation+block_padding+timing_jitter,malicious_obfuscated,malicious_obfuscated,1,0.0196,0.2019,0.7785
1662,video_streaming,none,benign,benign,1,0.9727,0.0159,0.0114
1663,data_exfiltration,timing_jitter,malicious_obfuscated,malicious_obfuscated,1,0.0243,0.0120,0.9636
1664,brute_force,protocol_mimicry+block_padding+constant_rate_shaping,malicious_obfuscated,malicious_obfuscated,1,0.0137,0.0069,0.9794
1665,brute_force,tunnel_encapsulation,malicious_obfuscated,malicious_obfuscated,1,0.1575,0.0321,0.8104
1666,file_download,none,benign,benign,1,0.9682,0.0163,0.0156
1667,video_streaming,protocol_mimicry+block_padding,benign,benign,1,0.8275,0.0196,0.1529
1668,ssh_interactive,none,benign,benign,1,0.9782,0.0139,0.0078
1669,brute_force,none,malicious_plain,malicious_plain,1,0.0585,0.7937,0.1478
1670,brute_force,none,malicious_plain,malicious_plain,1,0.0168,0.8974,0.0859
1671,c2_beacon,none,malicious_plain,malicious_plain,1,0.0022,0.9825,0.0152
1672,c2_beacon,none,malicious_plain,malicious_plain,1,0.0078,0.8664,0.1258
1673,c2_beacon,none,malicious_plain,malicious_plain,1,0.0045,0.9358,0.0596
1674,web_browsing,none,benign,benign,1,0.9608,0.0189,0.0203
1675,ddos_flood,none,malicious_plain,malicious_plain,1,0.0065,0.9383,0.0552
1676,port_scan,none,malicious_plain,malicious_plain,1,0.0173,0.9324,0.0503
1677,data_exfiltration,none,malicious_plain,malicious_plain,1,0.0125,0.9639,0.0236
1678,ddos_flood,none,malicious_plain,malicious_plain,1,0.0086,0.9240,0.0674
1679,port_scan,none,malicious_plain,malicious_plain,1,0.0287,0.8255,0.1459
1680,data_exfiltration,none,malicious_plain,malicious_plain,1,0.0125,0.9600,0.0276
1681,reverse_shell,block_padding+dummy_injection+constant_rate_shaping,malicious_obfuscated,benign,0,0.8711,0.0223,0.1065
1682,file_download,fragmentation+block_padding,benign,benign,1,0.9332,0.0149,0.0519
1683,file_download,none,benign,benign,1,0.9663,0.0190,0.0147
1684,video_streaming,none,benign,benign,1,0.9720,0.0166,0.0114
1685,data_exfiltration,none,malicious_plain,malicious_plain,1,0.0109,0.9728,0.0163
1686,video_streaming,none,benign,benign,1,0.9697,0.0190,0.0113
1687,c2_beacon,fragmentation+dummy_injection,malicious_obfuscated,malicious_obfuscated,1,0.0117,0.0043,0.9840
1688,brute_force,none,malicious_plain,malicious_plain,1,0.0156,0.8577,0.1268
1689,data_exfiltration,none,malicious_plain,malicious_plain,1,0.0120,0.9668,0.0213
1690,ssh_interactive,fragmentation+random_padding+dummy_injection,benign,malicious_obfuscated,0,0.3990,0.0147,0.5862
1691,ssh_interactive,fragmentation+dummy_injection+timing_jitter,benign,benign,1,0.6829,0.0216,0.2955
1692,web_browsing,random_padding+timing_jitter+constant_rate_shaping,benign,malicious_obfuscated,0,0.2284,0.0137,0.7579
1693,ddos_flood,protocol_mimicry,malicious_obfuscated,malicious_obfuscated,1,0.0245,0.0210,0.9545
1694,c2_beacon,none,malicious_plain,malicious_plain,1,0.0065,0.9163,0.0772
1695,web_browsing,block_padding,benign,benign,1,0.9788,0.0108,0.0104
1696,ddos_flood,none,malicious_plain,malicious_plain,1,0.0087,0.9212,0.0701
1697,file_download,none,benign,benign,1,0.9636,0.0191,0.0173
1698,data_exfiltration,none,malicious_plain,malicious_plain,1,0.0114,0.9696,0.0190
1699,ddos_flood,block_padding+constant_rate_shaping,malicious_obfuscated,malicious_obfuscated,1,0.0239,0.0248,0.9513
1700,ddos_flood,protocol_mimicry+timing_jitter,malicious_obfuscated,malicious_obfuscated,1,0.0215,0.0076,0.9710
1701,brute_force,none,malicious_plain,malicious_plain,1,0.0107,0.9092,0.0801
1702,port_scan,protocol_mimicry+fragmentation+timing_jitter,malicious_obfuscated,malicious_obfuscated,1,0.0269,0.0141,0.9591
1703,port_scan,constant_rate_shaping+tunnel_encapsulation,malicious_obfuscated,malicious_obfuscated,1,0.0123,0.0132,0.9745
1704,voip,protocol_mimicry,benign,malicious_obfuscated,0,0.3115,0.0131,0.6754
1705,port_scan,none,malicious_plain,malicious_plain,1,0.0137,0.9489,0.0374
1706,c2_beacon,none,malicious_plain,malicious_plain,1,0.0029,0.9632,0.0339
1707,c2_beacon,fragmentation+random_padding+timing_jitter,malicious_obfuscated,malicious_obfuscated,1,0.0200,0.0036,0.9763
1708,data_exfiltration,none,malicious_plain,malicious_plain,1,0.0117,0.9668,0.0215
1709,file_download,constant_rate_shaping,benign,benign,1,0.9626,0.0129,0.0245
1710,video_streaming,tunnel_encapsulation,benign,benign,1,0.9711,0.0134,0.0154
1711,voip,none,benign,benign,1,0.9683,0.0084,0.0233
1712,brute_force,timing_jitter+constant_rate_shaping,malicious_obfuscated,malicious_obfuscated,1,0.2345,0.0154,0.7501
1713,file_download,none,benign,benign,1,0.9676,0.0174,0.0150
1714,brute_force,block_padding+constant_rate_shaping,malicious_obfuscated,malicious_obfuscated,1,0.3164,0.0267,0.6569
1715,ddos_flood,none,malicious_plain,malicious_plain,1,0.0065,0.9598,0.0337
1716,data_exfiltration,random_padding+dummy_injection+tunnel_encapsulation,malicious_obfuscated,malicious_obfuscated,1,0.0294,0.0042,0.9664
1717,ddos_flood,none,malicious_plain,malicious_plain,1,0.0065,0.9491,0.0445
1718,file_download,none,benign,benign,1,0.9683,0.0183,0.0134
1719,port_scan,none,malicious_plain,malicious_plain,1,0.0165,0.9455,0.0380
1720,ddos_flood,none,malicious_plain,malicious_plain,1,0.0085,0.9585,0.0329
1721,ssh_interactive,none,benign,benign,1,0.9792,0.0101,0.0107
1722,brute_force,none,malicious_plain,malicious_plain,1,0.0118,0.8861,0.1021
1723,ddos_flood,protocol_mimicry+block_padding+timing_jitter,malicious_obfuscated,malicious_obfuscated,1,0.0091,0.0091,0.9819
1724,reverse_shell,dummy_injection+timing_jitter,malicious_obfuscated,malicious_obfuscated,1,0.0755,0.0344,0.8901
1725,video_streaming,tunnel_encapsulation,benign,benign,1,0.9614,0.0114,0.0272
1726,port_scan,block_padding+random_padding+dummy_injection,malicious_obfuscated,malicious_obfuscated,1,0.0558,0.0165,0.9276
1727,file_download,none,benign,benign,1,0.9683,0.0172,0.0146
1728,brute_force,none,malicious_plain,malicious_plain,1,0.0154,0.8535,0.1312
1729,c2_beacon,protocol_mimicry+timing_jitter+tunnel_encapsulation,malicious_obfuscated,malicious_obfuscated,1,0.0702,0.0145,0.9153
1730,web_browsing,none,benign,benign,1,0.9760,0.0155,0.0085
1731,reverse_shell,block_padding+random_padding,malicious_obfuscated,malicious_obfuscated,1,0.1028,0.0958,0.8014
1732,c2_beacon,none,malicious_plain,malicious_plain,1,0.0032,0.9617,0.0351
1733,web_browsing,none,benign,malicious_obfuscated,0,0.2038,0.1368,0.6594
1734,brute_force,fragmentation+constant_rate_shaping,malicious_obfuscated,malicious_obfuscated,1,0.2569,0.0076,0.7355
1735,file_download,protocol_mimicry+random_padding+timing_jitter,benign,benign,1,0.7247,0.0171,0.2582
1736,brute_force,none,malicious_plain,malicious_plain,1,0.0325,0.7933,0.1742
1737,port_scan,dummy_injection+constant_rate_shaping+tunnel_encapsulation,malicious_obfuscated,malicious_obfuscated,1,0.2077,0.0237,0.7685
1738,ssh_interactive,none,benign,benign,1,0.9732,0.0104,0.0163
1739,port_scan,block_padding+random_padding+dummy_injection,malicious_obfuscated,malicious_obfuscated,1,0.1220,0.0023,0.8757
1740,file_download,none,benign,benign,1,0.9661,0.0168,0.0171
1741,reverse_shell,none,malicious_plain,malicious_plain,1,0.0051,0.9746,0.0203
1742,reverse_shell,none,malicious_plain,malicious_plain,1,0.0032,0.9880,0.0088
1743,ddos_flood,fragmentation+random_padding+dummy_injection,malicious_obfuscated,malicious_obfuscated,1,0.0192,0.0127,0.9681
1744,ssh_interactive,fragmentation+dummy_injection+tunnel_encapsulation,benign,benign,1,0.8762,0.0164,0.1074
1745,file_download,protocol_mimicry+dummy_injection+timing_jitter,benign,malicious_obfuscated,0,0.1800,0.0062,0.8139
1746,web_browsing,block_padding+random_padding+tunnel_encapsulation,benign,benign,1,0.9528,0.0088,0.0385
1747,reverse_shell,none,malicious_plain,malicious_plain,1,0.0206,0.9671,0.0123
1748,reverse_shell,fragmentation+block_padding+random_padding,malicious_obfuscated,malicious_obfuscated,1,0.0609,0.0290,0.9101
1749,port_scan,dummy_injection+constant_rate_shaping,malicious_obfuscated,benign,0,0.7203,0.0101,0.2696
1750,c2_beacon,none,malicious_plain,malicious_plain,1,0.0029,0.9582,0.0389
1751,data_exfiltration,none,malicious_plain,malicious_plain,1,0.0134,0.9565,0.0300
1752,brute_force,random_padding,malicious_obfuscated,malicious_plain,0,0.0143,0.8910,0.0947
1753,c2_beacon,protocol_mimicry+dummy_injection,malicious_obfuscated,malicious_obfuscated,1,0.2528,0.0162,0.7310
1754,data_exfiltration,random_padding,malicious_obfuscated,malicious_obfuscated,1,0.0152,0.0227,0.9621
1755,video_streaming,none,benign,benign,1,0.9713,0.0189,0.0098
1756,brute_force,none,malicious_plain,malicious_plain,1,0.0301,0.7759,0.1940
1757,video_streaming,none,benign,benign,1,0.9707,0.0183,0.0110
1758,video_streaming,none,benign,benign,1,0.9618,0.0275,0.0107
1759,ssh_interactive,dummy_injection,benign,benign,1,0.8771,0.0447,0.0781
1760,web_browsing,none,benign,benign,1,0.9665,0.0190,0.0144
1761,voip,protocol_mimicry+timing_jitter,benign,benign,1,0.9726,0.0128,0.0145
1762,ddos_flood,none,malicious_plain,malicious_plain,1,0.0070,0.9547,0.0383
1763,data_exfiltration,none,malicious_plain,malicious_plain,1,0.0132,0.9597,0.0271
1764,port_scan,none,malicious_plain,malicious_plain,1,0.0184,0.9393,0.0422
1765,data_exfiltration,none,malicious_plain,malicious_plain,1,0.0206,0.8933,0.0861
1766,port_scan,protocol_mimicry+fragmentation,malicious_obfuscated,malicious_obfuscated,1,0.0158,0.0218,0.9625
1767,ddos_flood,random_padding,malicious_obfuscated,malicious_obfuscated,1,0.0251,0.0170,0.9579
1768,voip,timing_jitter+constant_rate_shaping,benign,malicious_obfuscated,0,0.1984,0.0043,0.7973
1769,brute_force,none,malicious_plain,malicious_plain,1,0.0104,0.9449,0.0447
1770,ddos_flood,random_padding+constant_rate_shaping,malicious_obfuscated,malicious_obfuscated,1,0.0136,0.0089,0.9774
1771,ddos_flood,random_padding+dummy_injection,malicious_obfuscated,malicious_obfuscated,1,0.0093,0.0054,0.9853
1772,web_browsing,none,benign,benign,1,0.9845,0.0100,0.0055
1773,data_exfiltration,none,malicious_plain,malicious_plain,1,0.0127,0.9647,0.0226
1774,data_exfiltration,block_padding+dummy_injection,malicious_obfuscated,malicious_obfuscated,1,0.0189,0.0023,0.9787
1775,c2_beacon,none,malicious_plain,malicious_plain,1,0.0199,0.5491,0.4310
1776,c2_beacon,timing_jitter,malicious_obfuscated,malicious_plain,0,0.0080,0.8022,0.1898
1777,port_scan,random_padding+constant_rate_shaping,malicious_obfuscated,malicious_obfuscated,1,0.0159,0.0106,0.9735
1778,brute_force,none,malicious_plain,malicious_plain,1,0.0243,0.7153,0.2605
1779,ddos_flood,none,malicious_plain,malicious_plain,1,0.0089,0.9416,0.0495
1780,voip,protocol_mimicry,benign,benign,1,0.8942,0.0142,0.0916
1781,video_streaming,none,benign,benign,1,0.9700,0.0183,0.0117
1782,file_download,none,benign,benign,1,0.9689,0.0171,0.0140
1783,ddos_flood,none,malicious_plain,malicious_plain,1,0.0071,0.9613,0.0316
1784,ddos_flood,block_padding,malicious_obfuscated,malicious_plain,0,0.0146,0.6839,0.3015
1785,voip,none,benign,benign,1,0.9543,0.0088,0.0369
1786,web_browsing,none,benign,benign,1,0.9783,0.0153,0.0064
1787,c2_beacon,none,malicious_plain,malicious_plain,1,0.0163,0.5318,0.4519
1788,web_browsing,none,benign,benign,1,0.9269,0.0271,0.0460
1789,web_browsing,protocol_mimicry,benign,benign,1,0.7325,0.0125,0.2551
1790,reverse_shell,dummy_injection,malicious_obfuscated,malicious_obfuscated,1,0.0550,0.0067,0.9383
1791,ssh_interactive,none,benign,benign,1,0.9707,0.0137,0.0156
1792,c2_beacon,fragmentation+tunnel_encapsulation,malicious_obfuscated,malicious_obfuscated,1,0.0319,0.0022,0.9660
1793,port_scan,none,malicious_plain,malicious_plain,1,0.0233,0.9035,0.0731
1794,reverse_shell,tunnel_encapsulation,malicious_obfuscated,malicious_obfuscated,1,0.0682,0.0174,0.9144
1795,ssh_interactive,none,benign,benign,1,0.9812,0.0105,0.0083
1796,file_download,protocol_mimicry+block_padding,benign,benign,1,0.8251,0.0221,0.1528
1797,ssh_interactive,none,benign,benign,1,0.9788,0.0119,0.0094
1798,reverse_shell,none,malicious_plain,malicious_plain,1,0.0020,0.9921,0.0060
1799,reverse_shell,tunnel_encapsulation,malicious_obfuscated,malicious_obfuscated,1,0.4092,0.0170,0.5738
1800,c2_beacon,none,malicious_plain,malicious_plain,1,0.0163,0.8321,0.1516
1801,c2_beacon,none,malicious_plain,malicious_plain,1,0.0048,0.9467,0.0486
1802,data_exfiltration,none,malicious_plain,malicious_plain,1,0.0118,0.9675,0.0206
1803,c2_beacon,none,malicious_plain,malicious_plain,1,0.0037,0.9505,0.0457
1804,voip,block_padding,benign,benign,1,0.5956,0.0061,0.3983
1805,brute_force,none,malicious_plain,malicious_plain,1,0.0104,0.9437,0.0459
1806,voip,none,benign,benign,1,0.9482,0.0096,0.0422
1807,c2_beacon,none,malicious_plain,malicious_plain,1,0.0127,0.7994,0.1878
1808,web_browsing,protocol_mimicry+fragmentation+dummy_injection,benign,benign,1,0.5181,0.0238,0.4582
1809,brute_force,dummy_injection,malicious_obfuscated,malicious_obfuscated,1,0.0504,0.0393,0.9103
1810,video_streaming,protocol_mimicry+tunnel_encapsulation,benign,benign,1,0.9672,0.0071,0.0257
1811,c2_beacon,none,malicious_plain,malicious_plain,1,0.0310,0.8382,0.1308
1812,voip,none,benign,benign,1,0.9271,0.0106,0.0623
1813,reverse_shell,block_padding,malicious_obfuscated,malicious_obfuscated,1,0.0564,0.2446,0.6990
1814,reverse_shell,tunnel_encapsulation,malicious_obfuscated,malicious_obfuscated,1,0.0832,0.0253,0.8915
1815,port_scan,dummy_injection,malicious_obfuscated,malicious_obfuscated,1,0.0173,0.0329,0.9499
1816,video_streaming,none,benign,benign,1,0.9638,0.0236,0.0126
1817,voip,none,benign,benign,1,0.9506,0.0103,0.0391
1818,ddos_flood,dummy_injection+timing_jitter+constant_rate_shaping,malicious_obfuscated,malicious_obfuscated,1,0.2186,0.0057,0.7757
1819,port_scan,none,malicious_plain,malicious_plain,1,0.0144,0.9458,0.0398
1820,file_download,none,benign,benign,1,0.9684,0.0194,0.0122
1821,brute_force,none,malicious_plain,malicious_plain,1,0.0128,0.9025,0.0846
1822,brute_force,block_padding+constant_rate_shaping,malicious_obfuscated,malicious_obfuscated,1,0.3176,0.0218,0.6606
1823,port_scan,block_padding+dummy_injection,malicious_obfuscated,malicious_obfuscated,1,0.0143,0.0070,0.9787
1824,data_exfiltration,none,malicious_plain,malicious_plain,1,0.0135,0.9575,0.0290
1825,file_download,none,benign,benign,1,0.9689,0.0191,0.0120
1826,ddos_flood,dummy_injection,malicious_obfuscated,malicious_obfuscated,1,0.0146,0.0203,0.9652
1827,reverse_shell,random_padding+timing_jitter+constant_rate_shaping,malicious_obfuscated,malicious_obfuscated,1,0.2002,0.0666,0.7332
1828,ddos_flood,block_padding+tunnel_encapsulation,malicious_obfuscated,malicious_obfuscated,1,0.0214,0.0396,0.9390
1829,data_exfiltration,block_padding+dummy_injection+constant_rate_shaping,malicious_obfuscated,malicious_obfuscated,1,0.4416,0.0036,0.5548
1830,port_scan,timing_jitter+tunnel_encapsulation,malicious_obfuscated,malicious_obfuscated,1,0.0224,0.0067,0.9709
1831,c2_beacon,protocol_mimicry,malicious_obfuscated,malicious_obfuscated,1,0.0477,0.0084,0.9438
1832,brute_force,fragmentation+timing_jitter+constant_rate_shaping,malicious_obfuscated,malicious_obfuscated,1,0.2039,0.0164,0.7797
1833,file_download,block_padding+random_padding,benign,benign,1,0.9727,0.0155,0.0118
1834,data_exfiltration,none,malicious_plain,malicious_plain,1,0.0120,0.9667,0.0213
1835,ddos_flood,none,malicious_plain,malicious_plain,1,0.0145,0.7291,0.2564
1836,port_scan,none,malicious_plain,malicious_plain,1,0.0138,0.9474,0.0389
1837,c2_beacon,none,malicious_plain,malicious_plain,1,0.0057,0.9108,0.0835
1838,brute_force,none,malicious_plain,malicious_plain,1,0.0137,0.8879,0.0984
1839,c2_beacon,none,malicious_plain,malicious_plain,1,0.0034,0.9540,0.0425
1840,video_streaming,none,benign,benign,1,0.9719,0.0159,0.0121
1841,web_browsing,none,benign,benign,1,0.9685,0.0219,0.0096
1842,data_exfiltration,none,malicious_plain,malicious_plain,1,0.0113,0.9707,0.0179
1843,video_streaming,none,benign,benign,1,0.9692,0.0179,0.0129
1844,c2_beacon,none,malicious_plain,malicious_obfuscated,0,0.0173,0.4315,0.5512
1845,ddos_flood,dummy_injection,malicious_obfuscated,malicious_obfuscated,1,0.0214,0.0060,0.9726
1846,file_download,fragmentation+random_padding,benign,benign,1,0.9377,0.0148,0.0475
1847,ddos_flood,protocol_mimicry+random_padding,malicious_obfuscated,malicious_obfuscated,1,0.0316,0.0165,0.9520
1848,c2_beacon,fragmentation+block_padding+tunnel_encapsulation,malicious_obfuscated,malicious_obfuscated,1,0.0300,0.0021,0.9679
1849,ssh_interactive,none,benign,benign,1,0.9692,0.0115,0.0193
1850,c2_beacon,none,malicious_plain,malicious_plain,1,0.0056,0.9119,0.0825
1851,reverse_shell,none,malicious_plain,malicious_plain,1,0.0069,0.9547,0.0384
1852,data_exfiltration,none,malicious_plain,malicious_plain,1,0.0176,0.9248,0.0575
1853,port_scan,timing_jitter+constant_rate_shaping+tunnel_encapsulation,malicious_obfuscated,malicious_obfuscated,1,0.1435,0.0068,0.8498
1854,reverse_shell,dummy_injection,malicious_obfuscated,malicious_obfuscated,1,0.4087,0.0175,0.5738
1855,data_exfiltration,constant_rate_shaping,malicious_obfuscated,malicious_obfuscated,1,0.0635,0.0014,0.9351
1856,data_exfiltration,none,malicious_plain,malicious_plain,1,0.0100,0.9760,0.0140
1857,web_browsing,none,benign,benign,1,0.9701,0.0178,0.0121
1858,voip,none,benign,benign,1,0.9419,0.0095,0.0487
1859,video_streaming,none,benign,benign,1,0.9702,0.0207,0.0091
1860,reverse_shell,dummy_injection+tunnel_encapsulation,malicious_obfuscated,malicious_obfuscated,1,0.0856,0.0433,0.8711
1861,data_exfiltration,none,malicious_plain,malicious_plain,1,0.0119,0.9674,0.0207
1862,data_exfiltration,none,malicious_plain,malicious_plain,1,0.0126,0.9641,0.0233
1863,reverse_shell,protocol_mimicry+timing_jitter+tunnel_encapsulation,malicious_obfuscated,malicious_obfuscated,1,0.0556,0.0022,0.9423
1864,reverse_shell,none,malicious_plain,malicious_plain,1,0.0049,0.9719,0.0232
1865,data_exfiltration,none,malicious_plain,malicious_plain,1,0.0149,0.9436,0.0415
1866,c2_beacon,protocol_mimicry+fragmentation+random_padding,malicious_obfuscated,benign,0,0.5282,0.0386,0.4332
1867,port_scan,none,malicious_plain,malicious_plain,1,0.0208,0.9267,0.0525
1868,file_download,none,benign,benign,1,0.9692,0.0155,0.0153
1869,web_browsing,none,benign,benign,1,0.9494,0.0408,0.0098
1870,voip,none,benign,benign,1,0.9203,0.0108,0.0689
1871,reverse_shell,none,malicious_plain,malicious_plain,1,0.0242,0.7196,0.2562
1872,video_streaming,none,benign,benign,1,0.9640,0.0286,0.0074
1873,ddos_flood,none,malicious_plain,malicious_plain,1,0.0116,0.8024,0.1860
1874,video_streaming,fragmentation,benign,benign,1,0.8598,0.0076,0.1326
1875,file_download,none,benign,benign,1,0.9685,0.0158,0.0157
1876,voip,none,benign,benign,1,0.9012,0.0110,0.0878
1877,voip,block_padding+tunnel_encapsulation,benign,benign,1,0.6349,0.0122,0.3529
1878,web_browsing,none,benign,benign,1,0.9791,0.0152,0.0057
1879,port_scan,random_padding,malicious_obfuscated,malicious_obfuscated,1,0.0304,0.0096,0.9600
1880,brute_force,none,malicious_plain,malicious_plain,1,0.0212,0.9134,0.0654
1881,ddos_flood,protocol_mimicry+block_padding+dummy_injection,malicious_obfuscated,malicious_obfuscated,1,0.0213,0.0062,0.9725
1882,brute_force,timing_jitter,malicious_obfuscated,malicious_plain,0,0.0112,0.9298,0.0589
1883,video_streaming,none,benign,benign,1,0.9728,0.0158,0.0114
1884,c2_beacon,none,malicious_plain,malicious_plain,1,0.0075,0.8915,0.1011
1885,port_scan,protocol_mimicry+tunnel_encapsulation,malicious_obfuscated,malicious_obfuscated,1,0.0243,0.0181,0.9576
1886,c2_beacon,none,malicious_plain,malicious_plain,1,0.0030,0.9685,0.0286
1887,reverse_shell,tunnel_encapsulation,malicious_obfuscated,malicious_obfuscated,1,0.2162,0.2422,0.5416
1888,video_streaming,none,benign,benign,1,0.9351,0.0584,0.0065
1889,ssh_interactive,random_padding+constant_rate_shaping,benign,benign,1,0.5375,0.0153,0.4472
1890,ddos_flood,random_padding,malicious_obfuscated,malicious_obfuscated,1,0.0254,0.0163,0.9584
1891,port_scan,dummy_injection,malicious_obfuscated,malicious_obfuscated,1,0.0140,0.0115,0.9744
1892,ddos_flood,block_padding+dummy_injection,malicious_obfuscated,malicious_obfuscated,1,0.0127,0.1117,0.8756
1893,ssh_interactive,none,benign,benign,1,0.9754,0.0129,0.0117
1894,c2_beacon,none,malicious_plain,malicious_plain,1,0.0031,0.9625,0.0344
1895,data_exfiltration,none,malicious_plain,malicious_plain,1,0.0137,0.9565,0.0298
1896,brute_force,protocol_mimicry+timing_jitter,malicious_obfuscated,malicious_obfuscated,1,0.0225,0.0061,0.9715
1897,port_scan,protocol_mimicry,malicious_obfuscated,malicious_obfuscated,1,0.0285,0.0352,0.9362
1898,reverse_shell,protocol_mimicry+random_padding+tunnel_encapsulation,malicious_obfuscated,malicious_obfuscated,1,0.4562,0.0312,0.5126
1899,file_download,none,benign,benign,1,0.9602,0.0220,0.0178
1900,port_scan,none,malicious_plain,malicious_plain,1,0.0199,0.9070,0.0731
1901,data_exfiltration,none,malicious_plain,malicious_plain,1,0.0121,0.9638,0.0241
1902,c2_beacon,protocol_mimicry,malicious_obfuscated,malicious_obfuscated,1,0.0807,0.0293,0.8900
1903,data_exfiltration,block_padding+random_padding+dummy_injection,malicious_obfuscated,malicious_obfuscated,1,0.0210,0.0021,0.9769
1904,video_streaming,protocol_mimicry+block_padding+random_padding,benign,benign,1,0.9148,0.0131,0.0721
1905,brute_force,none,malicious_plain,malicious_plain,1,0.0151,0.9226,0.0624
1906,web_browsing,none,benign,benign,1,0.9799,0.0141,0.0061
1907,port_scan,none,malicious_plain,malicious_plain,1,0.0156,0.9214,0.0630
1908,data_exfiltration,protocol_mimicry,malicious_obfuscated,malicious_obfuscated,1,0.0369,0.0100,0.9531
1909,data_exfiltration,none,malicious_plain,malicious_plain,1,0.0106,0.9741,0.0153
1910,data_exfiltration,none,malicious_plain,malicious_plain,1,0.0103,0.9747,0.0151
1911,ddos_flood,tunnel_encapsulation,malicious_obfuscated,malicious_obfuscated,1,0.0227,0.0383,0.9390
1912,port_scan,none,malicious_plain,malicious_plain,1,0.0145,0.9290,0.0565
1913,data_exfiltration,protocol_mimicry+fragmentation,malicious_obfuscated,malicious_obfuscated,1,0.0680,0.0146,0.9174
1914,brute_force,constant_rate_shaping,malicious_obfuscated,benign,0,0.7446,0.0272,0.2282
1915,ddos_flood,protocol_mimicry+fragmentation,malicious_obfuscated,malicious_obfuscated,1,0.0227,0.0247,0.9526
1916,video_streaming,none,benign,benign,1,0.9763,0.0136,0.0101
1917,data_exfiltration,none,malicious_plain,malicious_plain,1,0.0134,0.9539,0.0327
1918,ddos_flood,fragmentation+block_padding+dummy_injection,malicious_obfuscated,malicious_obfuscated,1,0.0227,0.0022,0.9751
1919,brute_force,none,malicious_plain,malicious_plain,1,0.0118,0.9121,0.0761
1920,data_exfiltration,none,malicious_plain,malicious_plain,1,0.0121,0.9638,0.0241
1921,ssh_interactive,timing_jitter,benign,benign,1,0.9571,0.0242,0.0187
1922,voip,none,benign,benign,1,0.9570,0.0102,0.0328
1923,file_download,none,benign,benign,1,0.9704,0.0162,0.0135
1924,reverse_shell,protocol_mimicry+timing_jitter+tunnel_encapsulation,malicious_obfuscated,malicious_obfuscated,1,0.0961,0.0082,0.8957
1925,c2_beacon,constant_rate_shaping,malicious_obfuscated,malicious_obfuscated,1,0.1600,0.2073,0.6327
1926,reverse_shell,none,malicious_plain,malicious_plain,1,0.0638,0.7945,0.1417
1927,brute_force,none,malicious_plain,malicious_plain,1,0.0252,0.6725,0.3023
1928,brute_force,none,malicious_plain,malicious_plain,1,0.0297,0.7778,0.1925
1929,reverse_shell,none,malicious_plain,malicious_plain,1,0.0094,0.9500,0.0406
1930,port_scan,dummy_injection+tunnel_encapsulation,malicious_obfuscated,malicious_obfuscated,1,0.0138,0.0296,0.9565
1931,brute_force,fragmentation+constant_rate_shaping,malicious_obfuscated,benign,0,0.4847,0.0704,0.4449
1932,file_download,fragmentation+block_padding,benign,benign,1,0.7523,0.0062,0.2415
1933,brute_force,none,malicious_plain,malicious_plain,1,0.0120,0.9055,0.0826
1934,c2_beacon,protocol_mimicry,malicious_obfuscated,malicious_obfuscated,1,0.1559,0.0745,0.7696
1935,web_browsing,none,benign,benign,1,0.9600,0.0239,0.0161
1936,brute_force,none,malicious_plain,malicious_plain,1,0.0225,0.8336,0.1439
1937,ddos_flood,none,malicious_plain,malicious_plain,1,0.0103,0.8545,0.1352
1938,reverse_shell,none,malicious_plain,benign,0,0.8061,0.1115,0.0824
1939,ddos_flood,none,malicious_plain,malicious_plain,1,0.0066,0.9674,0.0260
1940,file_download,none,benign,benign,1,0.9669,0.0180,0.0151
1941,port_scan,protocol_mimicry+block_padding,malicious_obfuscated,malicious_obfuscated,1,0.0191,0.0112,0.9697
1942,video_streaming,random_padding,benign,benign,1,0.9754,0.0135,0.0110
1943,brute_force,none,malicious_plain,malicious_plain,1,0.0085,0.9306,0.0610
1944,video_streaming,none,benign,benign,1,0.9641,0.0270,0.0089
1945,ssh_interactive,block_padding+tunnel_encapsulation,benign,benign,1,0.9624,0.0101,0.0275
1946,reverse_shell,none,malicious_plain,malicious_plain,1,0.0078,0.9501,0.0421
1947,data_exfiltration,none,malicious_plain,malicious_plain,1,0.0116,0.9679,0.0205
1948,data_exfiltration,none,malicious_plain,malicious_plain,1,0.0109,0.9740,0.0151
1949,ddos_flood,constant_rate_shaping,malicious_obfuscated,malicious_obfuscated,1,0.0338,0.0174,0.9488
1950,ddos_flood,none,malicious_plain,malicious_plain,1,0.0084,0.9316,0.0601
1951,reverse_shell,none,malicious_plain,malicious_plain,1,0.0153,0.9668,0.0178
1952,reverse_shell,none,malicious_plain,malicious_plain,1,0.0199,0.9153,0.0648
1953,file_download,none,benign,benign,1,0.9703,0.0182,0.0115
1954,video_streaming,none,benign,benign,1,0.9685,0.0194,0.0121
1955,video_streaming,none,benign,benign,1,0.9702,0.0187,0.0111
1956,c2_beacon,random_padding+constant_rate_shaping+tunnel_encapsulation,malicious_obfuscated,benign,0,0.7220,0.0415,0.2365
1957,brute_force,protocol_mimicry+tunnel_encapsulation,malicious_obfuscated,malicious_obfuscated,1,0.0259,0.0164,0.9578
1958,brute_force,fragmentation+timing_jitter+tunnel_encapsulation,malicious_obfuscated,malicious_obfuscated,1,0.0330,0.0159,0.9511
1959,ssh_interactive,timing_jitter,benign,benign,1,0.9711,0.0166,0.0123
1960,voip,tunnel_encapsulation,benign,benign,1,0.9188,0.0133,0.0678
1961,brute_force,none,malicious_plain,malicious_plain,1,0.0089,0.9541,0.0370
1962,brute_force,protocol_mimicry+dummy_injection+timing_jitter,malicious_obfuscated,malicious_obfuscated,1,0.3863,0.0362,0.5775
1963,voip,fragmentation+timing_jitter+constant_rate_shaping,benign,benign,1,0.8192,0.0206,0.1602
1964,data_exfiltration,random_padding+constant_rate_shaping+tunnel_encapsulation,malicious_obfuscated,malicious_obfuscated,1,0.0250,0.0041,0.9709
1965,c2_beacon,protocol_mimicry+random_padding,malicious_obfuscated,malicious_obfuscated,1,0.0785,0.0167,0.9048
1966,file_download,none,benign,benign,1,0.9681,0.0183,0.0136
1967,video_streaming,random_padding+constant_rate_shaping,benign,benign,1,0.9637,0.0118,0.0246
1968,port_scan,none,malicious_plain,malicious_plain,1,0.0194,0.9333,0.0473
1969,c2_beacon,protocol_mimicry,malicious_obfuscated,malicious_obfuscated,1,0.0219,0.0034,0.9747
1970,reverse_shell,block_padding+dummy_injection,malicious_obfuscated,malicious_obfuscated,1,0.1409,0.2570,0.6020
1971,data_exfiltration,none,malicious_plain,malicious_plain,1,0.0127,0.9622,0.0251
1972,c2_beacon,dummy_injection+constant_rate_shaping+tunnel_encapsulation,malicious_obfuscated,benign,0,0.5572,0.0084,0.4344
1973,brute_force,none,malicious_plain,malicious_plain,1,0.0079,0.9448,0.0472
1974,brute_force,none,malicious_plain,malicious_plain,1,0.0180,0.8779,0.1041
1975,data_exfiltration,protocol_mimicry+block_padding,malicious_obfuscated,malicious_obfuscated,1,0.0461,0.0116,0.9423
1976,file_download,none,benign,benign,1,0.9680,0.0197,0.0124
1977,file_download,none,benign,benign,1,0.9673,0.0196,0.0131
1978,ddos_flood,none,malicious_plain,malicious_plain,1,0.0073,0.9292,0.0635
1979,web_browsing,none,benign,benign,1,0.9860,0.0074,0.0065
1980,reverse_shell,protocol_mimicry+fragmentation+dummy_injection,malicious_obfuscated,malicious_obfuscated,1,0.1321,0.0090,0.8589
1981,voip,protocol_mimicry+random_padding,benign,benign,1,0.6319,0.0121,0.3560
1982,data_exfiltration,fragmentation+block_padding+dummy_injection,malicious_obfuscated,malicious_obfuscated,1,0.0579,0.0111,0.9310
1983,voip,none,benign,benign,1,0.9445,0.0103,0.0452
1984,c2_beacon,constant_rate_shaping,malicious_obfuscated,malicious_obfuscated,1,0.2239,0.0108,0.7654
1985,c2_beacon,none,malicious_plain,malicious_plain,1,0.0020,0.9776,0.0204
1986,reverse_shell,dummy_injection,malicious_obfuscated,malicious_obfuscated,1,0.0669,0.0272,0.9058
1987,brute_force,none,malicious_plain,malicious_plain,1,0.0067,0.9614,0.0318
1988,voip,protocol_mimicry+dummy_injection+timing_jitter,benign,benign,1,0.7030,0.0211,0.2759
1989,ddos_flood,random_padding,malicious_obfuscated,malicious_obfuscated,1,0.0235,0.0173,0.9591
1990,brute_force,block_padding+tunnel_encapsulation,malicious_obfuscated,malicious_obfuscated,1,0.1366,0.0360,0.8274
1991,file_download,dummy_injection+constant_rate_shaping+tunnel_encapsulation,benign,benign,1,0.9474,0.0107,0.0419
1992,data_exfiltration,timing_jitter,malicious_obfuscated,malicious_obfuscated,1,0.0250,0.0116,0.9635
1993,data_exfiltration,none,malicious_plain,malicious_plain,1,0.0107,0.9744,0.0149
1994,ddos_flood,fragmentation,malicious_obfuscated,malicious_plain,0,0.0071,0.9347,0.0582
1995,port_scan,none,malicious_plain,malicious_plain,1,0.0176,0.9411,0.0413
1996,port_scan,timing_jitter,malicious_obfuscated,malicious_obfuscated,1,0.0239,0.0125,0.9636
1997,voip,constant_rate_shaping,benign,benign,1,0.5172,0.0109,0.4719
1998,brute_force,none,malicious_plain,malicious_plain,1,0.0129,0.9406,0.0464
1999,port_scan,none,malicious_plain,malicious_plain,1,0.0177,0.9160,0.0663
2000,reverse_shell,fragmentation,malicious_obfuscated,malicious_obfuscated,1,0.0469,0.0059,0.9472
2001,ddos_flood,none,malicious_plain,malicious_plain,1,0.0150,0.6317,0.3532
2002,c2_beacon,none,malicious_plain,malicious_plain,1,0.0033,0.9519,0.0448
2003,ddos_flood,fragmentation+constant_rate_shaping+tunnel_encapsulation,malicious_obfuscated,malicious_obfuscated,1,0.0123,0.0110,0.9767
2004,port_scan,none,malicious_plain,malicious_plain,1,0.0140,0.9572,0.0288
2005,video_streaming,none,benign,benign,1,0.9719,0.0181,0.0100
2006,ddos_flood,block_padding+constant_rate_shaping,malicious_obfuscated,malicious_obfuscated,1,0.0185,0.0230,0.9585
2007,video_streaming,none,benign,benign,1,0.9700,0.0190,0.0111
2008,data_exfiltration,protocol_mimicry+fragmentation+timing_jitter,malicious_obfuscated,malicious_obfuscated,1,0.0267,0.0037,0.9695
2009,ssh_interactive,random_padding,benign,benign,1,0.9071,0.0327,0.0602
2010,ddos_flood,timing_jitter,malicious_obfuscated,malicious_obfuscated,1,0.0218,0.0111,0.9671
2011,web_browsing,fragmentation+block_padding+tunnel_encapsulation,benign,benign,1,0.6879,0.0032,0.3089
2012,port_scan,none,malicious_plain,malicious_plain,1,0.0170,0.9360,0.0470
2013,data_exfiltration,none,malicious_plain,malicious_plain,1,0.0135,0.9585,0.0280
2014,brute_force,fragmentation+block_padding+tunnel_encapsulation,malicious_obfuscated,malicious_obfuscated,1,0.0297,0.0072,0.9631
2015,port_scan,none,malicious_plain,malicious_plain,1,0.0186,0.9278,0.0536
2016,data_exfiltration,none,malicious_plain,malicious_plain,1,0.0121,0.9647,0.0232
2017,data_exfiltration,random_padding+dummy_injection+constant_rate_shaping,malicious_obfuscated,malicious_obfuscated,1,0.1501,0.0037,0.8462
2018,data_exfiltration,none,malicious_plain,malicious_plain,1,0.0131,0.9631,0.0238
2019,file_download,none,benign,benign,1,0.9667,0.0181,0.0152
2020,reverse_shell,none,malicious_plain,malicious_plain,1,0.0185,0.9043,0.0772
2021,port_scan,random_padding,malicious_obfuscated,malicious_obfuscated,1,0.0083,0.0154,0.9762
2022,ssh_interactive,block_padding+timing_jitter,benign,benign,1,0.8533,0.0648,0.0820
2023,reverse_shell,protocol_mimicry,malicious_obfuscated,malicious_obfuscated,1,0.1342,0.0024,0.8634
2024,data_exfiltration,none,malicious_plain,malicious_plain,1,0.0109,0.9725,0.0166
2025,data_exfiltration,random_padding+timing_jitter+constant_rate_shaping,malicious_obfuscated,malicious_obfuscated,1,0.0343,0.0061,0.9596
2026,ddos_flood,none,malicious_plain,malicious_plain,1,0.0083,0.9087,0.0830
2027,c2_beacon,fragmentation+dummy_injection,malicious_obfuscated,malicious_obfuscated,1,0.2119,0.0065,0.7816
2028,video_streaming,random_padding,benign,benign,1,0.9814,0.0091,0.0095
2029,reverse_shell,none,malicious_plain,malicious_plain,1,0.0152,0.9160,0.0688
2030,file_download,none,benign,benign,1,0.9653,0.0181,0.0165
2031,reverse_shell,none,malicious_plain,malicious_plain,1,0.1067,0.7366,0.1567
2032,video_streaming,none,benign,benign,1,0.9672,0.0207,0.0120
2033,video_streaming,none,benign,benign,1,0.9690,0.0207,0.0103
2034,file_download,timing_jitter,benign,benign,1,0.9551,0.0114,0.0335
2035,port_scan,none,malicious_plain,malicious_plain,1,0.0146,0.9423,0.0431
2036,voip,none,benign,benign,1,0.9310,0.0101,0.0589
2037,data_exfiltration,constant_rate_shaping,malicious_obfuscated,malicious_obfuscated,1,0.1042,0.0011,0.8948
2038,reverse_shell,tunnel_encapsulation,malicious_obfuscated,malicious_obfuscated,1,0.0960,0.0437,0.8603
2039,data_exfiltration,protocol_mimicry+fragmentation+dummy_injection,malicious_obfuscated,malicious_obfuscated,1,0.0391,0.0115,0.9494
2040,port_scan,none,malicious_plain,malicious_plain,1,0.0155,0.9537,0.0308
2041,voip,none,benign,benign,1,0.9459,0.0095,0.0446
2042,ssh_interactive,none,benign,benign,1,0.9806,0.0107,0.0087
2043,web_browsing,none,benign,benign,1,0.9733,0.0194,0.0072
2044,data_exfiltration,none,malicious_plain,malicious_plain,1,0.0134,0.9540,0.0326
2045,port_scan,none,malicious_plain,malicious_plain,1,0.0149,0.9409,0.0441
2046,brute_force,none,malicious_plain,malicious_plain,1,0.0084,0.9243,0.0673
2047,reverse_shell,protocol_mimicry+block_padding,malicious_obfuscated,benign,0,0.6736,0.0443,0.2821
2048,c2_beacon,none,malicious_plain,malicious_plain,1,0.0019,0.9773,0.0208
2049,c2_beacon,none,malicious_plain,malicious_plain,1,0.0129,0.8335,0.1536
2050,c2_beacon,block_padding+random_padding,malicious_obfuscated,malicious_obfuscated,1,0.0203,0.0160,0.9637
2051,data_exfiltration,none,malicious_plain,malicious_plain,1,0.0124,0.9656,0.0220
2052,c2_beacon,fragmentation+dummy_injection+constant_rate_shaping,malicious_obfuscated,malicious_obfuscated,1,0.2022,0.0450,0.7527
2053,voip,none,benign,benign,1,0.9643,0.0084,0.0273
2054,voip,block_padding+dummy_injection+constant_rate_shaping,benign,malicious_obfuscated,0,0.4954,0.0027,0.5019
2055,data_exfiltration,none,malicious_plain,malicious_plain,1,0.0114,0.9689,0.0196
2056,file_download,none,benign,benign,1,0.9637,0.0206,0.0157
2057,reverse_shell,none,malicious_plain,malicious_plain,1,0.0066,0.9651,0.0283
2058,ddos_flood,protocol_mimicry+tunnel_encapsulation,malicious_obfuscated,malicious_obfuscated,1,0.0127,0.0088,0.9785
2059,video_streaming,dummy_injection+constant_rate_shaping,benign,benign,1,0.9581,0.0130,0.0289
2060,file_download,none,benign,benign,1,0.9664,0.0192,0.0143
2061,ssh_interactive,protocol_mimicry+fragmentation+dummy_injection,benign,benign,1,0.8433,0.0073,0.1494
2062,reverse_shell,fragmentation+tunnel_encapsulation,malicious_obfuscated,malicious_obfuscated,1,0.1406,0.0040,0.8553
2063,reverse_shell,none,malicious_plain,malicious_plain,1,0.0658,0.5629,0.3713
2064,ddos_flood,none,malicious_plain,malicious_plain,1,0.0068,0.9601,0.0332
2065,c2_beacon,fragmentation,malicious_obfuscated,malicious_obfuscated,1,0.0292,0.0354,0.9354
2066,video_streaming,none,benign,benign,1,0.9714,0.0176,0.0110
2067,c2_beacon,timing_jitter+tunnel_encapsulation,malicious_obfuscated,malicious_obfuscated,1,0.0318,0.0842,0.8840
2068,c2_beacon,fragmentation+random_padding,malicious_obfuscated,malicious_obfuscated,1,0.0774,0.0043,0.9183
2069,reverse_shell,block_padding+timing_jitter,malicious_obfuscated,malicious_plain,0,0.0303,0.7992,0.1705
2070,brute_force,none,malicious_plain,malicious_plain,1,0.0102,0.8968,0.0930
2071,web_browsing,block_padding+tunnel_encapsulation,benign,benign,1,0.9702,0.0097,0.0200
2072,port_scan,tunnel_encapsulation,malicious_obfuscated,malicious_obfuscated,1,0.0267,0.1335,0.8397
2073,c2_beacon,block_padding+timing_jitter,malicious_obfuscated,malicious_obfuscated,1,0.0162,0.0378,0.9460
2074,voip,none,benign,benign,1,0.9452,0.0093,0.0455
2075,c2_beacon,none,malicious_plain,malicious_plain,1,0.0061,0.9335,0.0605
2076,voip,none,benign,benign,1,0.9706,0.0081,0.0214
2077,data_exfiltration,dummy_injection,malicious_obfuscated,malicious_obfuscated,1,0.0637,0.0039,0.9323
2078,file_download,none,benign,benign,1,0.9690,0.0171,0.0139
2079,data_exfiltration,none,malicious_plain,malicious_plain,1,0.0122,0.9659,0.0218
2080,c2_beacon,timing_jitter,malicious_obfuscated,malicious_obfuscated,1,0.0160,0.0214,0.9626
2081,port_scan,block_padding+random_padding+timing_jitter,malicious_obfuscated,malicious_obfuscated,1,0.0329,0.0067,0.9604
2082,port_scan,protocol_mimicry+fragmentation+constant_rate_shaping,malicious_obfuscated,malicious_obfuscated,1,0.0221,0.0102,0.9677
2083,reverse_shell,none,malicious_plain,malicious_plain,1,0.0968,0.7537,0.1495
2084,ddos_flood,none,malicious_plain,malicious_plain,1,0.0068,0.9606,0.0326
2085,data_exfiltration,tunnel_encapsulation,malicious_obfuscated,malicious_obfuscated,1,0.0179,0.0059,0.9762
2086,c2_beacon,none,malicious_plain,malicious_plain,1,0.0089,0.9142,0.0769
2087,reverse_shell,none,malicious_plain,malicious_plain,1,0.2501,0.4588,0.2911
2088,ddos_flood,none,malicious_plain,malicious_plain,1,0.0117,0.8272,0.1611
2089,ddos_flood,protocol_mimicry+timing_jitter+tunnel_encapsulation,malicious_obfuscated,malicious_obfuscated,1,0.0451,0.0209,0.9340
2090,brute_force,random_padding+timing_jitter,malicious_obfuscated,malicious_obfuscated,1,0.0330,0.0159,0.9511
2091,reverse_shell,none,malicious_plain,malicious_plain,1,0.0019,0.9928,0.0053
2092,port_scan,none,malicious_plain,malicious_plain,1,0.0122,0.9530,0.0348
2093,brute_force,protocol_mimicry,malicious_obfuscated,malicious_obfuscated,1,0.0217,0.0128,0.9655
2094,voip,protocol_mimicry+block_padding,benign,malicious_obfuscated,0,0.1843,0.0109,0.8048
2095,reverse_shell,none,malicious_plain,malicious_plain,1,0.0074,0.9573,0.0354
2096,data_exfiltration,block_padding+tunnel_encapsulation,malicious_obfuscated,malicious_obfuscated,1,0.0190,0.0068,0.9742
2097,file_download,none,benign,benign,1,0.9673,0.0175,0.0151
2098,data_exfiltration,random_padding,malicious_obfuscated,malicious_obfuscated,1,0.0142,0.0155,0.9703
2099,dns_query,fragmentation+block_padding+tunnel_encapsulation,benign,malicious_plain,0,0.3396,0.3944,0.2660
2100,ddos_flood,none,malicious_plain,malicious_plain,1,0.0085,0.9586,0.0329
2101,port_scan,none,malicious_plain,malicious_plain,1,0.0200,0.9204,0.0596
2102,ssh_interactive,none,benign,benign,1,0.9801,0.0119,0.0080
2103,voip,timing_jitter+constant_rate_shaping+tunnel_encapsulation,benign,malicious_obfuscated,0,0.2632,0.0027,0.7341
2104,port_scan,fragmentation+random_padding+tunnel_encapsulation,malicious_obfuscated,malicious_obfuscated,1,0.0113,0.0127,0.9761
2105,c2_beacon,fragmentation+timing_jitter+tunnel_encapsulation,malicious_obfuscated,malicious_obfuscated,1,0.0234,0.0084,0.9681
2106,ddos_flood,none,malicious_plain,malicious_plain,1,0.0061,0.9630,0.0308
2107,video_streaming,none,benign,benign,1,0.9594,0.0358,0.0048
2108,c2_beacon,none,malicious_plain,malicious_plain,1,0.0057,0.9147,0.0796
2109,ssh_interactive,none,benign,benign,1,0.9825,0.0098,0.0078
2110,data_exfiltration,fragmentation,malicious_obfuscated,malicious_obfuscated,1,0.0283,0.0123,0.9594
2111,data_exfiltration,fragmentation+timing_jitter,malicious_obfuscated,malicious_obfuscated,1,0.0256,0.0090,0.9654
2112,reverse_shell,block_padding+dummy_injection+constant_rate_shaping,malicious_obfuscated,malicious_obfuscated,1,0.2863,0.0046,0.7091
2113,voip,constant_rate_shaping,benign,malicious_obfuscated,0,0.4359,0.0057,0.5584
2114,voip,block_padding+dummy_injection,benign,benign,1,0.7337,0.0247,0.2416
2115,file_download,none,benign,benign,1,0.9643,0.0221,0.0136
2116,ssh_interactive,block_padding+timing_jitter,benign,benign,1,0.6135,0.0302,0.3563
2117,ddos_flood,none,malicious_plain,malicious_plain,1,0.0084,0.9452,0.0464
2118,web_browsing,random_padding+timing_jitter,benign,benign,1,0.9757,0.0081,0.0162
2119,ssh_interactive,none,benign,benign,1,0.9748,0.0096,0.0156
2120,ddos_flood,dummy_injection+tunnel_encapsulation,malicious_obfuscated,malicious_obfuscated,1,0.0074,0.0080,0.9847
2121,brute_force,none,malicious_plain,malicious_plain,1,0.0177,0.9260,0.0563
2122,port_scan,none,malicious_plain,malicious_plain,1,0.0132,0.9516,0.0352
2123,port_scan,protocol_mimicry+fragmentation+block_padding,malicious_obfuscated,malicious_obfuscated,1,0.0110,0.0169,0.9722
2124,data_exfiltration,none,malicious_plain,malicious_plain,1,0.0108,0.9741,0.0151
2125,c2_beacon,none,malicious_plain,malicious_plain,1,0.0046,0.9346,0.0608
2126,reverse_shell,fragmentation+dummy_injection+timing_jitter,malicious_obfuscated,benign,0,0.6330,0.0172,0.3498
2127,port_scan,dummy_injection+tunnel_encapsulation,malicious_obfuscated,malicious_obfuscated,1,0.0216,0.0138,0.9646
2128,c2_beacon,none,malicious_plain,malicious_plain,1,0.0225,0.8380,0.1395
2129,c2_beacon,none,malicious_plain,malicious_plain,1,0.0032,0.9586,0.0383
2130,voip,none,benign,benign,1,0.9379,0.0104,0.0517
2131,voip,none,benign,benign,1,0.9431,0.0093,0.0475
2132,port_scan,fragmentation+block_padding+tunnel_encapsulation,malicious_obfuscated,malicious_obfuscated,1,0.0151,0.0262,0.9586
2133,brute_force,constant_rate_shaping,malicious_obfuscated,malicious_obfuscated,1,0.2815,0.0184,0.7000
2134,data_exfiltration,protocol_mimicry+fragmentation+random_padding,malicious_obfuscated,malicious_obfuscated,1,0.0357,0.0175,0.9468
2135,ssh_interactive,random_padding+timing_jitter+tunnel_encapsulation,benign,malicious_obfuscated,0,0.3723,0.1968,0.4309
2136,ssh_interactive,none,benign,benign,1,0.9796,0.0116,0.0088
2137,brute_force,none,malicious_plain,malicious_plain,1,0.0118,0.9354,0.0529
2138,c2_beacon,none,malicious_plain,malicious_plain,1,0.0061,0.9011,0.0928
2139,video_streaming,none,benign,benign,1,0.9776,0.0145,0.0079
2140,data_exfiltration,fragmentation+timing_jitter,malicious_obfuscated,malicious_obfuscated,1,0.0310,0.0111,0.9579
2141,port_scan,none,malicious_plain,malicious_plain,1,0.0347,0.7289,0.2364
2142,port_scan,none,malicious_plain,malicious_plain,1,0.0215,0.9089,0.0696
2143,brute_force,timing_jitter+tunnel_encapsulation,malicious_obfuscated,malicious_obfuscated,1,0.1041,0.0471,0.8488
2144,web_browsing,none,benign,benign,1,0.7091,0.0218,0.2691
2145,ddos_flood,none,malicious_plain,malicious_plain,1,0.0070,0.9483,0.0447
2146,reverse_shell,fragmentation,malicious_obfuscated,malicious_obfuscated,1,0.1231,0.0037,0.8732
2147,video_streaming,none,benign,benign,1,0.9727,0.0184,0.0088
2148,ddos_flood,none,malicious_plain,malicious_plain,1,0.0083,0.9353,0.0565
2149,data_exfiltration,tunnel_encapsulation,malicious_obfuscated,malicious_obfuscated,1,0.0209,0.0072,0.9719
2150,ddos_flood,none,malicious_plain,malicious_plain,1,0.0073,0.9619,0.0308
2151,video_streaming,block_padding,benign,benign,1,0.9720,0.0153,0.0126
2152,c2_beacon,none,malicious_plain,malicious_plain,1,0.0049,0.9493,0.0458
2153,c2_beacon,random_padding+constant_rate_shaping,malicious_obfuscated,malicious_obfuscated,1,0.2200,0.0199,0.7601
2154,reverse_shell,block_padding,malicious_obfuscated,malicious_obfuscated,1,0.1157,0.1829,0.7014
2155,port_scan,protocol_mimicry+block_padding+random_padding,malicious_obfuscated,malicious_obfuscated,1,0.0295,0.0168,0.9537
2156,brute_force,protocol_mimicry+block_padding+constant_rate_shaping,malicious_obfuscated,malicious_obfuscated,1,0.0269,0.0095,0.9636
2157,data_exfiltration,none,malicious_plain,malicious_plain,1,0.0126,0.9646,0.0228
2158,ssh_interactive,none,benign,benign,1,0.9788,0.0108,0.0104
2159,c2_beacon,random_padding+dummy_injection+constant_rate_shaping,malicious_obfuscated,malicious_obfuscated,1,0.0908,0.0056,0.9036
2160,c2_beacon,protocol_mimicry+timing_jitter+tunnel_encapsulation,malicious_obfuscated,malicious_obfuscated,1,0.2422,0.0092,0.7486
2161,ddos_flood,block_padding+timing_jitter+tunnel_encapsulation,malicious_obfuscated,malicious_obfuscated,1,0.0246,0.0073,0.9681
2162,brute_force,fragmentation+random_padding+tunnel_encapsulation,malicious_obfuscated,malicious_obfuscated,1,0.0536,0.0056,0.9408
2163,c2_beacon,timing_jitter,malicious_obfuscated,malicious_obfuscated,1,0.0182,0.1455,0.8363
2164,reverse_shell,fragmentation+block_padding,malicious_obfuscated,benign,0,0.8058,0.0090,0.1852
2165,ddos_flood,timing_jitter+constant_rate_shaping+tunnel_encapsulation,malicious_obfuscated,malicious_obfuscated,1,0.1282,0.0458,0.8260
2166,ddos_flood,block_padding+timing_jitter+tunnel_encapsulation,malicious_obfuscated,malicious_obfuscated,1,0.0348,0.0126,0.9525
2167,c2_beacon,none,malicious_plain,malicious_plain,1,0.0048,0.9625,0.0328
2168,port_scan,random_padding,malicious_obfuscated,malicious_obfuscated,1,0.0299,0.0128,0.9573
2169,ddos_flood,fragmentation+random_padding,malicious_obfuscated,malicious_obfuscated,1,0.0240,0.0377,0.9382
2170,file_download,none,benign,benign,1,0.9669,0.0194,0.0137
2171,ssh_interactive,none,benign,benign,1,0.6978,0.0752,0.2270
2172,brute_force,none,malicious_plain,malicious_plain,1,0.0334,0.7877,0.1789
2173,brute_force,none,malicious_plain,malicious_plain,1,0.0095,0.9285,0.0620
2174,data_exfiltration,protocol_mimicry+timing_jitter,malicious_obfuscated,malicious_obfuscated,1,0.0220,0.0053,0.9727
2175,data_exfiltration,none,malicious_plain,malicious_plain,1,0.0246,0.8420,0.1334
2176,brute_force,none,malicious_plain,malicious_plain,1,0.0092,0.9579,0.0328
2177,data_exfiltration,none,malicious_plain,malicious_plain,1,0.0149,0.9492,0.0359
2178,c2_beacon,random_padding,malicious_obfuscated,malicious_obfuscated,1,0.0156,0.0397,0.9447
2179,ddos_flood,timing_jitter+constant_rate_shaping,malicious_obfuscated,malicious_obfuscated,1,0.0402,0.0276,0.9321
2180,ddos_flood,dummy_injection,malicious_obfuscated,malicious_obfuscated,1,0.0125,0.0064,0.9811
2181,reverse_shell,dummy_injection,malicious_obfuscated,malicious_obfuscated,1,0.1186,0.3127,0.5687
2182,brute_force,none,malicious_plain,malicious_plain,1,0.0086,0.9412,0.0502
2183,video_streaming,none,benign,benign,1,0.9685,0.0245,0.0070
2184,ddos_flood,random_padding+constant_rate_shaping+tunnel_encapsulation,malicious_obfuscated,malicious_obfuscated,1,0.0223,0.0182,0.9595
2185,reverse_shell,timing_jitter+tunnel_encapsulation,malicious_obfuscated,benign,0,0.8480,0.0122,0.1398
2186,voip,dummy_injection+timing_jitter+tunnel_encapsulation,benign,benign,1,0.8102,0.0264,0.1634
2187,voip,block_padding+random_padding,benign,benign,1,0.5717,0.0055,0.4228
2188,reverse_shell,random_padding+dummy_injection,malicious_obfuscated,benign,0,0.6119,0.0112,0.3769
2189,data_exfiltration,none,malicious_plain,malicious_obfuscated,0,0.0290,0.1940,0.7770
2190,data_exfiltration,none,malicious_plain,malicious_plain,1,0.0135,0.9588,0.0277
2191,reverse_shell,block_padding+constant_rate_shaping,malicious_obfuscated,benign,0,0.6310,0.0158,0.3532
2192,ssh_interactive,protocol_mimicry+block_padding+timing_jitter,benign,malicious_obfuscated,0,0.0796,0.0031,0.9174
2193,ddos_flood,protocol_mimicry+block_padding+timing_jitter,malicious_obfuscated,malicious_obfuscated,1,0.0179,0.0063,0.9758
2194,ssh_interactive,protocol_mimicry+dummy_injection,benign,benign,1,0.9739,0.0062,0.0199
2195,c2_beacon,protocol_mimicry,malicious_obfuscated,malicious_obfuscated,1,0.1102,0.0277,0.8621
2196,ddos_flood,none,malicious_plain,malicious_obfuscated,0,0.0143,0.4767,0.5091
2197,data_exfiltration,block_padding+random_padding+constant_rate_shaping,malicious_obfuscated,malicious_obfuscated,1,0.0322,0.0088,0.9589
2198,data_exfiltration,none,malicious_plain,malicious_plain,1,0.0123,0.9632,0.0244
2199,ddos_flood,fragmentation+block_padding,malicious_obfuscated,malicious_obfuscated,1,0.0274,0.0237,0.9490
2200,port_scan,none,malicious_plain,malicious_plain,1,0.0344,0.8296,0.1360
2201,c2_beacon,block_padding+constant_rate_shaping,malicious_obfuscated,malicious_obfuscated,1,0.1789,0.0048,0.8164
2202,c2_beacon,protocol_mimicry+fragmentation+constant_rate_shaping,malicious_obfuscated,malicious_obfuscated,1,0.0191,0.0058,0.9752
2203,reverse_shell,tunnel_encapsulation,malicious_obfuscated,malicious_obfuscated,1,0.0587,0.0131,0.9282
2204,file_download,none,benign,benign,1,0.9666,0.0185,0.0148
2205,video_streaming,none,benign,benign,1,0.9729,0.0184,0.0087
2206,reverse_shell,protocol_mimicry+constant_rate_shaping+tunnel_encapsulation,malicious_obfuscated,malicious_obfuscated,1,0.0577,0.0222,0.9202
2207,brute_force,fragmentation+random_padding,malicious_obfuscated,malicious_obfuscated,1,0.0576,0.0112,0.9313
2208,port_scan,protocol_mimicry,malicious_obfuscated,malicious_obfuscated,1,0.0104,0.0056,0.9840
2209,port_scan,protocol_mimicry,malicious_obfuscated,malicious_obfuscated,1,0.0171,0.0067,0.9762
2210,reverse_shell,constant_rate_shaping,malicious_obfuscated,malicious_obfuscated,1,0.2710,0.0081,0.7209
2211,reverse_shell,none,malicious_plain,malicious_plain,1,0.0227,0.9635,0.0138
2212,data_exfiltration,none,malicious_plain,malicious_plain,1,0.0139,0.9580,0.0282
2213,video_streaming,none,benign,benign,1,0.9461,0.0441,0.0098
2214,reverse_shell,block_padding+random_padding+tunnel_encapsulation,malicious_obfuscated,malicious_obfuscated,1,0.0570,0.0065,0.9364
2215,data_exfiltration,protocol_mimicry+fragmentation+timing_jitter,malicious_obfuscated,malicious_obfuscated,1,0.0294,0.0104,0.9603
2216,ddos_flood,none,malicious_plain,malicious_plain,1,0.0067,0.9315,0.0619
2217,ddos_flood,protocol_mimicry,malicious_obfuscated,malicious_obfuscated,1,0.0211,0.0091,0.9697
2218,brute_force,none,malicious_plain,malicious_plain,1,0.0231,0.7427,0.2341
2219,file_download,protocol_mimicry+fragmentation+timing_jitter,benign,benign,1,0.6117,0.0473,0.3410
2220,brute_force,none,malicious_plain,malicious_plain,1,0.0097,0.9367,0.0536
2221,c2_beacon,none,malicious_plain,malicious_plain,1,0.0051,0.9433,0.0515
2222,file_download,none,benign,benign,1,0.9657,0.0174,0.0169
2223,reverse_shell,protocol_mimicry+tunnel_encapsulation,malicious_obfuscated,benign,0,0.8326,0.0098,0.1577
2224,c2_beacon,none,malicious_plain,malicious_plain,1,0.0101,0.9001,0.0898
2225,data_exfiltration,constant_rate_shaping+tunnel_encapsulation,malicious_obfuscated,malicious_obfuscated,1,0.0229,0.0047,0.9724
2226,port_scan,fragmentation+tunnel_encapsulation,malicious_obfuscated,malicious_obfuscated,1,0.0331,0.0287,0.9382
2227,video_streaming,block_padding+dummy_injection+constant_rate_shaping,benign,benign,1,0.9731,0.0121,0.0148
2228,web_browsing,block_padding+timing_jitter+constant_rate_shaping,benign,malicious_obfuscated,0,0.3267,0.0195,0.6537
2229,port_scan,none,malicious_plain,malicious_plain,1,0.0253,0.8514,0.1233
2230,brute_force,block_padding,malicious_obfuscated,malicious_obfuscated,1,0.0286,0.0102,0.9611
2231,data_exfiltration,none,malicious_plain,malicious_plain,1,0.0112,0.9689,0.0198
2232,voip,tunnel_encapsulation,benign,benign,1,0.8547,0.0126,0.1328
2233,brute_force,fragmentation+timing_jitter+tunnel_encapsulation,malicious_obfuscated,malicious_obfuscated,1,0.0772,0.0205,0.9023
2234,c2_beacon,none,malicious_plain,malicious_plain,1,0.0056,0.9292,0.0652
2235,ddos_flood,none,malicious_plain,malicious_plain,1,0.0078,0.9582,0.0340
2236,video_streaming,none,benign,benign,1,0.9694,0.0202,0.0104
2237,port_scan,random_padding,malicious_obfuscated,malicious_obfuscated,1,0.0354,0.0228,0.9418
2238,ddos_flood,block_padding,malicious_obfuscated,malicious_plain,0,0.0066,0.9511,0.0423
2239,reverse_shell,protocol_mimicry+timing_jitter,malicious_obfuscated,malicious_obfuscated,1,0.0726,0.0037,0.9236
2240,file_download,none,benign,benign,1,0.9654,0.0155,0.0191
2241,web_browsing,fragmentation+constant_rate_shaping+tunnel_encapsulation,benign,malicious_obfuscated,0,0.1093,0.0092,0.8815
2242,video_streaming,none,benign,benign,1,0.9725,0.0135,0.0140
2243,ssh_interactive,fragmentation+random_padding,benign,benign,1,0.8358,0.0238,0.1403
2244,ddos_flood,timing_jitter+tunnel_encapsulation,malicious_obfuscated,malicious_obfuscated,1,0.0181,0.0100,0.9720
2245,reverse_shell,none,malicious_plain,malicious_plain,1,0.0078,0.9562,0.0360
2246,video_streaming,none,benign,benign,1,0.9678,0.0197,0.0125
2247,reverse_shell,fragmentation+block_padding+constant_rate_shaping,malicious_obfuscated,malicious_obfuscated,1,0.3626,0.0146,0.6228
2248,c2_beacon,none,malicious_plain,malicious_plain,1,0.0088,0.9020,0.0891
2249,ssh_interactive,none,benign,benign,1,0.9677,0.0157,0.0166
2250,web_browsing,none,benign,benign,1,0.9737,0.0163,0.0101
2251,ddos_flood,none,malicious_plain,malicious_plain,1,0.0082,0.9491,0.0428
2252,ddos_flood,fragmentation,malicious_obfuscated,malicious_plain,0,0.0106,0.8531,0.1364
2253,port_scan,none,malicious_plain,malicious_plain,1,0.0156,0.9452,0.0392
2254,c2_beacon,protocol_mimicry+fragmentation+block_padding,malicious_obfuscated,malicious_obfuscated,1,0.0832,0.0043,0.9126
2255,voip,block_padding+random_padding+timing_jitter,benign,malicious_obfuscated,0,0.3757,0.0041,0.6202
2256,data_exfiltration,none,malicious_plain,malicious_plain,1,0.0124,0.9656,0.0220
2257,brute_force,none,malicious_plain,malicious_plain,1,0.0282,0.8921,0.0797
2258,voip,none,benign,benign,1,0.9194,0.0107,0.0699
2259,ddos_flood,none,malicious_plain,malicious_plain,1,0.0094,0.8828,0.1078
2260,reverse_shell,random_padding+dummy_injection+constant_rate_shaping,malicious_obfuscated,benign,0,0.5048,0.0055,0.4897
2261,voip,none,benign,benign,1,0.9711,0.0082,0.0206
2262,brute_force,protocol_mimicry+fragmentation,malicious_obfuscated,malicious_obfuscated,1,0.0763,0.0133,0.9104
2263,data_exfiltration,none,malicious_plain,malicious_plain,1,0.0121,0.9659,0.0220
2264,voip,fragmentation+dummy_injection+tunnel_encapsulation,benign,benign,1,0.5379,0.0124,0.4497
2265,reverse_shell,protocol_mimicry,malicious_obfuscated,malicious_obfuscated,1,0.0710,0.0606,0.8683
2266,web_browsing,none,benign,benign,1,0.9620,0.0160,0.0220
2267,c2_beacon,none,malicious_plain,malicious_plain,1,0.0033,0.9557,0.0409
2268,ddos_flood,none,malicious_plain,malicious_plain,1,0.0081,0.9537,0.0382
2269,port_scan,fragmentation+dummy_injection+timing_jitter,malicious_obfuscated,malicious_obfuscated,1,0.1049,0.0549,0.8401
2270,reverse_shell,none,malicious_plain,malicious_plain,1,0.0033,0.9804,0.0163
2271,ddos_flood,protocol_mimicry+dummy_injection,malicious_obfuscated,malicious_obfuscated,1,0.0345,0.0115,0.9541
2272,reverse_shell,none,malicious_plain,malicious_plain,1,0.0742,0.7446,0.1812
2273,brute_force,constant_rate_shaping,malicious_obfuscated,malicious_obfuscated,1,0.2255,0.0437,0.7308
2274,voip,none,benign,benign,1,0.9310,0.0102,0.0588
2275,ddos_flood,none,malicious_plain,malicious_plain,1,0.0069,0.9563,0.0367
2276,dns_query,constant_rate_shaping,benign,malicious_obfuscated,0,0.1889,0.0033,0.8078
2277,ssh_interactive,tunnel_encapsulation,benign,benign,1,0.9685,0.0125,0.0190
2278,data_exfiltration,fragmentation+block_padding,malicious_obfuscated,malicious_obfuscated,1,0.0278,0.0110,0.9612
2279,ssh_interactive,random_padding+timing_jitter+tunnel_encapsulation,benign,benign,1,0.8291,0.0186,0.1523
2280,ssh_interactive,none,benign,benign,1,0.9778,0.0129,0.0093
2281,c2_beacon,random_padding+timing_jitter,malicious_obfuscated,malicious_plain,0,0.0234,0.6609,0.3158
2282,reverse_shell,none,malicious_plain,malicious_plain,1,0.2873,0.4045,0.3082
2283,port_scan,none,malicious_plain,malicious_plain,1,0.0152,0.9458,0.0390
2284,web_browsing,none,benign,benign,1,0.6992,0.2572,0.0436
2285,port_scan,constant_rate_shaping,malicious_obfuscated,malicious_obfuscated,1,0.0290,0.0186,0.9524
2286,web_browsing,protocol_mimicry+random_padding+tunnel_encapsulation,benign,malicious_obfuscated,0,0.0235,0.0147,0.9618
2287,data_exfiltration,protocol_mimicry+fragmentation+timing_jitter,malicious_obfuscated,malicious_obfuscated,1,0.0193,0.0054,0.9753
2288,voip,none,benign,benign,1,0.9371,0.0105,0.0524
2289,reverse_shell,none,malicious_plain,malicious_plain,1,0.0454,0.9283,0.0263
2290,file_download,none,benign,benign,1,0.9664,0.0164,0.0172
2291,port_scan,block_padding+timing_jitter+constant_rate_shaping,malicious_obfuscated,malicious_obfuscated,1,0.1983,0.0035,0.7982
2292,brute_force,protocol_mimicry,malicious_obfuscated,malicious_obfuscated,1,0.2647,0.0223,0.7130
2293,port_scan,none,malicious_plain,malicious_plain,1,0.0190,0.9269,0.0540
2294,port_scan,none,malicious_plain,malicious_plain,1,0.0203,0.9039,0.0758
2295,ssh_interactive,none,benign,benign,1,0.9757,0.0090,0.0152
2296,data_exfiltration,none,malicious_plain,malicious_plain,1,0.0123,0.9612,0.0265
2297,ddos_flood,none,malicious_plain,malicious_plain,1,0.0069,0.9501,0.0430
2298,file_download,none,benign,benign,1,0.9676,0.0197,0.0127
2299,ssh_interactive,none,benign,benign,1,0.9732,0.0116,0.0151
2300,brute_force,block_padding,malicious_obfuscated,malicious_plain,0,0.0318,0.8317,0.1365
2301,video_streaming,none,benign,benign,1,0.9722,0.0171,0.0107
2302,port_scan,none,malicious_plain,malicious_plain,1,0.0175,0.9475,0.0350
2303,ddos_flood,dummy_injection,malicious_obfuscated,malicious_obfuscated,1,0.0231,0.0044,0.9725
2304,port_scan,fragmentation+random_padding+timing_jitter,malicious_obfuscated,malicious_obfuscated,1,0.0249,0.0130,0.9621
2305,file_download,dummy_injection,benign,benign,1,0.9878,0.0063,0.0059
2306,voip,none,benign,benign,1,0.9275,0.0107,0.0618
2307,ssh_interactive,none,benign,benign,1,0.9787,0.0108,0.0105
2308,port_scan,none,malicious_plain,malicious_plain,1,0.0227,0.8944,0.0829
2309,web_browsing,fragmentation+constant_rate_shaping,benign,malicious_obfuscated,0,0.1370,0.0053,0.8577
2310,brute_force,none,malicious_plain,malicious_plain,1,0.0086,0.9561,0.0354
2311,ssh_interactive,none,benign,benign,1,0.9753,0.0134,0.0113
2312,video_streaming,none,benign,benign,1,0.9716,0.0172,0.0113
2313,file_download,none,benign,benign,1,0.9759,0.0146,0.0096
2314,voip,none,benign,benign,1,0.9637,0.0100,0.0263
2315,port_scan,protocol_mimicry+block_padding,malicious_obfuscated,malicious_obfuscated,1,0.0100,0.0069,0.9832
2316,brute_force,constant_rate_shaping+tunnel_encapsulation,malicious_obfuscated,benign,0,0.5296,0.0233,0.4471
2317,ddos_flood,constant_rate_shaping,malicious_obfuscated,malicious_obfuscated,1,0.0173,0.0205,0.9621
2318,brute_force,protocol_mimicry+fragmentation+block_padding,malicious_obfuscated,malicious_obfuscated,1,0.0190,0.0137,0.9673
2319,c2_beacon,protocol_mimicry+block_padding,malicious_obfuscated,malicious_obfuscated,1,0.0415,0.0288,0.9297
2320,reverse_shell,none,malicious_plain,benign,0,0.3722,0.2686,0.3592
2321,data_exfiltration,protocol_mimicry+dummy_injection+timing_jitter,malicious_obfuscated,malicious_obfuscated,1,0.1075,0.3025,0.5900
2322,port_scan,block_padding+timing_jitter+constant_rate_shaping,malicious_obfuscated,malicious_obfuscated,1,0.1281,0.0239,0.8480
2323,c2_beacon,tunnel_encapsulation,malicious_obfuscated,malicious_plain,0,0.0145,0.8688,0.1167
2324,file_download,none,benign,benign,1,0.9675,0.0199,0.0126
2325,ssh_interactive,tunnel_encapsulation,benign,benign,1,0.9631,0.0114,0.0255
2326,c2_beacon,tunnel_encapsulation,malicious_obfuscated,malicious_obfuscated,1,0.0337,0.1241,0.8422
2327,file_download,none,benign,benign,1,0.9656,0.0180,0.0164
2328,dns_query,block_padding+random_padding+tunnel_encapsulation,benign,benign,1,0.3588,0.3369,0.3043
2329,brute_force,random_padding+constant_rate_shaping,malicious_obfuscated,malicious_plain,0,0.1090,0.4511,0.4399
2330,reverse_shell,none,malicious_plain,malicious_plain,1,0.0420,0.8131,0.1449
2331,c2_beacon,fragmentation+random_padding+constant_rate_shaping,malicious_obfuscated,malicious_obfuscated,1,0.3212,0.0352,0.6436
2332,ssh_interactive,protocol_mimicry+fragmentation+timing_jitter,benign,malicious_obfuscated,0,0.0738,0.0023,0.9239
2333,port_scan,block_padding+random_padding+dummy_injection,malicious_obfuscated,malicious_obfuscated,1,0.0490,0.0016,0.9495
2334,port_scan,none,malicious_plain,malicious_plain,1,0.0126,0.9587,0.0287
2335,video_streaming,none,benign,benign,1,0.9713,0.0189,0.0098
2336,brute_force,none,malicious_plain,malicious_plain,1,0.0314,0.8757,0.0929
2337,data_exfiltration,none,malicious_plain,malicious_plain,1,0.0122,0.9629,0.0249
2338,ssh_interactive,constant_rate_shaping+tunnel_encapsulation,benign,benign,1,0.7267,0.0129,0.2604
2339,port_scan,fragmentation+dummy_injection+timing_jitter,malicious_obfuscated,malicious_obfuscated,1,0.0683,0.0181,0.9135
2340,brute_force,none,malicious_plain,malicious_plain,1,0.0117,0.8990,0.0893
2341,file_download,none,benign,benign,1,0.9655,0.0190,0.0155
2342,port_scan,block_padding,malicious_obfuscated,malicious_plain,0,0.0307,0.5092,0.4600
2343,file_download,random_padding+timing_jitter,benign,benign,1,0.9601,0.0125,0.0274
2344,ddos_flood,timing_jitter,malicious_obfuscated,malicious_obfuscated,1,0.0204,0.0075,0.9721
2345,brute_force,none,malicious_plain,malicious_plain,1,0.0312,0.7595,0.2093
2346,ssh_interactive,none,benign,benign,1,0.9825,0.0105,0.0070
2347,web_browsing,none,benign,benign,1,0.9716,0.0148,0.0136
2348,ddos_flood,none,malicious_plain,malicious_plain,1,0.0087,0.9496,0.0416
2349,file_download,none,benign,benign,1,0.9665,0.0202,0.0134
2350,reverse_shell,dummy_injection+timing_jitter,malicious_obfuscated,benign,0,0.8257,0.0121,0.1622
2351,ddos_flood,fragmentation+block_padding+random_padding,malicious_obfuscated,malicious_obfuscated,1,0.0272,0.0195,0.9533
2352,brute_force,dummy_injection+tunnel_encapsulation,malicious_obfuscated,malicious_obfuscated,1,0.1961,0.0118,0.7920
2353,reverse_shell,fragmentation+tunnel_encapsulation,malicious_obfuscated,malicious_obfuscated,1,0.0768,0.0692,0.8541
2354,video_streaming,none,benign,benign,1,0.9694,0.0217,0.0089
2355,file_download,random_padding+tunnel_encapsulation,benign,benign,1,0.9620,0.0115,0.0265
2356,ssh_interactive,fragmentation+dummy_injection+timing_jitter,benign,benign,1,0.6335,0.0224,0.3441
2357,ddos_flood,protocol_mimicry+dummy_injection,malicious_obfuscated,malicious_obfuscated,1,0.0314,0.0114,0.9573
2358,brute_force,none,malicious_plain,malicious_plain,1,0.0110,0.9218,0.0672
2359,c2_beacon,protocol_mimicry+tunnel_encapsulation,malicious_obfuscated,benign,0,0.6912,0.0281,0.2807
2360,file_download,protocol_mimicry+constant_rate_shaping,benign,benign,1,0.9681,0.0221,0.0098
2361,voip,none,benign,benign,1,0.9508,0.0088,0.0404
2362,data_exfiltration,none,malicious_plain,malicious_plain,1,0.0144,0.9505,0.0351
2363,data_exfiltration,protocol_mimicry,malicious_obfuscated,malicious_obfuscated,1,0.0147,0.0029,0.9823
2364,data_exfiltration,none,malicious_plain,malicious_plain,1,0.0102,0.9760,0.0138
2365,ssh_interactive,none,benign,benign,1,0.9817,0.0122,0.0061
2366,data_exfiltration,none,malicious_plain,malicious_plain,1,0.0118,0.9663,0.0219
2367,port_scan,none,malicious_plain,malicious_plain,1,0.0151,0.9509,0.0340
2368,file_download,none,benign,benign,1,0.9655,0.0185,0.0161
2369,reverse_shell,none,malicious_plain,malicious_plain,1,0.0284,0.7798,0.1918
2370,ddos_flood,none,malicious_plain,malicious_plain,1,0.0068,0.9499,0.0433
2371,voip,protocol_mimicry+constant_rate_shaping,benign,malicious_obfuscated,0,0.0789,0.0110,0.9101
2372,ssh_interactive,none,benign,benign,1,0.9761,0.0136,0.0103
2373,voip,none,benign,benign,1,0.9563,0.0086,0.0350
2374,ssh_interactive,block_padding+constant_rate_shaping,benign,benign,1,0.5615,0.0064,0.4321
2375,reverse_shell,none,malicious_plain,malicious_plain,1,0.0072,0.9604,0.0324
2376,reverse_shell,none,malicious_plain,malicious_plain,1,0.0498,0.8529,0.0972
2377,data_exfiltration,none,malicious_plain,malicious_plain,1,0.0128,0.9631,0.0241
2378,c2_beacon,dummy_injection+timing_jitter,malicious_obfuscated,malicious_obfuscated,1,0.0483,0.0063,0.9454
2379,brute_force,fragmentation,malicious_obfuscated,malicious_obfuscated,1,0.0866,0.0195,0.8939
2380,port_scan,protocol_mimicry,malicious_obfuscated,malicious_obfuscated,1,0.0150,0.0263,0.9587
2381,reverse_shell,none,malicious_plain,malicious_plain,1,0.0462,0.8140,0.1398
2382,web_browsing,none,benign,benign,1,0.9664,0.0225,0.0111
2383,ssh_interactive,constant_rate_shaping,benign,benign,1,0.8484,0.0097,0.1419
2384,web_browsing,random_padding,benign,benign,1,0.8255,0.0424,0.1321
2385,brute_force,protocol_mimicry+dummy_injection,malicious_obfuscated,malicious_obfuscated,1,0.0377,0.0184,0.9440
2386,reverse_shell,block_padding+timing_jitter+constant_rate_shaping,malicious_obfuscated,malicious_obfuscated,1,0.2895,0.0089,0.7016
2387,port_scan,none,malicious_plain,malicious_plain,1,0.0236,0.8885,0.0879
2388,reverse_shell,random_padding,malicious_obfuscated,malicious_plain,0,0.0401,0.7891,0.1708
2389,port_scan,fragmentation+timing_jitter+tunnel_encapsulation,malicious_obfuscated,malicious_obfuscated,1,0.0295,0.0090,0.9615
2390,ddos_flood,fragmentation+block_padding+timing_jitter,malicious_obfuscated,malicious_obfuscated,1,0.0300,0.0076,0.9624
2391,ssh_interactive,none,benign,benign,1,0.9820,0.0116,0.0064
2392,ddos_flood,none,malicious_plain,malicious_plain,1,0.0069,0.9497,0.0434
2393,ssh_interactive,none,benign,benign,1,0.9736,0.0108,0.0156
2394,voip,none,benign,benign,1,0.9486,0.0104,0.0411
2395,ddos_flood,dummy_injection,malicious_obfuscated,malicious_obfuscated,1,0.0086,0.0177,0.9737
2396,voip,none,benign,benign,1,0.9694,0.0084,0.0223
2397,file_download,none,benign,benign,1,0.9699,0.0190,0.0110
2398,port_scan,none,malicious_plain,malicious_plain,1,0.0184,0.9222,0.0593
2399,c2_beacon,protocol_mimicry+random_padding,malicious_obfuscated,malicious_obfuscated,1,0.1157,0.0149,0.8695
2400,voip,none,benign,benign,1,0.9644,0.0102,0.0254
2401,ddos_flood,none,malicious_plain,malicious_plain,1,0.0071,0.9422,0.0506
2402,port_scan,none,malicious_plain,malicious_plain,1,0.0216,0.8897,0.0887
2403,file_download,none,benign,benign,1,0.9561,0.0234,0.0205
2404,web_browsing,none,benign,benign,1,0.9579,0.0234,0.0187
2405,c2_beacon,protocol_mimicry+tunnel_encapsulation,malicious_obfuscated,benign,0,0.6113,0.0176,0.3710
2406,c2_beacon,none,malicious_plain,malicious_plain,1,0.0101,0.8903,0.0996
2407,port_scan,none,malicious_plain,malicious_plain,1,0.0169,0.9316,0.0515
2408,ddos_flood,none,malicious_plain,malicious_plain,1,0.0077,0.9365,0.0558
2409,reverse_shell,block_padding+dummy_injection+constant_rate_shaping,malicious_obfuscated,benign,0,0.9411,0.0254,0.0335
2410,brute_force,none,malicious_plain,malicious_plain,1,0.0089,0.9536,0.0375
2411,port_scan,none,malicious_plain,malicious_plain,1,0.0168,0.9451,0.0381
2412,data_exfiltration,none,malicious_plain,malicious_plain,1,0.0132,0.9619,0.0249
2413,reverse_shell,random_padding+timing_jitter,malicious_obfuscated,malicious_obfuscated,1,0.0325,0.0420,0.9255
2414,brute_force,none,malicious_plain,malicious_plain,1,0.0161,0.8692,0.1147
2415,video_streaming,timing_jitter,benign,benign,1,0.9593,0.0132,0.0275
2416,web_browsing,fragmentation+block_padding+random_padding,benign,benign,1,0.8122,0.0112,0.1767
2417,reverse_shell,constant_rate_shaping,malicious_obfuscated,malicious_obfuscated,1,0.2837,0.0084,0.7080
2418,voip,fragmentation+tunnel_encapsulation,benign,malicious_obfuscated,0,0.0790,0.0254,0.8956
2419,port_scan,none,malicious_plain,malicious_plain,1,0.0141,0.9318,0.0540
2420,file_download,none,benign,benign,1,0.9577,0.0256,0.0167
2421,c2_beacon,random_padding,malicious_obfuscated,malicious_obfuscated,1,0.0209,0.0267,0.9524
2422,data_exfiltration,none,malicious_plain,malicious_plain,1,0.0130,0.9623,0.0247
2423,reverse_shell,none,malicious_plain,malicious_plain,1,0.0035,0.9858,0.0107
2424,video_streaming,fragmentation,benign,benign,1,0.8977,0.0133,0.0890
2425,data_exfiltration,block_padding+random_padding+tunnel_encapsulation,malicious_obfuscated,malicious_obfuscated,1,0.0219,0.0053,0.9729
2426,port_scan,none,malicious_plain,malicious_plain,1,0.0270,0.8929,0.0801
2427,web_browsing,protocol_mimicry,benign,benign,1,0.9562,0.0084,0.0354
2428,port_scan,none,malicious_plain,malicious_plain,1,0.0162,0.9157,0.0681
2429,port_scan,block_padding+dummy_injection+timing_jitter,malicious_obfuscated,malicious_obfuscated,1,0.0575,0.0040,0.9385
2430,brute_force,constant_rate_shaping,malicious_obfuscated,malicious_obfuscated,1,0.2425,0.0247,0.7328
2431,brute_force,none,malicious_plain,malicious_plain,1,0.0105,0.9305,0.0590
2432,voip,none,benign,benign,1,0.9522,0.0087,0.0390
2433,web_browsing,fragmentation+timing_jitter+tunnel_encapsulation,benign,malicious_obfuscated,0,0.1964,0.0072,0.7965
2434,voip,none,benign,benign,1,0.9111,0.0109,0.0779
2435,voip,none,benign,benign,1,0.9323,0.0097,0.0580
2436,reverse_shell,none,malicious_plain,malicious_plain,1,0.0779,0.8951,0.0270
2437,file_download,none,benign,benign,1,0.9617,0.0211,0.0173
2438,ssh_interactive,none,benign,benign,1,0.9782,0.0122,0.0096
2439,ddos_flood,none,malicious_plain,malicious_plain,1,0.0111,0.8721,0.1169
2440,c2_beacon,none,malicious_plain,malicious_plain,1,0.0034,0.9633,0.0333
2441,voip,none,benign,benign,1,0.9466,0.0103,0.0430
2442,voip,timing_jitter,benign,benign,1,0.8927,0.0379,0.0694
2443,ddos_flood,protocol_mimicry+timing_jitter,malicious_obfuscated,malicious_obfuscated,1,0.0132,0.0051,0.9817
2444,web_browsing,none,benign,benign,1,0.9781,0.0161,0.0058
2445,web_browsing,none,benign,benign,1,0.9630,0.0163,0.0207
2446,port_scan,dummy_injection+timing_jitter,malicious_obfuscated,malicious_obfuscated,1,0.0675,0.0669,0.8655
2447,video_streaming,none,benign,benign,1,0.9709,0.0182,0.0109
2448,web_browsing,block_padding+tunnel_encapsulation,benign,benign,1,0.9323,0.0100,0.0576
2449,port_scan,none,malicious_plain,malicious_plain,1,0.0149,0.9519,0.0332
2450,file_download,none,benign,benign,1,0.9653,0.0172,0.0174
2451,c2_beacon,protocol_mimicry+block_padding+timing_jitter,malicious_obfuscated,malicious_obfuscated,1,0.0679,0.0240,0.9081
2452,c2_beacon,timing_jitter,malicious_obfuscated,malicious_plain,0,0.0092,0.8624,0.1284
2453,brute_force,protocol_mimicry+block_padding+dummy_injection,malicious_obfuscated,benign,0,0.8601,0.0149,0.1250
2454,web_browsing,none,benign,malicious_plain,0,0.1098,0.7251,0.1651
2455,file_download,constant_rate_shaping,benign,benign,1,0.9213,0.0672,0.0115
2456,data_exfiltration,none,malicious_plain,malicious_plain,1,0.0106,0.9737,0.0157
2457,reverse_shell,none,malicious_plain,malicious_plain,1,0.0104,0.9756,0.0140
2458,brute_force,none,malicious_plain,malicious_plain,1,0.0406,0.5394,0.4200
2459,video_streaming,fragmentation,benign,benign,1,0.7831,0.0050,0.2119
2460,web_browsing,none,benign,benign,1,0.9647,0.0186,0.0167
2461,ddos_flood,block_padding+dummy_injection+tunnel_encapsulation,malicious_obfuscated,malicious_obfuscated,1,0.0198,0.0078,0.9725
2462,brute_force,none,malicious_plain,malicious_plain,1,0.0168,0.9217,0.0615
2463,web_browsing,none,benign,benign,1,0.9675,0.0151,0.0174
2464,ddos_flood,constant_rate_shaping,malicious_obfuscated,malicious_obfuscated,1,0.0144,0.0166,0.9690
2465,brute_force,none,malicious_plain,malicious_plain,1,0.0479,0.8562,0.0959
2466,port_scan,protocol_mimicry+random_padding,malicious_obfuscated,malicious_obfuscated,1,0.0257,0.0145,0.9598
2467,brute_force,none,malicious_plain,malicious_plain,1,0.0124,0.8805,0.1072
2468,port_scan,none,malicious_plain,malicious_plain,1,0.0159,0.9418,0.0422
2469,ddos_flood,fragmentation,malicious_obfuscated,malicious_plain,0,0.0073,0.9592,0.0335
2470,ddos_flood,random_padding,malicious_obfuscated,malicious_obfuscated,1,0.0246,0.0381,0.9373
2471,c2_beacon,none,malicious_plain,malicious_plain,1,0.0037,0.9499,0.0463
2472,reverse_shell,protocol_mimicry+tunnel_encapsulation,malicious_obfuscated,malicious_obfuscated,1,0.1656,0.0226,0.8118
2473,brute_force,none,malicious_plain,malicious_plain,1,0.0347,0.6792,0.2861
2474,video_streaming,none,benign,benign,1,0.9745,0.0161,0.0094
2475,port_scan,protocol_mimicry+fragmentation,malicious_obfuscated,malicious_obfuscated,1,0.0167,0.0063,0.9771
2476,c2_beacon,block_padding+random_padding+timing_jitter,malicious_obfuscated,malicious_obfuscated,1,0.0168,0.0171,0.9661
2477,voip,protocol_mimicry+dummy_injection+timing_jitter,benign,benign,1,0.9014,0.0071,0.0915
2478,data_exfiltration,none,malicious_plain,malicious_plain,1,0.0133,0.9618,0.0248
2479,c2_beacon,none,malicious_plain,malicious_plain,1,0.0019,0.9728,0.0253
2480,reverse_shell,none,malicious_plain,malicious_plain,1,0.0222,0.7955,0.1823
2481,web_browsing,none,benign,benign,1,0.9825,0.0105,0.0069
2482,brute_force,block_padding+random_padding,malicious_obfuscated,malicious_obfuscated,1,0.0476,0.0564,0.8959
2483,brute_force,none,malicious_plain,malicious_plain,1,0.0083,0.9373,0.0543
2484,c2_beacon,none,malicious_plain,malicious_plain,1,0.0034,0.9709,0.0258
2485,c2_beacon,none,malicious_plain,malicious_plain,1,0.0115,0.8134,0.1751
2486,port_scan,none,malicious_plain,malicious_plain,1,0.0182,0.9239,0.0580
2487,voip,timing_jitter+constant_rate_shaping,benign,malicious_obfuscated,0,0.3049,0.0216,0.6734
2488,ddos_flood,protocol_mimicry+fragmentation,malicious_obfuscated,malicious_obfuscated,1,0.0093,0.0051,0.9856
2489,video_streaming,block_padding,benign,benign,1,0.9800,0.0108,0.0092
2490,port_scan,constant_rate_shaping,malicious_obfuscated,malicious_obfuscated,1,0.0102,0.0110,0.9788
2491,brute_force,none,malicious_plain,malicious_plain,1,0.0154,0.8803,0.1044
2492,data_exfiltration,none,malicious_plain,malicious_plain,1,0.0187,0.9151,0.0662
2493,data_exfiltration,tunnel_encapsulation,malicious_obfuscated,malicious_obfuscated,1,0.0168,0.0059,0.9773
2494,data_exfiltration,block_padding+random_padding+tunnel_encapsulation,malicious_obfuscated,malicious_obfuscated,1,0.0225,0.0072,0.9702
2495,file_download,timing_jitter,benign,benign,1,0.9531,0.0129,0.0341
2496,brute_force,tunnel_encapsulation,malicious_obfuscated,malicious_obfuscated,1,0.1284,0.0603,0.8113
2497,ssh_interactive,none,benign,benign,1,0.9773,0.0127,0.0100
2498,port_scan,protocol_mimicry+block_padding+constant_rate_shaping,malicious_obfuscated,malicious_obfuscated,1,0.0402,0.0230,0.9367
2499,port_scan,none,malicious_plain,malicious_plain,1,0.0178,0.9384,0.0438
2500,brute_force,none,malicious_plain,malicious_plain,1,0.0117,0.9405,0.0478
2501,ssh_interactive,none,benign,benign,1,0.9771,0.0123,0.0106
2502,port_scan,protocol_mimicry+dummy_injection+constant_rate_shaping,malicious_obfuscated,malicious_obfuscated,1,0.0388,0.0231,0.9381
2503,data_exfiltration,none,malicious_plain,malicious_plain,1,0.0107,0.9744,0.0149
2504,ddos_flood,protocol_mimicry+constant_rate_shaping+tunnel_encapsulation,malicious_obfuscated,malicious_obfuscated,1,0.0132,0.0083,0.9785
2505,port_scan,protocol_mimicry+constant_rate_shaping,malicious_obfuscated,malicious_obfuscated,1,0.4908,0.0024,0.5068
2506,video_streaming,none,benign,benign,1,0.9676,0.0219,0.0105
2507,ssh_interactive,protocol_mimicry+tunnel_encapsulation,benign,benign,1,0.9498,0.0267,0.0235
2508,reverse_shell,random_padding,malicious_obfuscated,malicious_obfuscated,1,0.2185,0.0711,0.7103
2509,port_scan,dummy_injection,malicious_obfuscated,malicious_obfuscated,1,0.0224,0.0071,0.9705
2510,voip,none,benign,benign,1,0.9613,0.0102,0.0286
2511,c2_beacon,none,malicious_plain,malicious_plain,1,0.0044,0.9569,0.0387
2512,file_download,dummy_injection+constant_rate_shaping,benign,benign,1,0.5639,0.0127,0.4234
2513,reverse_shell,none,malicious_plain,malicious_plain,1,0.0173,0.8698,0.1129
2514,voip,none,benign,benign,1,0.8895,0.0115,0.0989
2515,voip,fragmentation+block_padding+tunnel_encapsulation,benign,benign,1,0.9339,0.0118,0.0544
2516,port_scan,constant_rate_shaping,malicious_obfuscated,malicious_obfuscated,1,0.0150,0.0115,0.9735
2517,brute_force,timing_jitter+constant_rate_shaping,malicious_obfuscated,malicious_obfuscated,1,0.2349,0.0026,0.7625
2518,reverse_shell,timing_jitter,malicious_obfuscated,malicious_obfuscated,1,0.0339,0.0998,0.8663
2519,voip,none,benign,benign,1,0.9238,0.0107,0.0655
2520,brute_force,none,malicious_plain,malicious_plain,1,0.0779,0.4687,0.4534
2521,web_browsing,fragmentation+constant_rate_shaping,benign,malicious_obfuscated,0,0.2631,0.0073,0.7297
2522,brute_force,none,malicious_plain,malicious_plain,1,0.0108,0.9257,0.0635
2523,port_scan,none,malicious_plain,malicious_plain,1,0.0164,0.9481,0.0356
2524,reverse_shell,block_padding+timing_jitter+constant_rate_shaping,malicious_obfuscated,benign,0,0.7556,0.0499,0.1945
2525,data_exfiltration,none,malicious_plain,malicious_plain,1,0.0133,0.9554,0.0313
2526,web_browsing,none,benign,benign,1,0.9624,0.0184,0.0192
2527,ddos_flood,protocol_mimicry+block_padding+random_padding,malicious_obfuscated,malicious_obfuscated,1,0.0373,0.0138,0.9490
2528,reverse_shell,random_padding+timing_jitter+constant_rate_shaping,malicious_obfuscated,malicious_obfuscated,1,0.4233,0.0247,0.5520
2529,ddos_flood,none,malicious_plain,malicious_plain,1,0.0072,0.9546,0.0383
2530,file_download,none,benign,benign,1,0.9703,0.0179,0.0117
2531,brute_force,none,malicious_plain,malicious_plain,1,0.0159,0.8610,0.1231
2532,voip,none,benign,benign,1,0.9609,0.0099,0.0293
2533,brute_force,none,malicious_plain,malicious_plain,1,0.0136,0.9288,0.0576
2534,port_scan,protocol_mimicry+timing_jitter+tunnel_encapsulation,malicious_obfuscated,malicious_obfuscated,1,0.0114,0.0072,0.9814
2535,c2_beacon,none,malicious_plain,malicious_plain,1,0.0064,0.9109,0.0828
2536,file_download,none,benign,benign,1,0.9651,0.0217,0.0132
2537,ssh_interactive,none,benign,benign,1,0.9792,0.0139,0.0070
2538,ddos_flood,none,malicious_plain,malicious_plain,1,0.0090,0.9370,0.0540
2539,data_exfiltration,none,malicious_plain,malicious_plain,1,0.0153,0.9415,0.0432
2540,brute_force,none,malicious_plain,malicious_plain,1,0.0132,0.9251,0.0617
2541,file_download,none,benign,benign,1,0.9666,0.0160,0.0174
2542,data_exfiltration,none,malicious_plain,malicious_obfuscated,0,0.0274,0.1738,0.7989
2543,file_download,none,benign,benign,1,0.9744,0.0132,0.0124
2544,file_download,none,benign,benign,1,0.9641,0.0213,0.0146
2545,c2_beacon,dummy_injection,malicious_obfuscated,malicious_obfuscated,1,0.0214,0.0189,0.9597
2546,port_scan,protocol_mimicry+fragmentation+constant_rate_shaping,malicious_obfuscated,benign,0,0.5920,0.0057,0.4023
2547,reverse_shell,none,malicious_plain,malicious_plain,1,0.2611,0.4542,0.2847
2548,dns_query,random_padding+dummy_injection,benign,malicious_obfuscated,0,0.1493,0.2700,0.5807
2549,data_exfiltration,none,malicious_plain,malicious_plain,1,0.0194,0.9087,0.0719
2550,brute_force,fragmentation+timing_jitter+tunnel_encapsulation,malicious_obfuscated,malicious_obfuscated,1,0.0422,0.0056,0.9522
2551,c2_beacon,none,malicious_plain,malicious_plain,1,0.0021,0.9759,0.0220
2552,voip,block_padding+timing_jitter,benign,malicious_obfuscated,0,0.3196,0.2378,0.4426
2553,ddos_flood,random_padding+timing_jitter,malicious_obfuscated,malicious_obfuscated,1,0.0337,0.0110,0.9554
2554,data_exfiltration,protocol_mimicry+random_padding+timing_jitter,malicious_obfuscated,malicious_obfuscated,1,0.0400,0.0096,0.9503
2555,c2_beacon,tunnel_encapsulation,malicious_obfuscated,malicious_plain,0,0.0079,0.8919,0.1002
2556,reverse_shell,none,malicious_plain,malicious_plain,1,0.0028,0.9839,0.0134
2557,port_scan,fragmentation+random_padding,malicious_obfuscated,malicious_obfuscated,1,0.0284,0.0130,0.9586
2558,video_streaming,none,benign,benign,1,0.9727,0.0168,0.0105
2559,port_scan,none,malicious_plain,malicious_plain,1,0.0193,0.9251,0.0556
2560,reverse_shell,none,malicious_plain,malicious_plain,1,0.0241,0.9321,0.0438
2561,brute_force,none,malicious_plain,malicious_plain,1,0.0101,0.9238,0.0661
2562,video_streaming,none,benign,benign,1,0.9717,0.0190,0.0094
2563,voip,none,benign,benign,1,0.9334,0.0106,0.0560
2564,port_scan,none,malicious_plain,malicious_plain,1,0.0213,0.9059,0.0729
2565,brute_force,dummy_injection+constant_rate_shaping,malicious_obfuscated,malicious_obfuscated,1,0.2587,0.0224,0.7189
2566,data_exfiltration,none,malicious_plain,malicious_plain,1,0.0128,0.9635,0.0237
2567,brute_force,none,malicious_plain,malicious_plain,1,0.0147,0.8670,0.1184
2568,file_download,none,benign,benign,1,0.9666,0.0174,0.0160
2569,video_streaming,protocol_mimicry+fragmentation+timing_jitter,benign,benign,1,0.6986,0.0176,0.2838
2570,ddos_flood,none,malicious_plain,malicious_plain,1,0.0063,0.9609,0.0328
2571,voip,none,benign,benign,1,0.9351,0.0103,0.0546
2572,brute_force,none,malicious_plain,malicious_plain,1,0.0115,0.9478,0.0408
2573,port_scan,block_padding,malicious_obfuscated,malicious_obfuscated,1,0.0279,0.0410,0.9311
2574,reverse_shell,timing_jitter,malicious_obfuscated,malicious_obfuscated,1,0.0310,0.0538,0.9152
2575,ddos_flood,none,malicious_plain,malicious_plain,1,0.0144,0.7539,0.2316
2576,video_streaming,none,benign,benign,1,0.9728,0.0167,0.0105
2577,c2_beacon,none,malicious_plain,malicious_plain,1,0.0018,0.9825,0.0157
2578,port_scan,protocol_mimicry+timing_jitter+tunnel_encapsulation,malicious_obfuscated,malicious_obfuscated,1,0.0176,0.0109,0.9715
2579,voip,protocol_mimicry+fragmentation,benign,benign,1,0.7496,0.0154,0.2350
2580,voip,fragmentation+dummy_injection+timing_jitter,benign,malicious_obfuscated,0,0.3669,0.1135,0.5197
2581,ddos_flood,none,malicious_plain,malicious_plain,1,0.0071,0.9547,0.0381
2582,port_scan,none,malicious_plain,malicious_plain,1,0.0200,0.9008,0.0792
2583,ssh_interactive,none,benign,benign,1,0.9822,0.0106,0.0071
2584,data_exfiltration,none,malicious_plain,malicious_plain,1,0.0125,0.9633,0.0241
2585,reverse_shell,block_padding,malicious_obfuscated,benign,0,0.7845,0.0466,0.1689
2586,web_browsing,none,benign,benign,1,0.9695,0.0168,0.0137
2587,data_exfiltration,none,malicious_plain,malicious_plain,1,0.0121,0.9681,0.0198
2588,file_download,none,benign,benign,1,0.9624,0.0219,0.0157
2589,video_streaming,none,benign,benign,1,0.9691,0.0195,0.0115
2590,ddos_flood,none,malicious_plain,malicious_plain,1,0.0078,0.9381,0.0540
2591,ddos_flood,fragmentation+dummy_injection,malicious_obfuscated,malicious_obfuscated,1,0.0098,0.0497,0.9406
2592,voip,none,benign,benign,1,0.9127,0.0110,0.0763
2593,ddos_flood,fragmentation+random_padding+constant_rate_shaping,malicious_obfuscated,malicious_obfuscated,1,0.0184,0.0199,0.9617
2594,video_streaming,block_padding,benign,benign,1,0.9751,0.0149,0.0101
2595,c2_beacon,none,malicious_plain,malicious_plain,1,0.0044,0.9620,0.0336
2596,file_download,none,benign,benign,1,0.9702,0.0186,0.0112
2597,ddos_flood,none,malicious_plain,malicious_plain,1,0.0170,0.6075,0.3755
2598,port_scan,block_padding,malicious_obfuscated,malicious_plain,0,0.0268,0.5181,0.4551
2599,ssh_interactive,constant_rate_shaping,benign,benign,1,0.5558,0.0032,0.4410
2600,reverse_shell,none,malicious_plain,malicious_plain,1,0.0164,0.9280,0.0556
2601,reverse_shell,protocol_mimicry+random_padding,malicious_obfuscated,malicious_obfuscated,1,0.0990,0.0079,0.8931
2602,video_streaming,fragmentation+dummy_injection,benign,benign,1,0.5442,0.0035,0.4522
2603,video_streaming,none,benign,benign,1,0.9744,0.0163,0.0093
2604,reverse_shell,dummy_injection+tunnel_encapsulation,malicious_obfuscated,malicious_obfuscated,1,0.0365,0.0076,0.9560
2605,video_streaming,protocol_mimicry+fragmentation+constant_rate_shaping,benign,malicious_obfuscated,0,0.2417,0.0111,0.7473
2606,web_browsing,timing_jitter,benign,benign,1,0.9634,0.0100,0.0266
2607,file_download,none,benign,benign,1,0.9689,0.0151,0.0160
2608,reverse_shell,none,malicious_plain,benign,0,0.9346,0.0441,0.0213
2609,voip,none,benign,benign,1,0.9307,0.0106,0.0587
2610,data_exfiltration,block_padding+tunnel_encapsulation,malicious_obfuscated,malicious_obfuscated,1,0.0210,0.0089,0.9700
2611,reverse_shell,protocol_mimicry+random_padding+dummy_injection,malicious_obfuscated,malicious_obfuscated,1,0.2926,0.0501,0.6573
2612,port_scan,none,malicious_plain,malicious_plain,1,0.0171,0.9207,0.0622
2613,web_browsing,none,benign,benign,1,0.9618,0.0261,0.0120
2614,c2_beacon,random_padding+dummy_injection+tunnel_encapsulation,malicious_obfuscated,malicious_obfuscated,1,0.0305,0.0061,0.9634
2615,voip,fragmentation,benign,benign,1,0.6408,0.0568,0.3024
2616,c2_beacon,constant_rate_shaping,malicious_obfuscated,malicious_obfuscated,1,0.2852,0.0366,0.6782
2617,port_scan,none,malicious_plain,malicious_plain,1,0.0156,0.9176,0.0669
2618,c2_beacon,none,malicious_plain,malicious_plain,1,0.0107,0.8764,0.1129
2619,ddos_flood,none,malicious_plain,malicious_plain,1,0.0080,0.9583,0.0337
2620,dns_query,constant_rate_shaping,benign,malicious_obfuscated,0,0.1262,0.3333,0.5406
2621,data_exfiltration,protocol_mimicry+fragmentation+dummy_injection,malicious_obfuscated,malicious_obfuscated,1,0.0098,0.0025,0.9878
2622,port_scan,none,malicious_plain,malicious_plain,1,0.0145,0.9556,0.0299
2623,brute_force,block_padding,malicious_obfuscated,malicious_plain,0,0.0291,0.5839,0.3869
2624,file_download,none,benign,benign,1,0.9717,0.0161,0.0122
2625,web_browsing,none,benign,benign,1,0.9771,0.0184,0.0045
2626,c2_beacon,protocol_mimicry+random_padding,malicious_obfuscated,malicious_obfuscated,1,0.0578,0.0062,0.9361
2627,c2_beacon,block_padding+random_padding+constant_rate_shaping,malicious_obfuscated,malicious_obfuscated,1,0.0852,0.0075,0.9073
2628,file_download,fragmentation+block_padding+tunnel_encapsulation,benign,benign,1,0.9370,0.0079,0.0551
2629,file_download,none,benign,benign,1,0.9691,0.0171,0.0138
2630,data_exfiltration,fragmentation+timing_jitter,malicious_obfuscated,malicious_obfuscated,1,0.0359,0.0107,0.9534
2631,video_streaming,fragmentation+block_padding,benign,benign,1,0.9427,0.0157,0.0416
2632,reverse_shell,protocol_mimicry,malicious_obfuscated,malicious_obfuscated,1,0.1275,0.0028,0.8697
2633,data_exfiltration,protocol_mimicry+block_padding+random_padding,malicious_obfuscated,malicious_obfuscated,1,0.0537,0.0052,0.9411
2634,reverse_shell,none,malicious_plain,malicious_plain,1,0.0065,0.9632,0.0303
2635,brute_force,none,malicious_plain,malicious_plain,1,0.0273,0.8915,0.0812
2636,ssh_interactive,fragmentation+dummy_injection+timing_jitter,benign,benign,1,0.6699,0.0358,0.2943
2637,video_streaming,random_padding+dummy_injection,benign,benign,1,0.9753,0.0138,0.0109
2638,c2_beacon,none,malicious_plain,malicious_plain,1,0.0123,0.7295,0.2582
2639,brute_force,timing_jitter,malicious_obfuscated,malicious_obfuscated,1,0.0278,0.0291,0.9431
2640,ddos_flood,none,malicious_plain,malicious_plain,1,0.0068,0.9459,0.0472
2641,ssh_interactive,none,benign,benign,1,0.9833,0.0099,0.0069
2642,ddos_flood,none,malicious_plain,malicious_plain,1,0.0068,0.9440,0.0492
2643,file_download,block_padding,benign,benign,1,0.9694,0.0123,0.0182
2644,brute_force,none,malicious_plain,malicious_plain,1,0.0098,0.8960,0.0942
2645,voip,fragmentation,benign,benign,1,0.9617,0.0085,0.0298
2646,reverse_shell,protocol_mimicry+block_padding+dummy_injection,malicious_obfuscated,malicious_obfuscated,1,0.1857,0.0487,0.7656
2647,reverse_shell,fragmentation+tunnel_encapsulation,malicious_obfuscated,malicious_obfuscated,1,0.0870,0.0025,0.9104
2648,reverse_shell,block_padding+random_padding+timing_jitter,malicious_obfuscated,malicious_obfuscated,1,0.0683,0.0771,0.8546
2649,voip,none,benign,benign,1,0.9696,0.0083,0.0221
2650,data_exfiltration,block_padding+dummy_injection+tunnel_encapsulation,malicious_obfuscated,malicious_obfuscated,1,0.0169,0.0043,0.9788
2651,brute_force,constant_rate_shaping,malicious_obfuscated,malicious_obfuscated,1,0.2489,0.0036,0.7476
2652,voip,block_padding+timing_jitter,benign,benign,1,0.8829,0.0106,0.1064
2653,reverse_shell,timing_jitter,malicious_obfuscated,malicious_obfuscated,1,0.0424,0.1779,0.7797
2654,data_exfiltration,none,malicious_plain,malicious_plain,1,0.0115,0.9679,0.0206
2655,data_exfiltration,none,malicious_plain,malicious_plain,1,0.0141,0.9565,0.0294
2656,ddos_flood,random_padding,malicious_obfuscated,malicious_obfuscated,1,0.0230,0.0215,0.9555
2657,web_browsing,none,benign,benign,1,0.8281,0.0350,0.1369
2658,ddos_flood,none,malicious_plain,malicious_plain,1,0.0070,0.9498,0.0432
2659,port_scan,fragmentation+dummy_injection+constant_rate_shaping,malicious_obfuscated,malicious_obfuscated,1,0.4751,0.0023,0.5226
2660,reverse_shell,none,malicious_plain,malicious_plain,1,0.0176,0.9252,0.0572
2661,c2_beacon,block_padding,malicious_obfuscated,malicious_plain,0,0.0121,0.7226,0.2653
2662,data_exfiltration,block_padding+timing_jitter,malicious_obfuscated,malicious_obfuscated,1,0.0203,0.0095,0.9702
2663,web_browsing,none,benign,benign,1,0.9688,0.0117,0.0194
2664,reverse_shell,none,malicious_plain,malicious_plain,1,0.0031,0.9897,0.0072
2665,file_download,timing_jitter,benign,benign,1,0.9476,0.0125,0.0399
2666,port_scan,none,malicious_plain,malicious_plain,1,0.0145,0.9519,0.0336
2667,brute_force,protocol_mimicry+block_padding,malicious_obfuscated,malicious_obfuscated,1,0.0505,0.0162,0.9332
2668,voip,none,benign,benign,1,0.9408,0.0096,0.0496
2669,data_exfiltration,fragmentation+block_padding+tunnel_encapsulation,malicious_obfuscated,malicious_obfuscated,1,0.0194,0.0103,0.9704
2670,file_download,none,benign,benign,1,0.9672,0.0166,0.0162
2671,reverse_shell,protocol_mimicry+dummy_injection,malicious_obfuscated,benign,0,0.9684,0.0210,0.0106
2672,c2_beacon,none,malicious_plain,malicious_plain,1,0.0109,0.9187,0.0704
2673,port_scan,protocol_mimicry+random_padding+tunnel_encapsulation,malicious_obfuscated,malicious_obfuscated,1,0.0210,0.0209,0.9581
2674,brute_force,dummy_injection+constant_rate_shaping,malicious_obfuscated,malicious_obfuscated,1,0.3022,0.0173,0.6806
2675,brute_force,protocol_mimicry+dummy_injection,malicious_obfuscated,benign,0,0.8285,0.0110,0.1605
2676,video_streaming,none,benign,benign,1,0.9662,0.0228,0.0110
2677,brute_force,protocol_mimicry+tunnel_encapsulation,malicious_obfuscated,malicious_obfuscated,1,0.0200,0.0090,0.9710
2678,ssh_interactive,none,benign,benign,1,0.9793,0.0107,0.0100
2679,voip,none,benign,benign,1,0.9574,0.0100,0.0326
2680,reverse_shell,dummy_injection+timing_jitter+constant_rate_shaping,malicious_obfuscated,benign,0,0.4992,0.0100,0.4908
2681,ddos_flood,fragmentation+block_padding+random_padding,malicious_obfuscated,malicious_obfuscated,1,0.0231,0.0170,0.9599
2682,port_scan,block_padding+constant_rate_shaping+tunnel_encapsulation,malicious_obfuscated,malicious_obfuscated,1,0.0110,0.0087,0.9803
2683,voip,none,benign,benign,1,0.9557,0.0102,0.0342
2684,video_streaming,none,benign,benign,1,0.9739,0.0148,0.0112
2685,reverse_shell,none,malicious_plain,malicious_plain,1,0.0121,0.8969,0.0910
2686,voip,protocol_mimicry+block_padding+constant_rate_shaping,benign,benign,1,0.5638,0.0125,0.4238
2687,video_streaming,block_padding+random_padding,benign,benign,1,0.9801,0.0100,0.0099
2688,reverse_shell,constant_rate_shaping+tunnel_encapsulation,malicious_obfuscated,benign,0,0.5554,0.0127,0.4319
2689,data_exfiltration,none,malicious_plain,malicious_plain,1,0.0117,0.9683,0.0200
2690,data_exfiltration,none,malicious_plain,malicious_plain,1,0.0109,0.9730,0.0161
2691,video_streaming,none,benign,benign,1,0.9681,0.0196,0.0124
2692,ddos_flood,timing_jitter+constant_rate_shaping,malicious_obfuscated,malicious_obfuscated,1,0.0686,0.0158,0.9156
2693,video_streaming,none,benign,benign,1,0.9709,0.0172,0.0119
2694,ssh_interactive,none,benign,benign,1,0.9836,0.0094,0.0070
2695,ddos_flood,fragmentation+block_padding+tunnel_encapsulation,malicious_obfuscated,malicious_obfuscated,1,0.0269,0.0201,0.9529
2696,data_exfiltration,none,malicious_plain,malicious_plain,1,0.0124,0.9628,0.0249
2697,file_download,none,benign,benign,1,0.9688,0.0188,0.0124
2698,video_streaming,none,benign,benign,1,0.9708,0.0177,0.0116
2699,brute_force,timing_jitter,malicious_obfuscated,malicious_obfuscated,1,0.0292,0.0382,0.9325
2700,c2_beacon,dummy_injection+constant_rate_shaping,malicious_obfuscated,malicious_obfuscated,1,0.2202,0.0041,0.7757
2701,ssh_interactive,fragmentation,benign,benign,1,0.9785,0.0068,0.0148
2702,port_scan,timing_jitter,malicious_obfuscated,malicious_obfuscated,1,0.0299,0.0161,0.9540
2703,data_exfiltration,none,malicious_plain,malicious_plain,1,0.0101,0.9765,0.0134
2704,data_exfiltration,none,malicious_plain,malicious_plain,1,0.0112,0.9717,0.0171
2705,ddos_flood,none,malicious_plain,malicious_plain,1,0.0151,0.8508,0.1341
2706,data_exfiltration,none,malicious_plain,malicious_plain,1,0.0146,0.9465,0.0389
2707,reverse_shell,none,malicious_plain,malicious_plain,1,0.0061,0.9708,0.0231
2708,port_scan,none,malicious_plain,malicious_plain,1,0.0222,0.9051,0.0727
2709,file_download,none,benign,benign,1,0.9704,0.0174,0.0122
2710,c2_beacon,none,malicious_plain,malicious_plain,1,0.0217,0.8032,0.1751
2711,ssh_interactive,protocol_mimicry+block_padding+constant_rate_shaping,benign,malicious_obfuscated,0,0.4438,0.0034,0.5527
2712,ddos_flood,none,malicious_plain,malicious_plain,1,0.0069,0.9439,0.0492
2713,brute_force,random_padding+tunnel_encapsulation,malicious_obfuscated,malicious_obfuscated,1,0.0735,0.0035,0.9231
2714,brute_force,random_padding+dummy_injection+timing_jitter,malicious_obfuscated,malicious_obfuscated,1,0.1450,0.0107,0.8443
2715,ddos_flood,none,malicious_plain,malicious_plain,1,0.0068,0.9563,0.0369
2716,port_scan,dummy_injection,malicious_obfuscated,malicious_obfuscated,1,0.0491,0.0235,0.9274
2717,reverse_shell,none,malicious_plain,malicious_plain,1,0.0790,0.8251,0.0959
2718,file_download,block_padding,benign,benign,1,0.9679,0.0142,0.0179
2719,web_browsing,none,benign,benign,1,0.9582,0.0211,0.0207
2720,ddos_flood,none,malicious_plain,malicious_plain,1,0.0076,0.9479,0.0445
2721,brute_force,none,malicious_plain,malicious_plain,1,0.0405,0.8717,0.0878
2722,ddos_flood,block_padding+constant_rate_shaping+tunnel_encapsulation,malicious_obfuscated,malicious_obfuscated,1,0.0109,0.0083,0.9808
2723,ssh_interactive,constant_rate_shaping,benign,benign,1,0.5598,0.0069,0.4333
2724,data_exfiltration,block_padding+random_padding,malicious_obfuscated,malicious_obfuscated,1,0.0211,0.0589,0.9201
2725,file_download,protocol_mimicry+dummy_injection+constant_rate_shaping,benign,malicious_obfuscated,0,0.3201,0.0148,0.6652
2726,video_streaming,none,benign,benign,1,0.9694,0.0189,0.0117
2727,voip,none,benign,benign,1,0.9612,0.0100,0.0288
2728,data_exfiltration,protocol_mimicry+dummy_injection+constant_rate_shaping,malicious_obfuscated,malicious_obfuscated,1,0.0930,0.0053,0.9018
2729,ssh_interactive,block_padding+timing_jitter+tunnel_encapsulation,benign,benign,1,0.8413,0.0383,0.1204
2730,video_streaming,none,benign,benign,1,0.9653,0.0222,0.0125
2731,c2_beacon,none,malicious_plain,malicious_plain,1,0.0023,0.9727,0.0250
2732,voip,none,benign,benign,1,0.9335,0.0095,0.0570
2733,file_download,none,benign,benign,1,0.9672,0.0200,0.0128
2734,file_download,none,benign,benign,1,0.9682,0.0163,0.0155
2735,reverse_shell,none,malicious_plain,malicious_plain,1,0.0288,0.8803,0.0909
2736,ddos_flood,protocol_mimicry+timing_jitter,malicious_obfuscated,malicious_obfuscated,1,0.0105,0.0092,0.9803
2737,web_browsing,none,benign,benign,1,0.9816,0.0114,0.0070
2738,video_streaming,none,benign,benign,1,0.9662,0.0217,0.0120
2739,video_streaming,none,benign,benign,1,0.9650,0.0261,0.0089
2740,dns_query,fragmentation+dummy_injection,benign,malicious_plain,0,0.2282,0.4897,0.2821
2741,port_scan,protocol_mimicry,malicious_obfuscated,malicious_obfuscated,1,0.0161,0.0130,0.9710
2742,port_scan,constant_rate_shaping,malicious_obfuscated,malicious_obfuscated,1,0.0126,0.0205,0.9669
2743,ddos_flood,fragmentation+timing_jitter,malicious_obfuscated,malicious_obfuscated,1,0.0208,0.0068,0.9725
2744,port_scan,none,malicious_plain,malicious_plain,1,0.0163,0.9370,0.0468
2745,ddos_flood,none,malicious_plain,malicious_plain,1,0.0083,0.9595,0.0321
2746,c2_beacon,protocol_mimicry+fragmentation,malicious_obfuscated,malicious_obfuscated,1,0.0283,0.0129,0.9588
2747,voip,none,benign,benign,1,0.9382,0.0104,0.0514
2748,ddos_flood,none,malicious_plain,malicious_plain,1,0.0065,0.9497,0.0438
2749,brute_force,none,malicious_plain,malicious_plain,1,0.0415,0.6445,0.3140
2750,web_browsing,none,benign,benign,1,0.9823,0.0125,0.0052
2751,data_exfiltration,protocol_mimicry,malicious_obfuscated,malicious_obfuscated,1,0.0194,0.0064,0.9742
2752,brute_force,none,malicious_plain,malicious_plain,1,0.0070,0.9403,0.0527
2753,data_exfiltration,none,malicious_plain,malicious_plain,1,0.0120,0.9662,0.0218
2754,file_download,none,benign,benign,1,0.9656,0.0183,0.0160
2755,web_browsing,none,benign,benign,1,0.9668,0.0203,0.0129
2756,reverse_shell,protocol_mimicry+fragmentation,malicious_obfuscated,malicious_obfuscated,1,0.0310,0.0028,0.9661
2757,web_browsing,none,benign,benign,1,0.9780,0.0154,0.0066
2758,brute_force,fragmentation,malicious_obfuscated,malicious_plain,0,0.0080,0.9310,0.0610
2759,reverse_shell,block_padding+random_padding,malicious_obfuscated,malicious_obfuscated,1,0.1216,0.2691,0.6093
2760,data_exfiltration,dummy_injection+timing_jitter+constant_rate_shaping,malicious_obfuscated,malicious_obfuscated,1,0.1195,0.0006,0.8799
2761,brute_force,protocol_mimicry+fragmentation+constant_rate_shaping,malicious_obfuscated,malicious_obfuscated,1,0.0127,0.0070,0.9804
2762,data_exfiltration,none,malicious_plain,malicious_plain,1,0.0122,0.9669,0.0208
2763,reverse_shell,none,malicious_plain,malicious_plain,1,0.0053,0.9763,0.0185
2764,voip,protocol_mimicry+fragmentation+dummy_injection,benign,benign,1,0.7607,0.0086,0.2307
2765,brute_force,fragmentation+constant_rate_shaping+tunnel_encapsulation,malicious_obfuscated,malicious_obfuscated,1,0.4219,0.0205,0.5577
2766,c2_beacon,none,malicious_plain,malicious_plain,1,0.0062,0.8421,0.1517
2767,voip,none,benign,benign,1,0.9659,0.0083,0.0257
2768,data_exfiltration,protocol_mimicry+block_padding+timing_jitter,malicious_obfuscated,malicious_obfuscated,1,0.0187,0.0060,0.9753
2769,data_exfiltration,none,malicious_plain,malicious_plain,1,0.0128,0.9638,0.0234
2770,web_browsing,none,benign,benign,1,0.9801,0.0132,0.0067
2771,brute_force,none,malicious_plain,malicious_plain,1,0.0187,0.8740,0.1073
2772,file_download,none,benign,benign,1,0.9658,0.0184,0.0157
2773,data_exfiltration,random_padding+dummy_injection+timing_jitter,malicious_obfuscated,malicious_obfuscated,1,0.0130,0.0028,0.9842
2774,brute_force,random_padding+tunnel_encapsulation,malicious_obfuscated,malicious_obfuscated,1,0.0990,0.0085,0.8925
2775,data_exfiltration,none,malicious_plain,malicious_plain,1,0.0112,0.9705,0.0184
2776,reverse_shell,none,malicious_plain,malicious_plain,1,0.0080,0.9753,0.0167
2777,web_browsing,none,benign,benign,1,0.9834,0.0074,0.0092
2778,c2_beacon,none,malicious_plain,malicious_plain,1,0.0044,0.9370,0.0586
2779,port_scan,none,malicious_plain,malicious_plain,1,0.0220,0.9156,0.0623
2780,port_scan,fragmentation+random_padding,malicious_obfuscated,malicious_plain,0,0.0326,0.5179,0.4495
2781,ssh_interactive,none,benign,benign,1,0.9575,0.0172,0.0253
2782,ddos_flood,timing_jitter+tunnel_encapsulation,malicious_obfuscated,malicious_obfuscated,1,0.0247,0.0081,0.9671
2783,port_scan,protocol_mimicry+block_padding+random_padding,malicious_obfuscated,malicious_obfuscated,1,0.0312,0.0185,0.9502
2784,data_exfiltration,none,malicious_plain,malicious_plain,1,0.0125,0.9623,0.0252
2785,voip,none,benign,benign,1,0.9680,0.0083,0.0237
2786,voip,block_padding+dummy_injection,benign,malicious_obfuscated,0,0.3379,0.0443,0.6178
2787,reverse_shell,none,malicious_plain,malicious_plain,1,0.0037,0.9871,0.0091
2788,reverse_shell,none,malicious_plain,malicious_plain,1,0.0220,0.9570,0.0210
2789,video_streaming,none,benign,benign,1,0.9688,0.0212,0.0100
2790,ssh_interactive,none,benign,benign,1,0.9826,0.0095,0.0079
2791,reverse_shell,fragmentation+block_padding+tunnel_encapsulation,malicious_obfuscated,malicious_obfuscated,1,0.3918,0.0029,0.6053
2792,file_download,protocol_mimicry+block_padding,benign,benign,1,0.7494,0.0262,0.2244
2793,data_exfiltration,random_padding+tunnel_encapsulation,malicious_obfuscated,malicious_obfuscated,1,0.0210,0.0057,0.9733
2794,brute_force,none,malicious_plain,malicious_plain,1,0.0067,0.9494,0.0439
2795,brute_force,constant_rate_shaping,malicious_obfuscated,malicious_obfuscated,1,0.3136,0.0740,0.6124
2796,reverse_shell,block_padding+dummy_injection+tunnel_encapsulation,malicious_obfuscated,malicious_obfuscated,1,0.0526,0.0054,0.9420
2797,brute_force,fragmentation+dummy_injection+constant_rate_shaping,malicious_obfuscated,malicious_obfuscated,1,0.2704,0.0205,0.7092
2798,ssh_interactive,none,benign,benign,1,0.9834,0.0101,0.0065
2799,reverse_shell,fragmentation+block_padding+dummy_injection,malicious_obfuscated,malicious_obfuscated,1,0.1199,0.0090,0.8711
2800,c2_beacon,fragmentation+random_padding+dummy_injection,malicious_obfuscated,malicious_obfuscated,1,0.0298,0.0019,0.9682
2801,brute_force,none,malicious_plain,malicious_plain,1,0.0336,0.7789,0.1875
2802,data_exfiltration,protocol_mimicry+random_padding,malicious_obfuscated,malicious_obfuscated,1,0.0459,0.0242,0.9299
2803,web_browsing,none,benign,benign,1,0.9718,0.0136,0.0146
2804,ddos_flood,timing_jitter+constant_rate_shaping,malicious_obfuscated,malicious_obfuscated,1,0.1333,0.4031,0.4636
2805,port_scan,protocol_mimicry+random_padding+constant_rate_shaping,malicious_obfuscated,malicious_obfuscated,1,0.0153,0.0121,0.9726
2806,voip,block_padding+constant_rate_shaping,benign,benign,1,0.7393,0.0288,0.2320
2807,port_scan,protocol_mimicry+block_padding,malicious_obfuscated,malicious_obfuscated,1,0.0489,0.0335,0.9177
2808,video_streaming,none,benign,benign,1,0.9695,0.0217,0.0088
2809,reverse_shell,protocol_mimicry+random_padding+tunnel_encapsulation,malicious_obfuscated,malicious_obfuscated,1,0.0409,0.0071,0.9520
2810,reverse_shell,protocol_mimicry+block_padding+tunnel_encapsulation,malicious_obfuscated,malicious_obfuscated,1,0.0503,0.0192,0.9305
2811,video_streaming,none,benign,benign,1,0.9743,0.0186,0.0072
2812,reverse_shell,protocol_mimicry+random_padding,malicious_obfuscated,malicious_obfuscated,1,0.0430,0.0223,0.9346
2813,web_browsing,none,benign,benign,1,0.9820,0.0116,0.0064
2814,dns_query,protocol_mimicry+fragmentation+random_padding,benign,malicious_obfuscated,0,0.1704,0.2446,0.5850
2815,video_streaming,none,benign,benign,1,0.9744,0.0166,0.0090
2816,file_download,protocol_mimicry+block_padding,benign,benign,1,0.7830,0.0173,0.1997
2817,file_download,constant_rate_shaping,benign,benign,1,0.9607,0.0168,0.0225
2818,ddos_flood,random_padding+constant_rate_shaping,malicious_obfuscated,malicious_obfuscated,1,0.0195,0.0215,0.9590
2819,reverse_shell,none,malicious_plain,malicious_plain,1,0.0186,0.9264,0.0550
2820,data_exfiltration,none,malicious_plain,malicious_plain,1,0.0175,0.9257,0.0568
2821,c2_beacon,none,malicious_plain,malicious_plain,1,0.0032,0.9649,0.0319
2822,file_download,fragmentation+block_padding+dummy_injection,benign,malicious_obfuscated,0,0.1952,0.0012,0.8036
2823,voip,none,benign,benign,1,0.9491,0.0099,0.0410
2824,web_browsing,none,benign,benign,1,0.9834,0.0103,0.0062
2825,file_download,fragmentation,benign,benign,1,0.8281,0.0120,0.1599
2826,video_streaming,none,benign,benign,1,0.9604,0.0276,0.0120
2827,data_exfiltration,block_padding+timing_jitter,malicious_obfuscated,malicious_obfuscated,1,0.0127,0.0157,0.9716
2828,port_scan,none,malicious_plain,malicious_plain,1,0.0200,0.9342,0.0458
2829,reverse_shell,protocol_mimicry+fragmentation+timing_jitter,malicious_obfuscated,malicious_obfuscated,1,0.1009,0.0171,0.8820
2830,video_streaming,block_padding+dummy_injection,benign,benign,1,0.9740,0.0169,0.0090
2831,brute_force,random_padding,malicious_obfuscated,malicious_plain,0,0.0093,0.9326,0.0581
2832,reverse_shell,none,malicious_plain,malicious_plain,1,0.0054,0.9752,0.0193
2833,c2_beacon,none,malicious_plain,malicious_plain,1,0.0035,0.9563,0.0402
2834,brute_force,none,malicious_plain,malicious_plain,1,0.0174,0.9043,0.0783
2835,brute_force,timing_jitter,malicious_obfuscated,malicious_plain,0,0.0137,0.9135,0.0728
2836,file_download,protocol_mimicry+timing_jitter,benign,benign,1,0.8382,0.0534,0.1084
2837,c2_beacon,dummy_injection+timing_jitter+tunnel_encapsulation,malicious_obfuscated,malicious_obfuscated,1,0.0219,0.0125,0.9655
2838,c2_beacon,none,malicious_plain,malicious_plain,1,0.0131,0.8970,0.0899
2839,c2_beacon,none,malicious_plain,malicious_plain,1,0.0023,0.9725,0.0252
2840,file_download,timing_jitter,benign,benign,1,0.9552,0.0216,0.0232
2841,port_scan,none,malicious_plain,malicious_plain,1,0.0197,0.9287,0.0516
2842,video_streaming,none,benign,benign,1,0.9658,0.0253,0.0090
2843,c2_beacon,fragmentation+random_padding,malicious_obfuscated,malicious_obfuscated,1,0.0336,0.0287,0.9376
2844,reverse_shell,fragmentation+timing_jitter+tunnel_encapsulation,malicious_obfuscated,malicious_obfuscated,1,0.0763,0.0044,0.9192
2845,data_exfiltration,none,malicious_plain,malicious_plain,1,0.0156,0.9407,0.0437
2846,video_streaming,block_padding+random_padding,benign,benign,1,0.9852,0.0090,0.0058
2847,data_exfiltration,fragmentation+block_padding+timing_jitter,malicious_obfuscated,malicious_obfuscated,1,0.0350,0.0111,0.9539
2848,port_scan,timing_jitter+tunnel_encapsulation,malicious_obfuscated,malicious_obfuscated,1,0.0297,0.0162,0.9541
2849,reverse_shell,protocol_mimicry+timing_jitter+tunnel_encapsulation,malicious_obfuscated,malicious_obfuscated,1,0.0324,0.0070,0.9606
2850,c2_beacon,none,malicious_plain,malicious_plain,1,0.0046,0.9303,0.0651
2851,ssh_interactive,none,benign,benign,1,0.9807,0.0103,0.0090
2852,video_streaming,timing_jitter,benign,benign,1,0.9506,0.0071,0.0424
2853,ddos_flood,fragmentation,malicious_obfuscated,malicious_plain,0,0.0080,0.9437,0.0483
2854,file_download,protocol_mimicry+dummy_injection+constant_rate_shaping,benign,benign,1,0.8756,0.0520,0.0724
2855,brute_force,timing_jitter+tunnel_encapsulation,malicious_obfuscated,malicious_obfuscated,1,0.0613,0.0086,0.9301
2856,reverse_shell,fragmentation+constant_rate_shaping,malicious_obfuscated,malicious_obfuscated,1,0.2430,0.0167,0.7403
2857,ssh_interactive,none,benign,benign,1,0.9757,0.0134,0.0109
2858,ddos_flood,none,malicious_plain,malicious_plain,1,0.0070,0.9476,0.0454
2859,c2_beacon,dummy_injection,malicious_obfuscated,malicious_obfuscated,1,0.0141,0.0129,0.9730
2860,video_streaming,constant_rate_shaping,benign,benign,1,0.9527,0.0162,0.0311
2861,port_scan,block_padding+timing_jitter,malicious_obfuscated,malicious_obfuscated,1,0.0355,0.0143,0.9503
2862,data_exfiltration,tunnel_encapsulation,malicious_obfuscated,malicious_obfuscated,1,0.0188,0.0075,0.9737
2863,reverse_shell,none,malicious_plain,malicious_plain,1,0.0051,0.9727,0.0222
2864,data_exfiltration,none,malicious_plain,malicious_plain,1,0.0137,0.9534,0.0329
2865,port_scan,none,malicious_plain,malicious_plain,1,0.0209,0.9064,0.0727
2866,port_scan,none,malicious_plain,malicious_plain,1,0.0199,0.9309,0.0492
2867,brute_force,none,malicious_plain,malicious_plain,1,0.0117,0.8843,0.1040
2868,ddos_flood,protocol_mimicry+fragmentation+random_padding,malicious_obfuscated,malicious_obfuscated,1,0.0141,0.0061,0.9798
2869,ddos_flood,none,malicious_plain,malicious_plain,1,0.0074,0.9283,0.0643
2870,brute_force,tunnel_encapsulation,malicious_obfuscated,malicious_plain,0,0.0135,0.8834,0.1031
2871,reverse_shell,none,malicious_plain,malicious_plain,1,0.3629,0.6138,0.0233
2872,port_scan,none,malicious_plain,malicious_plain,1,0.0197,0.9147,0.0657
2873,ssh_interactive,none,benign,benign,1,0.9785,0.0111,0.0104
2874,video_streaming,random_padding+timing_jitter,benign,benign,1,0.9651,0.0095,0.0254
2875,port_scan,fragmentation+random_padding+timing_jitter,malicious_obfuscated,malicious_obfuscated,1,0.0243,0.0109,0.9647
2876,voip,none,benign,benign,1,0.9644,0.0083,0.0274
2877,file_download,none,benign,benign,1,0.9679,0.0181,0.0139
2878,reverse_shell,none,malicious_plain,malicious_plain,1,0.0132,0.9593,0.0276
2879,port_scan,protocol_mimicry+timing_jitter,malicious_obfuscated,malicious_obfuscated,1,0.0222,0.0072,0.9705
2880,brute_force,fragmentation+random_padding+constant_rate_shaping,malicious_obfuscated,malicious_obfuscated,1,0.2337,0.0042,0.7621
2881,data_exfiltration,none,malicious_plain,malicious_plain,1,0.0109,0.9730,0.0161
2882,file_download,fragmentation,benign,benign,1,0.9399,0.0151,0.0450
2883,ddos_flood,timing_jitter+tunnel_encapsulation,malicious_obfuscated,malicious_obfuscated,1,0.0192,0.0075,0.9733
2884,video_streaming,dummy_injection+timing_jitter,benign,benign,1,0.9778,0.0104,0.0118
2885,ddos_flood,protocol_mimicry+block_padding+constant_rate_shaping,malicious_obfuscated,malicious_obfuscated,1,0.0303,0.0100,0.9597
2886,reverse_shell,none,malicious_plain,malicious_plain,1,0.1065,0.7762,0.1173
2887,brute_force,protocol_mimicry+fragmentation+random_padding,malicious_obfuscated,benign,0,0.7880,0.0169,0.1951
2888,data_exfiltration,none,malicious_plain,malicious_plain,1,0.0120,0.9650,0.0230
2889,c2_beacon,none,malicious_plain,malicious_plain,1,0.0235,0.5523,0.4242
2890,reverse_shell,none,malicious_plain,malicious_plain,1,0.0115,0.9551,0.0334
2891,video_streaming,none,benign,benign,1,0.9711,0.0158,0.0132
2892,brute_force,block_padding+tunnel_encapsulation,malicious_obfuscated,malicious_plain,0,0.0126,0.9213,0.0662
2893,reverse_shell,none,malicious_plain,malicious_plain,1,0.0031,0.9862,0.0107
2894,c2_beacon,block_padding,malicious_obfuscated,malicious_obfuscated,1,0.0179,0.0506,0.9315
2895,c2_beacon,none,malicious_plain,malicious_plain,1,0.0043,0.9510,0.0447
2896,data_exfiltration,none,malicious_plain,malicious_plain,1,0.0099,0.9763,0.0137
2897,file_download,none,benign,benign,1,0.9687,0.0167,0.0147
2898,reverse_shell,none,malicious_plain,malicious_plain,1,0.0219,0.9301,0.0479
2899,c2_beacon,fragmentation+random_padding+tunnel_encapsulation,malicious_obfuscated,malicious_obfuscated,1,0.0405,0.0020,0.9575
2900,reverse_shell,none,malicious_plain,malicious_plain,1,0.0179,0.9490,0.0331
2901,ddos_flood,none,malicious_plain,malicious_plain,1,0.0068,0.9457,0.0475
2902,brute_force,none,malicious_plain,malicious_plain,1,0.0148,0.9179,0.0672
2903,web_browsing,block_padding,benign,benign,1,0.9795,0.0107,0.0099
2904,port_scan,none,malicious_plain,malicious_plain,1,0.0178,0.9120,0.0702
2905,ddos_flood,random_padding+timing_jitter,malicious_obfuscated,malicious_obfuscated,1,0.0293,0.0073,0.9634
2906,file_download,timing_jitter+tunnel_encapsulation,benign,benign,1,0.9591,0.0112,0.0297
2907,file_download,constant_rate_shaping,benign,benign,1,0.9415,0.0146,0.0439
2908,file_download,block_padding+dummy_injection+timing_jitter,benign,benign,1,0.8294,0.0185,0.1521
2909,ddos_flood,protocol_mimicry,malicious_obfuscated,malicious_obfuscated,1,0.0256,0.0113,0.9632
2910,web_browsing,none,benign,benign,1,0.9160,0.0213,0.0628
2911,data_exfiltration,tunnel_encapsulation,malicious_obfuscated,malicious_obfuscated,1,0.0209,0.0082,0.9709
2912,data_exfiltration,none,malicious_plain,malicious_plain,1,0.0106,0.9717,0.0177
2913,port_scan,block_padding+timing_jitter+tunnel_encapsulation,malicious_obfuscated,malicious_obfuscated,1,0.0208,0.0056,0.9735
2914,brute_force,fragmentation+dummy_injection,malicious_obfuscated,malicious_obfuscated,1,0.0347,0.0072,0.9581
2915,brute_force,none,malicious_plain,malicious_plain,1,0.0188,0.8093,0.1719
2916,reverse_shell,random_padding+dummy_injection+timing_jitter,malicious_obfuscated,malicious_obfuscated,1,0.0891,0.0687,0.8422
2917,file_download,block_padding+dummy_injection+timing_jitter,benign,malicious_obfuscated,0,0.4276,0.0085,0.5640
2918,ssh_interactive,none,benign,benign,1,0.9788,0.0097,0.0115
2919,ssh_interactive,none,benign,benign,1,0.9789,0.0102,0.0109
2920,reverse_shell,none,malicious_plain,malicious_plain,1,0.0916,0.7636,0.1448
2921,web_browsing,none,benign,benign,1,0.9668,0.0176,0.0155
2922,reverse_shell,block_padding+dummy_injection+tunnel_encapsulation,malicious_obfuscated,malicious_obfuscated,1,0.4674,0.0141,0.5185
2923,voip,none,benign,benign,1,0.9524,0.0102,0.0374
2924,brute_force,none,malicious_plain,malicious_plain,1,0.0112,0.8987,0.0902
2925,c2_beacon,none,malicious_plain,malicious_plain,1,0.0039,0.9626,0.0335
2926,c2_beacon,none,malicious_plain,malicious_plain,1,0.0046,0.9173,0.0781
2927,ssh_interactive,none,benign,benign,1,0.9286,0.0135,0.0579
2928,voip,none,benign,benign,1,0.9299,0.0100,0.0601
2929,reverse_shell,none,malicious_plain,malicious_plain,1,0.0137,0.9413,0.0450
2930,file_download,fragmentation+block_padding+timing_jitter,benign,benign,1,0.5095,0.0138,0.4768
2931,data_exfiltration,fragmentation+block_padding+timing_jitter,malicious_obfuscated,malicious_obfuscated,1,0.0329,0.0101,0.9570
2932,brute_force,fragmentation,malicious_obfuscated,malicious_obfuscated,1,0.0591,0.0095,0.9314
2933,c2_beacon,none,malicious_plain,malicious_plain,1,0.0106,0.9073,0.0821
2934,file_download,none,benign,benign,1,0.9664,0.0175,0.0162
2935,port_scan,none,malicious_plain,malicious_plain,1,0.0136,0.9397,0.0467
2936,video_streaming,fragmentation+block_padding+constant_rate_shaping,benign,benign,1,0.6713,0.0583,0.2705
2937,port_scan,dummy_injection+constant_rate_shaping+tunnel_encapsulation,malicious_obfuscated,malicious_obfuscated,1,0.4727,0.0056,0.5217
2938,voip,none,benign,benign,1,0.9589,0.0098,0.0313
2939,ddos_flood,none,malicious_plain,malicious_plain,1,0.0073,0.9369,0.0558
2940,ddos_flood,fragmentation+block_padding,malicious_obfuscated,malicious_plain,0,0.0088,0.9151,0.0760
2941,web_browsing,none,benign,benign,1,0.9574,0.0276,0.0150
2942,reverse_shell,fragmentation+tunnel_encapsulation,malicious_obfuscated,benign,0,0.8146,0.0115,0.1739
2943,file_download,block_padding+constant_rate_shaping,benign,benign,1,0.9298,0.0181,0.0520
2944,voip,tunnel_encapsulation,benign,benign,1,0.9262,0.0119,0.0619
2945,data_exfiltration,block_padding+constant_rate_shaping+tunnel_encapsulation,malicious_obfuscated,malicious_obfuscated,1,0.0313,0.0041,0.9647
2946,port_scan,block_padding+random_padding,malicious_obfuscated,malicious_obfuscated,1,0.0270,0.0174,0.9556
2947,file_download,none,benign,benign,1,0.9718,0.0171,0.0111
2948,brute_force,none,malicious_plain,malicious_plain,1,0.0136,0.9095,0.0769
2949,video_streaming,none,benign,benign,1,0.9657,0.0221,0.0122
2950,ddos_flood,block_padding+timing_jitter+constant_rate_shaping,malicious_obfuscated,malicious_obfuscated,1,0.0389,0.0122,0.9489
2951,ssh_interactive,none,benign,benign,1,0.9700,0.0118,0.0183
2952,reverse_shell,none,malicious_plain,malicious_plain,1,0.0158,0.9333,0.0509
2953,data_exfiltration,none,malicious_plain,malicious_plain,1,0.0123,0.9665,0.0212
2954,brute_force,random_padding+timing_jitter,malicious_obfuscated,malicious_obfuscated,1,0.0380,0.0592,0.9029
2955,video_streaming,none,benign,benign,1,0.9696,0.0180,0.0124
2956,c2_beacon,block_padding+dummy_injection,malicious_obfuscated,malicious_obfuscated,1,0.0193,0.0100,0.9707
2957,port_scan,none,malicious_plain,malicious_plain,1,0.0178,0.9310,0.0513
2958,video_streaming,none,benign,benign,1,0.9739,0.0188,0.0073
2959,voip,none,benign,benign,1,0.9369,0.0102,0.0528
2960,port_scan,constant_rate_shaping,malicious_obfuscated,malicious_obfuscated,1,0.0153,0.0149,0.9698
2961,file_download,timing_jitter,benign,benign,1,0.9549,0.0140,0.0311
2962,ddos_flood,none,malicious_plain,malicious_plain,1,0.0089,0.8949,0.0962
2963,data_exfiltration,none,malicious_plain,malicious_plain,1,0.0111,0.9724,0.0166
2964,file_download,none,benign,benign,1,0.9658,0.0197,0.0145
2965,data_exfiltration,none,malicious_plain,malicious_plain,1,0.0118,0.9678,0.0203
2966,brute_force,none,malicious_plain,malicious_plain,1,0.0072,0.9456,0.0472
2967,video_streaming,none,benign,benign,1,0.9725,0.0185,0.0090
2968,c2_beacon,protocol_mimicry,malicious_obfuscated,malicious_obfuscated,1,0.0271,0.0035,0.9694
2969,voip,none,benign,benign,1,0.9579,0.0085,0.0336
2970,brute_force,fragmentation+timing_jitter+tunnel_encapsulation,malicious_obfuscated,malicious_obfuscated,1,0.0745,0.0114,0.9141
2971,ddos_flood,fragmentation,malicious_obfuscated,malicious_plain,0,0.0078,0.9336,0.0585
2972,c2_beacon,none,malicious_plain,malicious_plain,1,0.0034,0.9565,0.0402
2973,web_browsing,none,benign,benign,1,0.9675,0.0226,0.0099
2974,reverse_shell,none,malicious_plain,malicious_plain,1,0.0247,0.8657,0.1096
2975,c2_beacon,protocol_mimicry+fragmentation+tunnel_encapsulation,malicious_obfuscated,malicious_obfuscated,1,0.2419,0.0286,0.7295
2976,web_browsing,none,benign,benign,1,0.9851,0.0098,0.0051
2977,ddos_flood,none,malicious_plain,malicious_plain,1,0.0068,0.9561,0.0371
2978,reverse_shell,protocol_mimicry+dummy_injection+constant_rate_shaping,malicious_obfuscated,malicious_obfuscated,1,0.1729,0.0772,0.7498
2979,reverse_shell,protocol_mimicry+fragmentation+tunnel_encapsulation,malicious_obfuscated,malicious_obfuscated,1,0.1250,0.0065,0.8685
2980,c2_beacon,none,malicious_plain,malicious_plain,1,0.0642,0.7871,0.1488
2981,video_streaming,fragmentation+random_padding+tunnel_encapsulation,benign,benign,1,0.9230,0.0141,0.0629
2982,web_browsing,none,benign,benign,1,0.9837,0.0103,0.0060
2983,port_scan,fragmentation+timing_jitter,malicious_obfuscated,malicious_obfuscated,1,0.0361,0.0248,0.9391
2984,port_scan,none,malicious_plain,malicious_plain,1,0.0140,0.9489,0.0371
2985,port_scan,random_padding+timing_jitter+tunnel_encapsulation,malicious_obfuscated,malicious_obfuscated,1,0.0233,0.0082,0.9685
2986,ssh_interactive,none,benign,benign,1,0.9761,0.0137,0.0102
2987,data_exfiltration,none,malicious_plain,malicious_plain,1,0.0121,0.9649,0.0230
2988,web_browsing,none,benign,benign,1,0.9619,0.0149,0.0233
2989,file_download,none,benign,benign,1,0.9696,0.0173,0.0131
2990,port_scan,block_padding,malicious_obfuscated,malicious_obfuscated,1,0.0357,0.0149,0.9493
2991,reverse_shell,block_padding+constant_rate_shaping,malicious_obfuscated,benign,0,0.6082,0.0181,0.3737
2992,brute_force,none,malicious_plain,malicious_plain,1,0.0114,0.8940,0.0946
2993,file_download,dummy_injection+constant_rate_shaping,benign,benign,1,0.9658,0.0183,0.0159
2994,port_scan,none,malicious_plain,malicious_plain,1,0.0211,0.9308,0.0481
2995,data_exfiltration,none,malicious_plain,malicious_plain,1,0.0123,0.9612,0.0264
2996,brute_force,none,malicious_plain,malicious_plain,1,0.0191,0.8936,0.0874
2997,brute_force,fragmentation,malicious_obfuscated,malicious_plain,0,0.0102,0.8900,0.0998
2998,video_streaming,none,benign,benign,1,0.9728,0.0181,0.0092
2999,data_exfiltration,none,malicious_plain,malicious_plain,1,0.0150,0.9456,0.0393
3000,data_exfiltration,random_padding+timing_jitter,malicious_obfuscated,malicious_obfuscated,1,0.0189,0.0099,0.9711
3001,c2_beacon,protocol_mimicry+block_padding,malicious_obfuscated,malicious_obfuscated,1,0.0535,0.0208,0.9257
3002,port_scan,none,malicious_plain,malicious_plain,1,0.0187,0.9370,0.0443
3003,c2_beacon,protocol_mimicry+timing_jitter,malicious_obfuscated,malicious_obfuscated,1,0.0965,0.0192,0.8843
3004,ssh_interactive,none,benign,benign,1,0.9760,0.0099,0.0141
3005,web_browsing,none,benign,benign,1,0.9707,0.0122,0.0171
3006,file_download,none,benign,benign,1,0.9685,0.0177,0.0138
3007,video_streaming,none,benign,benign,1,0.9730,0.0175,0.0094
3008,data_exfiltration,timing_jitter,malicious_obfuscated,malicious_obfuscated,1,0.0195,0.0120,0.9684
3009,brute_force,protocol_mimicry+dummy_injection+tunnel_encapsulation,malicious_obfuscated,malicious_obfuscated,1,0.0272,0.0450,0.9278
3010,c2_beacon,none,malicious_plain,malicious_plain,1,0.0125,0.9139,0.0736
3011,ddos_flood,timing_jitter,malicious_obfuscated,malicious_obfuscated,1,0.0207,0.0111,0.9681
3012,ddos_flood,constant_rate_shaping,malicious_obfuscated,malicious_obfuscated,1,0.0162,0.0095,0.9742
3013,video_streaming,none,benign,benign,1,0.9754,0.0161,0.0085
3014,file_download,block_padding+random_padding+tunnel_encapsulation,benign,benign,1,0.9675,0.0139,0.0186
3015,ssh_interactive,none,benign,benign,1,0.9792,0.0103,0.0105
3016,data_exfiltration,none,malicious_plain,malicious_plain,1,0.0135,0.9544,0.0322
3017,ddos_flood,dummy_injection,malicious_obfuscated,malicious_obfuscated,1,0.0431,0.1533,0.8036
3018,voip,none,benign,benign,1,0.9536,0.0099,0.0365
3019,data_exfiltration,protocol_mimicry+timing_jitter,malicious_obfuscated,malicious_obfuscated,1,0.0441,0.0081,0.9479
3020,voip,none,benign,benign,1,0.9583,0.0098,0.0318
3021,ssh_interactive,none,benign,benign,1,0.9713,0.0144,0.0142
3022,video_streaming,none,benign,benign,1,0.9702,0.0184,0.0114
3023,web_browsing,none,benign,benign,1,0.9825,0.0114,0.0062
3024,file_download,none,benign,benign,1,0.9662,0.0165,0.0173
3025,port_scan,none,malicious_plain,malicious_plain,1,0.0151,0.9526,0.0323
3026,port_scan,none,malicious_plain,malicious_plain,1,0.0170,0.9377,0.0452
3027,data_exfiltration,protocol_mimicry+fragmentation+random_padding,malicious_obfuscated,malicious_obfuscated,1,0.2532,0.0074,0.7394
3028,c2_beacon,none,malicious_plain,malicious_plain,1,0.0087,0.9394,0.0518
3029,brute_force,block_padding,malicious_obfuscated,malicious_plain,0,0.0185,0.7569,0.2246
3030,voip,dummy_injection+timing_jitter+constant_rate_shaping,benign,malicious_obfuscated,0,0.2626,0.1423,0.5951
3031,data_exfiltration,protocol_mimicry,malicious_obfuscated,malicious_obfuscated,1,0.0262,0.0158,0.9580
3032,brute_force,fragmentation+block_padding,malicious_obfuscated,malicious_obfuscated,1,0.0542,0.0159,0.9299
3033,brute_force,fragmentation+dummy_injection+constant_rate_shaping,malicious_obfuscated,malicious_obfuscated,1,0.3063,0.0371,0.6566
3034,reverse_shell,none,malicious_plain,malicious_plain,1,0.0431,0.6994,0.2575
3035,web_browsing,protocol_mimicry+timing_jitter,benign,malicious_obfuscated,0,0.3039,0.0113,0.6848
3036,brute_force,fragmentation,malicious_obfuscated,malicious_obfuscated,1,0.0390,0.0082,0.9529
3037,port_scan,block_padding+random_padding,malicious_obfuscated,malicious_obfuscated,1,0.0254,0.0216,0.9530
3038,brute_force,tunnel_encapsulation,malicious_obfuscated,malicious_obfuscated,1,0.1546,0.0993,0.7461
3039,ddos_flood,none,malicious_plain,malicious_plain,1,0.0062,0.9581,0.0356
3040,data_exfiltration,none,malicious_plain,malicious_plain,1,0.0121,0.9656,0.0223
3041,data_exfiltration,protocol_mimicry+fragmentation+block_padding,malicious_obfuscated,malicious_obfuscated,1,0.0251,0.0061,0.9688
3042,reverse_shell,protocol_mimicry+random_padding+dummy_injection,malicious_obfuscated,malicious_obfuscated,1,0.4657,0.0122,0.5221
3043,ddos_flood,random_padding,malicious_obfuscated,malicious_obfuscated,1,0.0250,0.0316,0.9434
3044,web_browsing,none,benign,benign,1,0.9774,0.0179,0.0047
3045,reverse_shell,none,malicious_plain,malicious_plain,1,0.0269,0.8742,0.0989
3046,voip,none,benign,benign,1,0.9615,0.0085,0.0300
3047,ssh_interactive,random_padding+timing_jitter,benign,benign,1,0.5033,0.0418,0.4549
3048,reverse_shell,none,malicious_plain,malicious_plain,1,0.0081,0.9560,0.0359
3049,data_exfiltration,protocol_mimicry+random_padding+tunnel_encapsulation,malicious_obfuscated,malicious_obfuscated,1,0.0348,0.0070,0.9581
3050,data_exfiltration,fragmentation+random_padding+tunnel_encapsulation,malicious_obfuscated,malicious_obfuscated,1,0.0309,0.0121,0.9570
3051,ssh_interactive,fragmentation+block_padding+dummy_injection,benign,malicious_obfuscated,0,0.1843,0.0165,0.7993
3052,reverse_shell,none,malicious_plain,benign,0,0.5074,0.4758,0.0168
3053,file_download,none,benign,benign,1,0.9723,0.0167,0.0109
3054,file_download,none,benign,benign,1,0.9657,0.0186,0.0157
3055,file_download,none,benign,benign,1,0.9645,0.0218,0.0137
3056,reverse_shell,none,malicious_plain,malicious_plain,1,0.0880,0.6580,0.2540
3057,reverse_shell,none,malicious_plain,malicious_plain,1,0.0166,0.9250,0.0584
3058,web_browsing,none,benign,benign,1,0.9740,0.0125,0.0135
3059,ssh_interactive,none,benign,benign,1,0.9773,0.0101,0.0126
3060,ssh_interactive,none,benign,benign,1,0.9783,0.0103,0.0114
3061,port_scan,fragmentation+block_padding+timing_jitter,malicious_obfuscated,malicious_obfuscated,1,0.0307,0.0085,0.9608
3062,c2_beacon,none,malicious_plain,malicious_plain,1,0.0040,0.9452,0.0508
3063,voip,none,benign,benign,1,0.9252,0.0107,0.0642
3064,video_streaming,none,benign,benign,1,0.9697,0.0183,0.0121
3065,ssh_interactive,none,benign,benign,1,0.9705,0.0129,0.0166
3066,video_streaming,block_padding,benign,benign,1,0.9764,0.0136,0.0100
3067,video_streaming,dummy_injection,benign,benign,1,0.9705,0.0193,0.0102
3068,voip,none,benign,benign,1,0.9304,0.0108,0.0588
3069,ddos_flood,fragmentation+random_padding+timing_jitter,malicious_obfuscated,malicious_obfuscated,1,0.0237,0.0092,0.9671
3070,voip,none,benign,benign,1,0.9634,0.0102,0.0263
3071,data_exfiltration,dummy_injection+constant_rate_shaping+tunnel_encapsulation,malicious_obfuscated,malicious_obfuscated,1,0.1780,0.0056,0.8164
3072,data_exfiltration,none,malicious_plain,malicious_plain,1,0.0114,0.9685,0.0201
3073,ssh_interactive,none,benign,benign,1,0.9856,0.0102,0.0043
3074,port_scan,fragmentation+random_padding+timing_jitter,malicious_obfuscated,malicious_obfuscated,1,0.0211,0.0076,0.9713
3075,voip,none,benign,benign,1,0.9704,0.0083,0.0213
3076,reverse_shell,dummy_injection+timing_jitter,malicious_obfuscated,malicious_obfuscated,1,0.0377,0.1904,0.7719
3077,c2_beacon,random_padding,malicious_obfuscated,malicious_obfuscated,1,0.0372,0.0542,0.9086
3078,data_exfiltration,fragmentation,malicious_obfuscated,malicious_obfuscated,1,0.0309,0.0133,0.9557
3079,ssh_interactive,none,benign,benign,1,0.9819,0.0135,0.0046
3080,port_scan,block_padding+constant_rate_shaping,malicious_obfuscated,malicious_obfuscated,1,0.0133,0.0081,0.9786
3081,file_download,none,benign,benign,1,0.9624,0.0207,0.0169
3082,web_browsing,protocol_mimicry,benign,malicious_obfuscated,0,0.3851,0.0158,0.5990
3083,reverse_shell,none,malicious_plain,malicious_plain,1,0.0094,0.9410,0.0496
3084,data_exfiltration,none,malicious_plain,malicious_plain,1,0.0121,0.9638,0.0241
3085,port_scan,none,malicious_plain,malicious_plain,1,0.0179,0.9171,0.0651
3086,reverse_shell,random_padding+timing_jitter+tunnel_encapsulation,malicious_obfuscated,malicious_obfuscated,1,0.0674,0.0241,0.9086
3087,port_scan,fragmentation+random_padding+dummy_injection,malicious_obfuscated,malicious_obfuscated,1,0.0204,0.0056,0.9740
3088,voip,none,benign,benign,1,0.9462,0.0102,0.0437
3089,brute_force,protocol_mimicry,malicious_obfuscated,malicious_obfuscated,1,0.1086,0.0118,0.8797
3090,data_exfiltration,protocol_mimicry+dummy_injection,malicious_obfuscated,malicious_obfuscated,1,0.0347,0.0084,0.9569
3091,brute_force,random_padding,malicious_obfuscated,malicious_obfuscated,1,0.0570,0.0903,0.8527
3092,video_streaming,none,benign,benign,1,0.9667,0.0237,0.0096
3093,voip,fragmentation,benign,benign,1,0.9623,0.0100,0.0277
3094,data_exfiltration,protocol_mimicry+fragmentation+random_padding,malicious_obfuscated,malicious_obfuscated,1,0.0158,0.0057,0.9784
3095,web_browsing,none,benign,benign,1,0.9720,0.0179,0.0101
3096,data_exfiltration,random_padding,malicious_obfuscated,malicious_obfuscated,1,0.0154,0.0192,0.9655
3097,file_download,protocol_mimicry+block_padding+dummy_injection,benign,benign,1,0.9610,0.0172,0.0218
3098,ssh_interactive,timing_jitter,benign,benign,1,0.9299,0.0379,0.0322
3099,brute_force,none,malicious_plain,malicious_plain,1,0.0336,0.7125,0.2539
3100,data_exfiltration,random_padding+dummy_injection,malicious_obfuscated,malicious_obfuscated,1,0.0207,0.0027,0.9766
3101,port_scan,protocol_mimicry+timing_jitter+tunnel_encapsulation,malicious_obfuscated,malicious_obfuscated,1,0.0164,0.0264,0.9572
3102,web_browsing,tunnel_encapsulation,benign,benign,1,0.9577,0.0136,0.0288
3103,c2_beacon,none,malicious_plain,malicious_plain,1,0.0057,0.9474,0.0469
3104,data_exfiltration,fragmentation+block_padding+timing_jitter,malicious_obfuscated,malicious_obfuscated,1,0.0329,0.0093,0.9578
3105,c2_beacon,none,malicious_plain,malicious_plain,1,0.0036,0.9409,0.0555
3106,reverse_shell,none,malicious_plain,malicious_plain,1,0.0642,0.6237,0.3121
3107,ssh_interactive,block_padding+random_padding,benign,benign,1,0.9395,0.0261,0.0344
3108,data_exfiltration,none,malicious_plain,malicious_plain,1,0.0110,0.9720,0.0170
3109,data_exfiltration,fragmentation+random_padding+timing_jitter,malicious_obfuscated,malicious_obfuscated,1,0.0357,0.0107,0.9536
3110,data_exfiltration,none,malicious_plain,malicious_plain,1,0.0105,0.9740,0.0155
3111,web_browsing,none,benign,benign,1,0.9644,0.0127,0.0229
3112,brute_force,random_padding+dummy_injection+timing_jitter,malicious_obfuscated,malicious_obfuscated,1,0.3347,0.0107,0.6546
3113,c2_beacon,timing_jitter+constant_rate_shaping+tunnel_encapsulation,malicious_obfuscated,malicious_obfuscated,1,0.3473,0.0255,0.6272
3114,ddos_flood,protocol_mimicry+fragmentation+timing_jitter,malicious_obfuscated,malicious_obfuscated,1,0.0156,0.0117,0.9727
3115,ssh_interactive,none,benign,benign,1,0.9768,0.0112,0.0120
3116,ddos_flood,fragmentation+timing_jitter,malicious_obfuscated,malicious_obfuscated,1,0.0243,0.0068,0.9689
3117,brute_force,none,malicious_plain,malicious_plain,1,0.0076,0.9386,0.0538
3118,c2_beacon,protocol_mimicry,malicious_obfuscated,malicious_obfuscated,1,0.4775,0.0335,0.4891
3119,brute_force,protocol_mimicry+block_padding+constant_rate_shaping,malicious_obfuscated,malicious_obfuscated,1,0.2236,0.0026,0.7738
3120,ssh_interactive,dummy_injection,benign,benign,1,0.7766,0.0603,0.1631
3121,file_download,none,benign,benign,1,0.9690,0.0187,0.0123
3122,ddos_flood,none,malicious_plain,malicious_plain,1,0.0078,0.9466,0.0456
3123,data_exfiltration,none,malicious_plain,malicious_plain,1,0.0113,0.9683,0.0204
3124,c2_beacon,none,malicious_plain,malicious_plain,1,0.0317,0.6905,0.2778
3125,reverse_shell,random_padding+dummy_injection,malicious_obfuscated,malicious_obfuscated,1,0.1252,0.0335,0.8413
3126,voip,constant_rate_shaping+tunnel_encapsulation,benign,malicious_obfuscated,0,0.2542,0.0091,0.7367
3127,port_scan,timing_jitter,malicious_obfuscated,malicious_obfuscated,1,0.0197,0.0518,0.9285
3128,voip,none,benign,benign,1,0.9590,0.0101,0.0309
3129,file_download,none,benign,benign,1,0.9656,0.0170,0.0174
3130,data_exfiltration,none,malicious_plain,malicious_plain,1,0.0123,0.9680,0.0197
3131,port_scan,timing_jitter,malicious_obfuscated,malicious_obfuscated,1,0.0314,0.0178,0.9508
3132,voip,block_padding,benign,benign,1,0.8223,0.0141,0.1636
3133,ddos_flood,constant_rate_shaping,malicious_obfuscated,malicious_obfuscated,1,0.0096,0.0096,0.9808
3134,brute_force,timing_jitter,malicious_obfuscated,malicious_plain,0,0.0199,0.7557,0.2244
3135,file_download,none,benign,benign,1,0.9739,0.0145,0.0116
3136,brute_force,none,malicious_plain,malicious_plain,1,0.0073,0.9524,0.0403
3137,c2_beacon,block_padding+constant_rate_shaping,malicious_obfuscated,malicious_obfuscated,1,0.1699,0.1814,0.6487
3138,ssh_interactive,none,benign,benign,1,0.9747,0.0127,0.0126
3139,data_exfiltration,none,malicious_plain,malicious_plain,1,0.0130,0.9626,0.0245
3140,c2_beacon,fragmentation+block_padding+dummy_injection,malicious_obfuscated,malicious_obfuscated,1,0.0116,0.0036,0.9848
3141,ddos_flood,protocol_mimicry+random_padding,malicious_obfuscated,malicious_obfuscated,1,0.0099,0.0051,0.9849
3142,c2_beacon,none,malicious_plain,malicious_plain,1,0.0070,0.8598,0.1331
3143,port_scan,block_padding+random_padding,malicious_obfuscated,malicious_obfuscated,1,0.0273,0.0115,0.9611
3144,brute_force,dummy_injection,malicious_obfuscated,malicious_obfuscated,1,0.0779,0.0071,0.9150
3145,ssh_interactive,none,benign,benign,1,0.9772,0.0110,0.0118
3146,brute_force,none,malicious_plain,malicious_plain,1,0.0089,0.9224,0.0687
3147,reverse_shell,none,malicious_plain,malicious_plain,1,0.0210,0.9117,0.0673
3148,voip,random_padding+dummy_injection+constant_rate_shaping,benign,malicious_obfuscated,0,0.3301,0.0055,0.6644
3149,video_streaming,none,benign,benign,1,0.9686,0.0201,0.0113
3150,reverse_shell,none,malicious_plain,malicious_plain,1,0.0111,0.9269,0.0620
3151,c2_beacon,none,malicious_plain,malicious_plain,1,0.0688,0.6952,0.2360
3152,ssh_interactive,none,benign,benign,1,0.9724,0.0133,0.0143
3153,c2_beacon,timing_jitter,malicious_obfuscated,malicious_obfuscated,1,0.0484,0.2807,0.6709
3154,c2_beacon,none,malicious_plain,malicious_plain,1,0.0046,0.9489,0.0465
3155,brute_force,protocol_mimicry+tunnel_encapsulation,malicious_obfuscated,malicious_obfuscated,1,0.0877,0.0335,0.8788
3156,c2_beacon,protocol_mimicry+block_padding+tunnel_encapsulation,malicious_obfuscated,malicious_obfuscated,1,0.0348,0.0031,0.9622
3157,brute_force,none,malicious_plain,malicious_plain,1,0.0068,0.9565,0.0367
3158,reverse_shell,none,malicious_plain,malicious_plain,1,0.0239,0.9119,0.0642
3159,c2_beacon,none,malicious_plain,malicious_plain,1,0.0045,0.9206,0.0749
3160,brute_force,dummy_injection+constant_rate_shaping,malicious_obfuscated,malicious_obfuscated,1,0.2928,0.0173,0.6899
3161,file_download,fragmentation,benign,benign,1,0.6774,0.0065,0.3162
3162,ssh_interactive,none,benign,benign,1,0.9822,0.0103,0.0076
3163,web_browsing,dummy_injection+timing_jitter,benign,benign,1,0.8764,0.0074,0.1161
3164,ssh_interactive,protocol_mimicry+fragmentation+dummy_injection,benign,benign,1,0.9264,0.0119,0.0618
3165,ssh_interactive,protocol_mimicry+fragmentation+block_padding,benign,benign,1,0.8907,0.0083,0.1010
3166,reverse_shell,constant_rate_shaping,malicious_obfuscated,malicious_obfuscated,1,0.2752,0.0361,0.6887
3167,port_scan,none,malicious_plain,malicious_plain,1,0.0351,0.8438,0.1210
3168,video_streaming,none,benign,benign,1,0.9698,0.0182,0.0120
3169,file_download,block_padding+random_padding,benign,benign,1,0.9751,0.0115,0.0134
3170,data_exfiltration,none,malicious_plain,malicious_plain,1,0.0119,0.9674,0.0206
3171,ddos_flood,none,malicious_plain,malicious_plain,1,0.0159,0.7065,0.2776
3172,file_download,none,benign,benign,1,0.9701,0.0151,0.0148
3173,port_scan,tunnel_encapsulation,malicious_obfuscated,malicious_obfuscated,1,0.0377,0.0189,0.9434
3174,video_streaming,none,benign,benign,1,0.9734,0.0185,0.0081
3175,file_download,none,benign,benign,1,0.9678,0.0199,0.0122
3176,c2_beacon,fragmentation+timing_jitter+constant_rate_shaping,malicious_obfuscated,malicious_obfuscated,1,0.1449,0.0052,0.8499
3177,data_exfiltration,protocol_mimicry+fragmentation+block_padding,malicious_obfuscated,malicious_obfuscated,1,0.0282,0.0065,0.9653
3178,video_streaming,none,benign,benign,1,0.9708,0.0188,0.0104
3179,reverse_shell,block_padding,malicious_obfuscated,malicious_plain,0,0.0166,0.9115,0.0719
3180,web_browsing,none,benign,benign,1,0.9752,0.0206,0.0042
3181,data_exfiltration,dummy_injection+timing_jitter,malicious_obfuscated,malicious_obfuscated,1,0.0147,0.0040,0.9812
3182,port_scan,none,malicious_plain,malicious_plain,1,0.0133,0.9399,0.0467
3183,voip,random_padding+dummy_injection,benign,benign,1,0.7243,0.0187,0.2571
3184,port_scan,random_padding,malicious_obfuscated,malicious_obfuscated,1,0.0325,0.0107,0.9569
3185,file_download,none,benign,benign,1,0.9693,0.0180,0.0127
3186,port_scan,constant_rate_shaping+tunnel_encapsulation,malicious_obfuscated,malicious_obfuscated,1,0.0193,0.0101,0.9706
3187,brute_force,random_padding+timing_jitter+constant_rate_shaping,malicious_obfuscated,malicious_obfuscated,1,0.2084,0.0475,0.7441
3188,reverse_shell,none,malicious_plain,malicious_plain,1,0.0150,0.9324,0.0526
3189,file_download,none,benign,benign,1,0.9702,0.0163,0.0136
3190,brute_force,none,malicious_plain,malicious_plain,1,0.0099,0.9310,0.0591
3191,port_scan,none,malicious_plain,malicious_plain,1,0.0323,0.8499,0.1178
3192,voip,random_padding,benign,benign,1,0.8815,0.0125,0.1060
3193,video_streaming,none,benign,benign,1,0.9703,0.0200,0.0097
3194,ssh_interactive,fragmentation+tunnel_encapsulation,benign,benign,1,0.9546,0.0097,0.0357
3195,ddos_flood,none,malicious_plain,malicious_plain,1,0.0074,0.9234,0.0693
3196,web_browsing,none,benign,benign,1,0.5600,0.3510,0.0890
3197,ssh_interactive,none,benign,benign,1,0.9702,0.0159,0.0139
3198,file_download,protocol_mimicry+block_padding+dummy_injection,benign,benign,1,0.8311,0.0358,0.1331
3199,data_exfiltration,none,malicious_plain,malicious_plain,1,0.0123,0.9661,0.0216
3200,ssh_interactive,tunnel_encapsulation,benign,benign,1,0.9423,0.0105,0.0473
3201,brute_force,fragmentation+constant_rate_shaping,malicious_obfuscated,malicious_obfuscated,1,0.3029,0.0148,0.6823
3202,reverse_shell,none,malicious_plain,malicious_plain,1,0.0026,0.9873,0.0101
3203,video_streaming,none,benign,benign,1,0.9701,0.0206,0.0093
3204,c2_beacon,none,malicious_plain,malicious_plain,1,0.0081,0.8994,0.0925
3205,voip,fragmentation,benign,benign,1,0.9440,0.0104,0.0456
3206,dns_query,protocol_mimicry+dummy_injection+tunnel_encapsulation,benign,malicious_obfuscated,0,0.3877,0.1391,0.4732
3207,data_exfiltration,timing_jitter,malicious_obfuscated,malicious_obfuscated,1,0.0119,0.0179,0.9702
3208,c2_beacon,timing_jitter,malicious_obfuscated,malicious_obfuscated,1,0.0138,0.0264,0.9598
3209,c2_beacon,none,malicious_plain,malicious_plain,1,0.0202,0.8521,0.1277
3210,file_download,block_padding+tunnel_encapsulation,benign,benign,1,0.9704,0.0123,0.0173
3211,reverse_shell,none,malicious_plain,malicious_plain,1,0.0098,0.9717,0.0185
3212,data_exfiltration,none,malicious_plain,malicious_plain,1,0.0119,0.9655,0.0225
3213,c2_beacon,none,malicious_plain,malicious_plain,1,0.0080,0.9288,0.0632
3214,ssh_interactive,protocol_mimicry+fragmentation,benign,benign,1,0.5296,0.0105,0.4599
3215,data_exfiltration,fragmentation+block_padding+tunnel_encapsulation,malicious_obfuscated,malicious_obfuscated,1,0.0275,0.0122,0.9604
3216,ddos_flood,none,malicious_plain,malicious_plain,1,0.0072,0.9262,0.0666
3217,port_scan,fragmentation+random_padding+constant_rate_shaping,malicious_obfuscated,malicious_obfuscated,1,0.0211,0.0150,0.9639
3218,ssh_interactive,none,benign,benign,1,0.9823,0.0105,0.0072
3219,ssh_interactive,none,benign,benign,1,0.9854,0.0091,0.0055
3220,brute_force,block_padding,malicious_obfuscated,malicious_plain,0,0.0172,0.8093,0.1735
3221,data_exfiltration,protocol_mimicry+fragmentation+dummy_injection,malicious_obfuscated,malicious_obfuscated,1,0.0494,0.0097,0.9409
3222,video_streaming,none,benign,benign,1,0.9612,0.0241,0.0147
3223,reverse_shell,none,malicious_plain,malicious_plain,1,0.2548,0.6659,0.0793
3224,c2_beacon,dummy_injection+tunnel_encapsulation,malicious_obfuscated,malicious_obfuscated,1,0.0582,0.2212,0.7206
3225,video_streaming,dummy_injection+timing_jitter+constant_rate_shaping,benign,benign,1,0.9651,0.0108,0.0242
3226,reverse_shell,block_padding+random_padding+dummy_injection,malicious_obfuscated,malicious_obfuscated,1,0.1606,0.0402,0.7992
3227,c2_beacon,none,malicious_plain,malicious_plain,1,0.0073,0.9414,0.0514
3228,ssh_interactive,protocol_mimicry+dummy_injection,benign,benign,1,0.9322,0.0219,0.0460
3229,voip,timing_jitter,benign,benign,1,0.6217,0.1388,0.2396
3230,reverse_shell,tunnel_encapsulation,malicious_obfuscated,malicious_obfuscated,1,0.1363,0.3358,0.5279
3231,voip,none,benign,benign,1,0.9591,0.0085,0.0324
3232,port_scan,timing_jitter+tunnel_encapsulation,malicious_obfuscated,malicious_obfuscated,1,0.0269,0.0128,0.9603
3233,video_streaming,none,benign,benign,1,0.9645,0.0258,0.0097
3234,ssh_interactive,none,benign,benign,1,0.9804,0.0100,0.0096
3235,data_exfiltration,none,malicious_plain,malicious_plain,1,0.0102,0.9744,0.0154
3236,voip,dummy_injection,benign,benign,1,0.8111,0.0154,0.1735
3237,ssh_interactive,none,benign,benign,1,0.9730,0.0109,0.0161
3238,web_browsing,none,benign,benign,1,0.9854,0.0100,0.0046
3239,web_browsing,none,benign,benign,1,0.9039,0.0401,0.0560
3240,port_scan,none,malicious_plain,malicious_plain,1,0.0152,0.9466,0.0381
3241,voip,none,benign,benign,1,0.9196,0.0108,0.0696
3242,brute_force,fragmentation+constant_rate_shaping,malicious_obfuscated,malicious_obfuscated,1,0.3570,0.0083,0.6346
3243,c2_beacon,none,malicious_plain,malicious_plain,1,0.0033,0.9582,0.0385
3244,ssh_interactive,none,benign,benign,1,0.9804,0.0115,0.0081
3245,c2_beacon,none,malicious_plain,malicious_plain,1,0.0015,0.9837,0.0148
3246,port_scan,fragmentation+dummy_injection+constant_rate_shaping,malicious_obfuscated,benign,0,0.5439,0.0083,0.4477
3247,voip,none,benign,benign,1,0.9646,0.0083,0.0271
3248,ddos_flood,tunnel_encapsulation,malicious_obfuscated,malicious_obfuscated,1,0.0199,0.0661,0.9140
3249,c2_beacon,protocol_mimicry+block_padding+tunnel_encapsulation,malicious_obfuscated,malicious_obfuscated,1,0.2483,0.0071,0.7446
3250,reverse_shell,none,malicious_plain,malicious_plain,1,0.0478,0.9258,0.0264
3251,c2_beacon,random_padding,malicious_obfuscated,malicious_plain,0,0.0152,0.5488,0.4360
3252,voip,dummy_injection+timing_jitter,benign,benign,1,0.6492,0.0399,0.3108
3253,data_exfiltration,timing_jitter+tunnel_encapsulation,malicious_obfuscated,malicious_obfuscated,1,0.0248,0.0063,0.9689
3254,c2_beacon,protocol_mimicry+fragmentation,malicious_obfuscated,benign,0,0.7942,0.0250,0.1808
3255,brute_force,protocol_mimicry+random_padding+constant_rate_shaping,malicious_obfuscated,malicious_obfuscated,1,0.4494,0.0213,0.5293
3256,c2_beacon,protocol_mimicry+block_padding+constant_rate_shaping,malicious_obfuscated,malicious_obfuscated,1,0.2925,0.0851,0.6224
3257,ssh_interactive,fragmentation+dummy_injection+timing_jitter,benign,benign,1,0.7688,0.0356,0.1956
3258,port_scan,none,malicious_plain,malicious_plain,1,0.0125,0.9225,0.0649
3259,brute_force,none,malicious_plain,malicious_plain,1,0.0195,0.9127,0.0678
3260,web_browsing,protocol_mimicry+random_padding+tunnel_encapsulation,benign,benign,1,0.7727,0.0375,0.1899
3261,reverse_shell,none,malicious_plain,malicious_plain,1,0.0051,0.9646,0.0303
3262,ddos_flood,none,malicious_plain,malicious_plain,1,0.0105,0.9128,0.0767
3263,reverse_shell,none,malicious_plain,malicious_plain,1,0.0091,0.9773,0.0136
3264,brute_force,none,malicious_plain,malicious_plain,1,0.0194,0.9354,0.0452
3265,ssh_interactive,none,benign,benign,1,0.9809,0.0131,0.0060
3266,c2_beacon,none,malicious_plain,malicious_plain,1,0.0044,0.9329,0.0627
3267,data_exfiltration,random_padding,malicious_obfuscated,malicious_obfuscated,1,0.0196,0.0615,0.9189
3268,port_scan,block_padding+timing_jitter+constant_rate_shaping,malicious_obfuscated,malicious_obfuscated,1,0.2849,0.0792,0.6359
3269,c2_beacon,random_padding+constant_rate_shaping+tunnel_encapsulation,malicious_obfuscated,benign,0,0.5027,0.0131,0.4842
3270,c2_beacon,tunnel_encapsulation,malicious_obfuscated,malicious_plain,0,0.0079,0.8974,0.0947
3271,reverse_shell,protocol_mimicry,malicious_obfuscated,malicious_obfuscated,1,0.3226,0.0470,0.6304
3272,data_exfiltration,protocol_mimicry+random_padding,malicious_obfuscated,malicious_obfuscated,1,0.0355,0.0082,0.9563
3273,ddos_flood,none,malicious_plain,malicious_plain,1,0.0078,0.9537,0.0385
3274,brute_force,none,malicious_plain,malicious_plain,1,0.0070,0.9543,0.0387
3275,c2_beacon,none,malicious_plain,malicious_plain,1,0.0027,0.9685,0.0288
3276,reverse_shell,fragmentation+random_padding,malicious_obfuscated,malicious_obfuscated,1,0.0377,0.0058,0.9564
3277,brute_force,none,malicious_plain,malicious_plain,1,0.0093,0.9377,0.0529
3278,ddos_flood,protocol_mimicry,malicious_obfuscated,malicious_obfuscated,1,0.0366,0.0453,0.9180
3279,file_download,none,benign,benign,1,0.9684,0.0151,0.0165
3280,port_scan,none,malicious_plain,malicious_plain,1,0.0152,0.9434,0.0413
3281,video_streaming,protocol_mimicry+block_padding+dummy_injection,benign,benign,1,0.9403,0.0254,0.0342
3282,file_download,block_padding,benign,benign,1,0.9725,0.0146,0.0129
3283,c2_beacon,none,malicious_plain,malicious_plain,1,0.0049,0.9508,0.0443
3284,voip,none,benign,benign,1,0.9408,0.0092,0.0499
3285,reverse_shell,none,malicious_plain,malicious_plain,1,0.1099,0.7413,0.1488
3286,c2_beacon,random_padding+timing_jitter+tunnel_encapsulation,malicious_obfuscated,malicious_obfuscated,1,0.0197,0.0092,0.9711
3287,ssh_interactive,protocol_mimicry+timing_jitter+tunnel_encapsulation,benign,benign,1,0.6136,0.1121,0.2744
3288,ddos_flood,none,malicious_plain,malicious_plain,1,0.0084,0.9526,0.0391
3289,data_exfiltration,block_padding,malicious_obfuscated,malicious_obfuscated,1,0.0214,0.0888,0.8898
3290,voip,none,benign,benign,1,0.9660,0.0085,0.0255
3291,reverse_shell,none,malicious_plain,malicious_plain,1,0.0063,0.9806,0.0131
3292,ddos_flood,fragmentation+block_padding,malicious_obfuscated,malicious_obfuscated,1,0.0256,0.0255,0.9489
3293,web_browsing,dummy_injection+constant_rate_shaping,benign,benign,1,0.9243,0.0114,0.0643
3294,data_exfiltration,protocol_mimicry+random_padding+constant_rate_shaping,malicious_obfuscated,malicious_obfuscated,1,0.1169,0.0202,0.8628
3295,brute_force,dummy_injection+timing_jitter,malicious_obfuscated,malicious_obfuscated,1,0.0397,0.0093,0.9511
3296,port_scan,none,malicious_plain,malicious_plain,1,0.0222,0.8533,0.1245
3297,c2_beacon,random_padding,malicious_obfuscated,malicious_obfuscated,1,0.0180,0.0447,0.9372
3298,data_exfiltration,none,malicious_plain,malicious_plain,1,0.0115,0.9695,0.0190
3299,c2_beacon,none,malicious_plain,malicious_plain,1,0.0121,0.9415,0.0464
3300,data_exfiltration,block_padding,malicious_obfuscated,malicious_obfuscated,1,0.0120,0.0087,0.9793
3301,web_browsing,none,benign,benign,1,0.9682,0.0116,0.0203
3302,ddos_flood,fragmentation+dummy_injection+tunnel_encapsulation,malicious_obfuscated,malicious_obfuscated,1,0.0113,0.0132,0.9755
3303,port_scan,none,malicious_plain,malicious_plain,1,0.0176,0.9170,0.0654
3304,port_scan,none,malicious_plain,malicious_plain,1,0.0292,0.8470,0.1238
3305,reverse_shell,constant_rate_shaping+tunnel_encapsulation,malicious_obfuscated,malicious_obfuscated,1,0.4518,0.0028,0.5453
3306,file_download,none,benign,benign,1,0.9716,0.0156,0.0127
3307,file_download,none,benign,benign,1,0.9712,0.0163,0.0124
3308,video_streaming,block_padding,benign,benign,1,0.9750,0.0136,0.0115
3309,port_scan,none,malicious_plain,malicious_plain,1,0.0133,0.9424,0.0442
3310,data_exfiltration,none,malicious_plain,malicious_plain,1,0.0122,0.9654,0.0225
3311,port_scan,dummy_injection,malicious_obfuscated,malicious_obfuscated,1,0.0335,0.0131,0.9534
3312,brute_force,random_padding+timing_jitter+constant_rate_shaping,malicious_obfuscated,malicious_obfuscated,1,0.1807,0.0988,0.7204
3313,web_browsing,none,benign,benign,1,0.9647,0.0157,0.0196
3314,c2_beacon,none,malicious_plain,malicious_plain,1,0.0032,0.9659,0.0308
3315,data_exfiltration,none,malicious_plain,malicious_plain,1,0.0110,0.9734,0.0156
3316,data_exfiltration,none,malicious_plain,malicious_plain,1,0.0121,0.9689,0.0190
3317,ssh_interactive,fragmentation+tunnel_encapsulation,benign,benign,1,0.8199,0.0039,0.1762
3318,port_scan,none,malicious_plain,malicious_plain,1,0.0207,0.9097,0.0696
3319,brute_force,dummy_injection+tunnel_encapsulation,malicious_obfuscated,malicious_obfuscated,1,0.0313,0.0080,0.9607
3320,data_exfiltration,block_padding+random_padding,malicious_obfuscated,malicious_obfuscated,1,0.0223,0.0666,0.9111
3321,brute_force,none,malicious_plain,malicious_plain,1,0.0088,0.9450,0.0462
3322,c2_beacon,random_padding,malicious_obfuscated,malicious_obfuscated,1,0.0173,0.0586,0.9241
3323,c2_beacon,none,malicious_plain,malicious_plain,1,0.0035,0.9549,0.0415
3324,c2_beacon,none,malicious_plain,malicious_plain,1,0.0088,0.7907,0.2005
3325,data_exfiltration,fragmentation,malicious_obfuscated,malicious_obfuscated,1,0.0286,0.0182,0.9532
3326,ddos_flood,dummy_injection+timing_jitter+tunnel_encapsulation,malicious_obfuscated,malicious_obfuscated,1,0.0166,0.0077,0.9757
3327,c2_beacon,none,malicious_plain,malicious_plain,1,0.0223,0.7486,0.2290
3328,reverse_shell,protocol_mimicry+fragmentation,malicious_obfuscated,malicious_obfuscated,1,0.1764,0.0038,0.8197
3329,data_exfiltration,none,malicious_plain,malicious_plain,1,0.0136,0.9579,0.0286
3330,c2_beacon,none,malicious_plain,malicious_plain,1,0.0032,0.9609,0.0359
3331,c2_beacon,none,malicious_plain,malicious_plain,1,0.0222,0.8895,0.0884
3332,voip,fragmentation+tunnel_encapsulation,benign,benign,1,0.9484,0.0113,0.0404
3333,ddos_flood,random_padding+constant_rate_shaping+tunnel_encapsulation,malicious_obfuscated,malicious_obfuscated,1,0.0147,0.0095,0.9758
3334,file_download,dummy_injection+constant_rate_shaping+tunnel_encapsulation,benign,malicious_obfuscated,0,0.1864,0.0065,0.8070
3335,ddos_flood,none,malicious_plain,malicious_plain,1,0.0089,0.9046,0.0865
3336,c2_beacon,none,malicious_plain,malicious_plain,1,0.0054,0.9665,0.0281
3337,ssh_interactive,tunnel_encapsulation,benign,benign,1,0.9103,0.0200,0.0697
3338,dns_query,dummy_injection,benign,malicious_plain,0,0.2972,0.3628,0.3400
3339,file_download,none,benign,benign,1,0.9667,0.0193,0.0140
3340,brute_force,fragmentation,malicious_obfuscated,malicious_obfuscated,1,0.0454,0.0104,0.9443
3341,voip,none,benign,benign,1,0.9593,0.0098,0.0308
3342,c2_beacon,protocol_mimicry+dummy_injection+constant_rate_shaping,malicious_obfuscated,malicious_obfuscated,1,0.0101,0.0053,0.9847
3343,port_scan,none,malicious_plain,malicious_plain,1,0.0157,0.9519,0.0324
3344,port_scan,block_padding,malicious_obfuscated,malicious_obfuscated,1,0.0393,0.0128,0.9479
3345,c2_beacon,protocol_mimicry+fragmentation+random_padding,malicious_obfuscated,malicious_obfuscated,1,0.0326,0.0079,0.9594
3346,video_streaming,protocol_mimicry+tunnel_encapsulation,benign,benign,1,0.9530,0.0197,0.0273
3347,file_download,none,benign,benign,1,0.9675,0.0192,0.0134
3348,ddos_flood,none,malicious_plain,malicious_plain,1,0.0123,0.8173,0.1704
3349,video_streaming,block_padding+timing_jitter,benign,benign,1,0.9349,0.0500,0.0152
3350,c2_beacon,none,malicious_plain,malicious_plain,1,0.0200,0.7888,0.1913
3351,brute_force,protocol_mimicry+block_padding+tunnel_encapsulation,malicious_obfuscated,benign,0,0.5561,0.0103,0.4336
3352,port_scan,none,malicious_plain,malicious_plain,1,0.0162,0.9491,0.0347
3353,port_scan,constant_rate_shaping,malicious_obfuscated,malicious_obfuscated,1,0.0126,0.0080,0.9794
3354,ssh_interactive,dummy_injection,benign,benign,1,0.8807,0.0341,0.0852
3355,brute_force,none,malicious_plain,malicious_plain,1,0.0105,0.9201,0.0694
3356,brute_force,none,malicious_plain,malicious_plain,1,0.0099,0.9313,0.0588
3357,brute_force,protocol_mimicry+fragmentation+tunnel_encapsulation,malicious_obfuscated,malicious_obfuscated,1,0.1233,0.0101,0.8666
3358,c2_beacon,protocol_mimicry+block_padding,malicious_obfuscated,malicious_obfuscated,1,0.0567,0.0160,0.9273
3359,voip,none,benign,benign,1,0.9672,0.0083,0.0245
3360,video_streaming,protocol_mimicry+fragmentation+constant_rate_shaping,benign,malicious_obfuscated,0,0.2025,0.0031,0.7945
3361,reverse_shell,none,malicious_plain,malicious_plain,1,0.0246,0.8807,0.0947
3362,c2_beacon,protocol_mimicry+dummy_injection,malicious_obfuscated,malicious_obfuscated,1,0.2495,0.0285,0.7220
3363,data_exfiltration,none,malicious_plain,malicious_plain,1,0.0116,0.9676,0.0208
3364,video_streaming,protocol_mimicry,benign,benign,1,0.9575,0.0288,0.0137
3365,ddos_flood,none,malicious_plain,malicious_plain,1,0.0070,0.9519,0.0411
3366,voip,constant_rate_shaping,benign,malicious_obfuscated,0,0.3489,0.0071,0.6440
3367,file_download,random_padding,benign,benign,1,0.9649,0.0169,0.0182
3368,port_scan,none,malicious_plain,malicious_plain,1,0.0247,0.8664,0.1089
3369,brute_force,none,malicious_plain,malicious_plain,1,0.0098,0.9426,0.0476
3370,web_browsing,none,benign,benign,1,0.6989,0.0992,0.2019
3371,web_browsing,none,benign,benign,1,0.8674,0.0665,0.0661
3372,port_scan,random_padding+tunnel_encapsulation,malicious_obfuscated,malicious_obfuscated,1,0.0339,0.0190,0.9471
3373,ssh_interactive,none,benign,benign,1,0.9769,0.0116,0.0115
3374,c2_beacon,random_padding,malicious_obfuscated,malicious_obfuscated,1,0.0339,0.0907,0.8753
3375,video_streaming,none,benign,benign,1,0.9750,0.0169,0.0081
3376,port_scan,none,malicious_plain,malicious_plain,1,0.0240,0.9205,0.0555
3377,brute_force,random_padding,malicious_obfuscated,malicious_plain,0,0.0189,0.8849,0.0962
3378,ssh_interactive,none,benign,benign,1,0.9734,0.0104,0.0163
3379,brute_force,protocol_mimicry,malicious_obfuscated,malicious_obfuscated,1,0.0442,0.0431,0.9127
3380,brute_force,none,malicious_plain,malicious_plain,1,0.0096,0.9156,0.0748
3381,ssh_interactive,none,benign,benign,1,0.9737,0.0102,0.0162
3382,ddos_flood,timing_jitter+constant_rate_shaping+tunnel_encapsulation,malicious_obfuscated,malicious_obfuscated,1,0.2203,0.0195,0.7602
3383,c2_beacon,none,malicious_plain,malicious_plain,1,0.0018,0.9813,0.0169
3384,port_scan,block_padding,malicious_obfuscated,malicious_obfuscated,1,0.0266,0.2319,0.7415
3385,data_exfiltration,none,malicious_plain,malicious_plain,1,0.0112,0.9728,0.0160
3386,port_scan,none,malicious_plain,malicious_plain,1,0.0172,0.9456,0.0372
3387,port_scan,none,malicious_plain,malicious_plain,1,0.0160,0.9396,0.0444
3388,brute_force,none,malicious_plain,malicious_plain,1,0.0132,0.8655,0.1213
3389,ddos_flood,timing_jitter+constant_rate_shaping,malicious_obfuscated,malicious_obfuscated,1,0.1372,0.0915,0.7713
3390,ssh_interactive,none,benign,benign,1,0.9744,0.0145,0.0111
3391,voip,none,benign,benign,1,0.9679,0.0082,0.0239
3392,reverse_shell,protocol_mimicry+fragmentation+block_padding,malicious_obfuscated,malicious_obfuscated,1,0.0895,0.0248,0.8857
3393,ddos_flood,none,malicious_plain,malicious_plain,1,0.0091,0.9296,0.0612
3394,file_download,none,benign,benign,1,0.9660,0.0196,0.0144
3395,c2_beacon,none,malicious_plain,malicious_plain,1,0.0064,0.9420,0.0515
3396,reverse_shell,protocol_mimicry+block_padding+dummy_injection,malicious_obfuscated,malicious_obfuscated,1,0.3431,0.0118,0.6451
3397,ssh_interactive,none,benign,benign,1,0.9767,0.0110,0.0123
3398,data_exfiltration,none,malicious_plain,malicious_plain,1,0.0153,0.9436,0.0411
3399,ddos_flood,none,malicious_plain,malicious_plain,1,0.0087,0.9519,0.0394
3400,reverse_shell,protocol_mimicry,malicious_obfuscated,malicious_obfuscated,1,0.0796,0.0146,0.9058
3401,ssh_interactive,none,benign,benign,1,0.9737,0.0169,0.0093
3402,video_streaming,none,benign,benign,1,0.9729,0.0170,0.0101
3403,voip,none,benign,benign,1,0.9316,0.0106,0.0578
3404,reverse_shell,none,malicious_plain,malicious_plain,1,0.0175,0.8561,0.1264
3405,file_download,none,benign,benign,1,0.9649,0.0238,0.0113
3406,ddos_flood,protocol_mimicry+fragmentation,malicious_obfuscated,malicious_obfuscated,1,0.0371,0.0742,0.8886
3407,reverse_shell,protocol_mimicry+timing_jitter+constant_rate_shaping,malicious_obfuscated,malicious_obfuscated,1,0.3197,0.0116,0.6687
3408,brute_force,none,malicious_plain,malicious_plain,1,0.0096,0.9211,0.0693
3409,brute_force,protocol_mimicry+fragmentation+random_padding,malicious_obfuscated,malicious_obfuscated,1,0.0366,0.0085,0.9549
3410,c2_beacon,none,malicious_plain,malicious_plain,1,0.0167,0.8414,0.1419
3411,port_scan,protocol_mimicry+block_padding,malicious_obfuscated,malicious_obfuscated,1,0.0103,0.0068,0.9829
3412,ssh_interactive,none,benign,benign,1,0.9773,0.0097,0.0130
3413,file_download,none,benign,benign,1,0.9607,0.0216,0.0177
3414,ddos_flood,none,malicious_plain,malicious_plain,1,0.0082,0.9098,0.0820
3415,ddos_flood,protocol_mimicry+block_padding,malicious_obfuscated,malicious_obfuscated,1,0.0336,0.0130,0.9534
3416,ssh_interactive,none,benign,benign,1,0.9834,0.0095,0.0071
3417,c2_beacon,block_padding+timing_jitter,malicious_obfuscated,malicious_obfuscated,1,0.0150,0.0141,0.9710
3418,ddos_flood,none,malicious_plain,malicious_plain,1,0.0071,0.9557,0.0372
3419,file_download,fragmentation+dummy_injection,benign,benign,1,0.6350,0.0073,0.3577
3420,ddos_flood,random_padding+constant_rate_shaping,malicious_obfuscated,malicious_obfuscated,1,0.0194,0.0175,0.9631
3421,ddos_flood,none,malicious_plain,malicious_plain,1,0.0089,0.9584,0.0327
3422,port_scan,tunnel_encapsulation,malicious_obfuscated,malicious_obfuscated,1,0.0309,0.1029,0.8662
3423,ssh_interactive,protocol_mimicry,benign,benign,1,0.8811,0.0104,0.1085
3424,web_browsing,dummy_injection+tunnel_encapsulation,benign,benign,1,0.9381,0.0153,0.0466
3425,c2_beacon,timing_jitter+tunnel_encapsulation,malicious_obfuscated,malicious_obfuscated,1,0.0312,0.2755,0.6932
3426,data_exfiltration,none,malicious_plain,malicious_plain,1,0.0107,0.9700,0.0193
3427,c2_beacon,none,malicious_plain,malicious_plain,1,0.0547,0.7472,0.1981
3428,brute_force,protocol_mimicry+fragmentation+tunnel_encapsulation,malicious_obfuscated,malicious_obfuscated,1,0.4027,0.0103,0.5870
3429,port_scan,dummy_injection,malicious_obfuscated,malicious_obfuscated,1,0.0294,0.2622,0.7084
3430,c2_beacon,none,malicious_plain,malicious_plain,1,0.0086,0.9226,0.0688
3431,voip,protocol_mimicry,benign,benign,1,0.9693,0.0137,0.0170
3432,data_exfiltration,none,malicious_plain,malicious_plain,1,0.0121,0.9648,0.0232
3433,video_streaming,none,benign,benign,1,0.9674,0.0206,0.0119
3434,voip,protocol_mimicry,benign,benign,1,0.8854,0.0085,0.1061
3435,ddos_flood,none,malicious_plain,malicious_plain,1,0.0059,0.9649,0.0292
3436,data_exfiltration,none,malicious_plain,malicious_plain,1,0.0099,0.9774,0.0128
3437,port_scan,none,malicious_plain,malicious_plain,1,0.0151,0.9266,0.0582
3438,ddos_flood,none,malicious_plain,malicious_plain,1,0.0084,0.9463,0.0453
3439,c2_beacon,constant_rate_shaping,malicious_obfuscated,malicious_obfuscated,1,0.1637,0.0058,0.8305
3440,port_scan,none,malicious_plain,malicious_plain,1,0.0168,0.9369,0.0464
3441,web_browsing,none,benign,benign,1,0.9789,0.0153,0.0059
3442,web_browsing,none,benign,benign,1,0.9743,0.0223,0.0034
3443,voip,block_padding+dummy_injection+constant_rate_shaping,benign,malicious_obfuscated,0,0.4496,0.0036,0.5468
3444,reverse_shell,none,malicious_plain,malicious_plain,1,0.0509,0.6614,0.2878
3445,brute_force,none,malicious_plain,malicious_plain,1,0.0133,0.8944,0.0924
3446,reverse_shell,none,malicious_plain,malicious_plain,1,0.0074,0.9743,0.0184
3447,data_exfiltration,protocol_mimicry+random_padding,malicious_obfuscated,malicious_obfuscated,1,0.0399,0.0131,0.9470
3448,web_browsing,protocol_mimicry+dummy_injection,benign,benign,1,0.9346,0.0095,0.0560
3449,ssh_interactive,protocol_mimicry,benign,benign,1,0.9725,0.0156,0.0119
3450,brute_force,none,malicious_plain,malicious_plain,1,0.0268,0.7675,0.2057
3451,ddos_flood,none,malicious_plain,malicious_plain,1,0.0118,0.8692,0.1190
3452,web_browsing,none,benign,benign,1,0.9782,0.0167,0.0051
3453,web_browsing,none,benign,benign,1,0.9802,0.0143,0.0056
3454,data_exfiltration,none,malicious_plain,malicious_plain,1,0.0124,0.9640,0.0236
3455,reverse_shell,none,malicious_plain,malicious_plain,1,0.1035,0.7699,0.1266
3456,voip,block_padding+dummy_injection+constant_rate_shaping,benign,malicious_obfuscated,0,0.4302,0.0057,0.5641
3457,data_exfiltration,protocol_mimicry+tunnel_encapsulation,malicious_obfuscated,malicious_obfuscated,1,0.0159,0.0095,0.9746
3458,port_scan,none,malicious_plain,malicious_plain,1,0.0183,0.9392,0.0425
3459,file_download,block_padding+tunnel_encapsulation,benign,benign,1,0.9581,0.0104,0.0314
3460,brute_force,block_padding,malicious_obfuscated,malicious_plain,0,0.0166,0.8683,0.1151
3461,brute_force,fragmentation+dummy_injection+constant_rate_shaping,malicious_obfuscated,malicious_obfuscated,1,0.2919,0.0032,0.7048
3462,ddos_flood,dummy_injection+timing_jitter+constant_rate_shaping,malicious_obfuscated,malicious_obfuscated,1,0.4681,0.0051,0.5268
3463,ddos_flood,constant_rate_shaping,malicious_obfuscated,malicious_obfuscated,1,0.0110,0.0132,0.9757
3464,video_streaming,none,benign,benign,1,0.9711,0.0176,0.0113
3465,web_browsing,random_padding+timing_jitter,benign,benign,1,0.9805,0.0046,0.0149
3466,c2_beacon,none,malicious_plain,malicious_plain,1,0.0031,0.9627,0.0342
3467,web_browsing,none,benign,benign,1,0.9576,0.0153,0.0271
3468,ddos_flood,none,malicious_plain,malicious_plain,1,0.0110,0.8570,0.1320
3469,ddos_flood,none,malicious_plain,malicious_plain,1,0.0077,0.9281,0.0642
3470,video_streaming,none,benign,benign,1,0.9737,0.0177,0.0086
3471,brute_force,timing_jitter,malicious_obfuscated,malicious_plain,0,0.0223,0.7662,0.2115
3472,voip,fragmentation,benign,benign,1,0.9511,0.0100,0.0389
3473,brute_force,timing_jitter+constant_rate_shaping+tunnel_encapsulation,malicious_obfuscated,malicious_obfuscated,1,0.0721,0.0074,0.9205
3474,c2_beacon,none,malicious_plain,malicious_plain,1,0.0182,0.6608,0.3210
3475,port_scan,constant_rate_shaping+tunnel_encapsulation,malicious_obfuscated,malicious_obfuscated,1,0.0270,0.0214,0.9516
3476,voip,random_padding+timing_jitter,benign,malicious_obfuscated,0,0.1635,0.1455,0.6910
3477,reverse_shell,none,malicious_plain,malicious_plain,1,0.0246,0.9024,0.0730
3478,ddos_flood,protocol_mimicry+random_padding,malicious_obfuscated,malicious_obfuscated,1,0.0105,0.0074,0.9821
3479,port_scan,protocol_mimicry+timing_jitter+constant_rate_shaping,malicious_obfuscated,malicious_obfuscated,1,0.0228,0.0191,0.9581
3480,c2_beacon,fragmentation,malicious_obfuscated,malicious_obfuscated,1,0.0329,0.0066,0.9604
3481,reverse_shell,random_padding+timing_jitter,malicious_obfuscated,malicious_obfuscated,1,0.0708,0.0094,0.9198
3482,port_scan,dummy_injection,malicious_obfuscated,malicious_obfuscated,1,0.0311,0.0122,0.9567
3483,web_browsing,none,benign,benign,1,0.9857,0.0048,0.0095
3484,web_browsing,none,benign,benign,1,0.9740,0.0185,0.0075
3485,c2_beacon,fragmentation+dummy_injection+constant_rate_shaping,malicious_obfuscated,malicious_obfuscated,1,0.2199,0.0607,0.7195
3486,brute_force,none,malicious_plain,malicious_plain,1,0.0092,0.9206,0.0703
3487,voip,none,benign,benign,1,0.9410,0.0102,0.0488
3488,data_exfiltration,protocol_mimicry,malicious_obfuscated,malicious_obfuscated,1,0.0345,0.0101,0.9555
3489,reverse_shell,constant_rate_shaping,malicious_obfuscated,benign,0,0.7477,0.0258,0.2265
3490,video_streaming,none,benign,benign,1,0.9704,0.0176,0.0120
3491,ssh_interactive,block_padding+constant_rate_shaping+tunnel_encapsulation,benign,benign,1,0.6734,0.0060,0.3206
3492,port_scan,none,malicious_plain,malicious_plain,1,0.0172,0.9416,0.0413
3493,reverse_shell,protocol_mimicry+random_padding+timing_jitter,malicious_obfuscated,malicious_obfuscated,1,0.0179,0.0100,0.9721
3494,ddos_flood,none,malicious_plain,malicious_plain,1,0.0089,0.8918,0.0993
3495,web_browsing,none,benign,benign,1,0.9808,0.0131,0.0060
3496,file_download,protocol_mimicry+constant_rate_shaping,benign,benign,1,0.9422,0.0135,0.0443
3497,brute_force,none,malicious_plain,malicious_plain,1,0.0156,0.8834,0.1009
3498,reverse_shell,none,malicious_plain,malicious_plain,1,0.0131,0.9624,0.0245
3499,ssh_interactive,protocol_mimicry+block_padding+timing_jitter,benign,benign,1,0.7930,0.0295,0.1775
3500,web_browsing,none,benign,benign,1,0.9818,0.0129,0.0053
3501,reverse_shell,none,malicious_plain,malicious_plain,1,0.0623,0.8629,0.0748
3502,c2_beacon,protocol_mimicry+fragmentation+tunnel_encapsulation,malicious_obfuscated,malicious_obfuscated,1,0.0395,0.0142,0.9462
3503,file_download,none,benign,benign,1,0.9683,0.0184,0.0133
3504,data_exfiltration,fragmentation+timing_jitter+tunnel_encapsulation,malicious_obfuscated,malicious_obfuscated,1,0.0231,0.0068,0.9700
3505,port_scan,protocol_mimicry+constant_rate_shaping,malicious_obfuscated,malicious_obfuscated,1,0.0360,0.0230,0.9410
3506,file_download,block_padding,benign,benign,1,0.9783,0.0100,0.0117
3507,c2_beacon,none,malicious_plain,malicious_plain,1,0.0043,0.9515,0.0442
3508,ssh_interactive,dummy_injection,benign,benign,1,0.8613,0.0462,0.0925
3509,ddos_flood,none,malicious_plain,malicious_plain,1,0.0066,0.9442,0.0492
3510,file_download,protocol_mimicry+fragmentation+block_padding,benign,benign,1,0.7750,0.0466,0.1785
3511,c2_beacon,random_padding+constant_rate_shaping,malicious_obfuscated,malicious_obfuscated,1,0.3039,0.0917,0.6044
3512,ssh_interactive,none,benign,benign,1,0.9808,0.0121,0.0071
3513,file_download,none,benign,benign,1,0.9697,0.0171,0.0131
3514,port_scan,none,malicious_plain,malicious_plain,1,0.0164,0.9352,0.0484
3515,c2_beacon,none,malicious_plain,malicious_plain,1,0.0109,0.7703,0.2187
3516,data_exfiltration,none,malicious_plain,malicious_plain,1,0.0120,0.9635,0.0244
3517,file_download,none,benign,benign,1,0.9702,0.0169,0.0128
3518,reverse_shell,protocol_mimicry,malicious_obfuscated,malicious_obfuscated,1,0.0730,0.0022,0.9249
3519,data_exfiltration,protocol_mimicry+fragmentation,malicious_obfuscated,malicious_obfuscated,1,0.0252,0.0169,0.9579
3520,web_browsing,none,benign,benign,1,0.9805,0.0065,0.0130
3521,data_exfiltration,none,malicious_plain,malicious_plain,1,0.0117,0.9685,0.0199
3522,ddos_flood,none,malicious_plain,malicious_plain,1,0.0076,0.9553,0.0371
3523,c2_beacon,none,malicious_plain,malicious_plain,1,0.0051,0.9357,0.0592
3524,reverse_shell,none,malicious_plain,malicious_plain,1,0.1762,0.5574,0.2664
3525,reverse_shell,protocol_mimicry+block_padding+constant_rate_shaping,malicious_obfuscated,benign,0,0.7888,0.0190,0.1922
3526,reverse_shell,none,malicious_plain,malicious_plain,1,0.0874,0.7760,0.1366
3527,data_exfiltration,none,malicious_plain,malicious_plain,1,0.0181,0.9200,0.0619
3528,voip,none,benign,benign,1,0.9403,0.0104,0.0493
3529,reverse_shell,protocol_mimicry+dummy_injection+tunnel_encapsulation,malicious_obfuscated,benign,0,0.5116,0.0539,0.4345
3530,c2_beacon,block_padding+timing_jitter+constant_rate_shaping,malicious_obfuscated,malicious_obfuscated,1,0.1952,0.3665,0.4383
3531,ddos_flood,protocol_mimicry+fragmentation+dummy_injection,malicious_obfuscated,malicious_obfuscated,1,0.0641,0.0132,0.9228
3532,dns_query,block_padding+dummy_injection,benign,malicious_plain,0,0.1734,0.4155,0.4110
3533,reverse_shell,block_padding+constant_rate_shaping+tunnel_encapsulation,malicious_obfuscated,malicious_obfuscated,1,0.2413,0.0020,0.7567
3534,ddos_flood,none,malicious_plain,malicious_plain,1,0.0102,0.9016,0.0882
3535,data_exfiltration,none,malicious_plain,malicious_plain,1,0.0120,0.9653,0.0227
3536,brute_force,fragmentation,malicious_obfuscated,malicious_obfuscated,1,0.0414,0.0103,0.9482
3537,ddos_flood,timing_jitter+tunnel_encapsulation,malicious_obfuscated,malicious_obfuscated,1,0.0201,0.0076,0.9724
3538,data_exfiltration,none,malicious_plain,malicious_plain,1,0.0130,0.9580,0.0290
3539,web_browsing,none,benign,benign,1,0.9792,0.0145,0.0063
3540,brute_force,none,malicious_plain,malicious_plain,1,0.0099,0.9533,0.0368
3541,ssh_interactive,none,benign,benign,1,0.9758,0.0110,0.0131
3542,voip,random_padding+dummy_injection,benign,benign,1,0.5814,0.0218,0.3968
3543,port_scan,random_padding,malicious_obfuscated,malicious_obfuscated,1,0.0173,0.0485,0.9342
3544,port_scan,fragmentation,malicious_obfuscated,malicious_plain,0,0.0159,0.9189,0.0652
3545,video_streaming,none,benign,benign,1,0.9717,0.0178,0.0105
3546,reverse_shell,none,malicious_plain,malicious_plain,1,0.0111,0.9582,0.0307
3547,ddos_flood,none,malicious_plain,malicious_plain,1,0.0075,0.9585,0.0339
3548,ssh_interactive,none,benign,benign,1,0.9756,0.0102,0.0142
3549,port_scan,none,malicious_plain,malicious_plain,1,0.0184,0.9296,0.0520
3550,reverse_shell,none,malicious_plain,malicious_plain,1,0.0183,0.9491,0.0326
3551,data_exfiltration,protocol_mimicry,malicious_obfuscated,malicious_obfuscated,1,0.0250,0.0117,0.9632
3552,video_streaming,none,benign,benign,1,0.9698,0.0185,0.0116
3553,c2_beacon,none,malicious_plain,malicious_plain,1,0.0095,0.9290,0.0614
3554,data_exfiltration,block_padding,malicious_obfuscated,malicious_obfuscated,1,0.0162,0.0098,0.9740
3555,ssh_interactive,none,benign,benign,1,0.9739,0.0131,0.0129
3556,brute_force,constant_rate_shaping,malicious_obfuscated,malicious_obfuscated,1,0.2388,0.0111,0.7501
3557,reverse_shell,block_padding,malicious_obfuscated,malicious_obfuscated,1,0.1359,0.0189,0.8452
3558,web_browsing,block_padding,benign,benign,1,0.9810,0.0122,0.0068
3559,reverse_shell,random_padding+dummy_injection,malicious_obfuscated,malicious_obfuscated,1,0.0993,0.0130,0.8877
3560,web_browsing,block_padding+random_padding,benign,benign,1,0.9457,0.0158,0.0384
3561,brute_force,none,malicious_plain,malicious_plain,1,0.0076,0.9459,0.0465
3562,reverse_shell,none,malicious_plain,malicious_plain,1,0.0128,0.9609,0.0264
3563,brute_force,none,malicious_plain,malicious_plain,1,0.0096,0.9300,0.0603
3564,brute_force,fragmentation,malicious_obfuscated,malicious_obfuscated,1,0.0301,0.0118,0.9581
3565,c2_beacon,protocol_mimicry+fragmentation+tunnel_encapsulation,malicious_obfuscated,malicious_obfuscated,1,0.0302,0.0052,0.9646
3566,ddos_flood,none,malicious_plain,malicious_plain,1,0.0085,0.9340,0.0575
3567,data_exfiltration,random_padding+tunnel_encapsulation,malicious_obfuscated,malicious_obfuscated,1,0.0180,0.0056,0.9764
3568,web_browsing,block_padding+random_padding,benign,benign,1,0.9863,0.0090,0.0047
3569,ssh_interactive,none,benign,benign,1,0.9805,0.0098,0.0098
3570,port_scan,none,malicious_plain,malicious_plain,1,0.0129,0.9460,0.0411
3571,brute_force,fragmentation+timing_jitter+tunnel_encapsulation,malicious_obfuscated,malicious_obfuscated,1,0.0544,0.0113,0.9343
3572,brute_force,protocol_mimicry+constant_rate_shaping,malicious_obfuscated,benign,0,0.5419,0.0047,0.4534
3573,voip,dummy_injection+constant_rate_shaping,benign,benign,1,0.5907,0.0061,0.4032
3574,web_browsing,none,benign,benign,1,0.9752,0.0062,0.0186
3575,brute_force,none,malicious_plain,malicious_plain,1,0.0136,0.9398,0.0466
3576,brute_force,timing_jitter,malicious_obfuscated,malicious_plain,0,0.0117,0.9475,0.0408
3577,port_scan,fragmentation+constant_rate_shaping,malicious_obfuscated,malicious_obfuscated,1,0.0115,0.0121,0.9764
3578,brute_force,none,malicious_plain,malicious_plain,1,0.0095,0.9253,0.0651
3579,data_exfiltration,none,malicious_plain,malicious_plain,1,0.0117,0.9682,0.0201
3580,reverse_shell,tunnel_encapsulation,malicious_obfuscated,malicious_obfuscated,1,0.1050,0.1619,0.7331
3581,reverse_shell,block_padding+timing_jitter,malicious_obfuscated,malicious_obfuscated,1,0.0638,0.0526,0.8836
3582,data_exfiltration,fragmentation+random_padding+constant_rate_shaping,malicious_obfuscated,malicious_obfuscated,1,0.1888,0.0126,0.7986
3583,reverse_shell,protocol_mimicry+constant_rate_shaping,malicious_obfuscated,benign,0,0.5912,0.0061,0.4027
3584,port_scan,none,malicious_plain,malicious_plain,1,0.0156,0.9564,0.0280
3585,brute_force,block_padding+random_padding,malicious_obfuscated,malicious_obfuscated,1,0.0343,0.0085,0.9572
3586,data_exfiltration,none,malicious_plain,malicious_plain,1,0.0110,0.9726,0.0164
3587,ddos_flood,none,malicious_plain,malicious_plain,1,0.0072,0.9463,0.0465
3588,port_scan,none,malicious_plain,malicious_plain,1,0.0143,0.9320,0.0537
3589,reverse_shell,none,malicious_plain,benign,0,0.6372,0.3204,0.0424
3590,brute_force,none,malicious_plain,malicious_plain,1,0.0274,0.7476,0.2250
3591,reverse_shell,none,malicious_plain,malicious_plain,1,0.0314,0.9379,0.0306
3592,reverse_shell,block_padding+timing_jitter+constant_rate_shaping,malicious_obfuscated,malicious_plain,0,0.4078,0.4284,0.1638
3593,video_streaming,none,benign,benign,1,0.9738,0.0181,0.0081
3594,ddos_flood,none,malicious_plain,malicious_plain,1,0.0075,0.9571,0.0354
3595,reverse_shell,protocol_mimicry+block_padding+random_padding,malicious_obfuscated,malicious_obfuscated,1,0.1125,0.0591,0.8283
3596,web_browsing,none,benign,benign,1,0.9601,0.0161,0.0238
3597,video_streaming,protocol_mimicry,benign,benign,1,0.9471,0.0304,0.0225
3598,data_exfiltration,protocol_mimicry+timing_jitter,malicious_obfuscated,malicious_obfuscated,1,0.0243,0.0078,0.9679
3599,dns_query,fragmentation+dummy_injection+tunnel_encapsulation,benign,benign,1,0.4179,0.2612,0.3209
3600,data_exfiltration,none,malicious_plain,malicious_plain,1,0.0112,0.9704,0.0184
3601,c2_beacon,random_padding+dummy_injection,malicious_obfuscated,malicious_obfuscated,1,0.0131,0.0066,0.9803
3602,reverse_shell,fragmentation+block_padding,malicious_obfuscated,malicious_obfuscated,1,0.0751,0.0351,0.8898
3603,data_exfiltration,none,malicious_plain,malicious_plain,1,0.0161,0.9361,0.0479
3604,file_download,none,benign,benign,1,0.9623,0.0203,0.0174
3605,c2_beacon,block_padding,malicious_obfuscated,malicious_obfuscated,1,0.0229,0.0380,0.9391
3606,brute_force,constant_rate_shaping,malicious_obfuscated,malicious_obfuscated,1,0.4431,0.0036,0.5534
3607,web_browsing,timing_jitter,benign,benign,1,0.8842,0.0105,0.1053
3608,data_exfiltration,none,malicious_plain,malicious_plain,1,0.0135,0.9610,0.0255
3609,ssh_interactive,none,benign,benign,1,0.9763,0.0134,0.0104
3610,reverse_shell,none,malicious_plain,malicious_plain,1,0.0033,0.9880,0.0087
3611,port_scan,none,malicious_plain,malicious_plain,1,0.0153,0.9547,0.0300
3612,port_scan,none,malicious_plain,malicious_plain,1,0.0158,0.9450,0.0392
3613,ddos_flood,none,malicious_plain,malicious_plain,1,0.0070,0.9393,0.0537
3614,data_exfiltration,none,malicious_plain,malicious_plain,1,0.0121,0.9663,0.0216
3615,port_scan,none,malicious_plain,malicious_plain,1,0.0164,0.9274,0.0562
3616,ssh_interactive,protocol_mimicry+timing_jitter,benign,benign,1,0.5201,0.0203,0.4597
3617,c2_beacon,none,malicious_plain,malicious_plain,1,0.0047,0.9267,0.0686
3618,c2_beacon,tunnel_encapsulation,malicious_obfuscated,malicious_plain,0,0.0095,0.8757,0.1149
3619,ssh_interactive,none,benign,benign,1,0.9452,0.0135,0.0413
3620,video_streaming,none,benign,benign,1,0.9677,0.0221,0.0102
3621,ssh_interactive,timing_jitter+constant_rate_shaping,benign,benign,1,0.5030,0.0051,0.4919
3622,data_exfiltration,protocol_mimicry+dummy_injection+constant_rate_shaping,malicious_obfuscated,malicious_obfuscated,1,0.3484,0.0368,0.6148
3623,data_exfiltration,protocol_mimicry+timing_jitter,malicious_obfuscated,malicious_obfuscated,1,0.0165,0.0095,0.9740
3624,data_exfiltration,none,malicious_plain,malicious_plain,1,0.0125,0.9663,0.0212
3625,brute_force,none,malicious_plain,malicious_plain,1,0.0107,0.9493,0.0400
3626,ddos_flood,protocol_mimicry+dummy_injection+tunnel_encapsulation,malicious_obfuscated,malicious_obfuscated,1,0.0570,0.0196,0.9234
3627,video_streaming,none,benign,benign,1,0.9686,0.0180,0.0134
3628,c2_beacon,none,malicious_plain,malicious_plain,1,0.0022,0.9752,0.0226
3629,reverse_shell,none,malicious_plain,malicious_plain,1,0.0359,0.8990,0.0651
3630,ssh_interactive,none,benign,benign,1,0.9774,0.0101,0.0124
3631,ddos_flood,none,malicious_plain,malicious_plain,1,0.0093,0.9315,0.0592
3632,web_browsing,none,benign,benign,1,0.9854,0.0087,0.0059
3633,c2_beacon,none,malicious_plain,malicious_plain,1,0.0022,0.9762,0.0216
3634,brute_force,none,malicious_plain,malicious_plain,1,0.0138,0.9011,0.0850
3635,data_exfiltration,none,malicious_plain,malicious_plain,1,0.0137,0.9582,0.0281
3636,voip,none,benign,benign,1,0.9694,0.0081,0.0225
3637,brute_force,none,malicious_plain,malicious_plain,1,0.0220,0.8762,0.1017
3638,voip,protocol_mimicry+random_padding+timing_jitter,benign,benign,1,0.8543,0.0124,0.1334
3639,reverse_shell,none,malicious_plain,malicious_plain,1,0.0080,0.9603,0.0318
3640,brute_force,none,malicious_plain,malicious_plain,1,0.0095,0.9434,0.0471
3641,port_scan,none,malicious_plain,malicious_plain,1,0.0161,0.9349,0.0490
3642,ddos_flood,constant_rate_shaping,malicious_obfuscated,malicious_obfuscated,1,0.0233,0.0229,0.9538
3643,voip,random_padding,benign,benign,1,0.6297,0.0122,0.3581
3644,file_download,fragmentation+block_padding+tunnel_encapsulation,benign,benign,1,0.9151,0.0143,0.0706
3645,ddos_flood,none,malicious_plain,malicious_plain,1,0.0065,0.9619,0.0316
3646,ssh_interactive,none,benign,benign,1,0.9826,0.0090,0.0084
3647,data_exfiltration,dummy_injection+timing_jitter,malicious_obfuscated,malicious_obfuscated,1,0.0635,0.0072,0.9292
3648,brute_force,none,malicious_plain,malicious_plain,1,0.0134,0.8792,0.1075
3649,c2_beacon,none,malicious_plain,malicious_obfuscated,0,0.0244,0.2836,0.6920
3650,c2_beacon,random_padding+dummy_injection,malicious_obfuscated,malicious_obfuscated,1,0.0197,0.0066,0.9737
3651,data_exfiltration,none,malicious_plain,malicious_plain,1,0.0118,0.9694,0.0189
3652,port_scan,timing_jitter+constant_rate_shaping+tunnel_encapsulation,malicious_obfuscated,malicious_obfuscated,1,0.0182,0.0087,0.9731
3653,reverse_shell,none,malicious_plain,malicious_plain,1,0.0213,0.9146,0.0641
3654,ssh_interactive,none,benign,benign,1,0.9748,0.0113,0.0139
3655,ssh_interactive,fragmentation+block_padding+tunnel_encapsulation,benign,benign,1,0.7582,0.0115,0.2303
3656,port_scan,random_padding+constant_rate_shaping+tunnel_encapsulation,malicious_obfuscated,malicious_obfuscated,1,0.0145,0.0119,0.9736
3657,brute_force,none,malicious_plain,malicious_plain,1,0.0085,0.9319,0.0596
3658,brute_force,protocol_mimicry+dummy_injection+tunnel_encapsulation,malicious_obfuscated,malicious_obfuscated,1,0.0408,0.0154,0.9438
3659,brute_force,fragmentation+constant_rate_shaping,malicious_obfuscated,malicious_obfuscated,1,0.3754,0.0061,0.6185
3660,file_download,dummy_injection,benign,benign,1,0.9218,0.0282,0.0499
3661,data_exfiltration,none,malicious_plain,malicious_plain,1,0.0101,0.9759,0.0140
3662,web_browsing,none,benign,benign,1,0.9411,0.0162,0.0428
3663,port_scan,none,malicious_plain,malicious_plain,1,0.0152,0.9379,0.0469
3664,brute_force,protocol_mimicry+block_padding+random_padding,malicious_obfuscated,malicious_obfuscated,1,0.4329,0.0084,0.5587
3665,c2_beacon,none,malicious_plain,malicious_plain,1,0.0142,0.8710,0.1148
3666,c2_beacon,fragmentation+random_padding+constant_rate_shaping,malicious_obfuscated,malicious_obfuscated,1,0.4827,0.0149,0.5024
3667,voip,none,benign,benign,1,0.9576,0.0102,0.0322
3668,video_streaming,fragmentation+random_padding+dummy_injection,benign,benign,1,0.9292,0.0228,0.0480
3669,ddos_flood,none,malicious_plain,malicious_plain,1,0.0073,0.9608,0.0319
3670,ssh_interactive,random_padding+timing_jitter,benign,benign,1,0.8384,0.0685,0.0930
3671,c2_beacon,fragmentation+dummy_injection+tunnel_encapsulation,malicious_obfuscated,malicious_obfuscated,1,0.0394,0.0304,0.9302
3672,file_download,none,benign,benign,1,0.9648,0.0210,0.0142
3673,data_exfiltration,protocol_mimicry+block_padding+random_padding,malicious_obfuscated,malicious_obfuscated,1,0.0397,0.0091,0.9512
3674,port_scan,protocol_mimicry+fragmentation+dummy_injection,malicious_obfuscated,malicious_obfuscated,1,0.0299,0.0399,0.9302
3675,ssh_interactive,protocol_mimicry+constant_rate_shaping+tunnel_encapsulation,benign,malicious_obfuscated,0,0.0195,0.0038,0.9767
3676,web_browsing,fragmentation+block_padding+timing_jitter,benign,benign,1,0.7038,0.0132,0.2830
3677,data_exfiltration,none,malicious_plain,malicious_plain,1,0.0122,0.9658,0.0220
3678,web_browsing,none,benign,benign,1,0.9638,0.0248,0.0114
3679,brute_force,constant_rate_shaping,malicious_obfuscated,malicious_obfuscated,1,0.2957,0.0082,0.6961
3680,file_download,random_padding+dummy_injection,benign,benign,1,0.9793,0.0088,0.0119
3681,reverse_shell,none,malicious_plain,malicious_plain,1,0.0134,0.9737,0.0129
3682,video_streaming,none,benign,benign,1,0.9686,0.0192,0.0122
3683,c2_beacon,protocol_mimicry+random_padding,malicious_obfuscated,malicious_obfuscated,1,0.0991,0.0326,0.8683
3684,reverse_shell,none,malicious_plain,malicious_plain,1,0.0203,0.9435,0.0362
3685,voip,fragmentation,benign,benign,1,0.9632,0.0084,0.0284
3686,ssh_interactive,none,benign,benign,1,0.9738,0.0171,0.0091
3687,reverse_shell,none,malicious_plain,malicious_plain,1,0.0092,0.9689,0.0219
3688,data_exfiltration,none,malicious_plain,malicious_plain,1,0.0126,0.9612,0.0262
3689,c2_beacon,protocol_mimicry,malicious_obfuscated,malicious_obfuscated,1,0.1876,0.0380,0.7744
3690,c2_beacon,none,malicious_plain,malicious_plain,1,0.0128,0.7157,0.2715
3691,voip,none,benign,benign,1,0.9259,0.0107,0.0633
3692,data_exfiltration,none,malicious_plain,malicious_plain,1,0.0120,0.9665,0.0214
3693,port_scan,none,malicious_plain,malicious_plain,1,0.0123,0.9534,0.0342
3694,brute_force,fragmentation+block_padding+timing_jitter,malicious_obfuscated,malicious_obfuscated,1,0.0768,0.0128,0.9104
3695,file_download,none,benign,benign,1,0.9688,0.0153,0.0159
3696,ddos_flood,none,malicious_plain,malicious_plain,1,0.0061,0.9590,0.0349
3697,reverse_shell,protocol_mimicry,malicious_obfuscated,benign,0,0.6921,0.0135,0.2944
3698,data_exfiltration,none,malicious_plain,malicious_plain,1,0.0115,0.9687,0.0198
3699,reverse_shell,none,malicious_plain,malicious_plain,1,0.0063,0.9674,0.0263
3700,c2_beacon,fragmentation+dummy_injection+tunnel_encapsulation,malicious_obfuscated,malicious_obfuscated,1,0.0421,0.0035,0.9544
3701,web_browsing,fragmentation+tunnel_encapsulation,benign,benign,1,0.7849,0.0042,0.2109
3702,data_exfiltration,block_padding+dummy_injection+tunnel_encapsulation,malicious_obfuscated,malicious_obfuscated,1,0.0424,0.0065,0.9511
3703,video_streaming,protocol_mimicry,benign,benign,1,0.8307,0.0295,0.1399
3704,ssh_interactive,random_padding,benign,benign,1,0.5818,0.0344,0.3838
3705,data_exfiltration,timing_jitter,malicious_obfuscated,malicious_obfuscated,1,0.0182,0.0473,0.9345
3706,ddos_flood,none,malicious_plain,malicious_plain,1,0.0091,0.9146,0.0764
3707,video_streaming,fragmentation+tunnel_encapsulation,benign,benign,1,0.9299,0.0101,0.0600
3708,ssh_interactive,block_padding+constant_rate_shaping,benign,malicious_obfuscated,0,0.4693,0.0131,0.5176
3709,c2_beacon,fragmentation+block_padding+random_padding,malicious_obfuscated,malicious_obfuscated,1,0.0260,0.0112,0.9628
3710,data_exfiltration,protocol_mimicry,malicious_obfuscated,malicious_obfuscated,1,0.0820,0.0751,0.8429
3711,brute_force,protocol_mimicry+fragmentation,malicious_obfuscated,malicious_obfuscated,1,0.2066,0.0143,0.7791
3712,brute_force,none,malicious_plain,malicious_plain,1,0.0172,0.8676,0.1152
3713,c2_beacon,none,malicious_plain,malicious_plain,1,0.0081,0.8757,0.1162
3714,port_scan,protocol_mimicry,malicious_obfuscated,malicious_obfuscated,1,0.0410,0.0539,0.9051
3715,ddos_flood,none,malicious_plain,malicious_plain,1,0.0071,0.9366,0.0563
3716,data_exfiltration,random_padding,malicious_obfuscated,malicious_obfuscated,1,0.0156,0.0189,0.9655
3717,video_streaming,none,benign,benign,1,0.9711,0.0172,0.0118
3718,c2_beacon,none,malicious_plain,malicious_plain,1,0.0084,0.9322,0.0594
3719,reverse_shell,none,malicious_plain,malicious_plain,1,0.0171,0.9407,0.0422
3720,c2_beacon,none,malicious_plain,malicious_plain,1,0.0084,0.8853,0.1063
3721,ssh_interactive,protocol_mimicry+dummy_injection+tunnel_encapsulation,benign,benign,1,0.6312,0.0145,0.3543
3722,data_exfiltration,none,malicious_plain,malicious_obfuscated,0,0.0244,0.1133,0.8623
3723,brute_force,none,malicious_plain,malicious_plain,1,0.0114,0.9257,0.0629
3724,port_scan,dummy_injection+tunnel_encapsulation,malicious_obfuscated,malicious_obfuscated,1,0.0137,0.0092,0.9772
3725,file_download,none,benign,benign,1,0.9630,0.0175,0.0196
3726,video_streaming,random_padding+timing_jitter+tunnel_encapsulation,benign,benign,1,0.9290,0.0107,0.0602
3727,video_streaming,none,benign,benign,1,0.9734,0.0177,0.0089
3728,dns_query,dummy_injection,benign,malicious_plain,0,0.1548,0.5564,0.2888
3729,ssh_interactive,none,benign,benign,1,0.9830,0.0101,0.0069
3730,port_scan,none,malicious_plain,malicious_plain,1,0.0155,0.9496,0.0349
3731,reverse_shell,timing_jitter,malicious_obfuscated,malicious_plain,0,0.0055,0.9436,0.0509
3732,brute_force,none,malicious_plain,malicious_plain,1,0.0186,0.9212,0.0602
3733,data_exfiltration,none,malicious_plain,malicious_plain,1,0.0137,0.9580,0.0283
3734,reverse_shell,none,malicious_plain,malicious_plain,1,0.0098,0.9683,0.0219
3735,c2_beacon,constant_rate_shaping,malicious_obfuscated,malicious_obfuscated,1,0.2219,0.0058,0.7723
3736,port_scan,timing_jitter,malicious_obfuscated,malicious_obfuscated,1,0.0205,0.0073,0.9722
3737,ddos_flood,random_padding,malicious_obfuscated,malicious_obfuscated,1,0.0259,0.0281,0.9460
3738,ddos_flood,none,malicious_plain,malicious_plain,1,0.0072,0.9319,0.0609
3739,file_download,none,benign,benign,1,0.9645,0.0203,0.0152
3740,reverse_shell,none,malicious_plain,malicious_plain,1,0.1056,0.8722,0.0222
3741,c2_beacon,protocol_mimicry+timing_jitter,malicious_obfuscated,malicious_obfuscated,1,0.0281,0.0222,0.9498
3742,reverse_shell,protocol_mimicry+dummy_injection,malicious_obfuscated,malicious_obfuscated,1,0.2322,0.0086,0.7592
3743,c2_beacon,none,malicious_plain,malicious_plain,1,0.0045,0.9305,0.0651
3744,ssh_interactive,none,benign,benign,1,0.9833,0.0104,0.0063
3745,dns_query,protocol_mimicry+dummy_injection+tunnel_encapsulation,benign,malicious_obfuscated,0,0.3619,0.1342,0.5039
3746,voip,none,benign,benign,1,0.9511,0.0091,0.0398
3747,file_download,none,benign,benign,1,0.9641,0.0192,0.0167
3748,port_scan,none,malicious_plain,malicious_plain,1,0.0185,0.9338,0.0477
3749,port_scan,none,malicious_plain,malicious_plain,1,0.0146,0.9407,0.0447
3750,c2_beacon,none,malicious_plain,malicious_plain,1,0.0140,0.8863,0.0997
3751,brute_force,none,malicious_plain,malicious_plain,1,0.0095,0.9579,0.0326
3752,web_browsing,timing_jitter+tunnel_encapsulation,benign,benign,1,0.9117,0.0096,0.0787
3753,data_exfiltration,dummy_injection,malicious_obfuscated,malicious_obfuscated,1,0.0383,0.0035,0.9582
3754,file_download,none,benign,benign,1,0.9720,0.0181,0.0099
3755,port_scan,none,malicious_plain,malicious_plain,1,0.0153,0.9518,0.0329
3756,ddos_flood,fragmentation,malicious_obfuscated,malicious_plain,0,0.0066,0.9659,0.0276
3757,port_scan,fragmentation+random_padding+dummy_injection,malicious_obfuscated,malicious_obfuscated,1,0.0315,0.0060,0.9625
3758,brute_force,timing_jitter,malicious_obfuscated,malicious_plain,0,0.0103,0.9277,0.0620
3759,brute_force,none,malicious_plain,malicious_plain,1,0.0224,0.8827,0.0949
3760,voip,protocol_mimicry+block_padding+tunnel_encapsulation,benign,malicious_obfuscated,0,0.2483,0.0126,0.7391
3761,voip,block_padding+constant_rate_shaping+tunnel_encapsulation,benign,malicious_obfuscated,0,0.4172,0.0164,0.5664
3762,ddos_flood,none,malicious_plain,malicious_plain,1,0.0091,0.9368,0.0540
3763,c2_beacon,dummy_injection+timing_jitter+tunnel_encapsulation,malicious_obfuscated,malicious_obfuscated,1,0.0145,0.0055,0.9800
3764,data_exfiltration,none,malicious_plain,malicious_plain,1,0.0127,0.9579,0.0294
3765,data_exfiltration,block_padding+timing_jitter+tunnel_encapsulation,malicious_obfuscated,malicious_obfuscated,1,0.0240,0.0064,0.9696
3766,reverse_shell,protocol_mimicry+dummy_injection+timing_jitter,malicious_obfuscated,malicious_obfuscated,1,0.0550,0.0118,0.9332
3767,reverse_shell,block_padding+dummy_injection+timing_jitter,malicious_obfuscated,malicious_obfuscated,1,0.0420,0.0176,0.9404
3768,file_download,none,benign,benign,1,0.9687,0.0136,0.0177
3769,dns_query,dummy_injection+timing_jitter+tunnel_encapsulation,benign,malicious_obfuscated,0,0.2242,0.2556,0.5202
3770,voip,none,benign,benign,1,0.9544,0.0099,0.0357
3771,reverse_shell,tunnel_encapsulation,malicious_obfuscated,malicious_obfuscated,1,0.0750,0.0290,0.8960
3772,voip,none,benign,benign,1,0.9246,0.0108,0.0646
3773,voip,protocol_mimicry+timing_jitter+constant_rate_shaping,benign,malicious_obfuscated,0,0.1695,0.0121,0.8184
3774,video_streaming,none,benign,benign,1,0.9708,0.0184,0.0107
3775,port_scan,fragmentation+timing_jitter+constant_rate_shaping,malicious_obfuscated,malicious_obfuscated,1,0.1137,0.0048,0.8815
3776,data_exfiltration,none,malicious_plain,malicious_plain,1,0.0119,0.9645,0.0236
3777,c2_beacon,protocol_mimicry+random_padding+constant_rate_shaping,malicious_obfuscated,malicious_obfuscated,1,0.0846,0.0127,0.9027
3778,port_scan,none,malicious_plain,malicious_plain,1,0.0195,0.9413,0.0392
3779,port_scan,none,malicious_plain,malicious_plain,1,0.0159,0.9426,0.0415
3780,data_exfiltration,none,malicious_plain,malicious_plain,1,0.0127,0.9675,0.0198
3781,web_browsing,none,benign,benign,1,0.9643,0.0196,0.0161
3782,c2_beacon,fragmentation+block_padding,malicious_obfuscated,malicious_obfuscated,1,0.0315,0.0264,0.9421
3783,voip,none,benign,benign,1,0.9559,0.0100,0.0341
3784,port_scan,timing_jitter+constant_rate_shaping+tunnel_encapsulation,malicious_obfuscated,malicious_obfuscated,1,0.2059,0.0036,0.7905
3785,brute_force,none,malicious_plain,malicious_plain,1,0.0275,0.7801,0.1924
3786,data_exfiltration,none,malicious_plain,malicious_plain,1,0.0134,0.9609,0.0257
3787,brute_force,tunnel_encapsulation,malicious_obfuscated,malicious_obfuscated,1,0.1420,0.0458,0.8122
3788,ddos_flood,tunnel_encapsulation,malicious_obfuscated,malicious_obfuscated,1,0.0218,0.0369,0.9413
3789,file_download,none,benign,benign,1,0.9675,0.0206,0.0119
3790,ssh_interactive,none,benign,benign,1,0.9852,0.0091,0.0058
3791,port_scan,protocol_mimicry+block_padding+constant_rate_shaping,malicious_obfuscated,malicious_obfuscated,1,0.0367,0.0114,0.9519
3792,ddos_flood,none,malicious_plain,malicious_plain,1,0.0075,0.9522,0.0403
3793,reverse_shell,none,malicious_plain,malicious_plain,1,0.1563,0.5746,0.2691
3794,brute_force,block_padding+random_padding,malicious_obfuscated,malicious_obfuscated,1,0.0303,0.0086,0.9611
3795,video_streaming,none,benign,benign,1,0.9712,0.0189,0.0100
3796,ddos_flood,dummy_injection+timing_jitter,malicious_obfuscated,malicious_obfuscated,1,0.0188,0.0058,0.9754
3797,reverse_shell,timing_jitter,malicious_obfuscated,malicious_obfuscated,1,0.0251,0.0522,0.9227
3798,web_browsing,fragmentation,benign,benign,1,0.8104,0.0092,0.1804
3799,reverse_shell,fragmentation+random_padding,malicious_obfuscated,malicious_obfuscated,1,0.0524,0.0447,0.9029
3800,brute_force,random_padding+constant_rate_shaping,malicious_obfuscated,malicious_obfuscated,1,0.2443,0.0031,0.7526
3801,file_download,none,benign,benign,1,0.9676,0.0172,0.0152
3802,web_browsing,dummy_injection+constant_rate_shaping+tunnel_encapsulation,benign,malicious_obfuscated,0,0.3788,0.0095,0.6117
3803,c2_beacon,none,malicious_plain,malicious_obfuscated,0,0.0168,0.4308,0.5524
3804,data_exfiltration,timing_jitter,malicious_obfuscated,malicious_obfuscated,1,0.0158,0.0122,0.9720
3805,reverse_shell,none,malicious_plain,malicious_plain,1,0.0429,0.8893,0.0678
3806,voip,none,benign,benign,1,0.9554,0.0085,0.0361
3807,video_streaming,none,benign,benign,1,0.9748,0.0163,0.0089
3808,video_streaming,dummy_injection,benign,benign,1,0.9745,0.0151,0.0104
3809,ssh_interactive,none,benign,benign,1,0.9709,0.0112,0.0179
3810,brute_force,none,malicious_plain,malicious_plain,1,0.0343,0.6091,0.3566
3811,c2_beacon,protocol_mimicry+random_padding,malicious_obfuscated,malicious_obfuscated,1,0.0635,0.0122,0.9243
3812,c2_beacon,block_padding+dummy_injection,malicious_obfuscated,malicious_obfuscated,1,0.0261,0.0158,0.9580
3813,brute_force,none,malicious_plain,malicious_plain,1,0.0103,0.9029,0.0868
3814,ssh_interactive,dummy_injection,benign,benign,1,0.8061,0.0326,0.1613
3815,data_exfiltration,timing_jitter,malicious_obfuscated,malicious_obfuscated,1,0.0158,0.0139,0.9702
3816,web_browsing,random_padding,benign,benign,1,0.9656,0.0153,0.0191
3817,port_scan,none,malicious_plain,malicious_plain,1,0.0140,0.9540,0.0320
3818,port_scan,none,malicious_plain,malicious_plain,1,0.0193,0.9431,0.0376
3819,video_streaming,dummy_injection+constant_rate_shaping,benign,benign,1,0.9646,0.0230,0.0124
3820,ddos_flood,none,malicious_plain,malicious_plain,1,0.0102,0.9030,0.0868
3821,brute_force,protocol_mimicry+block_padding+dummy_injection,malicious_obfuscated,benign,0,0.6030,0.0282,0.3688
3822,data_exfiltration,constant_rate_shaping,malicious_obfuscated,malicious_obfuscated,1,0.0286,0.0155,0.9559
3823,brute_force,none,malicious_plain,malicious_plain,1,0.0168,0.8981,0.0850
3824,web_browsing,none,benign,benign,1,0.9645,0.0202,0.0153
3825,ddos_flood,none,malicious_plain,malicious_plain,1,0.0094,0.9047,0.0859
3826,reverse_shell,none,malicious_plain,malicious_plain,1,0.0256,0.9204,0.0539
3827,voip,timing_jitter,benign,benign,1,0.5366,0.1495,0.3140
3828,port_scan,protocol_mimicry+dummy_injection,malicious_obfuscated,malicious_obfuscated,1,0.0171,0.0168,0.9660
3829,file_download,none,benign,benign,1,0.9718,0.0142,0.0140
3830,brute_force,protocol_mimicry,malicious_obfuscated,malicious_obfuscated,1,0.0372,0.0270,0.9359
3831,ssh_interactive,none,benign,benign,1,0.9820,0.0105,0.0075
3832,c2_beacon,timing_jitter+constant_rate_shaping,malicious_obfuscated,malicious_obfuscated,1,0.2610,0.0120,0.7271
3833,ssh_interactive,tunnel_encapsulation,benign,benign,1,0.9694,0.0116,0.0190
3834,ddos_flood,protocol_mimicry+random_padding+dummy_injection,malicious_obfuscated,malicious_obfuscated,1,0.0266,0.0140,0.9594
3835,c2_beacon,protocol_mimicry+random_padding,malicious_obfuscated,malicious_obfuscated,1,0.1543,0.0100,0.8357
3836,ddos_flood,none,malicious_plain,malicious_plain,1,0.0078,0.9558,0.0364
3837,reverse_shell,protocol_mimicry+random_padding+timing_jitter,malicious_obfuscated,malicious_obfuscated,1,0.1564,0.0200,0.8236
3838,file_download,protocol_mimicry+dummy_injection+constant_rate_shaping,benign,malicious_obfuscated,0,0.3788,0.0108,0.6104
3839,voip,protocol_mimicry+block_padding,benign,benign,1,0.6228,0.0090,0.3682
3840,file_download,none,benign,benign,1,0.9666,0.0204,0.0130
3841,ddos_flood,random_padding,malicious_obfuscated,malicious_obfuscated,1,0.0261,0.0145,0.9594
3842,video_streaming,none,benign,benign,1,0.9741,0.0159,0.0100
3843,port_scan,none,malicious_plain,malicious_plain,1,0.0138,0.9486,0.0376
3844,file_download,block_padding+tunnel_encapsulation,benign,benign,1,0.9663,0.0116,0.0221
3845,voip,none,benign,benign,1,0.9574,0.0085,0.0341
3846,c2_beacon,random_padding,malicious_obfuscated,malicious_plain,0,0.0198,0.8145,0.1656
3847,video_streaming,none,benign,benign,1,0.9721,0.0154,0.0125
3848,voip,none,benign,benign,1,0.9281,0.0101,0.0618
3849,port_scan,fragmentation+constant_rate_shaping,malicious_obfuscated,malicious_obfuscated,1,0.0417,0.0096,0.9486
3850,c2_beacon,random_padding+dummy_injection+tunnel_encapsulation,malicious_obfuscated,malicious_obfuscated,1,0.0305,0.0157,0.9538
3851,video_streaming,none,benign,benign,1,0.9732,0.0171,0.0096
3852,ssh_interactive,none,benign,benign,1,0.9795,0.0113,0.0092
3853,reverse_shell,block_padding,malicious_obfuscated,malicious_plain,0,0.0238,0.7989,0.1773
3854,port_scan,none,malicious_plain,malicious_plain,1,0.0177,0.9492,0.0332
3855,data_exfiltration,none,malicious_plain,malicious_plain,1,0.0142,0.9524,0.0334
3856,data_exfiltration,fragmentation+dummy_injection,malicious_obfuscated,malicious_obfuscated,1,0.0058,0.0028,0.9914
3857,brute_force,tunnel_encapsulation,malicious_obfuscated,malicious_obfuscated,1,0.1383,0.3258,0.5359
3858,c2_beacon,tunnel_encapsulation,malicious_obfuscated,malicious_obfuscated,1,0.0233,0.1677,0.8090
3859,ddos_flood,none,malicious_plain,malicious_plain,1,0.0135,0.7944,0.1922
3860,web_browsing,fragmentation+random_padding+tunnel_encapsulation,benign,benign,1,0.8747,0.0084,0.1169
3861,port_scan,none,malicious_plain,malicious_plain,1,0.0140,0.9565,0.0295
3862,data_exfiltration,block_padding+timing_jitter,malicious_obfuscated,malicious_obfuscated,1,0.0128,0.0119,0.9753
3863,reverse_shell,none,malicious_plain,malicious_plain,1,0.0428,0.8361,0.1211
3864,ssh_interactive,none,benign,benign,1,0.9785,0.0109,0.0106
3865,c2_beacon,none,malicious_plain,malicious_plain,1,0.0049,0.9146,0.0805
3866,brute_force,none,malicious_plain,malicious_plain,1,0.0196,0.9323,0.0481
3867,ddos_flood,dummy_injection,malicious_obfuscated,malicious_obfuscated,1,0.0190,0.0069,0.9742
3868,ddos_flood,none,malicious_plain,malicious_plain,1,0.0079,0.9253,0.0669
3869,data_exfiltration,fragmentation+constant_rate_shaping,malicious_obfuscated,malicious_obfuscated,1,0.2443,0.0059,0.7498
3870,voip,tunnel_encapsulation,benign,benign,1,0.8329,0.0145,0.1525
3871,ddos_flood,none,malicious_plain,malicious_plain,1,0.0110,0.8211,0.1679
3872,file_download,none,benign,benign,1,0.9657,0.0197,0.0146
3873,port_scan,none,malicious_plain,malicious_plain,1,0.0160,0.9286,0.0554
3874,c2_beacon,none,malicious_plain,malicious_plain,1,0.0058,0.8859,0.1083
3875,c2_beacon,fragmentation+random_padding,malicious_obfuscated,malicious_plain,0,0.0300,0.7693,0.2007
3876,c2_beacon,block_padding+random_padding,malicious_obfuscated,malicious_obfuscated,1,0.0171,0.0762,0.9067
3877,ssh_interactive,none,benign,benign,1,0.9797,0.0127,0.0076
3878,web_browsing,none,benign,benign,1,0.9164,0.0385,0.0452
3879,data_exfiltration,fragmentation+dummy_injection+constant_rate_shaping,malicious_obfuscated,malicious_obfuscated,1,0.4629,0.0020,0.5351
3880,port_scan,protocol_mimicry+fragmentation,malicious_obfuscated,malicious_obfuscated,1,0.0214,0.0053,0.9732
3881,data_exfiltration,protocol_mimicry+dummy_injection+tunnel_encapsulation,malicious_obfuscated,malicious_obfuscated,1,0.0288,0.0067,0.9645
3882,port_scan,none,malicious_plain,malicious_plain,1,0.0184,0.9304,0.0512
3883,voip,none,benign,benign,1,0.9073,0.0107,0.0820
3884,ddos_flood,none,malicious_plain,malicious_plain,1,0.0074,0.9506,0.0420
3885,data_exfiltration,none,malicious_plain,malicious_plain,1,0.0111,0.9727,0.0163
3886,ddos_flood,none,malicious_plain,malicious_plain,1,0.0079,0.9497,0.0424
3887,ddos_flood,none,malicious_plain,malicious_plain,1,0.0105,0.8814,0.1081
3888,ddos_flood,none,malicious_plain,malicious_plain,1,0.0087,0.9546,0.0367
3889,web_browsing,none,benign,benign,1,0.9688,0.0132,0.0180
3890,ddos_flood,block_padding+dummy_injection,malicious_obfuscated,malicious_obfuscated,1,0.0103,0.0204,0.9693
3891,voip,none,benign,benign,1,0.9644,0.0098,0.0259
3892,brute_force,random_padding,malicious_obfuscated,malicious_obfuscated,1,0.0503,0.0452,0.9046
3893,voip,none,benign,benign,1,0.9466,0.0103,0.0431
3894,reverse_shell,fragmentation+timing_jitter+tunnel_encapsulation,malicious_obfuscated,malicious_obfuscated,1,0.0268,0.0124,0.9608
3895,video_streaming,protocol_mimicry+fragmentation+tunnel_encapsulation,benign,benign,1,0.8572,0.0169,0.1259
3896,port_scan,protocol_mimicry,malicious_obfuscated,malicious_obfuscated,1,0.0262,0.0632,0.9106
3897,data_exfiltration,none,malicious_plain,malicious_plain,1,0.0121,0.9684,0.0196
3898,dns_query,tunnel_encapsulation,benign,malicious_plain,0,0.3159,0.4626,0.2215
3899,reverse_shell,none,malicious_plain,malicious_plain,1,0.0243,0.8854,0.0903
3900,reverse_shell,none,malicious_plain,malicious_plain,1,0.0898,0.7834,0.1268
3901,data_exfiltration,constant_rate_shaping,malicious_obfuscated,malicious_obfuscated,1,0.0254,0.0035,0.9711
3902,reverse_shell,fragmentation+block_padding,malicious_obfuscated,malicious_obfuscated,1,0.0341,0.0178,0.9481
3903,ssh_interactive,constant_rate_shaping,benign,benign,1,0.5862,0.0038,0.4100
3904,ssh_interactive,none,benign,benign,1,0.9785,0.0101,0.0114
3905,reverse_shell,none,malicious_plain,malicious_plain,1,0.0428,0.8515,0.1057
3906,voip,none,benign,benign,1,0.9055,0.0111,0.0833
3907,c2_beacon,protocol_mimicry+tunnel_encapsulation,malicious_obfuscated,malicious_obfuscated,1,0.0269,0.0154,0.9577
3908,port_scan,none,malicious_plain,malicious_plain,1,0.0582,0.7176,0.2241
3909,ssh_interactive,none,benign,benign,1,0.9618,0.0160,0.0221
3910,file_download,none,benign,benign,1,0.9688,0.0154,0.0158
3911,c2_beacon,protocol_mimicry+constant_rate_shaping,malicious_obfuscated,malicious_obfuscated,1,0.0275,0.0108,0.9617
3912,data_exfiltration,fragmentation,malicious_obfuscated,malicious_obfuscated,1,0.0261,0.0168,0.9572
3913,data_exfiltration,protocol_mimicry,malicious_obfuscated,malicious_obfuscated,1,0.0766,0.0137,0.9098
3914,port_scan,random_padding+timing_jitter+tunnel_encapsulation,malicious_obfuscated,malicious_obfuscated,1,0.0222,0.0057,0.9721
3915,video_streaming,none,benign,benign,1,0.9731,0.0188,0.0081
3916,ssh_interactive,none,benign,benign,1,0.9800,0.0108,0.0091
3917,web_browsing,none,benign,benign,1,0.9834,0.0081,0.0085
3918,ddos_flood,tunnel_encapsulation,malicious_obfuscated,malicious_obfuscated,1,0.0206,0.0518,0.9276
3919,video_streaming,none,benign,benign,1,0.9709,0.0182,0.0109
3920,voip,none,benign,benign,1,0.9662,0.0085,0.0253
3921,ssh_interactive,none,benign,benign,1,0.9788,0.0143,0.0069
3922,brute_force,none,malicious_plain,malicious_plain,1,0.0113,0.9434,0.0453
3923,video_streaming,dummy_injection+tunnel_encapsulation,benign,benign,1,0.9666,0.0138,0.0196
3924,port_scan,protocol_mimicry,malicious_obfuscated,malicious_obfuscated,1,0.0565,0.2905,0.6531
3925,file_download,dummy_injection,benign,benign,1,0.8078,0.0124,0.1799
3926,reverse_shell,none,malicious_plain,malicious_plain,1,0.0977,0.8888,0.0135
3927,video_streaming,none,benign,benign,1,0.9718,0.0200,0.0082
3928,voip,none,benign,benign,1,0.9546,0.0087,0.0368
3929,data_exfiltration,none,malicious_plain,malicious_plain,1,0.0123,0.9655,0.0222
3930,file_download,none,benign,benign,1,0.9596,0.0251,0.0154
3931,reverse_shell,fragmentation+random_padding+timing_jitter,malicious_obfuscated,malicious_obfuscated,1,0.1364,0.1867,0.6769
3932,data_exfiltration,none,malicious_plain,malicious_plain,1,0.0118,0.9653,0.0228
3933,video_streaming,protocol_mimicry+block_padding+timing_jitter,benign,malicious_obfuscated,0,0.0938,0.0065,0.8997
3934,voip,protocol_mimicry,benign,benign,1,0.7152,0.0279,0.2569
3935,reverse_shell,block_padding+random_padding+timing_jitter,malicious_obfuscated,malicious_obfuscated,1,0.1125,0.0655,0.8220
3936,file_download,none,benign,benign,1,0.9703,0.0173,0.0124
3937,reverse_shell,none,malicious_plain,malicious_plain,1,0.0076,0.9815,0.0109
3938,video_streaming,fragmentation+timing_jitter+tunnel_encapsulation,benign,benign,1,0.7770,0.0123,0.2107
3939,brute_force,none,malicious_plain,malicious_plain,1,0.0824,0.7513,0.1663
3940,dns_query,protocol_mimicry+dummy_injection,benign,malicious_obfuscated,0,0.2510,0.3333,0.4157
3941,video_streaming,protocol_mimicry+fragmentation+tunnel_encapsulation,benign,benign,1,0.9106,0.0079,0.0815
3942,voip,none,benign,benign,1,0.9636,0.0099,0.0265
3943,data_exfiltration,none,malicious_plain,malicious_plain,1,0.0129,0.9634,0.0237
3944,web_browsing,none,benign,benign,1,0.9670,0.0153,0.0176
3945,brute_force,block_padding+random_padding,malicious_obfuscated,malicious_obfuscated,1,0.0401,0.0071,0.9527
3946,video_streaming,none,benign,benign,1,0.9666,0.0260,0.0074
3947,port_scan,none,malicious_plain,malicious_plain,1,0.0218,0.8894,0.0888
3948,ssh_interactive,none,benign,benign,1,0.9723,0.0099,0.0178
3949,video_streaming,none,benign,benign,1,0.9673,0.0233,0.0094
3950,c2_beacon,none,malicious_plain,malicious_plain,1,0.0233,0.8480,0.1287
3951,reverse_shell,none,malicious_plain,malicious_plain,1,0.0103,0.9529,0.0368
3952,ddos_flood,block_padding+timing_jitter+tunnel_encapsulation,malicious_obfuscated,malicious_obfuscated,1,0.0301,0.0105,0.9594
3953,brute_force,block_padding,malicious_obfuscated,malicious_obfuscated,1,0.0411,0.0599,0.8990
3954,reverse_shell,none,malicious_plain,malicious_plain,1,0.0136,0.9284,0.0580
3955,video_streaming,protocol_mimicry+block_padding+constant_rate_shaping,benign,benign,1,0.9517,0.0207,0.0276
3956,web_browsing,block_padding,benign,benign,1,0.9859,0.0073,0.0069
3957,file_download,protocol_mimicry+constant_rate_shaping+tunnel_encapsulation,benign,benign,1,0.7532,0.0055,0.2412
3958,reverse_shell,none,malicious_plain,malicious_plain,1,0.0107,0.9627,0.0266
3959,reverse_shell,none,malicious_plain,malicious_plain,1,0.0189,0.9259,0.0552
3960,data_exfiltration,none,malicious_plain,malicious_plain,1,0.0105,0.9733,0.0162
3961,reverse_shell,dummy_injection+constant_rate_shaping,malicious_obfuscated,malicious_obfuscated,1,0.2803,0.0101,0.7097
3962,brute_force,none,malicious_plain,malicious_plain,1,0.0162,0.8895,0.0944
3963,reverse_shell,timing_jitter,malicious_obfuscated,malicious_obfuscated,1,0.0539,0.0339,0.9122
3964,video_streaming,none,benign,benign,1,0.9702,0.0204,0.0094
3965,web_browsing,none,benign,benign,1,0.9573,0.0200,0.0227
3966,reverse_shell,none,malicious_plain,malicious_plain,1,0.0061,0.9661,0.0279
3967,ssh_interactive,random_padding,benign,benign,1,0.5509,0.0416,0.4074
3968,c2_beacon,fragmentation+constant_rate_shaping+tunnel_encapsulation,malicious_obfuscated,malicious_obfuscated,1,0.2759,0.0091,0.7149
3969,file_download,timing_jitter+constant_rate_shaping,benign,benign,1,0.9539,0.0117,0.0344
3970,c2_beacon,protocol_mimicry+fragmentation+tunnel_encapsulation,malicious_obfuscated,malicious_obfuscated,1,0.3442,0.0078,0.6480
3971,data_exfiltration,none,malicious_plain,malicious_plain,1,0.0113,0.9720,0.0167
3972,ssh_interactive,none,benign,benign,1,0.9689,0.0112,0.0199
3973,c2_beacon,block_padding+timing_jitter,malicious_obfuscated,malicious_obfuscated,1,0.0252,0.3167,0.6581
3974,ssh_interactive,none,benign,benign,1,0.9746,0.0096,0.0159
3975,reverse_shell,fragmentation+dummy_injection+tunnel_encapsulation,malicious_obfuscated,malicious_obfuscated,1,0.0221,0.0030,0.9749
3976,port_scan,none,malicious_plain,malicious_plain,1,0.0510,0.6056,0.3434
3977,brute_force,block_padding+dummy_injection+timing_jitter,malicious_obfuscated,malicious_obfuscated,1,0.0294,0.0080,0.9626
3978,voip,timing_jitter+constant_rate_shaping,benign,benign,1,0.7363,0.0296,0.2341
3979,port_scan,protocol_mimicry+random_padding+dummy_injection,malicious_obfuscated,malicious_obfuscated,1,0.0454,0.0097,0.9449
3980,data_exfiltration,none,malicious_plain,malicious_plain,1,0.0132,0.9585,0.0283
3981,data_exfiltration,fragmentation+block_padding+tunnel_encapsulation,malicious_obfuscated,malicious_obfuscated,1,0.0227,0.0100,0.9673
3982,data_exfiltration,fragmentation+tunnel_encapsulation,malicious_obfuscated,malicious_obfuscated,1,0.0262,0.0115,0.9624
3983,data_exfiltration,none,malicious_plain,malicious_plain,1,0.0121,0.9664,0.0215
3984,reverse_shell,none,malicious_plain,malicious_plain,1,0.0076,0.9399,0.0524
3985,video_streaming,protocol_mimicry,benign,benign,1,0.9552,0.0238,0.0209
3986,video_streaming,block_padding+tunnel_encapsulation,benign,benign,1,0.9660,0.0102,0.0238
3987,file_download,none,benign,benign,1,0.9685,0.0160,0.0155
3988,ssh_interactive,none,benign,benign,1,0.9807,0.0103,0.0089
3989,ddos_flood,constant_rate_shaping,malicious_obfuscated,malicious_obfuscated,1,0.0144,0.0080,0.9776
3990,data_exfiltration,protocol_mimicry+fragmentation+tunnel_encapsulation,malicious_obfuscated,malicious_obfuscated,1,0.0143,0.0085,0.9772
3991,reverse_shell,fragmentation+random_padding+dummy_injection,malicious_obfuscated,benign,0,0.7310,0.0123,0.2567
3992,reverse_shell,block_padding+tunnel_encapsulation,malicious_obfuscated,malicious_obfuscated,1,0.2552,0.1729,0.5719
3993,data_exfiltration,none,malicious_plain,malicious_plain,1,0.0111,0.9730,0.0159
3994,data_exfiltration,none,malicious_plain,malicious_plain,1,0.0107,0.9745,0.0148
3995,data_exfiltration,none,malicious_plain,malicious_plain,1,0.0108,0.9741,0.0151
3996,c2_beacon,fragmentation+random_padding+timing_jitter,malicious_obfuscated,malicious_obfuscated,1,0.0181,0.0107,0.9713
3997,voip,none,benign,benign,1,0.9679,0.0082,0.0239
3998,c2_beacon,timing_jitter,malicious_obfuscated,malicious_plain,0,0.0128,0.6432,0.3440
3999,video_streaming,fragmentation,benign,benign,1,0.9458,0.0152,0.0390
4000,port_scan,protocol_mimicry+dummy_injection+tunnel_encapsulation,malicious_obfuscated,malicious_obfuscated,1,0.0112,0.0230,0.9657
