index,profile,recipe,y_true,y_pred,correct,benign,malicious_plain,malicious_obfuscated
0,file_download,random_padding+timing_jitter+tunnel_encapsulation,benign,benign,1,0.8926,0.0318,0.0756
1,port_scan,none,malicious_plain,malicious_plain,1,0.0236,0.8912,0.0852
2,video_streaming,none,benign,benign,1,0.9364,0.0340,0.0296
3,brute_force,constant_rate_shaping+tunnel_encapsulation,malicious_obfuscated,malicious_obfuscated,1,0.1937,0.0176,0.7886
4,video_streaming,dummy_injection+timing_jitter,benign,benign,1,0.9324,0.0334,0.0342
5,data_exfiltration,none,malicious_plain,malicious_plain,1,0.0261,0.9479,0.0260
6,ddos_flood,none,malicious_plain,malicious_plain,1,0.0300,0.8233,0.1467
7,reverse_shell,none,malicious_plain,malicious_plain,1,0.0220,0.8661,0.1119
8,video_streaming,random_padding+timing_jitter,benign,benign,1,0.9403,0.0267,0.0330
9,brute_force,fragmentation+constant_rate_shaping,malicious_obfuscated,malicious_obfuscated,1,0.2809,0.0236,0.6954
10,video_streaming,none,benign,benign,1,0.9287,0.0371,0.0343
11,reverse_shell,none,malicious_plain,malicious_plain,1,0.0083,0.9728,0.0189
12,data_exfiltration,random_padding+constant_rate_shaping,malicious_obfuscated,malicious_obfuscated,1,0.0107,0.0133,0.9761
13,reverse_shell,none,malicious_plain,malicious_plain,1,0.0201,0.9083,0.0716
14,port_scan,none,malicious_plain,malicious_plain,1,0.0189,0.9124,0.0687
15,port_scan,none,malicious_plain,malicious_plain,1,0.0176,0.9340,0.0484
16,data_exfiltration,block_padding,malicious_obfuscated,malicious_plain,0,0.0424,0.8326,0.1250
17,port_scan,constant_rate_shaping,malicious_obfuscated,malicious_obfuscated,1,0.0408,0.0159,0.9433
18,file_download,protocol_mimicry+random_padding,benign,benign,1,0.7708,0.0501,0.1792
19,brute_force,none,malicious_plain,malicious_plain,1,0.0186,0.9172,0.0642
20,data_exfiltration,random_padding+timing_jitter,malicious_obfuscated,malicious_obfuscated,1,0.0213,0.0419,0.9368
21,port_scan,block_padding+constant_rate_shaping,malicious_obfuscated,malicious_obfuscated,1,0.0357,0.0144,0.9499
22,ssh_interactive,none,benign,benign,1,0.9001,0.0542,0.0458
23,brute_force,none,malicious_plain,malicious_plain,1,0.0221,0.8955,0.0825
24,reverse_shell,constant_rate_shaping,malicious_obfuscated,malicious_obfuscated,1,0.2389,0.0151,0.7460
25,video_streaming,tunnel_encapsulation,benign,benign,1,0.9256,0.0297,0.0447
26,ddos_flood,constant_rate_shaping,malicious_obfuscated,malicious_obfuscated,1,0.0444,0.0241,0.9315
27,video_streaming,none,benign,benign,1,0.9273,0.0313,0.0414
28,port_scan,none,malicious_plain,malicious_plain,1,0.0205,0.9095,0.0700
29,file_download,none,benign,benign,1,0.9382,0.0336,0.0281
30,voip,none,benign,benign,1,0.9525,0.0227,0.0248
31,voip,fragmentation,benign,benign,1,0.9493,0.0210,0.0297
32,port_scan,none,malicious_plain,malicious_plain,1,0.0220,0.8728,0.1053
33,port_scan,none,malicious_plain,malicious_plain,1,0.0118,0.9524,0.0358
34,ssh_interactive,none,benign,benign,1,0.9552,0.0241,0.0207
35,file_download,block_padding+random_padding+tunnel_encapsulation,benign,benign,1,0.9753,0.0132,0.0115
36,reverse_shell,protocol_mimicry+random_padding+dummy_injection,malicious_obfuscated,malicious_obfuscated,1,0.2378,0.0452,0.7170
37,brute_force,block_padding,malicious_obfuscated,malicious_plain,0,0.0197,0.9284,0.0519
38,data_exfiltration,none,malicious_plain,malicious_plain,1,0.0196,0.9552,0.0252
39,web_browsing,none,benign,benign,1,0.8882,0.0550,0.0568
40,video_streaming,protocol_mimicry+tunnel_encapsulation,benign,benign,1,0.6817,0.0378,0.2805
41,ddos_flood,none,malicious_plain,malicious_plain,1,0.0286,0.8692,0.1021
42,reverse_shell,none,malicious_plain,malicious_plain,1,0.0146,0.9670,0.0184
43,brute_force,block_padding,malicious_obfuscated,malicious_plain,0,0.0315,0.6908,0.2777
44,reverse_shell,none,malicious_plain,malicious_plain,1,0.0791,0.8909,0.0300
45,web_browsing,block_padding+dummy_injection+constant_rate_shaping,benign,benign,1,0.7343,0.0187,0.2469
46,reverse_shell,dummy_injection,malicious_obfuscated,benign,0,0.6212,0.0326,0.3462
47,video_streaming,none,benign,benign,1,0.9168,0.0403,0.0429
48,web_browsing,tunnel_encapsulation,benign,benign,1,0.9547,0.0236,0.0217
49,reverse_shell,none,malicious_plain,malicious_plain,1,0.0066,0.9744,0.0190
50,file_download,block_padding,benign,benign,1,0.9462,0.0272,0.0266
51,c2_beacon,none,malicious_plain,malicious_plain,1,0.0135,0.9703,0.0162
52,brute_force,none,malicious_plain,malicious_plain,1,0.0197,0.9273,0.0530
53,data_exfiltration,none,malicious_plain,malicious_plain,1,0.0314,0.9437,0.0249
54,video_streaming,none,benign,benign,1,0.9087,0.0455,0.0458
55,reverse_shell,none,malicious_plain,malicious_plain,1,0.0093,0.9544,0.0364
56,data_exfiltration,random_padding+tunnel_encapsulation,malicious_obfuscated,malicious_obfuscated,1,0.0137,0.0211,0.9651
57,ssh_interactive,none,benign,benign,1,0.9288,0.0375,0.0337
58,c2_beacon,timing_jitter,malicious_obfuscated,malicious_plain,0,0.0131,0.9590,0.0279
59,port_scan,none,malicious_plain,malicious_plain,1,0.0333,0.8698,0.0969
60,web_browsing,constant_rate_shaping,benign,benign,1,0.8570,0.0410,0.1019
61,reverse_shell,protocol_mimicry+fragmentation+random_padding,malicious_obfuscated,malicious_obfuscated,1,0.1518,0.0212,0.8269
62,c2_beacon,dummy_injection+timing_jitter+constant_rate_shaping,malicious_obfuscated,malicious_obfuscated,1,0.2317,0.0323,0.7360
63,c2_beacon,protocol_mimicry+fragmentation+constant_rate_shaping,malicious_obfuscated,malicious_obfuscated,1,0.0395,0.0253,0.9352
64,brute_force,none,malicious_plain,malicious_plain,1,0.0165,0.9255,0.0580
65,reverse_shell,fragmentation+timing_jitter,malicious_obfuscated,malicious_obfuscated,1,0.0279,0.0261,0.9460
66,ddos_flood,constant_rate_shaping+tunnel_encapsulation,malicious_obfuscated,malicious_obfuscated,1,0.0681,0.0221,0.9099
67,web_browsing,tunnel_encapsulation,benign,benign,1,0.9441,0.0252,0.0308
68,c2_beacon,none,malicious_plain,malicious_plain,1,0.0152,0.9501,0.0347
69,video_streaming,fragmentation+random_padding+dummy_injection,benign,benign,1,0.9337,0.0264,0.0399
70,file_download,dummy_injection,benign,benign,1,0.9774,0.0117,0.0109
71,ddos_flood,random_padding+timing_jitter,malicious_obfuscated,malicious_obfuscated,1,0.0252,0.0336,0.9413
72,c2_beacon,none,malicious_plain,malicious_plain,1,0.0171,0.9589,0.0239
73,c2_beacon,block_padding+timing_jitter,malicious_obfuscated,malicious_obfuscated,1,0.0289,0.2156,0.7554
74,port_scan,protocol_mimicry+dummy_injection,malicious_obfuscated,malicious_obfuscated,1,0.0158,0.0203,0.9638
75,ddos_flood,timing_jitter+constant_rate_shaping+tunnel_encapsulation,malicious_obfuscated,malicious_obfuscated,1,0.0300,0.0234,0.9466
76,file_download,none,benign,benign,1,0.9325,0.0304,0.0371
77,port_scan,protocol_mimicry+dummy_injection,malicious_obfuscated,malicious_obfuscated,1,0.0106,0.0083,0.9812
78,ssh_interactive,none,benign,benign,1,0.9416,0.0340,0.0244
79,ddos_flood,protocol_mimicry+block_padding,malicious_obfuscated,malicious_obfuscated,1,0.0276,0.0187,0.9537
80,web_browsing,none,benign,benign,1,0.9373,0.0358,0.0269
81,voip,none,benign,benign,1,0.9597,0.0180,0.0223
82,web_browsing,none,benign,benign,1,0.9558,0.0255,0.0187
83,port_scan,dummy_injection+constant_rate_shaping+tunnel_encapsulation,malicious_obfuscated,benign,0,0.9557,0.0126,0.0317
84,ssh_interactive,none,benign,benign,1,0.9299,0.0353,0.0348
85,data_exfiltration,protocol_mimicry+random_padding,malicious_obfuscated,malicious_obfuscated,1,0.0282,0.0202,0.9515
86,port_scan,dummy_injection,malicious_obfuscated,malicious_obfuscated,1,0.0331,0.0661,0.9008
87,video_streaming,fragmentation+random_padding,benign,benign,1,0.8976,0.0264,0.0760
88,ssh_interactive,random_padding+dummy_injection,benign,benign,1,0.9696,0.0133,0.0171
89,web_browsing,none,benign,benign,1,0.8387,0.0739,0.0874
90,port_scan,fragmentation+random_padding,malicious_obfuscated,malicious_obfuscated,1,0.0088,0.0147,0.9765
91,data_exfiltration,none,malicious_plain,malicious_plain,1,0.0182,0.9558,0.0260
92,reverse_shell,fragmentation,malicious_obfuscated,malicious_obfuscated,1,0.0473,0.0355,0.9172
93,data_exfiltration,constant_rate_shaping,malicious_obfuscated,malicious_obfuscated,1,0.0375,0.0144,0.9481
94,web_browsing,none,benign,benign,1,0.9343,0.0308,0.0349
95,data_exfiltration,protocol_mimicry+constant_rate_shaping,malicious_obfuscated,malicious_obfuscated,1,0.2746,0.0217,0.7038
96,c2_beacon,none,malicious_plain,malicious_plain,1,0.0260,0.7359,0.2381
97,ddos_flood,none,malicious_plain,malicious_plain,1,0.0260,0.8768,0.0972
98,ssh_interactive,fragmentation,benign,benign,1,0.8893,0.0343,0.0764
99,video_streaming,none,benign,benign,1,0.9517,0.0287,0.0196
100,c2_beacon,fragmentation+timing_jitter,malicious_obfuscated,malicious_obfuscated,1,0.0247,0.0838,0.8915
101,brute_force,fragmentation,malicious_obfuscated,malicious_plain,0,0.0200,0.9314,0.0486
102,reverse_shell,block_padding+timing_jitter+constant_rate_shaping,malicious_obfuscated,malicious_obfuscated,1,0.1246,0.0153,0.8601
103,brute_force,none,malicious_plain,malicious_plain,1,0.0235,0.9328,0.0437
104,c2_beacon,none,malicious_plain,malicious_plain,1,0.0105,0.9653,0.0242
105,web_browsing,timing_jitter+tunnel_encapsulation,benign,benign,1,0.7026,0.0511,0.2463
106,c2_beacon,random_padding+constant_rate_shaping,malicious_obfuscated,malicious_obfuscated,1,0.2259,0.0194,0.7547
107,data_exfiltration,none,malicious_plain,malicious_plain,1,0.0228,0.9551,0.0221
108,video_streaming,none,benign,benign,1,0.8934,0.0492,0.0574
109,reverse_shell,constant_rate_shaping,malicious_obfuscated,malicious_obfuscated,1,0.3709,0.0546,0.5746
110,web_browsing,protocol_mimicry+fragmentation+tunnel_encapsulation,benign,malicious_obfuscated,0,0.3496,0.0176,0.6328
111,ssh_interactive,none,benign,benign,1,0.9338,0.0305,0.0356
112,ssh_interactive,none,benign,benign,1,0.9287,0.0368,0.0346
113,video_streaming,protocol_mimicry+timing_jitter+constant_rate_shaping,benign,malicious_obfuscated,0,0.1736,0.0486,0.7779
114,ssh_interactive,fragmentation+dummy_injection,benign,benign,1,0.9216,0.0253,0.0530
115,video_streaming,none,benign,benign,1,0.9429,0.0328,0.0243
116,c2_beacon,none,malicious_plain,malicious_plain,1,0.0104,0.9584,0.0311
117,data_exfiltration,timing_jitter+tunnel_encapsulation,malicious_obfuscated,malicious_obfuscated,1,0.0132,0.0272,0.9596
118,reverse_shell,random_padding+tunnel_encapsulation,malicious_obfuscated,malicious_obfuscated,1,0.0196,0.1031,0.8773
119,voip,none,benign,benign,1,0.9440,0.0211,0.0349
120,data_exfiltration,none,malicious_plain,malicious_plain,1,0.0198,0.9582,0.0220
121,ddos_flood,constant_rate_shaping,malicious_obfuscated,malicious_obfuscated,1,0.0212,0.0226,0.9562
122,reverse_shell,none,malicious_plain,malicious_plain,1,0.0047,0.9881,0.0072
123,data_exfiltration,none,malicious_plain,malicious_plain,1,0.0241,0.9546,0.0213
124,file_download,none,benign,benign,1,0.9315,0.0355,0.0330
125,c2_beacon,none,malicious_plain,malicious_plain,1,0.0236,0.9132,0.0632
126,port_scan,none,malicious_plain,malicious_plain,1,0.0195,0.9373,0.0433
127,reverse_shell,timing_jitter+constant_rate_shaping,malicious_obfuscated,benign,0,0.6683,0.0379,0.2938
128,video_streaming,none,benign,benign,1,0.9234,0.0415,0.0351
129,brute_force,protocol_mimicry+dummy_injection+constant_rate_shaping,malicious_obfuscated,benign,0,0.7162,0.0230,0.2608
130,data_exfiltration,protocol_mimicry+dummy_injection,malicious_obfuscated,malicious_obfuscated,1,0.0514,0.0270,0.9215
131,file_download,none,benign,benign,1,0.9571,0.0242,0.0187
132,data_exfiltration,none,malicious_plain,malicious_plain,1,0.0174,0.9623,0.0203
133,file_download,protocol_mimicry+fragmentation+dummy_injection,benign,malicious_obfuscated,0,0.4513,0.0325,0.5161
134,brute_force,fragmentation,malicious_obfuscated,malicious_obfuscated,1,0.0157,0.0435,0.9408
135,ssh_interactive,none,benign,benign,1,0.9060,0.0429,0.0511
136,reverse_shell,random_padding,malicious_obfuscated,malicious_obfuscated,1,0.0615,0.2436,0.6950
137,web_browsing,protocol_mimicry+constant_rate_shaping+tunnel_encapsulation,benign,benign,1,0.9090,0.0397,0.0513
138,ddos_flood,none,malicious_plain,malicious_plain,1,0.0281,0.9086,0.0633
139,c2_beacon,none,malicious_plain,malicious_plain,1,0.0115,0.9298,0.0587
140,brute_force,fragmentation+block_padding+tunnel_encapsulation,malicious_obfuscated,malicious_obfuscated,1,0.0329,0.0299,0.9372
141,ssh_interactive,none,benign,benign,1,0.9667,0.0175,0.0158
142,port_scan,block_padding,malicious_obfuscated,malicious_obfuscated,1,0.0254,0.0142,0.9603
143,ddos_flood,none,malicious_plain,malicious_plain,1,0.0272,0.9143,0.0585
144,ssh_interactive,none,benign,benign,1,0.9736,0.0148,0.0116
145,video_streaming,none,benign,benign,1,0.9396,0.0317,0.0288
146,file_download,none,benign,benign,1,0.9382,0.0310,0.0308
147,ssh_interactive,none,benign,benign,1,0.9296,0.0366,0.0338
148,video_streaming,none,benign,benign,1,0.9368,0.0357,0.0275
149,port_scan,none,malicious_plain,malicious_plain,1,0.0107,0.9514,0.0379
150,file_download,fragmentation+constant_rate_shaping,benign,malicious_obfuscated,0,0.2072,0.0306,0.7622
151,video_streaming,protocol_mimicry+random_padding+constant_rate_shaping,benign,benign,1,0.9148,0.0239,0.0612
152,video_streaming,fragmentation+block_padding,benign,benign,1,0.9020,0.0322,0.0658
153,ddos_flood,protocol_mimicry+timing_jitter,malicious_obfuscated,malicious_obfuscated,1,0.0124,0.0181,0.9696
154,ssh_interactive,none,benign,benign,1,0.9444,0.0281,0.0275
155,voip,fragmentation+tunnel_encapsulation,benign,benign,1,0.9043,0.0145,0.0811
156,ssh_interactive,none,benign,benign,1,0.9124,0.0478,0.0398
157,voip,protocol_mimicry+fragmentation+dummy_injection,benign,benign,1,0.7569,0.0352,0.2079
158,video_streaming,none,benign,benign,1,0.9325,0.0292,0.0382
159,brute_force,block_padding+timing_jitter+constant_rate_shaping,malicious_obfuscated,malicious_obfuscated,1,0.2413,0.0326,0.7261
160,port_scan,none,malicious_plain,malicious_plain,1,0.0190,0.9182,0.0627
161,ddos_flood,none,malicious_plain,malicious_plain,1,0.0255,0.9143,0.0602
162,web_browsing,random_padding+dummy_injection+timing_jitter,benign,benign,1,0.9476,0.0174,0.0350
163,reverse_shell,none,malicious_plain,malicious_plain,1,0.0118,0.9606,0.0275
164,ssh_interactive,none,benign,benign,1,0.9245,0.0361,0.0394
165,c2_beacon,fragmentation+random_padding+constant_rate_shaping,malicious_obfuscated,malicious_obfuscated,1,0.2613,0.0365,0.7022
166,c2_beacon,none,malicious_plain,malicious_plain,1,0.0125,0.9628,0.0247
167,port_scan,protocol_mimicry+fragmentation+tunnel_encapsulation,malicious_obfuscated,malicious_obfuscated,1,0.0166,0.0135,0.9699
168,video_streaming,none,benign,benign,1,0.9463,0.0275,0.0262
169,voip,protocol_mimicry+random_padding+tunnel_encapsulation,benign,benign,1,0.7784,0.0163,0.2053
170,voip,fragmentation,benign,benign,1,0.9507,0.0177,0.0316
171,ssh_interactive,none,benign,benign,1,0.9458,0.0278,0.0264
172,brute_force,random_padding,malicious_obfuscated,malicious_plain,0,0.0201,0.9131,0.0668
173,data_exfiltration,random_padding+tunnel_encapsulation,malicious_obfuscated,malicious_obfuscated,1,0.0239,0.0301,0.9459
174,brute_force,protocol_mimicry+timing_jitter+constant_rate_shaping,malicious_obfuscated,malicious_obfuscated,1,0.0435,0.0652,0.8913
175,port_scan,none,malicious_plain,malicious_plain,1,0.0170,0.9286,0.0544
176,reverse_shell,random_padding+timing_jitter+constant_rate_shaping,malicious_obfuscated,malicious_obfuscated,1,0.2184,0.0193,0.7623
177,ddos_flood,constant_rate_shaping,malicious_obfuscated,malicious_obfuscated,1,0.0614,0.0251,0.9135
178,port_scan,none,malicious_plain,malicious_plain,1,0.0208,0.9207,0.0585
179,file_download,timing_jitter,benign,benign,1,0.9491,0.0280,0.0228
180,reverse_shell,none,malicious_plain,malicious_plain,1,0.0115,0.9492,0.0394
181,voip,tunnel_encapsulation,benign,benign,1,0.9456,0.0121,0.0423
182,brute_force,none,malicious_plain,malicious_plain,1,0.0194,0.9338,0.0468
183,brute_force,none,malicious_plain,malicious_plain,1,0.0188,0.9251,0.0561
184,reverse_shell,none,malicious_plain,malicious_plain,1,0.0093,0.9610,0.0297
185,ssh_interactive,none,benign,benign,1,0.9520,0.0241,0.0239
186,ddos_flood,protocol_mimicry+random_padding+tunnel_encapsulation,malicious_obfuscated,malicious_obfuscated,1,0.0437,0.0197,0.9366
187,reverse_shell,timing_jitter,malicious_obfuscated,malicious_plain,0,0.0228,0.7205,0.2568
188,ddos_flood,none,malicious_plain,malicious_plain,1,0.0291,0.8372,0.1337
189,data_exfiltration,protocol_mimicry+timing_jitter,malicious_obfuscated,malicious_obfuscated,1,0.0358,0.0328,0.9315
190,data_exfiltration,none,malicious_plain,malicious_plain,1,0.0210,0.9489,0.0301
191,brute_force,random_padding+tunnel_encapsulation,malicious_obfuscated,malicious_obfuscated,1,0.0162,0.0128,0.9710
192,ddos_flood,none,malicious_plain,malicious_plain,1,0.0333,0.8703,0.0964
193,port_scan,none,malicious_plain,malicious_plain,1,0.0124,0.9384,0.0492
194,brute_force,none,malicious_plain,malicious_plain,1,0.0194,0.9184,0.0622
195,c2_beacon,block_padding+dummy_injection+timing_jitter,malicious_obfuscated,malicious_obfuscated,1,0.0172,0.0104,0.9724
196,reverse_shell,protocol_mimicry+dummy_injection+timing_jitter,malicious_obfuscated,malicious_obfuscated,1,0.0262,0.0206,0.9531
197,data_exfiltration,dummy_injection+constant_rate_shaping+tunnel_encapsulation,malicious_obfuscated,malicious_obfuscated,1,0.0221,0.0182,0.9597
198,reverse_shell,none,malicious_plain,malicious_plain,1,0.0077,0.9620,0.0304
199,data_exfiltration,none,malicious_plain,malicious_plain,1,0.0303,0.9457,0.0240
200,brute_force,protocol_mimicry+fragmentation+dummy_injection,malicious_obfuscated,malicious_obfuscated,1,0.0593,0.0177,0.9230
201,web_browsing,random_padding+timing_jitter+tunnel_encapsulation,benign,benign,1,0.8013,0.0419,0.1568
202,ddos_flood,protocol_mimicry+dummy_injection,malicious_obfuscated,malicious_obfuscated,1,0.0214,0.0210,0.9576
203,ddos_flood,random_padding,malicious_obfuscated,malicious_plain,0,0.0346,0.8331,0.1323
204,ddos_flood,none,malicious_plain,malicious_plain,1,0.0235,0.9258,0.0507
205,ddos_flood,none,malicious_plain,malicious_plain,1,0.0253,0.9286,0.0461
206,ddos_flood,protocol_mimicry+block_padding+timing_jitter,malicious_obfuscated,malicious_obfuscated,1,0.0196,0.0321,0.9483
207,reverse_shell,timing_jitter+constant_rate_shaping+tunnel_encapsulation,malicious_obfuscated,malicious_obfuscated,1,0.1963,0.0151,0.7886
208,brute_force,tunnel_encapsulation,malicious_obfuscated,malicious_plain,0,0.0197,0.8697,0.1105
209,c2_beacon,none,malicious_plain,malicious_plain,1,0.0162,0.9405,0.0432
210,port_scan,none,malicious_plain,malicious_plain,1,0.0226,0.8653,0.1122
211,c2_beacon,protocol_mimicry,malicious_obfuscated,malicious_obfuscated,1,0.0422,0.0177,0.9401
212,ssh_interactive,block_padding+random_padding+dummy_injection,benign,benign,1,0.9037,0.0199,0.0765
213,reverse_shell,none,malicious_plain,malicious_plain,1,0.0094,0.9760,0.0146
214,data_exfiltration,none,malicious_plain,malicious_plain,1,0.0323,0.9400,0.0277
215,port_scan,none,malicious_plain,malicious_plain,1,0.0216,0.8938,0.0846
216,ddos_flood,none,malicious_plain,malicious_plain,1,0.0275,0.7978,0.1747
217,file_download,none,benign,benign,1,0.9379,0.0287,0.0334
218,reverse_shell,none,malicious_plain,malicious_plain,1,0.0169,0.7736,0.2095
219,ssh_interactive,none,benign,benign,1,0.9375,0.0304,0.0321
220,ssh_interactive,random_padding+timing_jitter,benign,benign,1,0.9193,0.0208,0.0599
221,voip,tunnel_encapsulation,benign,benign,1,0.9184,0.0135,0.0681
222,ddos_flood,random_padding+dummy_injection,malicious_obfuscated,malicious_obfuscated,1,0.0196,0.0202,0.9602
223,reverse_shell,none,malicious_plain,malicious_plain,1,0.0428,0.8021,0.1550
224,file_download,none,benign,benign,1,0.9387,0.0302,0.0312
225,file_download,none,benign,benign,1,0.9283,0.0335,0.0382
226,brute_force,none,malicious_plain,malicious_plain,1,0.0247,0.9287,0.0466
227,brute_force,timing_jitter+tunnel_encapsulation,malicious_obfuscated,malicious_obfuscated,1,0.0165,0.0296,0.9539
228,video_streaming,none,benign,benign,1,0.9361,0.0350,0.0289
229,c2_beacon,none,malicious_plain,malicious_plain,1,0.0134,0.9636,0.0230
230,video_streaming,protocol_mimicry+constant_rate_shaping,benign,benign,1,0.6237,0.0393,0.3370
231,c2_beacon,none,malicious_plain,malicious_plain,1,0.0153,0.9620,0.0226
232,ddos_flood,dummy_injection+tunnel_encapsulation,malicious_obfuscated,malicious_obfuscated,1,0.0222,0.0068,0.9710
233,ddos_flood,none,malicious_plain,malicious_plain,1,0.0223,0.9210,0.0567
234,port_scan,dummy_injection+timing_jitter+constant_rate_shaping,malicious_obfuscated,malicious_obfuscated,1,0.0416,0.0187,0.9397
235,ssh_interactive,dummy_injection,benign,benign,1,0.9510,0.0230,0.0260
236,ssh_interactive,none,benign,benign,1,0.9509,0.0254,0.0238
237,reverse_shell,dummy_injection+constant_rate_shaping,malicious_obfuscated,malicious_obfuscated,1,0.3168,0.0196,0.6637
238,brute_force,block_padding+dummy_injection,malicious_obfuscated,malicious_obfuscated,1,0.0200,0.0305,0.9495
239,port_scan,none,malicious_plain,malicious_plain,1,0.0169,0.9314,0.0516
240,brute_force,none,malicious_plain,malicious_plain,1,0.0167,0.9306,0.0527
241,ddos_flood,none,malicious_plain,malicious_plain,1,0.0259,0.9066,0.0675
242,ssh_interactive,none,benign,benign,1,0.9193,0.0474,0.0332
243,ssh_interactive,none,benign,benign,1,0.9483,0.0267,0.0250
244,voip,none,benign,benign,1,0.9507,0.0224,0.0269
245,brute_force,none,malicious_plain,malicious_plain,1,0.0203,0.9339,0.0459
246,data_exfiltration,none,malicious_plain,malicious_plain,1,0.0196,0.9576,0.0228
247,port_scan,constant_rate_shaping,malicious_obfuscated,malicious_obfuscated,1,0.1285,0.0245,0.8470
248,brute_force,protocol_mimicry+fragmentation+timing_jitter,malicious_obfuscated,malicious_obfuscated,1,0.0570,0.0233,0.9197
249,reverse_shell,constant_rate_shaping+tunnel_encapsulation,malicious_obfuscated,malicious_obfuscated,1,0.2565,0.0217,0.7218
250,web_browsing,random_padding+tunnel_encapsulation,benign,benign,1,0.9591,0.0213,0.0196
251,brute_force,none,malicious_plain,malicious_plain,1,0.0147,0.9383,0.0471
252,reverse_shell,fragmentation+random_padding,malicious_obfuscated,malicious_obfuscated,1,0.0590,0.0345,0.9065
253,c2_beacon,none,malicious_plain,malicious_plain,1,0.0167,0.9080,0.0753
254,ssh_interactive,none,benign,benign,1,0.9641,0.0186,0.0173
255,file_download,none,benign,benign,1,0.9369,0.0309,0.0322
256,ssh_interactive,random_padding+tunnel_encapsulation,benign,benign,1,0.9620,0.0143,0.0237
257,ddos_flood,fragmentation+random_padding,malicious_obfuscated,malicious_obfuscated,1,0.0366,0.0470,0.9164
258,port_scan,none,malicious_plain,malicious_plain,1,0.0139,0.9300,0.0561
259,data_exfiltration,timing_jitter,malicious_obfuscated,malicious_obfuscated,1,0.0164,0.0394,0.9442
260,ssh_interactive,none,benign,benign,1,0.9517,0.0242,0.0242
261,file_download,none,benign,benign,1,0.9391,0.0290,0.0319
262,video_streaming,random_padding+constant_rate_shaping+tunnel_encapsulation,benign,benign,1,0.8491,0.0539,0.0970
263,reverse_shell,none,malicious_plain,malicious_plain,1,0.0124,0.9739,0.0137
264,c2_beacon,protocol_mimicry+constant_rate_shaping+tunnel_encapsulation,malicious_obfuscated,malicious_obfuscated,1,0.0124,0.0073,0.9803
265,port_scan,random_padding+tunnel_encapsulation,malicious_obfuscated,malicious_obfuscated,1,0.0181,0.0175,0.9644
266,port_scan,none,malicious_plain,malicious_plain,1,0.0195,0.9269,0.0536
267,reverse_shell,protocol_mimicry+tunnel_encapsulation,malicious_obfuscated,malicious_obfuscated,1,0.0597,0.0209,0.9194
268,reverse_shell,protocol_mimicry+dummy_injection,malicious_obfuscated,benign,0,0.8372,0.0255,0.1373
269,brute_force,none,malicious_plain,malicious_plain,1,0.0166,0.9224,0.0610
270,ddos_flood,none,malicious_plain,malicious_plain,1,0.0263,0.9180,0.0557
271,data_exfiltration,timing_jitter,malicious_obfuscated,malicious_obfuscated,1,0.0249,0.0537,0.9214
272,brute_force,dummy_injection,malicious_obfuscated,malicious_obfuscated,1,0.1813,0.0611,0.7576
273,video_streaming,none,benign,benign,1,0.9286,0.0384,0.0330
274,voip,none,benign,benign,1,0.9627,0.0208,0.0166
275,data_exfiltration,block_padding+dummy_injection+timing_jitter,malicious_obfuscated,malicious_obfuscated,1,0.0565,0.0312,0.9122
276,port_scan,none,malicious_plain,malicious_plain,1,0.0250,0.9020,0.0730
277,c2_beacon,fragmentation+timing_jitter,malicious_obfuscated,malicious_obfuscated,1,0.0322,0.1066,0.8612
278,ssh_interactive,random_padding+dummy_injection,benign,benign,1,0.8533,0.0389,0.1078
279,file_download,none,benign,benign,1,0.9401,0.0335,0.0264
280,brute_force,none,malicious_plain,malicious_plain,1,0.0275,0.8796,0.0929
281,reverse_shell,protocol_mimicry+block_padding+random_padding,malicious_obfuscated,malicious_obfuscated,1,0.0352,0.0153,0.9495
282,c2_beacon,none,malicious_plain,malicious_plain,1,0.0103,0.9636,0.0260
283,c2_beacon,none,malicious_plain,malicious_plain,1,0.0108,0.9362,0.0530
284,c2_beacon,none,malicious_plain,malicious_plain,1,0.0173,0.9171,0.0656
285,c2_beacon,none,malicious_plain,malicious_plain,1,0.0123,0.9566,0.0312
286,c2_beacon,none,malicious_plain,malicious_plain,1,0.0113,0.9621,0.0266
287,data_exfiltration,fragmentation,malicious_obfuscated,malicious_obfuscated,1,0.0207,0.0538,0.9255
288,ddos_flood,block_padding+timing_jitter+tunnel_encapsulation,malicious_obfuscated,malicious_obfuscated,1,0.0252,0.0321,0.9428
289,port_scan,none,malicious_plain,malicious_plain,1,0.0134,0.9341,0.0525
290,reverse_shell,timing_jitter+constant_rate_shaping+tunnel_encapsulation,malicious_obfuscated,malicious_obfuscated,1,0.3573,0.0363,0.6064
291,reverse_shell,protocol_mimicry+timing_jitter,malicious_obfuscated,malicious_obfuscated,1,0.0377,0.0229,0.9394
292,port_scan,dummy_injection,malicious_obfuscated,malicious_obfuscated,1,0.0449,0.0423,0.9128
293,port_scan,block_padding,malicious_obfuscated,malicious_obfuscated,1,0.0165,0.0288,0.9547
294,voip,none,benign,benign,1,0.9669,0.0187,0.0144
295,c2_beacon,none,malicious_plain,malicious_plain,1,0.0160,0.9362,0.0477
296,ssh_interactive,none,benign,benign,1,0.9522,0.0238,0.0240
297,data_exfiltration,none,malicious_plain,malicious_plain,1,0.0333,0.9390,0.0277
298,reverse_shell,dummy_injection,malicious_obfuscated,malicious_obfuscated,1,0.0400,0.0120,0.9480
299,port_scan,none,malicious_plain,malicious_plain,1,0.0189,0.9190,0.0621
300,reverse_shell,fragmentation+dummy_injection+timing_jitter,malicious_obfuscated,malicious_obfuscated,1,0.0218,0.0235,0.9548
301,port_scan,none,malicious_plain,malicious_plain,1,0.0165,0.9280,0.0555
302,brute_force,none,malicious_plain,malicious_plain,1,0.0178,0.9200,0.0622
303,data_exfiltration,none,malicious_plain,malicious_plain,1,0.0211,0.9577,0.0212
304,video_streaming,block_padding+timing_jitter,benign,benign,1,0.9648,0.0181,0.0171
305,port_scan,dummy_injection,malicious_obfuscated,malicious_obfuscated,1,0.0313,0.0323,0.9364
306,video_streaming,none,benign,benign,1,0.9328,0.0386,0.0286
307,voip,protocol_mimicry+block_padding+timing_jitter,benign,malicious_obfuscated,0,0.3525,0.0479,0.5995
308,web_browsing,none,benign,benign,1,0.8630,0.0709,0.0661
309,ddos_flood,protocol_mimicry+block_padding+random_padding,malicious_obfuscated,malicious_obfuscated,1,0.0245,0.0216,0.9538
310,voip,constant_rate_shaping+tunnel_encapsulation,benign,benign,1,0.6267,0.0175,0.3558
311,brute_force,fragmentation+tunnel_encapsulation,malicious_obfuscated,malicious_obfuscated,1,0.0499,0.0326,0.9175
312,ssh_interactive,none,benign,benign,1,0.9455,0.0262,0.0282
313,ddos_flood,fragmentation+constant_rate_shaping+tunnel_encapsulation,malicious_obfuscated,malicious_obfuscated,1,0.0300,0.0172,0.9528
314,brute_force,block_padding+random_padding,malicious_obfuscated,malicious_obfuscated,1,0.0392,0.0487,0.9121
315,reverse_shell,none,malicious_plain,malicious_plain,1,0.0091,0.9818,0.0091
316,voip,none,benign,benign,1,0.9658,0.0182,0.0160
317,brute_force,timing_jitter,malicious_obfuscated,malicious_plain,0,0.0205,0.8845,0.0950
318,file_download,none,benign,benign,1,0.9467,0.0304,0.0229
319,data_exfiltration,none,malicious_plain,malicious_plain,1,0.0197,0.9562,0.0241
320,c2_beacon,random_padding+constant_rate_shaping,malicious_obfuscated,malicious_obfuscated,1,0.0923,0.0099,0.8978
321,ssh_interactive,constant_rate_shaping,benign,malicious_obfuscated,0,0.4876,0.0241,0.4883
322,voip,none,benign,benign,1,0.9546,0.0187,0.0267
323,web_browsing,none,benign,benign,1,0.9553,0.0259,0.0188
324,voip,none,benign,benign,1,0.9525,0.0178,0.0297
325,c2_beacon,fragmentation+block_padding+constant_rate_shaping,malicious_obfuscated,malicious_obfuscated,1,0.2358,0.0237,0.7405
326,c2_beacon,none,malicious_plain,malicious_plain,1,0.0196,0.8822,0.0983
327,c2_beacon,protocol_mimicry+fragmentation,malicious_obfuscated,malicious_obfuscated,1,0.0260,0.0203,0.9538
328,brute_force,none,malicious_plain,malicious_plain,1,0.0209,0.8876,0.0915
329,ssh_interactive,none,benign,benign,1,0.9172,0.0396,0.0432
330,file_download,none,benign,benign,1,0.9394,0.0306,0.0300
331,port_scan,timing_jitter,malicious_obfuscated,malicious_obfuscated,1,0.0109,0.0247,0.9644
332,c2_beacon,dummy_injection+timing_jitter,malicious_obfuscated,malicious_obfuscated,1,0.0122,0.0101,0.9776
333,data_exfiltration,none,malicious_plain,malicious_plain,1,0.0181,0.9616,0.0203
334,c2_beacon,none,malicious_plain,malicious_plain,1,0.0144,0.8425,0.1431
335,reverse_shell,none,malicious_plain,malicious_plain,1,0.0074,0.9831,0.0094
336,file_download,none,benign,benign,1,0.9363,0.0325,0.0312
337,reverse_shell,none,malicious_plain,malicious_plain,1,0.0119,0.9608,0.0272
338,voip,protocol_mimicry+fragmentation+random_padding,benign,benign,1,0.8925,0.0387,0.0688
339,ddos_flood,timing_jitter,malicious_obfuscated,malicious_obfuscated,1,0.0136,0.0197,0.9667
340,video_streaming,dummy_injection+constant_rate_shaping+tunnel_encapsulation,benign,benign,1,0.9223,0.0399,0.0379
341,ssh_interactive,none,benign,benign,1,0.9375,0.0325,0.0300
342,reverse_shell,none,malicious_plain,malicious_plain,1,0.0058,0.9781,0.0161
343,c2_beacon,protocol_mimicry,malicious_obfuscated,malicious_obfuscated,1,0.1240,0.0263,0.8497
344,data_exfiltration,none,malicious_plain,malicious_plain,1,0.0236,0.9369,0.0394
345,brute_force,block_padding+random_padding+constant_rate_shaping,malicious_obfuscated,malicious_obfuscated,1,0.1053,0.0152,0.8795
346,brute_force,fragmentation+block_padding,malicious_obfuscated,malicious_obfuscated,1,0.0171,0.0380,0.9449
347,data_exfiltration,block_padding+timing_jitter,malicious_obfuscated,malicious_obfuscated,1,0.0122,0.0279,0.9600
348,voip,none,benign,benign,1,0.9670,0.0198,0.0132
349,ddos_flood,none,malicious_plain,malicious_plain,1,0.0210,0.9303,0.0487
350,video_streaming,block_padding+dummy_injection+constant_rate_shaping,benign,benign,1,0.9462,0.0185,0.0353
351,reverse_shell,none,malicious_plain,malicious_plain,1,0.0088,0.9640,0.0271
352,c2_beacon,none,malicious_plain,malicious_plain,1,0.0121,0.9627,0.0252
353,brute_force,dummy_injection,malicious_obfuscated,malicious_obfuscated,1,0.0170,0.0196,0.9635
354,data_exfiltration,none,malicious_plain,malicious_plain,1,0.0219,0.9527,0.0253
355,data_exfiltration,block_padding,malicious_obfuscated,malicious_plain,0,0.0251,0.9387,0.0362
356,reverse_shell,none,malicious_plain,malicious_plain,1,0.0060,0.9874,0.0066
357,ddos_flood,protocol_mimicry+block_padding+constant_rate_shaping,malicious_obfuscated,malicious_obfuscated,1,0.0302,0.0396,0.9302
358,video_streaming,none,benign,benign,1,0.9504,0.0232,0.0264
359,c2_beacon,block_padding+random_padding,malicious_obfuscated,malicious_obfuscated,1,0.0096,0.0187,0.9717
360,reverse_shell,none,malicious_plain,malicious_plain,1,0.0073,0.9832,0.0096
361,brute_force,none,malicious_plain,malicious_plain,1,0.0220,0.8646,0.1135
362,ssh_interactive,none,benign,benign,1,0.9529,0.0235,0.0236
363,port_scan,protocol_mimicry+dummy_injection,malicious_obfuscated,malicious_obfuscated,1,0.0266,0.0355,0.9379
364,brute_force,none,malicious_plain,malicious_plain,1,0.0194,0.9019,0.0787
365,data_exfiltration,none,malicious_plain,malicious_plain,1,0.0170,0.9567,0.0263
366,c2_beacon,block_padding+random_padding+dummy_injection,malicious_obfuscated,malicious_obfuscated,1,0.0089,0.0019,0.9892
367,data_exfiltration,timing_jitter,malicious_obfuscated,malicious_obfuscated,1,0.0231,0.0417,0.9353
368,voip,none,benign,benign,1,0.9569,0.0194,0.0237
369,c2_beacon,timing_jitter+constant_rate_shaping,malicious_obfuscated,malicious_obfuscated,1,0.0872,0.0150,0.8978
370,c2_beacon,none,malicious_plain,malicious_plain,1,0.0106,0.9459,0.0435
371,brute_force,none,malicious_plain,malicious_plain,1,0.0179,0.9125,0.0695
372,file_download,none,benign,benign,1,0.9544,0.0227,0.0228
373,data_exfiltration,none,malicious_plain,malicious_plain,1,0.0335,0.9378,0.0286
374,data_exfiltration,none,malicious_plain,malicious_plain,1,0.0318,0.9404,0.0279
375,ddos_flood,none,malicious_plain,malicious_plain,1,0.0271,0.8174,0.1556
376,brute_force,none,malicious_plain,malicious_plain,1,0.0197,0.9328,0.0475
377,ddos_flood,none,malicious_plain,malicious_plain,1,0.0260,0.9153,0.0587
378,video_streaming,none,benign,benign,1,0.9392,0.0337,0.0271
379,reverse_shell,none,malicious_plain,malicious_plain,1,0.0202,0.8929,0.0869
380,file_download,none,benign,benign,1,0.9351,0.0261,0.0389
381,port_scan,none,malicious_plain,malicious_plain,1,0.0150,0.9450,0.0401
382,ddos_flood,none,malicious_plain,malicious_plain,1,0.0253,0.9055,0.0692
383,port_scan,none,malicious_plain,malicious_plain,1,0.0163,0.9067,0.0771
384,ddos_flood,protocol_mimicry+random_padding+constant_rate_shaping,malicious_obfuscated,malicious_obfuscated,1,0.0300,0.0327,0.9372
385,data_exfiltration,protocol_mimicry,malicious_obfuscated,malicious_obfuscated,1,0.0428,0.0175,0.9398
386,port_scan,dummy_injection+timing_jitter,malicious_obfuscated,malicious_obfuscated,1,0.0523,0.0424,0.9053
387,reverse_shell,none,malicious_plain,malicious_plain,1,0.0477,0.8783,0.0740
388,c2_beacon,none,malicious_plain,malicious_plain,1,0.0086,0.9580,0.0334
389,c2_beacon,protocol_mimicry+constant_rate_shaping,malicious_obfuscated,malicious_obfuscated,1,0.0333,0.0108,0.9559
390,web_browsing,none,benign,benign,1,0.9567,0.0279,0.0155
391,data_exfiltration,fragmentation+tunnel_encapsulation,malicious_obfuscated,malicious_obfuscated,1,0.0071,0.0064,0.9865
392,brute_force,none,malicious_plain,malicious_plain,1,0.0235,0.7861,0.1904
393,web_browsing,none,benign,benign,1,0.9541,0.0293,0.0166
394,file_download,none,benign,benign,1,0.9331,0.0303,0.0366
395,ssh_interactive,none,benign,benign,1,0.9370,0.0295,0.0334
396,reverse_shell,none,malicious_plain,malicious_plain,1,0.0126,0.9782,0.0092
397,ssh_interactive,block_padding,benign,benign,1,0.9305,0.0229,0.0466
398,data_exfiltration,random_padding+tunnel_encapsulation,malicious_obfuscated,malicious_obfuscated,1,0.0159,0.0241,0.9599
399,brute_force,protocol_mimicry+block_padding+dummy_injection,malicious_obfuscated,malicious_obfuscated,1,0.0132,0.0060,0.9808
400,c2_beacon,none,malicious_plain,malicious_plain,1,0.0173,0.9262,0.0565
401,ssh_interactive,none,benign,benign,1,0.9713,0.0150,0.0137
402,port_scan,block_padding+dummy_injection,malicious_obfuscated,malicious_obfuscated,1,0.0205,0.0082,0.9713
403,brute_force,none,malicious_plain,malicious_plain,1,0.0153,0.9357,0.0490
404,data_exfiltration,none,malicious_plain,malicious_plain,1,0.0331,0.9399,0.0271
405,c2_beacon,none,malicious_plain,malicious_plain,1,0.0182,0.9324,0.0493
406,c2_beacon,block_padding+dummy_injection,malicious_obfuscated,malicious_obfuscated,1,0.0163,0.0107,0.9730
407,ddos_flood,protocol_mimicry+random_padding+constant_rate_shaping,malicious_obfuscated,malicious_obfuscated,1,0.0222,0.0290,0.9488
408,port_scan,tunnel_encapsulation,malicious_obfuscated,malicious_obfuscated,1,0.0127,0.0161,0.9712
409,ssh_interactive,none,benign,benign,1,0.9490,0.0254,0.0256
410,ddos_flood,fragmentation+random_padding+tunnel_encapsulation,malicious_obfuscated,malicious_obfuscated,1,0.0112,0.0086,0.9802
411,reverse_shell,constant_rate_shaping+tunnel_encapsulation,malicious_obfuscated,malicious_obfuscated,1,0.3075,0.0172,0.6753
412,reverse_shell,dummy_injection,malicious_obfuscated,malicious_obfuscated,1,0.0221,0.0131,0.9647
413,reverse_shell,tunnel_encapsulation,malicious_obfuscated,malicious_obfuscated,1,0.0451,0.0565,0.8983
414,reverse_shell,protocol_mimicry,malicious_obfuscated,malicious_obfuscated,1,0.0679,0.0347,0.8974
415,ddos_flood,protocol_mimicry+random_padding+dummy_injection,malicious_obfuscated,malicious_obfuscated,1,0.0212,0.0135,0.9654
416,ssh_interactive,fragmentation+timing_jitter,benign,benign,1,0.8664,0.0329,0.1007
417,ddos_flood,block_padding,malicious_obfuscated,malicious_plain,0,0.0426,0.7579,0.1995
418,port_scan,none,malicious_plain,malicious_plain,1,0.0141,0.9320,0.0539
419,web_browsing,fragmentation,benign,benign,1,0.8243,0.0348,0.1408
420,voip,none,benign,benign,1,0.9400,0.0209,0.0392
421,voip,timing_jitter,benign,benign,1,0.6800,0.0880,0.2320
422,reverse_shell,none,malicious_plain,malicious_plain,1,0.0091,0.9776,0.0133
423,ddos_flood,protocol_mimicry+timing_jitter,malicious_obfuscated,malicious_obfuscated,1,0.0182,0.0323,0.9495
424,reverse_shell,dummy_injection,malicious_obfuscated,malicious_plain,0,0.0056,0.9833,0.0111
425,data_exfiltration,none,malicious_plain,malicious_plain,1,0.0243,0.9242,0.0516
426,ddos_flood,none,malicious_plain,malicious_plain,1,0.0252,0.9196,0.0551
427,c2_beacon,none,malicious_plain,malicious_plain,1,0.0201,0.8251,0.1548
428,ddos_flood,none,malicious_plain,malicious_plain,1,0.0254,0.8786,0.0961
429,video_streaming,protocol_mimicry+dummy_injection+tunnel_encapsulation,benign,benign,1,0.9676,0.0143,0.0180
430,brute_force,none,malicious_plain,malicious_plain,1,0.0168,0.9431,0.0401
431,port_scan,none,malicious_plain,malicious_plain,1,0.0159,0.9431,0.0410
432,web_browsing,none,benign,benign,1,0.9642,0.0216,0.0142
433,brute_force,protocol_mimicry+dummy_injection,malicious_obfuscated,malicious_obfuscated,1,0.1850,0.0233,0.7917
434,data_exfiltration,none,malicious_plain,malicious_plain,1,0.0232,0.9500,0.0267
435,data_exfiltration,none,malicious_plain,malicious_plain,1,0.0287,0.9494,0.0219
436,c2_beacon,block_padding+constant_rate_shaping+tunnel_encapsulation,malicious_obfuscated,malicious_obfuscated,1,0.1086,0.0111,0.8803
437,ssh_interactive,none,benign,benign,1,0.9272,0.0368,0.0360
438,dns_query,block_padding+constant_rate_shaping,benign,malicious_obfuscated,0,0.1240,0.0080,0.8679
439,reverse_shell,random_padding+dummy_injection+timing_jitter,malicious_obfuscated,malicious_obfuscated,1,0.0251,0.0111,0.9639
440,c2_beacon,none,malicious_plain,malicious_plain,1,0.0112,0.9721,0.0167
441,web_browsing,none,benign,benign,1,0.9628,0.0233,0.0139
442,port_scan,none,malicious_plain,malicious_plain,1,0.0187,0.9264,0.0549
443,reverse_shell,dummy_injection,malicious_obfuscated,benign,0,0.6508,0.0289,0.3203
444,c2_beacon,none,malicious_plain,malicious_plain,1,0.0212,0.8896,0.0891
445,video_streaming,protocol_mimicry,benign,benign,1,0.9434,0.0149,0.0418
446,ssh_interactive,none,benign,benign,1,0.9549,0.0232,0.0218
447,brute_force,none,malicious_plain,malicious_plain,1,0.0154,0.9378,0.0468
448,brute_force,none,malicious_plain,malicious_plain,1,0.0189,0.9140,0.0671
449,c2_beacon,none,malicious_plain,malicious_plain,1,0.0198,0.8968,0.0834
450,file_download,block_padding+timing_jitter,benign,benign,1,0.9075,0.0358,0.0567
451,voip,protocol_mimicry,benign,benign,1,0.7137,0.0482,0.2381
452,brute_force,none,malicious_plain,malicious_plain,1,0.0182,0.8906,0.0912
453,web_browsing,none,benign,benign,1,0.9636,0.0236,0.0129
454,reverse_shell,none,malicious_plain,malicious_plain,1,0.0151,0.9153,0.0696
455,web_browsing,protocol_mimicry+random_padding,benign,benign,1,0.9058,0.0380,0.0561
456,data_exfiltration,none,malicious_plain,malicious_plain,1,0.0138,0.9625,0.0237
457,ddos_flood,fragmentation+dummy_injection+constant_rate_shaping,malicious_obfuscated,malicious_obfuscated,1,0.1693,0.0198,0.8109
458,port_scan,constant_rate_shaping,malicious_obfuscated,malicious_obfuscated,1,0.0195,0.0217,0.9588
459,port_scan,none,malicious_plain,malicious_plain,1,0.0146,0.9263,0.0591
460,c2_beacon,none,malicious_plain,malicious_plain,1,0.0185,0.9600,0.0214
461,c2_beacon,none,malicious_plain,malicious_plain,1,0.0117,0.9626,0.0257
462,c2_beacon,none,malicious_plain,malicious_plain,1,0.0198,0.8560,0.1243
463,voip,none,benign,benign,1,0.9651,0.0193,0.0156
464,web_browsing,none,benign,benign,1,0.9523,0.0280,0.0197
465,voip,none,benign,benign,1,0.9455,0.0208,0.0337
466,voip,protocol_mimicry+block_padding+dummy_injection,benign,benign,1,0.7884,0.0422,0.1694
467,video_streaming,none,benign,benign,1,0.9324,0.0336,0.0339
468,data_exfiltration,fragmentation+block_padding,malicious_obfuscated,malicious_obfuscated,1,0.0229,0.0290,0.9481
469,c2_beacon,none,malicious_plain,malicious_plain,1,0.0137,0.9658,0.0205
470,voip,none,benign,benign,1,0.9593,0.0210,0.0197
471,port_scan,fragmentation+block_padding+dummy_injection,malicious_obfuscated,malicious_obfuscated,1,0.0430,0.0132,0.9439
472,port_scan,none,malicious_plain,malicious_plain,1,0.0288,0.8251,0.1461
473,data_exfiltration,fragmentation+block_padding,malicious_obfuscated,malicious_obfuscated,1,0.0216,0.0195,0.9589
474,port_scan,constant_rate_shaping,malicious_obfuscated,malicious_obfuscated,1,0.0172,0.0356,0.9473
475,port_scan,none,malicious_plain,malicious_plain,1,0.0137,0.9350,0.0514
476,data_exfiltration,none,malicious_plain,malicious_plain,1,0.0290,0.9480,0.0230
477,web_browsing,fragmentation+block_padding+random_padding,benign,benign,1,0.8862,0.0216,0.0922
478,port_scan,none,malicious_plain,malicious_plain,1,0.0171,0.9177,0.0653
479,voip,none,benign,benign,1,0.9418,0.0209,0.0373
480,port_scan,tunnel_encapsulation,malicious_obfuscated,malicious_obfuscated,1,0.0134,0.0245,0.9620
481,data_exfiltration,none,malicious_plain,malicious_plain,1,0.0262,0.9391,0.0346
482,port_scan,block_padding+dummy_injection+tunnel_encapsulation,malicious_obfuscated,malicious_obfuscated,1,0.0182,0.0097,0.9721
483,ssh_interactive,none,benign,benign,1,0.9365,0.0300,0.0335
484,web_browsing,none,benign,benign,1,0.9452,0.0329,0.0218
485,brute_force,fragmentation+tunnel_encapsulation,malicious_obfuscated,malicious_obfuscated,1,0.0639,0.0371,0.8989
486,ssh_interactive,protocol_mimicry+fragmentation+random_padding,benign,benign,1,0.7953,0.0190,0.1857
487,reverse_shell,dummy_injection,malicious_obfuscated,malicious_obfuscated,1,0.0283,0.2009,0.7708
488,brute_force,block_padding,malicious_obfuscated,malicious_plain,0,0.0489,0.5118,0.4393
489,data_exfiltration,none,malicious_plain,malicious_plain,1,0.0174,0.9553,0.0274
490,c2_beacon,none,malicious_plain,malicious_plain,1,0.0183,0.9304,0.0513
491,brute_force,protocol_mimicry+dummy_injection,malicious_obfuscated,malicious_obfuscated,1,0.0244,0.0357,0.9398
492,c2_beacon,block_padding+random_padding+timing_jitter,malicious_obfuscated,malicious_obfuscated,1,0.0155,0.0597,0.9248
493,port_scan,none,malicious_plain,malicious_plain,1,0.0142,0.9057,0.0801
494,file_download,protocol_mimicry,benign,benign,1,0.8213,0.0313,0.1475
495,ddos_flood,block_padding+constant_rate_shaping+tunnel_encapsulation,malicious_obfuscated,malicious_obfuscated,1,0.0091,0.0075,0.9833
496,voip,none,benign,benign,1,0.9492,0.0226,0.0282
497,brute_force,none,malicious_plain,malicious_plain,1,0.0183,0.9303,0.0514
498,c2_beacon,protocol_mimicry,malicious_obfuscated,benign,0,0.6643,0.0230,0.3128
499,web_browsing,constant_rate_shaping+tunnel_encapsulation,benign,malicious_obfuscated,0,0.1978,0.0203,0.7819
500,ssh_interactive,none,benign,benign,1,0.9488,0.0243,0.0270
501,brute_force,constant_rate_shaping+tunnel_encapsulation,malicious_obfuscated,malicious_obfuscated,1,0.1857,0.0177,0.7966
502,c2_beacon,none,malicious_plain,malicious_plain,1,0.0096,0.9760,0.0144
503,ssh_interactive,none,benign,benign,1,0.9487,0.0276,0.0237
504,c2_beacon,fragmentation+block_padding+timing_jitter,malicious_obfuscated,malicious_obfuscated,1,0.0120,0.0227,0.9652
505,c2_beacon,none,malicious_plain,malicious_plain,1,0.0114,0.9709,0.0177
506,web_browsing,none,benign,benign,1,0.9780,0.0136,0.0083
507,brute_force,none,malicious_plain,malicious_plain,1,0.0188,0.8810,0.1002
508,brute_force,none,malicious_plain,malicious_plain,1,0.0172,0.9307,0.0521
509,c2_beacon,protocol_mimicry+random_padding+timing_jitter,malicious_obfuscated,malicious_obfuscated,1,0.0597,0.0328,0.9075
510,web_browsing,random_padding+dummy_injection+tunnel_encapsulation,benign,benign,1,0.9517,0.0238,0.0246
511,data_exfiltration,random_padding+constant_rate_shaping+tunnel_encapsulation,malicious_obfuscated,malicious_obfuscated,1,0.0273,0.0370,0.9357
512,data_exfiltration,dummy_injection,malicious_obfuscated,malicious_obfuscated,1,0.0452,0.0098,0.9450
513,data_exfiltration,block_padding,malicious_obfuscated,malicious_plain,0,0.0198,0.9202,0.0600
514,file_download,none,benign,benign,1,0.9451,0.0268,0.0281
515,brute_force,dummy_injection,malicious_obfuscated,malicious_obfuscated,1,0.0513,0.0303,0.9184
516,dns_query,constant_rate_shaping,benign,benign,1,0.9132,0.0156,0.0712
517,brute_force,block_padding,malicious_obfuscated,malicious_plain,0,0.0150,0.9340,0.0510
518,web_browsing,none,benign,benign,1,0.9568,0.0282,0.0150
519,video_streaming,none,benign,benign,1,0.9587,0.0243,0.0170
520,c2_beacon,none,malicious_plain,malicious_plain,1,0.0127,0.9602,0.0271
521,c2_beacon,fragmentation,malicious_obfuscated,malicious_obfuscated,1,0.0145,0.0551,0.9304
522,brute_force,fragmentation+block_padding+constant_rate_shaping,malicious_obfuscated,malicious_obfuscated,1,0.2784,0.0199,0.7017
523,video_streaming,none,benign,benign,1,0.9403,0.0339,0.0258
524,data_exfiltration,random_padding+tunnel_encapsulation,malicious_obfuscated,malicious_obfuscated,1,0.0152,0.0188,0.9660
525,web_browsing,timing_jitter+tunnel_encapsulation,benign,benign,1,0.9069,0.0387,0.0544
526,port_scan,random_padding,malicious_obfuscated,malicious_obfuscated,1,0.0160,0.0188,0.9652
527,ddos_flood,timing_jitter+constant_rate_shaping+tunnel_encapsulation,malicious_obfuscated,malicious_obfuscated,1,0.0276,0.0117,0.9608
528,ddos_flood,none,malicious_plain,malicious_plain,1,0.0274,0.8936,0.0790
529,ssh_interactive,none,benign,benign,1,0.9389,0.0320,0.0291
530,web_browsing,none,benign,benign,1,0.8268,0.0872,0.0860
531,reverse_shell,none,malicious_plain,malicious_plain,1,0.0901,0.8592,0.0507
532,ddos_flood,none,malicious_plain,malicious_plain,1,0.0245,0.9278,0.0478
533,web_browsing,protocol_mimicry+timing_jitter,benign,malicious_obfuscated,0,0.2915,0.0571,0.6514
534,c2_beacon,dummy_injection,malicious_obfuscated,malicious_obfuscated,1,0.0114,0.0069,0.9816
535,video_streaming,none,benign,benign,1,0.9256,0.0401,0.0343
536,c2_beacon,none,malicious_plain,malicious_plain,1,0.0140,0.9311,0.0548
537,web_browsing,none,benign,benign,1,0.9435,0.0310,0.0255
538,brute_force,none,malicious_plain,malicious_plain,1,0.0196,0.9040,0.0764
539,dns_query,protocol_mimicry+block_padding+dummy_injection,benign,benign,1,0.9657,0.0092,0.0251
540,brute_force,none,malicious_plain,malicious_plain,1,0.0245,0.8318,0.1436
541,port_scan,none,malicious_plain,malicious_plain,1,0.0212,0.9069,0.0719
542,brute_force,none,malicious_plain,malicious_plain,1,0.0167,0.9324,0.0509
543,c2_beacon,fragmentation+dummy_injection,malicious_obfuscated,malicious_obfuscated,1,0.0208,0.0136,0.9656
544,ssh_interactive,none,benign,benign,1,0.9651,0.0193,0.0157
545,c2_beacon,none,malicious_plain,malicious_plain,1,0.0190,0.8850,0.0961
546,brute_force,timing_jitter,malicious_obfuscated,malicious_plain,0,0.0350,0.8567,0.1082
547,ddos_flood,none,malicious_plain,malicious_plain,1,0.0308,0.8583,0.1109
548,video_streaming,block_padding+tunnel_encapsulation,benign,benign,1,0.9617,0.0175,0.0208
549,web_browsing,none,benign,benign,1,0.8945,0.0595,0.0460
550,ddos_flood,none,malicious_plain,malicious_plain,1,0.0302,0.8692,0.1006
551,ddos_flood,none,malicious_plain,malicious_plain,1,0.0259,0.8744,0.0997
552,reverse_shell,constant_rate_shaping,malicious_obfuscated,malicious_obfuscated,1,0.2191,0.0237,0.7572
553,c2_beacon,none,malicious_plain,malicious_plain,1,0.0141,0.9739,0.0120
554,data_exfiltration,protocol_mimicry+random_padding+timing_jitter,malicious_obfuscated,malicious_obfuscated,1,0.0270,0.0173,0.9557
555,reverse_shell,protocol_mimicry,malicious_obfuscated,malicious_obfuscated,1,0.0960,0.0372,0.8668
556,port_scan,block_padding+timing_jitter,malicious_obfuscated,malicious_obfuscated,1,0.0125,0.0224,0.9651
557,file_download,fragmentation,benign,benign,1,0.8581,0.0302,0.1117
558,reverse_shell,none,malicious_plain,malicious_plain,1,0.0321,0.8767,0.0912
559,brute_force,none,malicious_plain,malicious_plain,1,0.0190,0.8738,0.1072
560,data_exfiltration,none,malicious_plain,malicious_plain,1,0.0206,0.9494,0.0300
561,reverse_shell,protocol_mimicry+block_padding+timing_jitter,malicious_obfuscated,malicious_obfuscated,1,0.0207,0.0178,0.9615
562,c2_beacon,none,malicious_plain,malicious_plain,1,0.0282,0.7756,0.1962
563,c2_beacon,fragmentation,malicious_obfuscated,malicious_obfuscated,1,0.0200,0.0430,0.9370
564,web_browsing,none,benign,benign,1,0.9654,0.0231,0.0115
565,file_download,constant_rate_shaping+tunnel_encapsulation,benign,benign,1,0.8908,0.0344,0.0748
566,video_streaming,none,benign,benign,1,0.9511,0.0275,0.0213
567,brute_force,protocol_mimicry,malicious_obfuscated,malicious_obfuscated,1,0.0269,0.0126,0.9605
568,file_download,protocol_mimicry,benign,malicious_obfuscated,0,0.0780,0.0945,0.8275
569,c2_beacon,random_padding+dummy_injection+constant_rate_shaping,malicious_obfuscated,malicious_obfuscated,1,0.1113,0.0110,0.8778
570,video_streaming,random_padding,benign,benign,1,0.9531,0.0276,0.0193
571,ssh_interactive,protocol_mimicry,benign,benign,1,0.9782,0.0094,0.0124
572,reverse_shell,none,malicious_plain,malicious_plain,1,0.0136,0.9749,0.0115
573,web_browsing,block_padding+timing_jitter,benign,benign,1,0.5729,0.0250,0.4021
574,ddos_flood,none,malicious_plain,malicious_plain,1,0.0248,0.9189,0.0563
575,web_browsing,none,benign,benign,1,0.9450,0.0332,0.0218
576,file_download,none,benign,benign,1,0.9593,0.0221,0.0186
577,brute_force,block_padding+random_padding+tunnel_encapsulation,malicious_obfuscated,malicious_obfuscated,1,0.0108,0.0092,0.9800
578,port_scan,none,malicious_plain,malicious_plain,1,0.0157,0.9480,0.0363
579,c2_beacon,none,malicious_plain,malicious_plain,1,0.0127,0.9392,0.0481
580,c2_beacon,none,malicious_plain,malicious_plain,1,0.0254,0.8904,0.0842
581,port_scan,none,malicious_plain,malicious_plain,1,0.0214,0.9269,0.0516
582,ddos_flood,none,malicious_plain,malicious_plain,1,0.0220,0.9266,0.0513
583,ddos_flood,none,malicious_plain,malicious_obfuscated,0,0.0529,0.4142,0.5329
584,voip,none,benign,benign,1,0.9588,0.0177,0.0235
585,ddos_flood,fragmentation+constant_rate_shaping,malicious_obfuscated,malicious_obfuscated,1,0.0172,0.0307,0.9521
586,brute_force,block_padding+dummy_injection+tunnel_encapsulation,malicious_obfuscated,malicious_obfuscated,1,0.0115,0.0158,0.9727
587,brute_force,block_padding+tunnel_encapsulation,malicious_obfuscated,malicious_obfuscated,1,0.0306,0.0612,0.9082
588,ddos_flood,none,malicious_plain,malicious_plain,1,0.0283,0.8840,0.0878
589,file_download,none,benign,benign,1,0.9456,0.0279,0.0265
590,brute_force,none,malicious_plain,malicious_plain,1,0.0171,0.9309,0.0520
591,reverse_shell,protocol_mimicry+block_padding+timing_jitter,malicious_obfuscated,malicious_obfuscated,1,0.0344,0.0230,0.9426
592,ddos_flood,random_padding,malicious_obfuscated,malicious_obfuscated,1,0.0268,0.0265,0.9467
593,data_exfiltration,timing_jitter+tunnel_encapsulation,malicious_obfuscated,malicious_obfuscated,1,0.0179,0.0237,0.9584
594,brute_force,random_padding+timing_jitter+tunnel_encapsulation,malicious_obfuscated,malicious_obfuscated,1,0.0169,0.0125,0.9707
595,data_exfiltration,none,malicious_plain,malicious_plain,1,0.0213,0.9492,0.0295
596,brute_force,block_padding,malicious_obfuscated,malicious_plain,0,0.0214,0.8593,0.1193
597,c2_beacon,none,malicious_plain,malicious_plain,1,0.0120,0.9391,0.0490
598,data_exfiltration,timing_jitter+constant_rate_shaping+tunnel_encapsulation,malicious_obfuscated,malicious_obfuscated,1,0.0790,0.0430,0.8780
599,video_streaming,none,benign,benign,1,0.9241,0.0349,0.0410
600,c2_beacon,none,malicious_plain,malicious_plain,1,0.0121,0.9608,0.0271
601,data_exfiltration,none,malicious_plain,malicious_plain,1,0.0292,0.9491,0.0217
602,ddos_flood,none,malicious_plain,malicious_plain,1,0.0249,0.9258,0.0493
603,port_scan,none,malicious_plain,malicious_plain,1,0.0168,0.9216,0.0617
604,ssh_interactive,none,benign,benign,1,0.9205,0.0395,0.0400
605,port_scan,random_padding+timing_jitter+constant_rate_shaping,malicious_obfuscated,malicious_obfuscated,1,0.0160,0.0157,0.9683
606,ssh_interactive,none,benign,benign,1,0.9388,0.0314,0.0298
607,brute_force,none,malicious_plain,malicious_plain,1,0.0176,0.9060,0.0764
608,data_exfiltration,fragmentation+timing_jitter,malicious_obfuscated,malicious_obfuscated,1,0.0202,0.0291,0.9507
609,web_browsing,none,benign,benign,1,0.7252,0.1496,0.1252
610,file_download,fragmentation+timing_jitter+constant_rate_shaping,benign,malicious_obfuscated,0,0.1949,0.0159,0.7892
611,reverse_shell,dummy_injection+tunnel_encapsulation,malicious_obfuscated,malicious_obfuscated,1,0.0675,0.0291,0.9034
612,data_exfiltration,random_padding+dummy_injection,malicious_obfuscated,malicious_obfuscated,1,0.0327,0.0091,0.9582
613,port_scan,none,malicious_plain,malicious_plain,1,0.0202,0.9211,0.0587
614,ssh_interactive,none,benign,benign,1,0.9565,0.0213,0.0222
615,ssh_interactive,none,benign,benign,1,0.9252,0.0325,0.0423
616,web_browsing,none,benign,benign,1,0.6999,0.1271,0.1730
617,data_exfiltration,fragmentation,malicious_obfuscated,malicious_obfuscated,1,0.0141,0.0159,0.9701
618,reverse_shell,protocol_mimicry+fragmentation+constant_rate_shaping,malicious_obfuscated,malicious_obfuscated,1,0.2339,0.0145,0.7516
619,ddos_flood,none,malicious_plain,malicious_plain,1,0.0278,0.8725,0.0997
620,c2_beacon,protocol_mimicry+dummy_injection,malicious_obfuscated,malicious_obfuscated,1,0.0548,0.0201,0.9252
621,file_download,none,benign,benign,1,0.9471,0.0264,0.0265
622,data_exfiltration,none,malicious_plain,malicious_plain,1,0.0251,0.9438,0.0311
623,ddos_flood,none,malicious_plain,malicious_plain,1,0.0273,0.9288,0.0440
624,voip,protocol_mimicry+dummy_injection+tunnel_encapsulation,benign,benign,1,0.8862,0.0455,0.0683
625,data_exfiltration,protocol_mimicry,malicious_obfuscated,malicious_obfuscated,1,0.1357,0.0349,0.8294
626,port_scan,dummy_injection+timing_jitter,malicious_obfuscated,malicious_obfuscated,1,0.0868,0.0577,0.8555
627,ddos_flood,none,malicious_plain,malicious_plain,1,0.0282,0.9050,0.0668
628,reverse_shell,none,malicious_plain,malicious_plain,1,0.0051,0.9851,0.0098
629,video_streaming,none,benign,benign,1,0.9436,0.0310,0.0254
630,data_exfiltration,none,malicious_plain,malicious_plain,1,0.0157,0.9638,0.0205
631,web_browsing,none,benign,benign,1,0.9853,0.0103,0.0044
632,brute_force,none,malicious_plain,malicious_plain,1,0.0206,0.9263,0.0530
633,port_scan,block_padding+tunnel_encapsulation,malicious_obfuscated,malicious_obfuscated,1,0.0141,0.0146,0.9714
634,ssh_interactive,none,benign,benign,1,0.8926,0.0453,0.0621
635,data_exfiltration,block_padding+random_padding,malicious_obfuscated,malicious_obfuscated,1,0.0223,0.0290,0.9487
636,brute_force,none,malicious_plain,malicious_plain,1,0.0229,0.8879,0.0891
637,ddos_flood,none,malicious_plain,malicious_plain,1,0.0233,0.9330,0.0437
638,ssh_interactive,none,benign,benign,1,0.9564,0.0218,0.0217
639,c2_beacon,none,malicious_plain,malicious_plain,1,0.0149,0.9565,0.0286
640,port_scan,protocol_mimicry+random_padding+tunnel_encapsulation,malicious_obfuscated,malicious_obfuscated,1,0.0389,0.0113,0.9498
641,video_streaming,none,benign,benign,1,0.9511,0.0266,0.0223
642,reverse_shell,none,malicious_plain,malicious_plain,1,0.0132,0.9664,0.0204
643,c2_beacon,none,malicious_plain,malicious_plain,1,0.0161,0.8867,0.0972
644,data_exfiltration,none,malicious_plain,malicious_plain,1,0.0150,0.9635,0.0215
645,data_exfiltration,none,malicious_plain,malicious_plain,1,0.0188,0.9575,0.0237
646,port_scan,constant_rate_shaping,malicious_obfuscated,malicious_obfuscated,1,0.1144,0.0239,0.8617
647,voip,none,benign,benign,1,0.9473,0.0192,0.0335
648,brute_force,none,malicious_plain,malicious_plain,1,0.0191,0.9199,0.0610
649,c2_beacon,none,malicious_plain,malicious_plain,1,0.0070,0.9655,0.0274
650,file_download,timing_jitter+tunnel_encapsulation,benign,benign,1,0.9502,0.0226,0.0273
651,port_scan,protocol_mimicry+dummy_injection,malicious_obfuscated,malicious_obfuscated,1,0.0206,0.0284,0.9510
652,reverse_shell,none,malicious_plain,malicious_plain,1,0.0288,0.8482,0.1230
653,web_browsing,protocol_mimicry+fragmentation+timing_jitter,benign,malicious_obfuscated,0,0.4178,0.0381,0.5442
654,data_exfiltration,dummy_injection,malicious_obfuscated,malicious_obfuscated,1,0.0176,0.0114,0.9711
655,c2_beacon,constant_rate_shaping,malicious_obfuscated,malicious_obfuscated,1,0.0864,0.0121,0.9015
656,ddos_flood,constant_rate_shaping+tunnel_encapsulation,malicious_obfuscated,malicious_obfuscated,1,0.0117,0.0048,0.9835
657,reverse_shell,fragmentation,malicious_obfuscated,malicious_obfuscated,1,0.0273,0.0190,0.9537
658,file_download,random_padding+timing_jitter+constant_rate_shaping,benign,benign,1,0.9492,0.0181,0.0327
659,ddos_flood,random_padding,malicious_obfuscated,malicious_obfuscated,1,0.0294,0.0343,0.9363
660,web_browsing,none,benign,benign,1,0.9242,0.0405,0.0353
661,file_download,none,benign,benign,1,0.9345,0.0336,0.0319
662,brute_force,none,malicious_plain,malicious_plain,1,0.0156,0.9280,0.0563
663,video_streaming,dummy_injection,benign,benign,1,0.9292,0.0378,0.0331
664,brute_force,fragmentation,malicious_obfuscated,malicious_obfuscated,1,0.0334,0.0482,0.9184
665,voip,none,benign,benign,1,0.9534,0.0199,0.0267
666,ssh_interactive,none,benign,benign,1,0.9567,0.0231,0.0202
667,web_browsing,random_padding,benign,benign,1,0.9800,0.0119,0.0081
668,ddos_flood,timing_jitter+tunnel_encapsulation,malicious_obfuscated,malicious_obfuscated,1,0.0163,0.0243,0.9593
669,voip,none,benign,benign,1,0.9529,0.0209,0.0262
670,web_browsing,block_padding+timing_jitter+constant_rate_shaping,benign,malicious_obfuscated,0,0.2462,0.0312,0.7226
671,voip,protocol_mimicry+fragmentation+dummy_injection,benign,malicious_obfuscated,0,0.0284,0.0113,0.9602
672,ddos_flood,random_padding+constant_rate_shaping,malicious_obfuscated,malicious_obfuscated,1,0.0219,0.0216,0.9564
673,reverse_shell,none,malicious_plain,malicious_plain,1,0.0115,0.9473,0.0412
674,ssh_interactive,none,benign,benign,1,0.9616,0.0210,0.0174
675,port_scan,none,malicious_plain,malicious_plain,1,0.0174,0.9293,0.0533
676,web_browsing,tunnel_encapsulation,benign,benign,1,0.9620,0.0199,0.0181
677,port_scan,protocol_mimicry+dummy_injection,malicious_obfuscated,malicious_obfuscated,1,0.0115,0.0190,0.9696
678,brute_force,none,malicious_plain,malicious_plain,1,0.0232,0.9209,0.0560
679,brute_force,none,malicious_plain,malicious_plain,1,0.0176,0.9318,0.0506
680,web_browsing,constant_rate_shaping,benign,benign,1,0.9086,0.0221,0.0693
681,reverse_shell,none,malicious_plain,malicious_plain,1,0.0135,0.9315,0.0550
682,data_exfiltration,protocol_mimicry+random_padding,malicious_obfuscated,malicious_obfuscated,1,0.0282,0.0217,0.9501
683,c2_beacon,fragmentation+block_padding+random_padding,malicious_obfuscated,malicious_obfuscated,1,0.3761,0.0400,0.5839
684,c2_beacon,timing_jitter+constant_rate_shaping,malicious_obfuscated,malicious_obfuscated,1,0.1711,0.0194,0.8095
685,brute_force,block_padding+random_padding,malicious_obfuscated,malicious_obfuscated,1,0.0517,0.1678,0.7805
686,brute_force,none,malicious_plain,malicious_plain,1,0.0176,0.9139,0.0685
687,data_exfiltration,none,malicious_plain,malicious_plain,1,0.0322,0.9401,0.0278
688,ssh_interactive,fragmentation+random_padding,benign,benign,1,0.9313,0.0173,0.0514
689,web_browsing,none,benign,benign,1,0.9246,0.0433,0.0321
690,video_streaming,fragmentation+dummy_injection+constant_rate_shaping,benign,malicious_obfuscated,0,0.1859,0.0492,0.7650
691,brute_force,none,malicious_plain,malicious_plain,1,0.0236,0.9139,0.0625
692,file_download,none,benign,benign,1,0.9375,0.0325,0.0300
693,video_streaming,none,benign,benign,1,0.9369,0.0327,0.0304
694,reverse_shell,protocol_mimicry+random_padding+dummy_injection,malicious_obfuscated,malicious_obfuscated,1,0.0358,0.0165,0.9477
695,voip,none,benign,benign,1,0.9618,0.0182,0.0200
696,port_scan,none,malicious_plain,malicious_plain,1,0.0150,0.9462,0.0389
697,video_streaming,tunnel_encapsulation,benign,benign,1,0.9786,0.0125,0.0089
698,voip,none,benign,benign,1,0.9520,0.0207,0.0272
699,voip,none,benign,benign,1,0.9583,0.0178,0.0238
700,ssh_interactive,none,benign,benign,1,0.9289,0.0310,0.0401
701,web_browsing,none,benign,benign,1,0.9694,0.0194,0.0112
702,reverse_shell,fragmentation+constant_rate_shaping,malicious_obfuscated,malicious_obfuscated,1,0.2625,0.0385,0.6990
703,file_download,none,benign,benign,1,0.9294,0.0364,0.0342
704,ddos_flood,fragmentation+random_padding+timing_jitter,malicious_obfuscated,malicious_obfuscated,1,0.0238,0.0331,0.9431
705,reverse_shell,none,malicious_plain,malicious_plain,1,0.0124,0.9318,0.0558
706,brute_force,none,malicious_plain,malicious_plain,1,0.0142,0.9270,0.0588
707,brute_force,timing_jitter,malicious_obfuscated,malicious_plain,0,0.0193,0.8869,0.0938
708,reverse_shell,none,malicious_plain,malicious_plain,1,0.0089,0.9777,0.0133
709,c2_beacon,protocol_mimicry+fragmentation+timing_jitter,malicious_obfuscated,benign,0,0.6562,0.0389,0.3049
710,data_exfiltration,none,malicious_plain,malicious_plain,1,0.0201,0.9508,0.0291
711,web_browsing,constant_rate_shaping,benign,malicious_obfuscated,0,0.4581,0.0255,0.5164
712,port_scan,none,malicious_plain,malicious_plain,1,0.0144,0.9400,0.0456
713,ddos_flood,dummy_injection+timing_jitter,malicious_obfuscated,malicious_obfuscated,1,0.0127,0.0157,0.9715
714,port_scan,random_padding+timing_jitter,malicious_obfuscated,malicious_obfuscated,1,0.0192,0.0189,0.9620
715,brute_force,random_padding+timing_jitter,malicious_obfuscated,malicious_obfuscated,1,0.0215,0.0426,0.9360
716,c2_beacon,block_padding+constant_rate_shaping+tunnel_encapsulation,malicious_obfuscated,malicious_obfuscated,1,0.1871,0.0227,0.7902
717,web_browsing,protocol_mimicry+dummy_injection+tunnel_encapsulation,benign,malicious_obfuscated,0,0.0364,0.0074,0.9561
718,c2_beacon,protocol_mimicry+fragmentation+dummy_injection,malicious_obfuscated,malicious_obfuscated,1,0.4377,0.0359,0.5265
719,file_download,none,benign,benign,1,0.9584,0.0212,0.0204
720,ssh_interactive,none,benign,benign,1,0.9375,0.0286,0.0339
721,ddos_flood,random_padding,malicious_obfuscated,malicious_obfuscated,1,0.0365,0.0301,0.9334
722,voip,none,benign,benign,1,0.9482,0.0184,0.0334
723,reverse_shell,none,malicious_plain,malicious_plain,1,0.0242,0.9298,0.0460
724,web_browsing,block_padding+dummy_injection+tunnel_encapsulation,benign,benign,1,0.5844,0.0381,0.3775
725,ssh_interactive,fragmentation+random_padding+constant_rate_shaping,benign,benign,1,0.8271,0.0181,0.1548
726,reverse_shell,none,malicious_plain,malicious_plain,1,0.0100,0.9480,0.0421
727,port_scan,none,malicious_plain,malicious_plain,1,0.0259,0.8854,0.0886
728,reverse_shell,protocol_mimicry+fragmentation+timing_jitter,malicious_obfuscated,malicious_obfuscated,1,0.0504,0.0305,0.9191
729,reverse_shell,fragmentation,malicious_obfuscated,malicious_obfuscated,1,0.0236,0.0229,0.9536
730,reverse_shell,fragmentation,malicious_obfuscated,malicious_obfuscated,1,0.1157,0.0448,0.8395
731,data_exfiltration,block_padding+dummy_injection+tunnel_encapsulation,malicious_obfuscated,malicious_obfuscated,1,0.3623,0.0385,0.5992
732,video_streaming,none,benign,benign,1,0.9244,0.0405,0.0351
733,port_scan,none,malicious_plain,malicious_plain,1,0.0175,0.9238,0.0587
734,ddos_flood,none,malicious_plain,malicious_plain,1,0.0281,0.9082,0.0636
735,reverse_shell,none,malicious_plain,malicious_plain,1,0.0147,0.9383,0.0469
736,file_download,none,benign,benign,1,0.9458,0.0298,0.0244
737,video_streaming,protocol_mimicry+dummy_injection+constant_rate_shaping,benign,benign,1,0.9266,0.0248,0.0486
738,c2_beacon,block_padding,malicious_obfuscated,malicious_plain,0,0.0304,0.7192,0.2504
739,ddos_flood,none,malicious_plain,malicious_plain,1,0.0267,0.8950,0.0783
740,brute_force,fragmentation+random_padding+timing_jitter,malicious_obfuscated,malicious_obfuscated,1,0.0437,0.0575,0.8988
741,port_scan,none,malicious_plain,malicious_plain,1,0.0207,0.8897,0.0896
742,c2_beacon,none,malicious_plain,malicious_plain,1,0.0161,0.9318,0.0521
743,reverse_shell,tunnel_encapsulation,malicious_obfuscated,malicious_plain,0,0.0131,0.9030,0.0839
744,video_streaming,none,benign,benign,1,0.9520,0.0289,0.0191
745,brute_force,none,malicious_plain,malicious_plain,1,0.0188,0.9166,0.0646
746,voip,none,benign,benign,1,0.9601,0.0201,0.0198
747,ddos_flood,random_padding,malicious_obfuscated,malicious_obfuscated,1,0.0183,0.0241,0.9576
748,brute_force,none,malicious_plain,malicious_plain,1,0.0152,0.9348,0.0500
749,c2_beacon,none,malicious_plain,malicious_plain,1,0.0309,0.7981,0.1710
750,ssh_interactive,none,benign,benign,1,0.9572,0.0231,0.0197
751,ddos_flood,none,malicious_plain,malicious_plain,1,0.0274,0.8891,0.0835
752,ddos_flood,fragmentation+constant_rate_shaping,malicious_obfuscated,malicious_obfuscated,1,0.0384,0.0277,0.9339
753,data_exfiltration,none,malicious_plain,malicious_plain,1,0.0243,0.9302,0.0455
754,ddos_flood,dummy_injection,malicious_obfuscated,malicious_obfuscated,1,0.0356,0.0186,0.9458
755,ddos_flood,protocol_mimicry,malicious_obfuscated,malicious_obfuscated,1,0.0243,0.0197,0.9560
756,file_download,fragmentation+block_padding,benign,benign,1,0.8872,0.0353,0.0775
757,c2_beacon,fragmentation+block_padding,malicious_obfuscated,malicious_obfuscated,1,0.0192,0.0403,0.9405
758,reverse_shell,none,malicious_plain,malicious_plain,1,0.0195,0.8465,0.1340
759,c2_beacon,fragmentation+constant_rate_shaping+tunnel_encapsulation,malicious_obfuscated,malicious_obfuscated,1,0.2013,0.0195,0.7792
760,reverse_shell,none,malicious_plain,malicious_plain,1,0.0063,0.9864,0.0074
761,data_exfiltration,block_padding+random_padding+dummy_injection,malicious_obfuscated,malicious_obfuscated,1,0.0401,0.0169,0.9430
762,file_download,fragmentation+random_padding,benign,benign,1,0.8892,0.0322,0.0786
763,data_exfiltration,protocol_mimicry+block_padding,malicious_obfuscated,malicious_obfuscated,1,0.0348,0.0467,0.9185
764,voip,block_padding+dummy_injection+tunnel_encapsulation,benign,benign,1,0.9815,0.0088,0.0097
765,video_streaming,none,benign,benign,1,0.9452,0.0301,0.0246
766,brute_force,none,malicious_plain,malicious_plain,1,0.0168,0.9231,0.0602
767,port_scan,block_padding+constant_rate_shaping+tunnel_encapsulation,malicious_obfuscated,malicious_obfuscated,1,0.0168,0.0098,0.9734
768,reverse_shell,dummy_injection+constant_rate_shaping,malicious_obfuscated,malicious_obfuscated,1,0.2538,0.0396,0.7066
769,ddos_flood,random_padding+dummy_injection+tunnel_encapsulation,malicious_obfuscated,malicious_obfuscated,1,0.0244,0.0113,0.9643
770,brute_force,dummy_injection+tunnel_encapsulation,malicious_obfuscated,malicious_obfuscated,1,0.0471,0.0281,0.9248
771,brute_force,tunnel_encapsulation,malicious_obfuscated,malicious_plain,0,0.0164,0.9236,0.0599
772,port_scan,none,malicious_plain,malicious_plain,1,0.0253,0.8718,0.1030
773,file_download,none,benign,benign,1,0.9486,0.0280,0.0234
774,c2_beacon,none,malicious_plain,malicious_plain,1,0.0111,0.9687,0.0203
775,video_streaming,block_padding+random_padding+timing_jitter,benign,benign,1,0.9698,0.0166,0.0136
776,voip,dummy_injection+tunnel_encapsulation,benign,benign,1,0.9848,0.0076,0.0076
777,ddos_flood,protocol_mimicry+fragmentation+constant_rate_shaping,malicious_obfuscated,malicious_obfuscated,1,0.0234,0.0125,0.9640
778,ddos_flood,dummy_injection+timing_jitter,malicious_obfuscated,malicious_obfuscated,1,0.0116,0.0170,0.9713
779,video_streaming,none,benign,benign,1,0.9373,0.0294,0.0333
780,port_scan,none,malicious_plain,malicious_plain,1,0.0177,0.8906,0.0917
781,video_streaming,none,benign,benign,1,0.9328,0.0355,0.0317
782,port_scan,none,malicious_plain,malicious_plain,1,0.0212,0.9427,0.0361
783,port_scan,none,malicious_plain,malicious_plain,1,0.0140,0.9342,0.0518
784,ddos_flood,constant_rate_shaping,malicious_obfuscated,malicious_obfuscated,1,0.0294,0.0125,0.9581
785,brute_force,none,malicious_plain,malicious_plain,1,0.0249,0.9016,0.0735
786,web_browsing,none,benign,benign,1,0.9812,0.0116,0.0072
787,web_browsing,none,benign,benign,1,0.9656,0.0213,0.0130
788,c2_beacon,fragmentation,malicious_obfuscated,malicious_obfuscated,1,0.0201,0.0145,0.9654
789,c2_beacon,none,malicious_plain,malicious_plain,1,0.0130,0.9263,0.0608
790,port_scan,constant_rate_shaping+tunnel_encapsulation,malicious_obfuscated,malicious_obfuscated,1,0.0274,0.0158,0.9568
791,reverse_shell,none,malicious_plain,malicious_plain,1,0.0092,0.9845,0.0063
792,port_scan,none,malicious_plain,malicious_plain,1,0.0143,0.9155,0.0701
793,c2_beacon,block_padding+tunnel_encapsulation,malicious_obfuscated,malicious_obfuscated,1,0.0094,0.0074,0.9832
794,data_exfiltration,none,malicious_plain,malicious_plain,1,0.0322,0.9399,0.0279
795,brute_force,none,malicious_plain,malicious_plain,1,0.0213,0.9016,0.0771
796,c2_beacon,none,malicious_plain,malicious_plain,1,0.0166,0.9098,0.0736
797,ddos_flood,timing_jitter,malicious_obfuscated,malicious_obfuscated,1,0.0271,0.0317,0.9412
798,ssh_interactive,none,benign,benign,1,0.9537,0.0238,0.0224
799,ddos_flood,fragmentation+timing_jitter+tunnel_encapsulation,malicious_obfuscated,malicious_obfuscated,1,0.0146,0.0183,0.9670
800,ssh_interactive,fragmentation,benign,benign,1,0.9178,0.0249,0.0572
801,c2_beacon,block_padding+random_padding,malicious_obfuscated,malicious_obfuscated,1,0.0166,0.0533,0.9300
802,c2_beacon,protocol_mimicry+dummy_injection,malicious_obfuscated,malicious_obfuscated,1,0.0480,0.0268,0.9253
803,ddos_flood,dummy_injection+constant_rate_shaping,malicious_obfuscated,malicious_obfuscated,1,0.2698,0.0209,0.7093
804,data_exfiltration,none,malicious_plain,malicious_plain,1,0.0317,0.9250,0.0433
805,c2_beacon,fragmentation+timing_jitter,malicious_obfuscated,malicious_obfuscated,1,0.0173,0.0467,0.9360
806,web_browsing,block_padding,benign,benign,1,0.9645,0.0195,0.0161
807,ssh_interactive,none,benign,benign,1,0.9351,0.0328,0.0321
808,brute_force,none,malicious_plain,malicious_plain,1,0.0237,0.9300,0.0463
809,video_streaming,none,benign,benign,1,0.9492,0.0269,0.0239
810,ddos_flood,none,malicious_plain,malicious_plain,1,0.0352,0.8453,0.1195
811,ssh_interactive,none,benign,benign,1,0.9465,0.0262,0.0273
812,voip,none,benign,benign,1,0.9608,0.0201,0.0191
813,port_scan,none,malicious_plain,malicious_plain,1,0.0266,0.9072,0.0662
814,port_scan,dummy_injection+constant_rate_shaping+tunnel_encapsulation,malicious_obfuscated,malicious_obfuscated,1,0.0469,0.0135,0.9396
815,brute_force,none,malicious_plain,malicious_plain,1,0.0178,0.9354,0.0468
816,voip,none,benign,benign,1,0.9508,0.0179,0.0313
817,video_streaming,none,benign,benign,1,0.9303,0.0357,0.0339
818,port_scan,none,malicious_plain,malicious_plain,1,0.0265,0.8271,0.1464
819,file_download,none,benign,benign,1,0.9428,0.0319,0.0253
820,port_scan,none,malicious_plain,malicious_plain,1,0.0169,0.9280,0.0551
821,c2_beacon,none,malicious_plain,malicious_plain,1,0.0161,0.9376,0.0463
822,voip,none,benign,benign,1,0.9623,0.0203,0.0174
823,port_scan,none,malicious_plain,malicious_plain,1,0.0161,0.9348,0.0490
824,brute_force,none,malicious_plain,malicious_plain,1,0.0197,0.9261,0.0541
825,ddos_flood,none,malicious_plain,malicious_plain,1,0.0268,0.9121,0.0611
826,brute_force,none,malicious_plain,malicious_plain,1,0.0165,0.9089,0.0746
827,reverse_shell,none,malicious_plain,malicious_plain,1,0.0058,0.9873,0.0069
828,video_streaming,none,benign,benign,1,0.9541,0.0253,0.0206
829,web_browsing,fragmentation+dummy_injection+timing_jitter,benign,benign,1,0.5083,0.0452,0.4465
830,data_exfiltration,dummy_injection,malicious_obfuscated,malicious_obfuscated,1,0.0105,0.0068,0.9828
831,reverse_shell,protocol_mimicry+fragmentation,malicious_obfuscated,malicious_obfuscated,1,0.0102,0.0126,0.9772
832,port_scan,fragmentation,malicious_obfuscated,malicious_plain,0,0.0221,0.8883,0.0895
833,file_download,protocol_mimicry+block_padding+tunnel_encapsulation,benign,benign,1,0.9370,0.0283,0.0347
834,reverse_shell,none,malicious_plain,malicious_plain,1,0.0345,0.6631,0.3024
835,reverse_shell,tunnel_encapsulation,malicious_obfuscated,malicious_obfuscated,1,0.0893,0.0640,0.8467
836,c2_beacon,protocol_mimicry+tunnel_encapsulation,malicious_obfuscated,malicious_obfuscated,1,0.0629,0.0276,0.9095
837,reverse_shell,fragmentation+timing_jitter+tunnel_encapsulation,malicious_obfuscated,malicious_obfuscated,1,0.0251,0.0372,0.9378
838,reverse_shell,none,malicious_plain,malicious_plain,1,0.0077,0.9879,0.0044
839,data_exfiltration,none,malicious_plain,malicious_plain,1,0.0215,0.9458,0.0327
840,voip,random_padding,benign,benign,1,0.8930,0.0210,0.0860
841,port_scan,none,malicious_plain,malicious_plain,1,0.0168,0.9416,0.0416
842,port_scan,constant_rate_shaping,malicious_obfuscated,malicious_obfuscated,1,0.0203,0.0135,0.9663
843,file_download,none,benign,benign,1,0.9264,0.0355,0.0381
844,ddos_flood,protocol_mimicry+timing_jitter,malicious_obfuscated,malicious_obfuscated,1,0.0168,0.0272,0.9560
845,file_download,block_padding+dummy_injection,benign,benign,1,0.9250,0.0313,0.0436
846,video_streaming,random_padding+timing_jitter+tunnel_encapsulation,benign,benign,1,0.8927,0.0325,0.0749
847,reverse_shell,fragmentation+dummy_injection+constant_rate_shaping,malicious_obfuscated,malicious_obfuscated,1,0.4260,0.0559,0.5182
848,ddos_flood,fragmentation+block_padding,malicious_obfuscated,malicious_plain,0,0.0293,0.8858,0.0848
849,ddos_flood,none,malicious_plain,malicious_plain,1,0.0230,0.9176,0.0594
850,video_streaming,none,benign,benign,1,0.9357,0.0282,0.0360
851,c2_beacon,block_padding+timing_jitter+tunnel_encapsulation,malicious_obfuscated,malicious_obfuscated,1,0.0084,0.0063,0.9853
852,brute_force,fragmentation+block_padding+timing_jitter,malicious_obfuscated,malicious_obfuscated,1,0.0199,0.0587,0.9213
853,ssh_interactive,none,benign,benign,1,0.9447,0.0245,0.0308
854,c2_beacon,protocol_mimicry+fragmentation+block_padding,malicious_obfuscated,malicious_obfuscated,1,0.0829,0.0409,0.8762
855,web_browsing,random_padding+timing_jitter+constant_rate_shaping,benign,malicious_obfuscated,0,0.4867,0.0229,0.4904
856,c2_beacon,random_padding+constant_rate_shaping+tunnel_encapsulation,malicious_obfuscated,malicious_obfuscated,1,0.0904,0.0075,0.9022
857,voip,random_padding,benign,benign,1,0.8892,0.0180,0.0929
858,reverse_shell,block_padding+timing_jitter,malicious_obfuscated,malicious_obfuscated,1,0.0346,0.0412,0.9242
859,data_exfiltration,dummy_injection+constant_rate_shaping+tunnel_encapsulation,malicious_obfuscated,malicious_obfuscated,1,0.3485,0.0537,0.5978
860,reverse_shell,protocol_mimicry+block_padding+dummy_injection,malicious_obfuscated,malicious_obfuscated,1,0.1242,0.0106,0.8652
861,data_exfiltration,protocol_mimicry+block_padding+constant_rate_shaping,malicious_obfuscated,malicious_obfuscated,1,0.0409,0.0166,0.9425
862,port_scan,none,malicious_plain,malicious_plain,1,0.0243,0.8859,0.0899
863,data_exfiltration,constant_rate_shaping,malicious_obfuscated,malicious_obfuscated,1,0.0414,0.0243,0.9343
864,brute_force,none,malicious_plain,malicious_plain,1,0.0197,0.9198,0.0606
865,ddos_flood,none,malicious_plain,malicious_plain,1,0.0291,0.8966,0.0743
866,ddos_flood,dummy_injection,malicious_obfuscated,malicious_obfuscated,1,0.0201,0.0332,0.9467
867,video_streaming,none,benign,benign,1,0.9474,0.0312,0.0215
868,file_download,none,benign,benign,1,0.9417,0.0308,0.0274
869,voip,none,benign,benign,1,0.9642,0.0188,0.0171
870,port_scan,constant_rate_shaping,malicious_obfuscated,malicious_obfuscated,1,0.0229,0.0158,0.9613
871,video_streaming,protocol_mimicry+fragmentation+dummy_injection,benign,malicious_obfuscated,0,0.3855,0.0428,0.5718
872,c2_beacon,fragmentation+block_padding+random_padding,malicious_obfuscated,malicious_obfuscated,1,0.0210,0.0221,0.9570
873,ddos_flood,none,malicious_plain,malicious_plain,1,0.0210,0.9242,0.0548
874,reverse_shell,none,malicious_plain,malicious_plain,1,0.0391,0.9434,0.0175
875,data_exfiltration,protocol_mimicry+block_padding+dummy_injection,malicious_obfuscated,malicious_obfuscated,1,0.1281,0.0351,0.8368
876,web_browsing,none,benign,benign,1,0.9715,0.0175,0.0110
877,ddos_flood,fragmentation+block_padding,malicious_obfuscated,malicious_plain,0,0.0267,0.8723,0.1010
878,web_browsing,none,benign,benign,1,0.8435,0.0557,0.1008
879,ddos_flood,none,malicious_plain,malicious_plain,1,0.0268,0.9110,0.0622
880,data_exfiltration,none,malicious_plain,malicious_plain,1,0.0345,0.9374,0.0281
881,reverse_shell,none,malicious_plain,malicious_plain,1,0.0113,0.9663,0.0224
882,reverse_shell,none,malicious_plain,malicious_plain,1,0.0311,0.7264,0.2424
883,video_streaming,random_padding+dummy_injection,benign,benign,1,0.9467,0.0263,0.0270
884,brute_force,none,malicious_plain,malicious_plain,1,0.0172,0.9290,0.0538
885,data_exfiltration,protocol_mimicry+fragmentation,malicious_obfuscated,malicious_obfuscated,1,0.0142,0.0209,0.9649
886,file_download,fragmentation+timing_jitter,benign,benign,1,0.7330,0.0300,0.2370
887,port_scan,protocol_mimicry+block_padding+constant_rate_shaping,malicious_obfuscated,malicious_obfuscated,1,0.0185,0.0148,0.9667
888,voip,none,benign,benign,1,0.9524,0.0226,0.0249
889,web_browsing,block_padding,benign,benign,1,0.9634,0.0229,0.0137
890,ssh_interactive,none,benign,benign,1,0.9427,0.0312,0.0261
891,brute_force,none,malicious_plain,malicious_plain,1,0.0155,0.9389,0.0456
892,voip,fragmentation+block_padding+timing_jitter,benign,benign,1,0.8103,0.0275,0.1622
893,reverse_shell,protocol_mimicry+block_padding,malicious_obfuscated,malicious_obfuscated,1,0.3133,0.0439,0.6428
894,ssh_interactive,none,benign,benign,1,0.9529,0.0236,0.0235
895,port_scan,fragmentation+random_padding+constant_rate_shaping,malicious_obfuscated,malicious_obfuscated,1,0.0420,0.0202,0.9378
896,brute_force,none,malicious_plain,malicious_plain,1,0.0182,0.9296,0.0522
897,brute_force,none,malicious_plain,malicious_plain,1,0.0200,0.9240,0.0560
898,c2_beacon,none,malicious_plain,malicious_plain,1,0.0122,0.9558,0.0320
899,brute_force,fragmentation+random_padding+dummy_injection,malicious_obfuscated,malicious_obfuscated,1,0.0212,0.0151,0.9638
900,port_scan,timing_jitter,malicious_obfuscated,malicious_obfuscated,1,0.0159,0.0351,0.9490
901,reverse_shell,protocol_mimicry+random_padding+tunnel_encapsulation,malicious_obfuscated,malicious_obfuscated,1,0.0196,0.0072,0.9732
902,c2_beacon,block_padding+random_padding,malicious_obfuscated,malicious_obfuscated,1,0.0230,0.1661,0.8109
903,port_scan,fragmentation+block_padding,malicious_obfuscated,malicious_obfuscated,1,0.0302,0.2592,0.7106
904,data_exfiltration,dummy_injection,malicious_obfuscated,malicious_obfuscated,1,0.0224,0.0217,0.9560
905,brute_force,none,malicious_plain,malicious_plain,1,0.0209,0.8673,0.1118
906,data_exfiltration,fragmentation+dummy_injection,malicious_obfuscated,malicious_obfuscated,1,0.0178,0.0142,0.9680
907,voip,none,benign,benign,1,0.9564,0.0206,0.0230
908,brute_force,fragmentation,malicious_obfuscated,malicious_obfuscated,1,0.1082,0.0350,0.8568
909,ddos_flood,none,malicious_plain,malicious_plain,1,0.0256,0.9134,0.0609
910,c2_beacon,fragmentation,malicious_obfuscated,malicious_obfuscated,1,0.0371,0.1869,0.7760
911,web_browsing,none,benign,benign,1,0.9387,0.0276,0.0336
912,port_scan,none,malicious_plain,malicious_plain,1,0.0180,0.9089,0.0731
913,brute_force,none,malicious_plain,malicious_plain,1,0.0152,0.9332,0.0516
914,brute_force,block_padding+random_padding,malicious_obfuscated,malicious_obfuscated,1,0.0308,0.0537,0.9155
915,c2_beacon,fragmentation+random_padding+timing_jitter,malicious_obfuscated,malicious_obfuscated,1,0.0442,0.0210,0.9349
916,voip,fragmentation+block_padding+dummy_injection,benign,benign,1,0.9843,0.0097,0.0060
917,port_scan,none,malicious_plain,malicious_plain,1,0.0374,0.8441,0.1185
918,data_exfiltration,protocol_mimicry+fragmentation+tunnel_encapsulation,malicious_obfuscated,malicious_obfuscated,1,0.0563,0.0157,0.9281
919,port_scan,none,malicious_plain,malicious_plain,1,0.0219,0.9124,0.0657
920,video_streaming,protocol_mimicry+constant_rate_shaping,benign,malicious_obfuscated,0,0.2488,0.0138,0.7373
921,voip,fragmentation+timing_jitter+constant_rate_shaping,benign,benign,1,0.7084,0.0345,0.2571
922,reverse_shell,protocol_mimicry+timing_jitter+tunnel_encapsulation,malicious_obfuscated,malicious_obfuscated,1,0.0406,0.0143,0.9451
923,reverse_shell,block_padding,malicious_obfuscated,malicious_plain,0,0.0179,0.9065,0.0757
924,port_scan,none,malicious_plain,malicious_plain,1,0.0132,0.9503,0.0366
925,c2_beacon,dummy_injection,malicious_obfuscated,malicious_obfuscated,1,0.0082,0.0159,0.9759
926,brute_force,none,malicious_plain,malicious_plain,1,0.0188,0.9194,0.0618
927,c2_beacon,block_padding+dummy_injection,malicious_obfuscated,malicious_obfuscated,1,0.0123,0.0053,0.9824
928,video_streaming,none,benign,benign,1,0.9409,0.0277,0.0314
929,port_scan,none,malicious_plain,malicious_plain,1,0.0130,0.9358,0.0511
930,ssh_interactive,none,benign,benign,1,0.9493,0.0255,0.0252
931,video_streaming,none,benign,benign,1,0.9473,0.0293,0.0234
932,brute_force,random_padding+timing_jitter,malicious_obfuscated,malicious_obfuscated,1,0.0198,0.0586,0.9216
933,reverse_shell,protocol_mimicry+fragmentation+block_padding,malicious_obfuscated,malicious_obfuscated,1,0.0451,0.0148,0.9401
934,voip,none,benign,benign,1,0.9435,0.0212,0.0353
935,ddos_flood,tunnel_encapsulation,malicious_obfuscated,malicious_obfuscated,1,0.0186,0.0301,0.9513
936,video_streaming,random_padding,benign,benign,1,0.9349,0.0314,0.0337
937,video_streaming,none,benign,benign,1,0.9333,0.0338,0.0329
938,port_scan,fragmentation+timing_jitter,malicious_obfuscated,malicious_obfuscated,1,0.0529,0.0464,0.9007
939,c2_beacon,none,malicious_plain,malicious_plain,1,0.0122,0.9258,0.0619
940,data_exfiltration,none,malicious_plain,malicious_plain,1,0.0359,0.9296,0.0346
941,port_scan,none,malicious_plain,malicious_plain,1,0.0139,0.9382,0.0479
942,reverse_shell,dummy_injection,malicious_obfuscated,malicious_obfuscated,1,0.0568,0.0370,0.9062
943,c2_beacon,dummy_injection,malicious_obfuscated,malicious_obfuscated,1,0.0180,0.0172,0.9648
944,ddos_flood,none,malicious_plain,malicious_plain,1,0.0287,0.8873,0.0840
945,c2_beacon,none,malicious_plain,malicious_plain,1,0.0108,0.9646,0.0246
946,c2_beacon,none,malicious_plain,malicious_plain,1,0.0134,0.9654,0.0212
947,c2_beacon,block_padding+dummy_injection+timing_jitter,malicious_obfuscated,malicious_obfuscated,1,0.0083,0.0055,0.9862
948,c2_beacon,protocol_mimicry,malicious_obfuscated,malicious_obfuscated,1,0.0160,0.0128,0.9711
949,reverse_shell,none,malicious_plain,malicious_plain,1,0.3362,0.5880,0.0758
950,ddos_flood,none,malicious_plain,malicious_plain,1,0.0249,0.9267,0.0484
951,brute_force,none,malicious_plain,malicious_plain,1,0.0193,0.8901,0.0907
952,video_streaming,none,benign,benign,1,0.9457,0.0286,0.0257
953,web_browsing,none,benign,benign,1,0.9483,0.0260,0.0257
954,data_exfiltration,protocol_mimicry+constant_rate_shaping+tunnel_encapsulation,malicious_obfuscated,malicious_obfuscated,1,0.0644,0.0227,0.9130
955,dns_query,protocol_mimicry+block_padding+tunnel_encapsulation,benign,benign,1,0.9507,0.0025,0.0468
956,port_scan,none,malicious_plain,malicious_plain,1,0.0154,0.9119,0.0727
957,web_browsing,none,benign,benign,1,0.9706,0.0173,0.0121
958,web_browsing,none,benign,benign,1,0.9477,0.0233,0.0290
959,c2_beacon,timing_jitter+constant_rate_shaping,malicious_obfuscated,malicious_obfuscated,1,0.1538,0.0153,0.8309
960,voip,none,benign,benign,1,0.9525,0.0213,0.0262
961,brute_force,none,malicious_plain,malicious_plain,1,0.0195,0.9126,0.0679
962,brute_force,protocol_mimicry,malicious_obfuscated,malicious_obfuscated,1,0.0468,0.0194,0.9338
963,c2_beacon,protocol_mimicry,malicious_obfuscated,malicious_obfuscated,1,0.0601,0.0222,0.9177
964,reverse_shell,random_padding,malicious_obfuscated,malicious_plain,0,0.0357,0.8455,0.1188
965,video_streaming,none,benign,benign,1,0.9462,0.0288,0.0250
966,data_exfiltration,random_padding+constant_rate_shaping,malicious_obfuscated,malicious_obfuscated,1,0.0173,0.0179,0.9648
967,file_download,dummy_injection,benign,benign,1,0.9623,0.0157,0.0220
968,data_exfiltration,constant_rate_shaping,malicious_obfuscated,malicious_obfuscated,1,0.0190,0.0352,0.9458
969,port_scan,none,malicious_plain,malicious_plain,1,0.0190,0.9324,0.0486
970,reverse_shell,none,malicious_plain,malicious_plain,1,0.0083,0.9779,0.0138
971,voip,protocol_mimicry+fragmentation+dummy_injection,benign,benign,1,0.8205,0.0411,0.1384
972,data_exfiltration,none,malicious_plain,malicious_plain,1,0.0142,0.9630,0.0228
973,web_browsing,none,benign,benign,1,0.8128,0.0861,0.1011
974,ddos_flood,protocol_mimicry+timing_jitter+constant_rate_shaping,malicious_obfuscated,malicious_obfuscated,1,0.1198,0.0198,0.8603
975,c2_beacon,protocol_mimicry+fragmentation+tunnel_encapsulation,malicious_obfuscated,malicious_obfuscated,1,0.0898,0.0187,0.8916
976,file_download,none,benign,benign,1,0.9428,0.0232,0.0339
977,dns_query,protocol_mimicry+tunnel_encapsulation,benign,benign,1,0.9783,0.0021,0.0196
978,ssh_interactive,random_padding+constant_rate_shaping+tunnel_encapsulation,benign,benign,1,0.8517,0.0139,0.1344
979,voip,tunnel_encapsulation,benign,benign,1,0.8978,0.0172,0.0850
980,data_exfiltration,protocol_mimicry+block_padding+random_padding,malicious_obfuscated,malicious_obfuscated,1,0.0390,0.0249,0.9361
981,file_download,none,benign,benign,1,0.9563,0.0224,0.0213
982,ddos_flood,none,malicious_plain,malicious_plain,1,0.0244,0.8982,0.0775
983,web_browsing,none,benign,benign,1,0.8212,0.0993,0.0795
984,c2_beacon,fragmentation+constant_rate_shaping+tunnel_encapsulation,malicious_obfuscated,malicious_obfuscated,1,0.1631,0.0209,0.8160
985,ddos_flood,none,malicious_plain,malicious_plain,1,0.0281,0.8451,0.1267
986,port_scan,block_padding+random_padding+dummy_injection,malicious_obfuscated,malicious_obfuscated,1,0.0411,0.0150,0.9439
987,voip,random_padding+dummy_injection+tunnel_encapsulation,benign,malicious_obfuscated,0,0.4700,0.0311,0.4989
988,brute_force,fragmentation,malicious_obfuscated,malicious_obfuscated,1,0.0265,0.0522,0.9213
989,c2_beacon,none,malicious_plain,malicious_plain,1,0.0178,0.9241,0.0581
990,brute_force,none,malicious_plain,malicious_plain,1,0.0169,0.9221,0.0609
991,web_browsing,none,benign,benign,1,0.9450,0.0347,0.0204
992,file_download,none,benign,benign,1,0.9415,0.0295,0.0291
993,reverse_shell,fragmentation,malicious_obfuscated,malicious_obfuscated,1,0.0219,0.0321,0.9460
994,port_scan,fragmentation+tunnel_encapsulation,malicious_obfuscated,malicious_obfuscated,1,0.0158,0.0165,0.9677
995,video_streaming,none,benign,benign,1,0.9384,0.0359,0.0257
996,reverse_shell,block_padding+random_padding+constant_rate_shaping,malicious_obfuscated,malicious_obfuscated,1,0.2210,0.0260,0.7529
997,reverse_shell,none,malicious_plain,malicious_plain,1,0.0251,0.9675,0.0074
998,reverse_shell,block_padding+dummy_injection,malicious_obfuscated,malicious_obfuscated,1,0.0271,0.0510,0.9219
999,port_scan,random_padding+dummy_injection+tunnel_encapsulation,malicious_obfuscated,malicious_obfuscated,1,0.0510,0.0143,0.9347
1000,ddos_flood,none,malicious_plain,malicious_plain,1,0.0229,0.8528,0.1243
1001,ssh_interactive,none,benign,benign,1,0.9545,0.0226,0.0229
1002,data_exfiltration,protocol_mimicry,malicious_obfuscated,malicious_obfuscated,1,0.0470,0.0098,0.9432
1003,file_download,none,benign,benign,1,0.9279,0.0337,0.0384
1004,voip,none,benign,benign,1,0.9653,0.0183,0.0164
1005,c2_beacon,none,malicious_plain,malicious_plain,1,0.0098,0.9711,0.0191
1006,ddos_flood,dummy_injection,malicious_obfuscated,malicious_obfuscated,1,0.0215,0.0156,0.9628
1007,ssh_interactive,fragmentation+timing_jitter,benign,benign,1,0.9351,0.0258,0.0391
1008,data_exfiltration,protocol_mimicry+dummy_injection+tunnel_encapsulation,malicious_obfuscated,malicious_obfuscated,1,0.0253,0.0089,0.9658
1009,ddos_flood,none,malicious_plain,malicious_plain,1,0.0255,0.9113,0.0632
1010,port_scan,block_padding+tunnel_encapsulation,malicious_obfuscated,malicious_obfuscated,1,0.0163,0.0168,0.9669
1011,data_exfiltration,none,malicious_plain,malicious_plain,1,0.0293,0.9473,0.0234
1012,video_streaming,protocol_mimicry+constant_rate_shaping,benign,malicious_obfuscated,0,0.3570,0.0311,0.6119
1013,brute_force,none,malicious_plain,malicious_plain,1,0.0190,0.9200,0.0611
1014,port_scan,protocol_mimicry+random_padding,malicious_obfuscated,malicious_obfuscated,1,0.0225,0.0126,0.9649
1015,c2_beacon,none,malicious_plain,malicious_plain,1,0.0179,0.9157,0.0664
1016,voip,none,benign,benign,1,0.9655,0.0186,0.0159
1017,reverse_shell,none,malicious_plain,malicious_plain,1,0.0344,0.9281,0.0376
1018,port_scan,none,malicious_plain,malicious_plain,1,0.0148,0.9319,0.0533
1019,port_scan,fragmentation+block_padding+constant_rate_shaping,malicious_obfuscated,malicious_obfuscated,1,0.0162,0.0233,0.9605
1020,port_scan,none,malicious_plain,malicious_plain,1,0.0147,0.9375,0.0478
1021,voip,none,benign,benign,1,0.9441,0.0190,0.0369
1022,data_exfiltration,none,malicious_plain,malicious_plain,1,0.0165,0.9598,0.0237
1023,ddos_flood,protocol_mimicry+block_padding+tunnel_encapsulation,malicious_obfuscated,malicious_obfuscated,1,0.0172,0.0119,0.9709
1024,ddos_flood,none,malicious_plain,malicious_plain,1,0.0244,0.9232,0.0523
1025,ddos_flood,none,malicious_plain,malicious_plain,1,0.0271,0.8559,0.1170
1026,reverse_shell,fragmentation+random_padding+constant_rate_shaping,malicious_obfuscated,malicious_obfuscated,1,0.2385,0.0274,0.7340
1027,file_download,block_padding,benign,benign,1,0.9413,0.0285,0.0301
1028,data_exfiltration,protocol_mimicry+block_padding+tunnel_encapsulation,malicious_obfuscated,malicious_obfuscated,1,0.3726,0.0560,0.5715
1029,web_browsing,none,benign,benign,1,0.9597,0.0256,0.0147
1030,brute_force,none,malicious_plain,malicious_plain,1,0.0263,0.9058,0.0680
1031,data_exfiltration,timing_jitter+constant_rate_shaping,malicious_obfuscated,malicious_obfuscated,1,0.0572,0.0133,0.9295
1032,ssh_interactive,none,benign,benign,1,0.9528,0.0244,0.0228
1033,brute_force,fragmentation+block_padding+constant_rate_shaping,malicious_obfuscated,malicious_obfuscated,1,0.2551,0.0373,0.7076
1034,file_download,none,benign,benign,1,0.9534,0.0262,0.0205
1035,ddos_flood,none,malicious_plain,malicious_plain,1,0.0293,0.8545,0.1162
1036,reverse_shell,none,malicious_plain,malicious_plain,1,0.0069,0.9850,0.0081
1037,port_scan,none,malicious_plain,malicious_plain,1,0.0155,0.9466,0.0379
1038,ssh_interactive,none,benign,benign,1,0.9322,0.0312,0.0367
1039,ssh_interactive,fragmentation+timing_jitter+constant_rate_shaping,benign,benign,1,0.6558,0.0339,0.3103
1040,file_download,protocol_mimicry+random_padding+tunnel_encapsulation,benign,benign,1,0.9619,0.0213,0.0168
1041,brute_force,none,malicious_plain,malicious_plain,1,0.0204,0.9233,0.0564
1042,video_streaming,none,benign,benign,1,0.9287,0.0356,0.0357
1043,video_streaming,none,benign,benign,1,0.9385,0.0322,0.0293
1044,reverse_shell,protocol_mimicry+dummy_injection+timing_jitter,malicious_obfuscated,malicious_obfuscated,1,0.0940,0.0156,0.8904
1045,brute_force,none,malicious_plain,malicious_plain,1,0.0160,0.9430,0.0410
1046,c2_beacon,random_padding+timing_jitter+constant_rate_shaping,malicious_obfuscated,malicious_obfuscated,1,0.1307,0.0299,0.8395
1047,c2_beacon,none,malicious_plain,malicious_plain,1,0.0132,0.9419,0.0449
1048,reverse_shell,none,malicious_plain,malicious_plain,1,0.0121,0.9746,0.0133
1049,web_browsing,none,benign,benign,1,0.9402,0.0360,0.0238
1050,port_scan,none,malicious_plain,malicious_plain,1,0.0126,0.9348,0.0526
1051,ddos_flood,none,malicious_plain,malicious_plain,1,0.0246,0.9286,0.0468
1052,data_exfiltration,block_padding+tunnel_encapsulation,malicious_obfuscated,malicious_obfuscated,1,0.0224,0.0260,0.9516
1053,reverse_shell,dummy_injection+timing_jitter+constant_rate_shaping,malicious_obfuscated,malicious_obfuscated,1,0.2845,0.0223,0.6932
1054,reverse_shell,none,malicious_plain,malicious_plain,1,0.0084,0.9703,0.0213
1055,ddos_flood,none,malicious_plain,malicious_plain,1,0.0211,0.9306,0.0482
1056,ssh_interactive,none,benign,benign,1,0.9507,0.0262,0.0231
1057,brute_force,fragmentation+timing_jitter,malicious_obfuscated,malicious_obfuscated,1,0.1095,0.0595,0.8309
1058,ddos_flood,tunnel_encapsulation,malicious_obfuscated,malicious_obfuscated,1,0.0152,0.0295,0.9552
1059,port_scan,none,malicious_plain,malicious_plain,1,0.0192,0.8955,0.0852
1060,web_browsing,protocol_mimicry+block_padding+constant_rate_shaping,benign,benign,1,0.8087,0.0380,0.1533
1061,brute_force,protocol_mimicry,malicious_obfuscated,malicious_obfuscated,1,0.3422,0.0446,0.6132
1062,reverse_shell,none,malicious_plain,malicious_plain,1,0.0142,0.9577,0.0281
1063,brute_force,fragmentation+timing_jitter+constant_rate_shaping,malicious_obfuscated,malicious_obfuscated,1,0.0900,0.0192,0.8908
1064,ddos_flood,block_padding,malicious_obfuscated,malicious_obfuscated,1,0.0137,0.0187,0.9676
1065,file_download,none,benign,benign,1,0.9348,0.0327,0.0325
1066,voip,fragmentation,benign,benign,1,0.9538,0.0207,0.0255
1067,brute_force,constant_rate_shaping+tunnel_encapsulation,malicious_obfuscated,benign,0,0.7880,0.0374,0.1746
1068,port_scan,none,malicious_plain,malicious_plain,1,0.0177,0.9154,0.0669
1069,reverse_shell,protocol_mimicry+fragmentation+timing_jitter,malicious_obfuscated,malicious_obfuscated,1,0.0444,0.0243,0.9313
1070,reverse_shell,none,malicious_plain,malicious_plain,1,0.0114,0.9762,0.0124
1071,brute_force,fragmentation+tunnel_encapsulation,malicious_obfuscated,malicious_obfuscated,1,0.0455,0.0344,0.9201
1072,port_scan,none,malicious_plain,malicious_plain,1,0.0156,0.9306,0.0537
1073,voip,block_padding+random_padding+tunnel_encapsulation,benign,benign,1,0.8875,0.0119,0.1006
1074,web_browsing,none,benign,benign,1,0.9538,0.0240,0.0223
1075,ssh_interactive,block_padding+timing_jitter+constant_rate_shaping,benign,benign,1,0.4869,0.0270,0.4862
1076,voip,none,benign,benign,1,0.9470,0.0208,0.0323
1077,port_scan,none,malicious_plain,malicious_plain,1,0.0152,0.9283,0.0565
1078,file_download,none,benign,benign,1,0.9485,0.0294,0.0221
1079,voip,none,benign,benign,1,0.9348,0.0211,0.0441
1080,port_scan,none,malicious_plain,malicious_plain,1,0.0186,0.9282,0.0532
1081,port_scan,none,malicious_plain,malicious_plain,1,0.0162,0.9315,0.0523
1082,brute_force,random_padding,malicious_obfuscated,malicious_obfuscated,1,0.1967,0.1652,0.6381
1083,file_download,none,benign,benign,1,0.9572,0.0224,0.0204
1084,voip,none,benign,benign,1,0.9611,0.0205,0.0185
1085,data_exfiltration,block_padding+timing_jitter+constant_rate_shaping,malicious_obfuscated,malicious_obfuscated,1,0.1066,0.0305,0.8629
1086,brute_force,none,malicious_plain,malicious_plain,1,0.0166,0.9346,0.0488
1087,brute_force,random_padding,malicious_obfuscated,malicious_obfuscated,1,0.0373,0.2118,0.7509
1088,data_exfiltration,block_padding,malicious_obfuscated,malicious_plain,0,0.0330,0.9226,0.0444
1089,ddos_flood,block_padding+random_padding+timing_jitter,malicious_obfuscated,malicious_obfuscated,1,0.0368,0.0597,0.9035
1090,brute_force,none,malicious_plain,malicious_plain,1,0.0192,0.9180,0.0629
1091,port_scan,none,malicious_plain,malicious_plain,1,0.0181,0.9155,0.0664
1092,ssh_interactive,none,benign,benign,1,0.9606,0.0205,0.0189
1093,ddos_flood,none,malicious_plain,malicious_plain,1,0.0274,0.9061,0.0666
1094,voip,none,benign,benign,1,0.9551,0.0204,0.0245
1095,port_scan,none,malicious_plain,malicious_plain,1,0.0197,0.9092,0.0710
1096,data_exfiltration,none,malicious_plain,malicious_plain,1,0.0266,0.9411,0.0323
1097,ssh_interactive,none,benign,benign,1,0.9327,0.0301,0.0372
1098,ssh_interactive,protocol_mimicry+fragmentation+tunnel_encapsulation,benign,benign,1,0.7362,0.0215,0.2423
1099,data_exfiltration,none,malicious_plain,malicious_plain,1,0.0197,0.9543,0.0259
1100,brute_force,none,malicious_plain,malicious_plain,1,0.0166,0.9006,0.0828
1101,c2_beacon,none,malicious_plain,malicious_plain,1,0.0117,0.9422,0.0461
1102,data_exfiltration,block_padding+tunnel_encapsulation,malicious_obfuscated,malicious_obfuscated,1,0.0260,0.0453,0.9287
1103,ssh_interactive,none,benign,benign,1,0.9422,0.0306,0.0273
1104,ddos_flood,none,malicious_plain,malicious_plain,1,0.0244,0.9134,0.0623
1105,data_exfiltration,none,malicious_plain,malicious_plain,1,0.0313,0.9449,0.0238
1106,data_exfiltration,random_padding,malicious_obfuscated,malicious_obfuscated,1,0.0579,0.2114,0.7307
1107,brute_force,timing_jitter,malicious_obfuscated,malicious_plain,0,0.0202,0.8813,0.0985
1108,ssh_interactive,block_padding+timing_jitter,benign,benign,1,0.9025,0.0464,0.0512
1109,web_browsing,none,benign,benign,1,0.9343,0.0318,0.0339
1110,brute_force,block_padding,malicious_obfuscated,malicious_plain,0,0.0218,0.8577,0.1205
1111,port_scan,tunnel_encapsulation,malicious_obfuscated,malicious_obfuscated,1,0.0244,0.0646,0.9110
1112,port_scan,dummy_injection+constant_rate_shaping,malicious_obfuscated,malicious_obfuscated,1,0.3051,0.0349,0.6600
1113,data_exfiltration,none,malicious_plain,malicious_plain,1,0.0213,0.9509,0.0278
1114,voip,none,benign,benign,1,0.9382,0.0210,0.0409
1115,reverse_shell,none,malicious_plain,malicious_plain,1,0.0191,0.9427,0.0382
1116,reverse_shell,none,malicious_plain,malicious_plain,1,0.0100,0.9764,0.0137
1117,reverse_shell,none,malicious_plain,malicious_plain,1,0.0083,0.9636,0.0282
1118,port_scan,random_padding+tunnel_encapsulation,malicious_obfuscated,malicious_obfuscated,1,0.0151,0.0121,0.9728
1119,voip,none,benign,benign,1,0.9600,0.0183,0.0216
1120,ssh_interactive,none,benign,benign,1,0.9469,0.0262,0.0269
1121,ssh_interactive,constant_rate_shaping,benign,benign,1,0.7843,0.0209,0.1948
1122,brute_force,none,malicious_plain,malicious_plain,1,0.0180,0.9212,0.0608
1123,data_exfiltration,none,malicious_plain,malicious_plain,1,0.0228,0.9519,0.0253
1124,data_exfiltration,none,malicious_plain,malicious_plain,1,0.0261,0.9313,0.0427
1125,c2_beacon,none,malicious_plain,malicious_plain,1,0.0135,0.9743,0.0122
1126,data_exfiltration,fragmentation+tunnel_encapsulation,malicious_obfuscated,malicious_obfuscated,1,0.0087,0.0077,0.9837
1127,brute_force,none,malicious_plain,malicious_plain,1,0.0166,0.9146,0.0688
1128,web_browsing,none,benign,benign,1,0.8517,0.0507,0.0977
1129,port_scan,none,malicious_plain,malicious_plain,1,0.0239,0.8920,0.0841
1130,port_scan,none,malicious_plain,malicious_plain,1,0.0148,0.9186,0.0666
1131,data_exfiltration,none,malicious_plain,malicious_plain,1,0.0260,0.9417,0.0323
1132,port_scan,fragmentation+timing_jitter,malicious_obfuscated,malicious_obfuscated,1,0.0105,0.0230,0.9665
1133,data_exfiltration,none,malicious_plain,malicious_plain,1,0.0179,0.9603,0.0218
1134,ddos_flood,protocol_mimicry+dummy_injection+constant_rate_shaping,malicious_obfuscated,malicious_obfuscated,1,0.2723,0.0326,0.6951
1135,ddos_flood,none,malicious_plain,malicious_plain,1,0.0325,0.8782,0.0893
1136,ddos_flood,fragmentation+block_padding,malicious_obfuscated,malicious_plain,0,0.0273,0.8421,0.1306
1137,port_scan,none,malicious_plain,malicious_plain,1,0.0196,0.8926,0.0878
1138,ddos_flood,block_padding+tunnel_encapsulation,malicious_obfuscated,malicious_obfuscated,1,0.0132,0.0091,0.9777
1139,c2_beacon,none,malicious_plain,malicious_plain,1,0.0205,0.9125,0.0671
1140,file_download,protocol_mimicry+block_padding+dummy_injection,benign,benign,1,0.9226,0.0155,0.0620
1141,file_download,protocol_mimicry,benign,malicious_obfuscated,0,0.3921,0.0570,0.5509
1142,ssh_interactive,none,benign,benign,1,0.9778,0.0119,0.0103
1143,reverse_shell,protocol_mimicry,malicious_obfuscated,malicious_obfuscated,1,0.0384,0.0313,0.9303
1144,web_browsing,none,benign,benign,1,0.9612,0.0221,0.0167
1145,port_scan,fragmentation+random_padding,malicious_obfuscated,malicious_obfuscated,1,0.0179,0.0393,0.9428
1146,c2_beacon,protocol_mimicry,malicious_obfuscated,malicious_obfuscated,1,0.1148,0.0292,0.8560
1147,file_download,random_padding,benign,benign,1,0.9399,0.0310,0.0292
1148,ddos_flood,protocol_mimicry+random_padding+constant_rate_shaping,malicious_obfuscated,malicious_obfuscated,1,0.0154,0.0176,0.9670
1149,brute_force,block_padding+dummy_injection+constant_rate_shaping,malicious_obfuscated,malicious_obfuscated,1,0.1444,0.0433,0.8123
1150,voip,fragmentation+random_padding+dummy_injection,benign,benign,1,0.9560,0.0188,0.0252
1151,brute_force,protocol_mimicry+fragmentation+constant_rate_shaping,malicious_obfuscated,malicious_obfuscated,1,0.0276,0.0116,0.9608
1152,reverse_shell,fragmentation+tunnel_encapsulation,malicious_obfuscated,malicious_obfuscated,1,0.0286,0.0142,0.9572
1153,web_browsing,none,benign,benign,1,0.9462,0.0320,0.0218
1154,c2_beacon,none,malicious_plain,malicious_plain,1,0.0162,0.9413,0.0426
1155,ssh_interactive,none,benign,benign,1,0.9075,0.0506,0.0418
1156,c2_beacon,protocol_mimicry+block_padding,malicious_obfuscated,malicious_obfuscated,1,0.0352,0.0197,0.9451
1157,reverse_shell,random_padding+timing_jitter,malicious_obfuscated,malicious_obfuscated,1,0.0254,0.2058,0.7688
1158,file_download,none,benign,benign,1,0.9455,0.0280,0.0266
1159,reverse_shell,none,malicious_plain,malicious_plain,1,0.0224,0.8096,0.1680
1160,ssh_interactive,none,benign,benign,1,0.9534,0.0241,0.0225
1161,voip,none,benign,benign,1,0.9607,0.0186,0.0206
1162,web_browsing,tunnel_encapsulation,benign,benign,1,0.9429,0.0283,0.0287
1163,file_download,fragmentation+random_padding+tunnel_encapsulation,benign,benign,1,0.9154,0.0336,0.0510
1164,ddos_flood,protocol_mimicry+fragmentation+random_padding,malicious_obfuscated,malicious_obfuscated,1,0.0280,0.0176,0.9543
1165,reverse_shell,none,malicious_plain,malicious_plain,1,0.0336,0.7893,0.1771
1166,data_exfiltration,none,malicious_plain,malicious_plain,1,0.0258,0.9524,0.0219
1167,data_exfiltration,none,malicious_plain,malicious_plain,1,0.0259,0.9384,0.0357
1168,port_scan,protocol_mimicry+tunnel_encapsulation,malicious_obfuscated,malicious_obfuscated,1,0.0073,0.0109,0.9818
1169,brute_force,none,malicious_plain,malicious_plain,1,0.0256,0.8785,0.0959
1170,voip,none,benign,benign,1,0.9650,0.0180,0.0169
1171,reverse_shell,tunnel_encapsulation,malicious_obfuscated,malicious_obfuscated,1,0.0956,0.0283,0.8761
1172,ddos_flood,block_padding,malicious_obfuscated,malicious_plain,0,0.0325,0.8662,0.1012
1173,data_exfiltration,none,malicious_plain,malicious_plain,1,0.0193,0.9568,0.0239
1174,voip,none,benign,benign,1,0.9402,0.0208,0.0391
1175,web_browsing,protocol_mimicry+block_padding+random_padding,benign,benign,1,0.9374,0.0312,0.0314
1176,reverse_shell,dummy_injection+timing_jitter+constant_rate_shaping,malicious_obfuscated,malicious_obfuscated,1,0.1350,0.0290,0.8360
1177,video_streaming,none,benign,benign,1,0.9427,0.0312,0.0261
1178,c2_beacon,none,malicious_plain,malicious_plain,1,0.0100,0.9761,0.0139
1179,data_exfiltration,none,malicious_plain,malicious_plain,1,0.0197,0.9543,0.0260
1180,c2_beacon,constant_rate_shaping,malicious_obfuscated,malicious_obfuscated,1,0.1925,0.0278,0.7797
1181,data_exfiltration,none,malicious_plain,malicious_plain,1,0.0316,0.9381,0.0303
1182,ssh_interactive,random_padding,benign,benign,1,0.9164,0.0300,0.0536
1183,data_exfiltration,none,malicious_plain,malicious_plain,1,0.0308,0.9404,0.0288
1184,file_download,none,benign,benign,1,0.9364,0.0330,0.0306
1185,c2_beacon,none,malicious_plain,malicious_plain,1,0.0130,0.9427,0.0442
1186,data_exfiltration,none,malicious_plain,malicious_plain,1,0.0209,0.9582,0.0209
1187,reverse_shell,random_padding+timing_jitter,malicious_obfuscated,malicious_obfuscated,1,0.0105,0.0090,0.9805
1188,ddos_flood,tunnel_encapsulation,malicious_obfuscated,malicious_obfuscated,1,0.0113,0.0171,0.9716
1189,data_exfiltration,none,malicious_plain,malicious_plain,1,0.0319,0.9441,0.0240
1190,brute_force,dummy_injection+tunnel_encapsulation,malicious_obfuscated,malicious_obfuscated,1,0.0184,0.0175,0.9641
1191,reverse_shell,none,malicious_plain,malicious_plain,1,0.0207,0.9584,0.0209
1192,ssh_interactive,none,benign,benign,1,0.9424,0.0281,0.0295
1193,ssh_interactive,fragmentation+dummy_injection,benign,benign,1,0.8128,0.0529,0.1343
1194,brute_force,none,malicious_plain,malicious_plain,1,0.0241,0.9276,0.0484
1195,data_exfiltration,none,malicious_plain,malicious_plain,1,0.0378,0.9303,0.0319
1196,ddos_flood,none,malicious_plain,malicious_plain,1,0.0255,0.9300,0.0446
1197,file_download,none,benign,benign,1,0.9311,0.0254,0.0435
1198,c2_beacon,none,malicious_plain,malicious_plain,1,0.0091,0.9758,0.0152
1199,ssh_interactive,none,benign,benign,1,0.9601,0.0214,0.0185
1200,c2_beacon,block_padding+timing_jitter,malicious_obfuscated,malicious_plain,0,0.0248,0.7642,0.2109
1201,reverse_shell,fragmentation+dummy_injection,malicious_obfuscated,malicious_obfuscated,1,0.0115,0.0136,0.9748
1202,ssh_interactive,fragmentation+timing_jitter+constant_rate_shaping,benign,malicious_obfuscated,0,0.1906,0.0309,0.7784
1203,port_scan,none,malicious_plain,malicious_plain,1,0.0146,0.9446,0.0408
1204,c2_beacon,none,malicious_plain,malicious_plain,1,0.0108,0.9560,0.0332
1205,video_streaming,none,benign,benign,1,0.9486,0.0262,0.0252
1206,voip,none,benign,benign,1,0.9548,0.0200,0.0253
1207,reverse_shell,random_padding+constant_rate_shaping,malicious_obfuscated,malicious_obfuscated,1,0.2362,0.0343,0.7296
1208,port_scan,none,malicious_plain,malicious_plain,1,0.0129,0.9312,0.0559
1209,brute_force,fragmentation+constant_rate_shaping,malicious_obfuscated,malicious_obfuscated,1,0.1699,0.0155,0.8146
1210,reverse_shell,none,malicious_plain,malicious_plain,1,0.0241,0.7289,0.2470
1211,ddos_flood,none,malicious_plain,malicious_plain,1,0.0228,0.9291,0.0481
1212,brute_force,none,malicious_plain,malicious_plain,1,0.0176,0.9052,0.0772
1213,ssh_interactive,tunnel_encapsulation,benign,benign,1,0.9556,0.0202,0.0243
1214,ddos_flood,random_padding+tunnel_encapsulation,malicious_obfuscated,malicious_obfuscated,1,0.0119,0.0078,0.9802
1215,data_exfiltration,fragmentation,malicious_obfuscated,malicious_obfuscated,1,0.0251,0.0867,0.8881
1216,data_exfiltration,none,malicious_plain,malicious_plain,1,0.0265,0.9507,0.0228
1217,ssh_interactive,none,benign,benign,1,0.9191,0.0402,0.0407
1218,voip,none,benign,benign,1,0.9426,0.0181,0.0393
1219,c2_beacon,fragmentation+timing_jitter+tunnel_encapsulation,malicious_obfuscated,malicious_obfuscated,1,0.0175,0.0153,0.9672
1220,data_exfiltration,none,malicious_plain,malicious_plain,1,0.0171,0.9621,0.0208
1221,reverse_shell,none,malicious_plain,malicious_plain,1,0.0104,0.9648,0.0247
1222,voip,none,benign,benign,1,0.9610,0.0199,0.0191
1223,data_exfiltration,block_padding+random_padding,malicious_obfuscated,malicious_obfuscated,1,0.0095,0.0177,0.9727
1224,file_download,none,benign,benign,1,0.9359,0.0239,0.0402
1225,c2_beacon,none,malicious_plain,malicious_plain,1,0.0143,0.9578,0.0279
1226,ssh_interactive,none,benign,benign,1,0.9576,0.0214,0.0211
1227,web_browsing,none,benign,benign,1,0.8473,0.0665,0.0863
1228,brute_force,none,malicious_plain,malicious_plain,1,0.0181,0.9198,0.0622
1229,brute_force,protocol_mimicry+random_padding+tunnel_encapsulation,malicious_obfuscated,malicious_obfuscated,1,0.1598,0.0183,0.8219
1230,reverse_shell,constant_rate_shaping,malicious_obfuscated,malicious_obfuscated,1,0.3572,0.0652,0.5776
1231,reverse_shell,fragmentation+dummy_injection,malicious_obfuscated,malicious_obfuscated,1,0.0190,0.0161,0.9649
1232,port_scan,fragmentation+timing_jitter,malicious_obfuscated,malicious_obfuscated,1,0.0243,0.0465,0.9292
1233,brute_force,none,malicious_plain,malicious_plain,1,0.0160,0.9377,0.0463
1234,c2_beacon,none,malicious_plain,malicious_plain,1,0.0194,0.8392,0.1414
1235,c2_beacon,none,malicious_plain,malicious_plain,1,0.0136,0.9440,0.0425
1236,web_browsing,none,benign,benign,1,0.8762,0.0693,0.0545
1237,data_exfiltration,none,malicious_plain,malicious_plain,1,0.0191,0.9556,0.0253
1238,voip,none,benign,benign,1,0.9583,0.0202,0.0215
1239,port_scan,protocol_mimicry+timing_jitter,malicious_obfuscated,malicious_obfuscated,1,0.0077,0.0184,0.9739
1240,video_streaming,none,benign,benign,1,0.9332,0.0344,0.0324
1241,ddos_flood,none,malicious_plain,malicious_plain,1,0.0210,0.9206,0.0584
1242,ddos_flood,protocol_mimicry+block_padding+random_padding,malicious_obfuscated,malicious_obfuscated,1,0.0130,0.0204,0.9666
1243,ddos_flood,none,malicious_plain,malicious_plain,1,0.0281,0.9143,0.0575
1244,ssh_interactive,fragmentation+random_padding+tunnel_encapsulation,benign,benign,1,0.9143,0.0176,0.0681
1245,c2_beacon,none,malicious_plain,malicious_plain,1,0.0126,0.9635,0.0238
1246,ddos_flood,protocol_mimicry+dummy_injection,malicious_obfuscated,malicious_obfuscated,1,0.0241,0.0175,0.9584
1247,data_exfiltration,timing_jitter,malicious_obfuscated,malicious_obfuscated,1,0.0134,0.0288,0.9578
1248,reverse_shell,fragmentation,malicious_obfuscated,malicious_obfuscated,1,0.0241,0.0236,0.9523
1249,brute_force,none,malicious_plain,malicious_plain,1,0.0203,0.9246,0.0551
1250,c2_beacon,none,malicious_plain,malicious_plain,1,0.0126,0.9305,0.0569
1251,web_browsing,block_padding+random_padding+constant_rate_shaping,benign,benign,1,0.7604,0.0299,0.2097
1252,data_exfiltration,fragmentation+random_padding+constant_rate_shaping,malicious_obfuscated,malicious_obfuscated,1,0.0994,0.0130,0.8876
1253,port_scan,tunnel_encapsulation,malicious_obfuscated,malicious_obfuscated,1,0.0232,0.1104,0.8664
1254,video_streaming,tunnel_encapsulation,benign,benign,1,0.9433,0.0252,0.0315
1255,reverse_shell,protocol_mimicry+timing_jitter,malicious_obfuscated,malicious_obfuscated,1,0.0445,0.0217,0.9338
1256,dns_query,protocol_mimicry+block_padding+dummy_injection,benign,benign,1,0.8894,0.0145,0.0961
1257,c2_beacon,none,malicious_plain,malicious_plain,1,0.0132,0.9629,0.0239
1258,reverse_shell,none,malicious_plain,malicious_plain,1,0.0120,0.9540,0.0341
1259,web_browsing,none,benign,benign,1,0.9472,0.0319,0.0208
1260,file_download,none,benign,benign,1,0.9339,0.0299,0.0362
1261,data_exfiltration,timing_jitter+tunnel_encapsulation,malicious_obfuscated,malicious_obfuscated,1,0.0168,0.0301,0.9531
1262,file_download,random_padding+timing_jitter,benign,benign,1,0.9220,0.0365,0.0415
1263,web_browsing,none,benign,benign,1,0.9426,0.0203,0.0371
1264,web_browsing,none,benign,benign,1,0.9645,0.0239,0.0117
1265,c2_beacon,none,malicious_plain,malicious_plain,1,0.0134,0.9620,0.0246
1266,video_streaming,none,benign,benign,1,0.9486,0.0272,0.0242
1267,ddos_flood,protocol_mimicry+block_padding+random_padding,malicious_obfuscated,malicious_obfuscated,1,0.0181,0.0231,0.9588
1268,c2_beacon,none,malicious_plain,malicious_plain,1,0.0142,0.9424,0.0433
1269,ssh_interactive,none,benign,benign,1,0.9561,0.0232,0.0207
1270,data_exfiltration,protocol_mimicry+random_padding+constant_rate_shaping,malicious_obfuscated,malicious_obfuscated,1,0.0514,0.0242,0.9244
1271,c2_beacon,protocol_mimicry+block_padding+random_padding,malicious_obfuscated,malicious_obfuscated,1,0.0161,0.0105,0.9734
1272,ddos_flood,none,malicious_plain,malicious_plain,1,0.0239,0.9286,0.0474
1273,data_exfiltration,tunnel_encapsulation,malicious_obfuscated,malicious_obfuscated,1,0.0143,0.0220,0.9636
1274,ssh_interactive,none,benign,benign,1,0.9435,0.0276,0.0289
1275,web_browsing,random_padding+dummy_injection+timing_jitter,benign,benign,1,0.9642,0.0080,0.0277
1276,data_exfiltration,none,malicious_plain,malicious_plain,1,0.0240,0.9446,0.0314
1277,c2_beacon,fragmentation+block_padding,malicious_obfuscated,malicious_obfuscated,1,0.0244,0.0783,0.8972
1278,c2_beacon,protocol_mimicry+fragmentation+constant_rate_shaping,malicious_obfuscated,malicious_obfuscated,1,0.0239,0.0337,0.9423
1279,ddos_flood,protocol_mimicry+dummy_injection+tunnel_encapsulation,malicious_obfuscated,malicious_obfuscated,1,0.0400,0.0178,0.9422
1280,video_streaming,block_padding+random_padding+constant_rate_shaping,benign,benign,1,0.9409,0.0179,0.0413
1281,reverse_shell,none,malicious_plain,malicious_plain,1,0.0130,0.8904,0.0965
1282,video_streaming,none,benign,benign,1,0.9295,0.0323,0.0383
1283,c2_beacon,none,malicious_plain,malicious_plain,1,0.0209,0.9338,0.0453
1284,brute_force,none,malicious_plain,malicious_plain,1,0.0155,0.9247,0.0598
1285,ddos_flood,none,malicious_plain,malicious_plain,1,0.0281,0.8876,0.0843
1286,voip,constant_rate_shaping,benign,benign,1,0.7825,0.0267,0.1908
1287,ddos_flood,none,malicious_plain,malicious_plain,1,0.0269,0.9087,0.0643
1288,brute_force,fragmentation,malicious_obfuscated,malicious_plain,0,0.0195,0.9296,0.0509
1289,c2_beacon,none,malicious_plain,malicious_plain,1,0.0300,0.7905,0.1794
1290,port_scan,none,malicious_plain,malicious_plain,1,0.0278,0.8999,0.0723
1291,voip,block_padding,benign,benign,1,0.9196,0.0176,0.0628
1292,web_browsing,none,benign,benign,1,0.8996,0.0560,0.0444
1293,ssh_interactive,none,benign,benign,1,0.9452,0.0277,0.0271
1294,voip,none,benign,benign,1,0.9427,0.0214,0.0359
1295,ddos_flood,fragmentation,malicious_obfuscated,malicious_plain,0,0.0202,0.9235,0.0563
1296,brute_force,protocol_mimicry+tunnel_encapsulation,malicious_obfuscated,benign,0,0.7362,0.0306,0.2332
1297,brute_force,none,malicious_plain,malicious_plain,1,0.0166,0.9386,0.0448
1298,c2_beacon,none,malicious_plain,malicious_plain,1,0.0097,0.9540,0.0363
1299,c2_beacon,none,malicious_plain,malicious_plain,1,0.0155,0.9428,0.0417
1300,ddos_flood,none,malicious_plain,malicious_plain,1,0.0243,0.9091,0.0666
1301,brute_force,block_padding+dummy_injection+timing_jitter,malicious_obfuscated,malicious_obfuscated,1,0.0495,0.0281,0.9224
1302,dns_query,protocol_mimicry+constant_rate_shaping,benign,benign,1,0.9504,0.0115,0.0380
1303,c2_beacon,none,malicious_plain,malicious_plain,1,0.0198,0.9002,0.0800
1304,reverse_shell,fragmentation+random_padding,malicious_obfuscated,malicious_obfuscated,1,0.0269,0.0273,0.9458
1305,brute_force,tunnel_encapsulation,malicious_obfuscated,malicious_obfuscated,1,0.0391,0.0569,0.9040
1306,file_download,none,benign,benign,1,0.9196,0.0370,0.0434
1307,reverse_shell,none,malicious_plain,malicious_plain,1,0.0093,0.9442,0.0465
1308,reverse_shell,none,malicious_plain,malicious_plain,1,0.0115,0.9500,0.0385
1309,data_exfiltration,random_padding+constant_rate_shaping,malicious_obfuscated,malicious_obfuscated,1,0.0244,0.0278,0.9478
1310,reverse_shell,fragmentation+dummy_injection,malicious_obfuscated,malicious_obfuscated,1,0.0277,0.0172,0.9551
1311,c2_beacon,random_padding+dummy_injection+timing_jitter,malicious_obfuscated,malicious_obfuscated,1,0.0122,0.0077,0.9802
1312,data_exfiltration,fragmentation+constant_rate_shaping,malicious_obfuscated,malicious_obfuscated,1,0.1992,0.0216,0.7792
1313,brute_force,timing_jitter,malicious_obfuscated,malicious_plain,0,0.0189,0.9281,0.0529
1314,port_scan,none,malicious_plain,malicious_plain,1,0.0204,0.9124,0.0672
1315,reverse_shell,none,malicious_plain,malicious_plain,1,0.0125,0.9700,0.0175
1316,file_download,none,benign,benign,1,0.9163,0.0412,0.0425
1317,c2_beacon,none,malicious_plain,malicious_plain,1,0.0120,0.9487,0.0393
1318,brute_force,none,malicious_plain,malicious_plain,1,0.0192,0.9239,0.0569
1319,port_scan,random_padding+tunnel_encapsulation,malicious_obfuscated,malicious_obfuscated,1,0.0160,0.0176,0.9665
1320,c2_beacon,block_padding+timing_jitter,malicious_obfuscated,malicious_obfuscated,1,0.0118,0.0263,0.9619
1321,web_browsing,block_padding+random_padding+tunnel_encapsulation,benign,benign,1,0.9403,0.0299,0.0298
1322,file_download,constant_rate_shaping,benign,benign,1,0.8937,0.0297,0.0766
1323,web_browsing,none,benign,benign,1,0.9340,0.0403,0.0257
1324,ssh_interactive,dummy_injection+timing_jitter+constant_rate_shaping,benign,malicious_obfuscated,0,0.2199,0.0286,0.7515
1325,c2_beacon,random_padding+dummy_injection,malicious_obfuscated,malicious_obfuscated,1,0.0254,0.0101,0.9646
1326,reverse_shell,none,malicious_plain,malicious_plain,1,0.0198,0.9141,0.0661
1327,c2_beacon,none,malicious_plain,malicious_plain,1,0.0245,0.8030,0.1725
1328,ddos_flood,random_padding+constant_rate_shaping,malicious_obfuscated,malicious_obfuscated,1,0.0249,0.0353,0.9397
1329,web_browsing,none,benign,benign,1,0.9645,0.0235,0.0121
1330,c2_beacon,none,malicious_plain,malicious_plain,1,0.0144,0.9596,0.0260
1331,voip,none,benign,benign,1,0.9643,0.0179,0.0177
1332,c2_beacon,random_padding+constant_rate_shaping+tunnel_encapsulation,malicious_obfuscated,malicious_obfuscated,1,0.1416,0.0146,0.8438
1333,ssh_interactive,none,benign,benign,1,0.9231,0.0398,0.0371
1334,web_browsing,none,benign,benign,1,0.7158,0.1396,0.1446
1335,c2_beacon,none,malicious_plain,malicious_plain,1,0.0139,0.9665,0.0196
1336,voip,protocol_mimicry+fragmentation+block_padding,benign,benign,1,0.7118,0.0205,0.2677
1337,reverse_shell,none,malicious_plain,malicious_plain,1,0.0116,0.9736,0.0148
1338,web_browsing,none,benign,benign,1,0.9066,0.0495,0.0438
1339,ssh_interactive,none,benign,benign,1,0.9331,0.0351,0.0318
1340,data_exfiltration,none,malicious_plain,malicious_plain,1,0.0286,0.9438,0.0276
1341,data_exfiltration,none,malicious_plain,malicious_plain,1,0.0289,0.9483,0.0228
1342,reverse_shell,protocol_mimicry+random_padding+tunnel_encapsulation,malicious_obfuscated,malicious_obfuscated,1,0.0500,0.0106,0.9394
1343,c2_beacon,tunnel_encapsulation,malicious_obfuscated,malicious_obfuscated,1,0.0235,0.0406,0.9359
1344,web_browsing,none,benign,benign,1,0.9437,0.0329,0.0234
1345,reverse_shell,none,malicious_plain,malicious_plain,1,0.0041,0.9874,0.0084
1346,brute_force,protocol_mimicry+fragmentation+timing_jitter,malicious_obfuscated,malicious_obfuscated,1,0.0802,0.0254,0.8944
1347,web_browsing,none,benign,benign,1,0.9451,0.0275,0.0274
1348,reverse_shell,protocol_mimicry+tunnel_encapsulation,malicious_obfuscated,benign,0,0.6431,0.0308,0.3261
1349,ddos_flood,protocol_mimicry+timing_jitter,malicious_obfuscated,malicious_obfuscated,1,0.0232,0.0210,0.9558
1350,video_streaming,none,benign,benign,1,0.9481,0.0297,0.0222
1351,brute_force,none,malicious_plain,malicious_plain,1,0.0226,0.9026,0.0748
1352,reverse_shell,random_padding,malicious_obfuscated,malicious_obfuscated,1,0.2183,0.2306,0.5511
1353,ssh_interactive,none,benign,benign,1,0.9452,0.0292,0.0256
1354,port_scan,none,malicious_plain,malicious_plain,1,0.0128,0.9454,0.0419
1355,web_browsing,none,benign,benign,1,0.8472,0.0777,0.0751
1356,voip,none,benign,benign,1,0.9574,0.0179,0.0247
1357,brute_force,protocol_mimicry,malicious_obfuscated,malicious_obfuscated,1,0.0177,0.0170,0.9653
1358,ddos_flood,none,malicious_plain,malicious_plain,1,0.0272,0.8926,0.0802
1359,reverse_shell,none,malicious_plain,malicious_plain,1,0.0289,0.7992,0.1719
1360,voip,none,benign,benign,1,0.9400,0.0211,0.0390
1361,file_download,protocol_mimicry,benign,benign,1,0.6682,0.0451,0.2866
1362,c2_beacon,none,malicious_plain,malicious_plain,1,0.0146,0.9582,0.0272
1363,dns_query,constant_rate_shaping,benign,benign,1,0.9655,0.0146,0.0199
1364,file_download,none,benign,benign,1,0.9255,0.0342,0.0403
1365,brute_force,protocol_mimicry,malicious_obfuscated,malicious_obfuscated,1,0.0478,0.0229,0.9293
1366,video_streaming,none,benign,benign,1,0.9345,0.0353,0.0302
1367,web_browsing,none,benign,benign,1,0.8630,0.0576,0.0794
1368,ddos_flood,protocol_mimicry+constant_rate_shaping,malicious_obfuscated,malicious_obfuscated,1,0.0271,0.0241,0.9489
1369,ssh_interactive,tunnel_encapsulation,benign,benign,1,0.9664,0.0131,0.0206
1370,file_download,none,benign,benign,1,0.9444,0.0267,0.0289
1371,video_streaming,fragmentation+random_padding+constant_rate_shaping,benign,malicious_obfuscated,0,0.3970,0.0271,0.5759
1372,ddos_flood,fragmentation,malicious_obfuscated,malicious_plain,0,0.0279,0.8876,0.0845
1373,data_exfiltration,none,malicious_plain,malicious_plain,1,0.0199,0.9597,0.0204
1374,c2_beacon,protocol_mimicry+block_padding,malicious_obfuscated,malicious_obfuscated,1,0.0329,0.0082,0.9590
1375,port_scan,none,malicious_plain,malicious_plain,1,0.0237,0.8870,0.0894
1376,c2_beacon,constant_rate_shaping,malicious_obfuscated,malicious_obfuscated,1,0.1735,0.0192,0.8072
1377,video_streaming,none,benign,benign,1,0.9181,0.0433,0.0386
1378,brute_force,protocol_mimicry+timing_jitter+constant_rate_shaping,malicious_obfuscated,malicious_obfuscated,1,0.0200,0.0126,0.9673
1379,port_scan,none,malicious_plain,malicious_plain,1,0.0177,0.9054,0.0770
1380,port_scan,none,malicious_plain,malicious_plain,1,0.0222,0.9145,0.0633
1381,voip,none,benign,benign,1,0.9485,0.0176,0.0339
1382,video_streaming,none,benign,benign,1,0.9472,0.0304,0.0224
1383,ddos_flood,protocol_mimicry+random_padding+constant_rate_shaping,malicious_obfuscated,malicious_obfuscated,1,0.0224,0.0368,0.9408
1384,ddos_flood,none,malicious_plain,malicious_plain,1,0.0262,0.9112,0.0626
1385,web_browsing,none,benign,benign,1,0.9384,0.0372,0.0244
1386,brute_force,protocol_mimicry+random_padding+timing_jitter,malicious_obfuscated,malicious_obfuscated,1,0.0444,0.0205,0.9351
1387,video_streaming,none,benign,benign,1,0.9303,0.0349,0.0348
1388,voip,none,benign,benign,1,0.9568,0.0176,0.0255
1389,ddos_flood,none,malicious_plain,malicious_plain,1,0.0296,0.8825,0.0879
1390,voip,protocol_mimicry,benign,malicious_obfuscated,0,0.1617,0.0378,0.8005
1391,reverse_shell,none,malicious_plain,malicious_plain,1,0.0204,0.8412,0.1384
1392,reverse_shell,protocol_mimicry+timing_jitter+constant_rate_shaping,malicious_obfuscated,malicious_obfuscated,1,0.1276,0.0159,0.8565
1393,brute_force,none,malicious_plain,malicious_plain,1,0.0368,0.7245,0.2388
1394,brute_force,none,malicious_plain,malicious_plain,1,0.0211,0.9211,0.0578
1395,ssh_interactive,none,benign,benign,1,0.9593,0.0213,0.0194
1396,data_exfiltration,none,malicious_plain,malicious_plain,1,0.0148,0.9544,0.0308
1397,file_download,none,benign,benign,1,0.9585,0.0239,0.0176
1398,ddos_flood,none,malicious_plain,malicious_plain,1,0.0264,0.8943,0.0793
1399,brute_force,none,malicious_plain,malicious_plain,1,0.0149,0.9357,0.0494
1400,ssh_interactive,none,benign,benign,1,0.9472,0.0278,0.0251
1401,video_streaming,protocol_mimicry,benign,benign,1,0.8331,0.0764,0.0904
1402,reverse_shell,none,malicious_plain,malicious_plain,1,0.0105,0.9770,0.0125
1403,voip,none,benign,benign,1,0.9521,0.0185,0.0294
1404,web_browsing,none,benign,malicious_plain,0,0.2576,0.3732,0.3693
1405,c2_beacon,none,malicious_plain,malicious_plain,1,0.0157,0.9415,0.0428
1406,brute_force,dummy_injection+timing_jitter,malicious_obfuscated,malicious_obfuscated,1,0.2146,0.0444,0.7409
1407,file_download,none,benign,benign,1,0.9257,0.0344,0.0399
1408,ddos_flood,none,malicious_plain,malicious_plain,1,0.0214,0.9076,0.0710
1409,port_scan,tunnel_encapsulation,malicious_obfuscated,malicious_obfuscated,1,0.0089,0.0157,0.9753
1410,ddos_flood,fragmentation+timing_jitter,malicious_obfuscated,malicious_obfuscated,1,0.0182,0.0254,0.9565
1411,voip,none,benign,benign,1,0.9478,0.0209,0.0314
1412,ssh_interactive,protocol_mimicry,benign,benign,1,0.8140,0.0664,0.1196
1413,port_scan,random_padding,malicious_obfuscated,malicious_obfuscated,1,0.0187,0.0222,0.9591
1414,video_streaming,none,benign,benign,1,0.9324,0.0323,0.0352
1415,ssh_interactive,protocol_mimicry+fragmentation+dummy_injection,benign,malicious_obfuscated,0,0.0380,0.0119,0.9502
1416,dns_query,protocol_mimicry+block_padding+tunnel_encapsulation,benign,benign,1,0.9619,0.0030,0.0351
1417,video_streaming,fragmentation+random_padding,benign,benign,1,0.9329,0.0282,0.0390
1418,ddos_flood,none,malicious_plain,malicious_plain,1,0.0405,0.8822,0.0773
1419,brute_force,protocol_mimicry,malicious_obfuscated,malicious_obfuscated,1,0.0652,0.0226,0.9122
1420,brute_force,fragmentation+block_padding+constant_rate_shaping,malicious_obfuscated,malicious_obfuscated,1,0.1829,0.0134,0.8036
1421,c2_beacon,none,malicious_plain,malicious_plain,1,0.0202,0.8794,0.1005
1422,video_streaming,none,benign,benign,1,0.9086,0.0436,0.0478
1423,data_exfiltration,fragmentation+random_padding+timing_jitter,malicious_obfuscated,malicious_obfuscated,1,0.0301,0.0421,0.9278
1424,web_browsing,block_padding+dummy_injection,benign,benign,1,0.9506,0.0255,0.0239
1425,data_exfiltration,none,malicious_plain,malicious_plain,1,0.0176,0.9596,0.0228
1426,data_exfiltration,block_padding+timing_jitter,malicious_obfuscated,malicious_obfuscated,1,0.0134,0.0210,0.9655
1427,ddos_flood,none,malicious_plain,malicious_plain,1,0.0247,0.9269,0.0484
1428,port_scan,none,malicious_plain,malicious_plain,1,0.0186,0.9169,0.0646
1429,web_browsing,none,benign,benign,1,0.9678,0.0183,0.0139
1430,port_scan,none,malicious_plain,malicious_plain,1,0.0249,0.9107,0.0643
1431,c2_beacon,fragmentation,malicious_obfuscated,malicious_obfuscated,1,0.0304,0.1242,0.8454
1432,web_browsing,none,benign,benign,1,0.9583,0.0238,0.0179
1433,c2_beacon,none,malicious_plain,malicious_plain,1,0.0133,0.8744,0.1123
1434,ddos_flood,none,malicious_plain,malicious_plain,1,0.0212,0.9341,0.0448
1435,reverse_shell,none,malicious_plain,malicious_plain,1,0.0141,0.9631,0.0228
1436,port_scan,block_padding+random_padding,malicious_obfuscated,malicious_obfuscated,1,0.0144,0.0161,0.9695
1437,brute_force,none,malicious_plain,malicious_plain,1,0.0172,0.9296,0.0533
1438,video_streaming,random_padding,benign,benign,1,0.9376,0.0306,0.0319
1439,web_browsing,fragmentation+dummy_injection+tunnel_encapsulation,benign,benign,1,0.8711,0.0276,0.1013
1440,data_exfiltration,none,malicious_plain,malicious_plain,1,0.0128,0.9620,0.0252
1441,reverse_shell,none,malicious_plain,malicious_plain,1,0.0202,0.8575,0.1223
1442,reverse_shell,constant_rate_shaping,malicious_obfuscated,malicious_obfuscated,1,0.1637,0.0223,0.8140
1443,data_exfiltration,dummy_injection+tunnel_encapsulation,malicious_obfuscated,malicious_obfuscated,1,0.0693,0.0113,0.9194
1444,brute_force,block_padding+constant_rate_shaping,malicious_obfuscated,malicious_obfuscated,1,0.3657,0.0432,0.5911
1445,file_download,none,benign,benign,1,0.9606,0.0232,0.0161
1446,c2_beacon,none,malicious_plain,malicious_plain,1,0.0133,0.9707,0.0160
1447,c2_beacon,none,malicious_plain,malicious_plain,1,0.0096,0.9761,0.0143
1448,file_download,none,benign,benign,1,0.9461,0.0281,0.0259
1449,brute_force,fragmentation+block_padding+random_padding,malicious_obfuscated,malicious_obfuscated,1,0.0273,0.0340,0.9387
1450,brute_force,none,malicious_plain,malicious_plain,1,0.0250,0.8351,0.1400
1451,file_download,none,benign,benign,1,0.9401,0.0292,0.0307
1452,video_streaming,none,benign,benign,1,0.9317,0.0324,0.0359
1453,video_streaming,random_padding+timing_jitter,benign,benign,1,0.9612,0.0220,0.0168
1454,brute_force,none,malicious_plain,malicious_plain,1,0.0348,0.8843,0.0808
1455,web_browsing,none,benign,benign,1,0.9282,0.0300,0.0418
1456,brute_force,constant_rate_shaping,malicious_obfuscated,malicious_obfuscated,1,0.2520,0.0194,0.7286
1457,ddos_flood,random_padding,malicious_obfuscated,malicious_obfuscated,1,0.0287,0.0297,0.9416
1458,reverse_shell,dummy_injection,malicious_obfuscated,malicious_obfuscated,1,0.0546,0.0425,0.9029
1459,data_exfiltration,protocol_mimicry+constant_rate_shaping,malicious_obfuscated,malicious_obfuscated,1,0.0741,0.0256,0.9003
1460,video_streaming,none,benign,benign,1,0.9401,0.0338,0.0261
1461,data_exfiltration,block_padding+random_padding,malicious_obfuscated,malicious_plain,0,0.0391,0.5377,0.4232
1462,reverse_shell,none,malicious_plain,malicious_plain,1,0.0108,0.9679,0.0213
1463,web_browsing,fragmentation+timing_jitter,benign,benign,1,0.6416,0.0387,0.3197
1464,ssh_interactive,none,benign,benign,1,0.9504,0.0255,0.0240
1465,ddos_flood,none,malicious_plain,malicious_plain,1,0.0248,0.9189,0.0563
1466,c2_beacon,none,malicious_plain,malicious_plain,1,0.0198,0.8527,0.1275
1467,ddos_flood,fragmentation+dummy_injection,malicious_obfuscated,malicious_obfuscated,1,0.0330,0.0316,0.9354
1468,port_scan,fragmentation+block_padding+timing_jitter,malicious_obfuscated,malicious_obfuscated,1,0.0135,0.0188,0.9678
1469,ddos_flood,none,malicious_plain,malicious_plain,1,0.0283,0.9026,0.0692
1470,c2_beacon,block_padding+random_padding,malicious_obfuscated,malicious_obfuscated,1,0.0155,0.0257,0.9588
1471,port_scan,timing_jitter+constant_rate_shaping,malicious_obfuscated,malicious_obfuscated,1,0.1529,0.0134,0.8337
1472,reverse_shell,none,malicious_plain,malicious_plain,1,0.0080,0.9787,0.0133
1473,file_download,dummy_injection+timing_jitter+tunnel_encapsulation,benign,benign,1,0.7049,0.0436,0.2515
1474,data_exfiltration,fragmentation+block_padding,malicious_obfuscated,malicious_obfuscated,1,0.0297,0.0308,0.9395
1475,reverse_shell,fragmentation+random_padding+tunnel_encapsulation,malicious_obfuscated,malicious_obfuscated,1,0.0226,0.0342,0.9432
1476,c2_beacon,random_padding+timing_jitter+tunnel_encapsulation,malicious_obfuscated,malicious_obfuscated,1,0.0158,0.0088,0.9755
1477,port_scan,block_padding+timing_jitter+tunnel_encapsulation,malicious_obfuscated,malicious_obfuscated,1,0.0214,0.0187,0.9600
1478,video_streaming,timing_jitter,benign,benign,1,0.9604,0.0224,0.0172
1479,ssh_interactive,none,benign,benign,1,0.9462,0.0269,0.0269
1480,data_exfiltration,random_padding+timing_jitter+constant_rate_shaping,malicious_obfuscated,malicious_obfuscated,1,0.1086,0.0301,0.8613
1481,video_streaming,none,benign,benign,1,0.9182,0.0419,0.0399
1482,port_scan,none,malicious_plain,malicious_plain,1,0.0210,0.9056,0.0734
1483,ddos_flood,none,malicious_plain,malicious_plain,1,0.0268,0.9032,0.0700
1484,web_browsing,none,benign,benign,1,0.9696,0.0178,0.0126
1485,ddos_flood,fragmentation,malicious_obfuscated,malicious_plain,0,0.0264,0.8719,0.1018
1486,voip,none,benign,benign,1,0.9632,0.0202,0.0166
1487,c2_beacon,fragmentation+block_padding+tunnel_encapsulation,malicious_obfuscated,malicious_obfuscated,1,0.0241,0.0289,0.9470
1488,brute_force,none,malicious_plain,malicious_plain,1,0.0194,0.9062,0.0744
1489,ddos_flood,block_padding+dummy_injection+timing_jitter,malicious_obfuscated,malicious_obfuscated,1,0.0172,0.0254,0.9574
1490,data_exfiltration,none,malicious_plain,malicious_plain,1,0.0297,0.9431,0.0272
1491,port_scan,none,malicious_plain,malicious_plain,1,0.0249,0.8836,0.0914
1492,ddos_flood,random_padding+timing_jitter+tunnel_encapsulation,malicious_obfuscated,malicious_obfuscated,1,0.0249,0.0340,0.9411
1493,c2_beacon,random_padding+tunnel_encapsulation,malicious_obfuscated,malicious_obfuscated,1,0.0113,0.0674,0.9214
1494,voip,none,benign,benign,1,0.9597,0.0201,0.0202
1495,voip,none,benign,benign,1,0.9519,0.0199,0.0282
1496,file_download,protocol_mimicry+fragmentation,benign,benign,1,0.7533,0.0413,0.2054
1497,ddos_flood,timing_jitter+constant_rate_shaping,malicious_obfuscated,malicious_obfuscated,1,0.0589,0.0204,0.9207
1498,reverse_shell,none,malicious_plain,malicious_plain,1,0.0115,0.9674,0.0211
1499,web_browsing,none,benign,benign,1,0.9521,0.0284,0.0195
1500,reverse_shell,protocol_mimicry+dummy_injection+tunnel_encapsulation,malicious_obfuscated,malicious_obfuscated,1,0.2098,0.0285,0.7616
1501,file_download,none,benign,benign,1,0.9411,0.0295,0.0294
1502,data_exfiltration,none,malicious_plain,malicious_plain,1,0.0176,0.9614,0.0210
1503,reverse_shell,dummy_injection+timing_jitter+tunnel_encapsulation,malicious_obfuscated,malicious_obfuscated,1,0.0373,0.0105,0.9522
1504,port_scan,none,malicious_plain,malicious_plain,1,0.0148,0.9206,0.0646
1505,data_exfiltration,random_padding,malicious_obfuscated,malicious_plain,0,0.0296,0.8241,0.1464
1506,ddos_flood,dummy_injection,malicious_obfuscated,malicious_obfuscated,1,0.0172,0.0165,0.9663
1507,brute_force,block_padding,malicious_obfuscated,malicious_obfuscated,1,0.0245,0.1260,0.8495
1508,data_exfiltration,fragmentation+constant_rate_shaping,malicious_obfuscated,malicious_obfuscated,1,0.1902,0.0312,0.7786
1509,file_download,none,benign,benign,1,0.9437,0.0286,0.0277
1510,video_streaming,none,benign,benign,1,0.9418,0.0328,0.0255
1511,voip,none,benign,benign,1,0.9526,0.0205,0.0269
1512,ssh_interactive,none,benign,benign,1,0.9607,0.0207,0.0185
1513,brute_force,none,malicious_plain,malicious_plain,1,0.0171,0.9290,0.0539
1514,port_scan,none,malicious_plain,malicious_plain,1,0.0163,0.9442,0.0395
1515,c2_beacon,none,malicious_plain,malicious_plain,1,0.0122,0.9724,0.0154
1516,video_streaming,timing_jitter+constant_rate_shaping,benign,malicious_obfuscated,0,0.2892,0.0357,0.6751
1517,ddos_flood,tunnel_encapsulation,malicious_obfuscated,malicious_obfuscated,1,0.0494,0.1318,0.8188
1518,ssh_interactive,protocol_mimicry,benign,malicious_obfuscated,0,0.1060,0.0291,0.8649
1519,brute_force,none,malicious_plain,malicious_plain,1,0.0194,0.9147,0.0659
1520,file_download,none,benign,benign,1,0.9452,0.0263,0.0285
1521,port_scan,dummy_injection,malicious_obfuscated,malicious_obfuscated,1,0.0237,0.0241,0.9522
1522,ddos_flood,block_padding,malicious_obfuscated,malicious_obfuscated,1,0.0266,0.0365,0.9369
1523,web_browsing,none,benign,benign,1,0.9400,0.0258,0.0341
1524,c2_beacon,timing_jitter,malicious_obfuscated,malicious_plain,0,0.0158,0.9372,0.0470
1525,c2_beacon,block_padding+random_padding+tunnel_encapsulation,malicious_obfuscated,malicious_obfuscated,1,0.0246,0.0274,0.9480
1526,voip,none,benign,benign,1,0.9580,0.0203,0.0216
1527,brute_force,fragmentation+constant_rate_shaping,malicious_obfuscated,benign,0,0.6623,0.0552,0.2824
1528,c2_beacon,fragmentation+block_padding+timing_jitter,malicious_obfuscated,malicious_obfuscated,1,0.0170,0.0312,0.9518
1529,reverse_shell,none,malicious_plain,malicious_plain,1,0.0586,0.7527,0.1887
1530,c2_beacon,block_padding+timing_jitter+constant_rate_shaping,malicious_obfuscated,malicious_obfuscated,1,0.0685,0.0163,0.9152
1531,reverse_shell,none,malicious_plain,malicious_plain,1,0.0191,0.8878,0.0931
1532,video_streaming,none,benign,benign,1,0.9135,0.0441,0.0424
1533,c2_beacon,none,malicious_plain,malicious_plain,1,0.0184,0.8841,0.0974
1534,ddos_flood,protocol_mimicry+timing_jitter+tunnel_encapsulation,malicious_obfuscated,malicious_obfuscated,1,0.0176,0.0202,0.9623
1535,brute_force,constant_rate_shaping,malicious_obfuscated,malicious_obfuscated,1,0.1696,0.0179,0.8125
1536,data_exfiltration,none,malicious_plain,malicious_plain,1,0.0216,0.9537,0.0246
1537,ddos_flood,none,malicious_plain,malicious_plain,1,0.0248,0.9292,0.0461
1538,ssh_interactive,none,benign,benign,1,0.9538,0.0227,0.0235
1539,brute_force,none,malicious_plain,malicious_plain,1,0.0184,0.9337,0.0478
1540,web_browsing,none,benign,benign,1,0.9500,0.0201,0.0299
1541,video_streaming,none,benign,benign,1,0.9412,0.0333,0.0256
1542,video_streaming,protocol_mimicry+random_padding+timing_jitter,benign,benign,1,0.9436,0.0196,0.0368
1543,file_download,none,benign,benign,1,0.9406,0.0303,0.0291
1544,reverse_shell,protocol_mimicry,malicious_obfuscated,malicious_obfuscated,1,0.4088,0.0456,0.5456
1545,file_download,fragmentation+block_padding,benign,benign,1,0.9193,0.0282,0.0525
1546,ssh_interactive,block_padding+timing_jitter+tunnel_encapsulation,benign,benign,1,0.9393,0.0183,0.0424
1547,voip,protocol_mimicry,benign,benign,1,0.9651,0.0167,0.0182
1548,port_scan,protocol_mimicry+timing_jitter+tunnel_encapsulation,malicious_obfuscated,malicious_obfuscated,1,0.0122,0.0198,0.9681
1549,file_download,none,benign,benign,1,0.9457,0.0204,0.0339
1550,reverse_shell,protocol_mimicry+block_padding+dummy_injection,malicious_obfuscated,benign,0,0.5193,0.0385,0.4422
1551,data_exfiltration,protocol_mimicry+block_padding+tunnel_encapsulation,malicious_obfuscated,malicious_obfuscated,1,0.0103,0.0076,0.9821
1552,c2_beacon,fragmentation+dummy_injection+constant_rate_shaping,malicious_obfuscated,malicious_obfuscated,1,0.2206,0.0219,0.7574
1553,web_browsing,protocol_mimicry+constant_rate_shaping+tunnel_encapsulation,benign,malicious_obfuscated,0,0.2829,0.0281,0.6891
1554,file_download,protocol_mimicry+constant_rate_shaping+tunnel_encapsulation,benign,benign,1,0.8954,0.0285,0.0762
1555,voip,none,benign,benign,1,0.9479,0.0189,0.0332
1556,brute_force,none,malicious_plain,malicious_plain,1,0.0168,0.9288,0.0544
1557,c2_beacon,fragmentation,malicious_obfuscated,malicious_obfuscated,1,0.0180,0.0343,0.9477
1558,c2_beacon,none,malicious_plain,malicious_plain,1,0.0116,0.9537,0.0347
1559,brute_force,none,malicious_plain,malicious_plain,1,0.0221,0.9120,0.0658
1560,data_exfiltration,random_padding+dummy_injection+constant_rate_shaping,malicious_obfuscated,malicious_obfuscated,1,0.3051,0.0631,0.6318
1561,brute_force,constant_rate_shaping,malicious_obfuscated,benign,0,0.5706,0.0341,0.3953
1562,reverse_shell,none,malicious_plain,malicious_plain,1,0.0378,0.9127,0.0495
1563,ddos_flood,none,malicious_plain,malicious_plain,1,0.0218,0.9133,0.0649
1564,brute_force,random_padding+constant_rate_shaping,malicious_obfuscated,malicious_obfuscated,1,0.1985,0.0323,0.7691
1565,brute_force,none,malicious_plain,malicious_plain,1,0.0207,0.9219,0.0574
1566,ddos_flood,random_padding,malicious_obfuscated,malicious_obfuscated,1,0.0162,0.0279,0.9559
1567,video_streaming,none,benign,benign,1,0.9386,0.0347,0.0267
1568,file_download,protocol_mimicry+constant_rate_shaping,benign,benign,1,0.9346,0.0226,0.0428
1569,voip,none,benign,benign,1,0.9463,0.0210,0.0327
1570,brute_force,dummy_injection+timing_jitter,malicious_obfuscated,malicious_obfuscated,1,0.0105,0.0183,0.9712
1571,web_browsing,none,benign,benign,1,0.9725,0.0164,0.0111
1572,brute_force,none,malicious_plain,malicious_plain,1,0.0173,0.9284,0.0542
1573,port_scan,none,malicious_plain,malicious_plain,1,0.0370,0.7272,0.2357
1574,ssh_interactive,none,benign,benign,1,0.9434,0.0260,0.0307
1575,voip,random_padding+tunnel_encapsulation,benign,benign,1,0.8470,0.0190,0.1340
1576,reverse_shell,none,malicious_plain,malicious_plain,1,0.1074,0.8072,0.0854
1577,port_scan,dummy_injection+constant_rate_shaping+tunnel_encapsulation,malicious_obfuscated,malicious_obfuscated,1,0.0288,0.0252,0.9460
1578,data_exfiltration,random_padding+constant_rate_shaping,malicious_obfuscated,malicious_obfuscated,1,0.0131,0.0167,0.9702
1579,data_exfiltration,random_padding+constant_rate_shaping,malicious_obfuscated,malicious_obfuscated,1,0.0363,0.0196,0.9441
1580,ssh_interactive,none,benign,benign,1,0.9242,0.0348,0.0410
1581,brute_force,block_padding+dummy_injection+tunnel_encapsulation,malicious_obfuscated,malicious_obfuscated,1,0.1084,0.0254,0.8662
1582,ddos_flood,none,malicious_plain,malicious_plain,1,0.0586,0.6625,0.2789
1583,ssh_interactive,protocol_mimicry+block_padding+dummy_injection,benign,benign,1,0.7958,0.0536,0.1506
1584,ssh_interactive,none,benign,benign,1,0.8998,0.0440,0.0562
1585,ddos_flood,dummy_injection+constant_rate_shaping,malicious_obfuscated,malicious_obfuscated,1,0.2516,0.0297,0.7187
1586,data_exfiltration,protocol_mimicry+block_padding,malicious_obfuscated,malicious_obfuscated,1,0.0210,0.0196,0.9594
1587,reverse_shell,none,malicious_plain,malicious_plain,1,0.0095,0.9706,0.0199
1588,ddos_flood,none,malicious_plain,malicious_plain,1,0.0244,0.9196,0.0560
1589,reverse_shell,none,malicious_plain,malicious_plain,1,0.0182,0.9604,0.0214
1590,brute_force,block_padding+dummy_injection,malicious_obfuscated,malicious_obfuscated,1,0.0311,0.0231,0.9458
1591,ddos_flood,none,malicious_plain,malicious_plain,1,0.0258,0.9035,0.0707
1592,port_scan,none,malicious_plain,malicious_plain,1,0.0182,0.9215,0.0603
1593,data_exfiltration,protocol_mimicry+dummy_injection+tunnel_encapsulation,malicious_obfuscated,malicious_obfuscated,1,0.0111,0.0157,0.9732
1594,c2_beacon,protocol_mimicry+random_padding+constant_rate_shaping,malicious_obfuscated,malicious_obfuscated,1,0.1746,0.0522,0.7732
1595,ddos_flood,none,malicious_plain,malicious_plain,1,0.0491,0.6781,0.2728
1596,brute_force,timing_jitter+constant_rate_shaping,malicious_obfuscated,malicious_obfuscated,1,0.0887,0.0072,0.9041
1597,port_scan,none,malicious_plain,malicious_plain,1,0.0163,0.9207,0.0630
1598,video_streaming,none,benign,benign,1,0.9341,0.0342,0.0318
1599,file_download,none,benign,benign,1,0.9403,0.0281,0.0315
1600,data_exfiltration,none,malicious_plain,malicious_plain,1,0.0272,0.9190,0.0538
1601,port_scan,block_padding+timing_jitter+constant_rate_shaping,malicious_obfuscated,malicious_obfuscated,1,0.0549,0.0181,0.9270
1602,port_scan,none,malicious_plain,malicious_plain,1,0.0120,0.9473,0.0407
1603,ssh_interactive,none,benign,benign,1,0.9512,0.0261,0.0227
1604,ssh_interactive,protocol_mimicry+constant_rate_shaping,benign,benign,1,0.5289,0.0166,0.4544
1605,ddos_flood,protocol_mimicry+random_padding+dummy_injection,malicious_obfuscated,malicious_obfuscated,1,0.0180,0.0140,0.9680
1606,brute_force,none,malicious_plain,malicious_plain,1,0.0249,0.9025,0.0726
1607,port_scan,none,malicious_plain,malicious_plain,1,0.0196,0.9210,0.0594
1608,video_streaming,block_padding+constant_rate_shaping,benign,benign,1,0.8644,0.0408,0.0948
1609,video_streaming,none,benign,benign,1,0.9413,0.0355,0.0232
1610,web_browsing,none,benign,benign,1,0.9652,0.0220,0.0128
1611,port_scan,protocol_mimicry+timing_jitter,malicious_obfuscated,malicious_obfuscated,1,0.0159,0.0245,0.9595
1612,data_exfiltration,protocol_mimicry+fragmentation+constant_rate_shaping,malicious_obfuscated,malicious_obfuscated,1,0.0314,0.0151,0.9535
1613,web_browsing,none,benign,benign,1,0.9631,0.0218,0.0151
1614,c2_beacon,timing_jitter,malicious_obfuscated,malicious_plain,0,0.0162,0.8838,0.1000
1615,reverse_shell,none,malicious_plain,malicious_plain,1,0.0229,0.9202,0.0570
1616,video_streaming,protocol_mimicry+tunnel_encapsulation,benign,benign,1,0.9438,0.0198,0.0365
1617,voip,none,benign,benign,1,0.9559,0.0177,0.0264
1618,reverse_shell,protocol_mimicry+block_padding,malicious_obfuscated,malicious_obfuscated,1,0.0647,0.0240,0.9113
1619,ddos_flood,none,malicious_plain,malicious_plain,1,0.0352,0.8614,0.1034
1620,c2_beacon,random_padding+timing_jitter+tunnel_encapsulation,malicious_obfuscated,malicious_obfuscated,1,0.0087,0.0122,0.9791
1621,reverse_shell,timing_jitter+tunnel_encapsulation,malicious_obfuscated,malicious_obfuscated,1,0.0698,0.0233,0.9069
1622,port_scan,protocol_mimicry+block_padding+random_padding,malicious_obfuscated,malicious_obfuscated,1,0.0153,0.0240,0.9607
1623,voip,dummy_injection+timing_jitter+constant_rate_shaping,benign,malicious_obfuscated,0,0.2470,0.0403,0.7127
1624,video_streaming,none,benign,benign,1,0.9501,0.0283,0.0217
1625,ddos_flood,fragmentation+block_padding+dummy_injection,malicious_obfuscated,malicious_obfuscated,1,0.0287,0.0130,0.9583
1626,web_browsing,fragmentation+timing_jitter,benign,benign,1,0.8638,0.0240,0.1122
1627,video_streaming,none,benign,benign,1,0.9469,0.0277,0.0254
1628,voip,random_padding,benign,benign,1,0.8647,0.0192,0.1161
1629,web_browsing,none,benign,benign,1,0.8965,0.0535,0.0500
1630,voip,protocol_mimicry+random_padding+dummy_injection,benign,malicious_obfuscated,0,0.3773,0.0441,0.5786
1631,web_browsing,none,benign,benign,1,0.9614,0.0244,0.0142
1632,brute_force,random_padding+dummy_injection+constant_rate_shaping,malicious_obfuscated,malicious_obfuscated,1,0.2988,0.0355,0.6658
1633,ddos_flood,none,malicious_plain,malicious_plain,1,0.0385,0.8122,0.1494
1634,voip,block_padding+timing_jitter+tunnel_encapsulation,benign,malicious_obfuscated,0,0.1528,0.0185,0.8288
1635,reverse_shell,tunnel_encapsulation,malicious_obfuscated,malicious_obfuscated,1,0.0119,0.0156,0.9725
1636,ssh_interactive,none,benign,benign,1,0.9187,0.0377,0.0436
1637,ddos_flood,random_padding,malicious_obfuscated,malicious_plain,0,0.0258,0.9042,0.0700
1638,reverse_shell,protocol_mimicry+tunnel_encapsulation,malicious_obfuscated,malicious_obfuscated,1,0.1833,0.0158,0.8008
1639,file_download,none,benign,benign,1,0.9290,0.0329,0.0381
1640,port_scan,dummy_injection+timing_jitter,malicious_obfuscated,malicious_obfuscated,1,0.0317,0.0409,0.9274
1641,port_scan,tunnel_encapsulation,malicious_obfuscated,malicious_obfuscated,1,0.0097,0.0100,0.9803
1642,ddos_flood,fragmentation+random_padding+dummy_injection,malicious_obfuscated,malicious_obfuscated,1,0.0322,0.0099,0.9579
1643,data_exfiltration,dummy_injection+timing_jitter,malicious_obfuscated,malicious_obfuscated,1,0.0240,0.0243,0.9517
1644,port_scan,none,malicious_plain,malicious_plain,1,0.0192,0.9336,0.0472
1645,brute_force,fragmentation+constant_rate_shaping,malicious_obfuscated,malicious_obfuscated,1,0.1012,0.0151,0.8837
1646,video_streaming,none,benign,benign,1,0.9434,0.0333,0.0233
1647,ddos_flood,none,malicious_plain,malicious_plain,1,0.0268,0.9017,0.0714
1648,port_scan,timing_jitter+constant_rate_shaping,malicious_obfuscated,malicious_obfuscated,1,0.0152,0.0129,0.9719
1649,brute_force,none,malicious_plain,malicious_plain,1,0.0179,0.9022,0.0799
1650,ddos_flood,none,malicious_plain,malicious_plain,1,0.0371,0.8465,0.1164
1651,reverse_shell,dummy_injection,malicious_obfuscated,malicious_obfuscated,1,0.0113,0.0046,0.9841
1652,file_download,none,benign,benign,1,0.9395,0.0299,0.0307
1653,data_exfiltration,none,malicious_plain,malicious_plain,1,0.0294,0.9493,0.0213
1654,c2_beacon,none,malicious_plain,malicious_plain,1,0.0117,0.9696,0.0188
1655,video_streaming,fragmentation+dummy_injection,benign,benign,1,0.7545,0.0369,0.2086
1656,data_exfiltration,none,malicious_plain,malicious_plain,1,0.0238,0.9519,0.0243
1657,reverse_shell,protocol_mimicry+dummy_injection+tunnel_encapsulation,malicious_obfuscated,malicious_obfuscated,1,0.0492,0.0148,0.9360
1658,c2_beacon,none,malicious_plain,malicious_plain,1,0.0138,0.9671,0.0191
1659,data_exfiltration,none,malicious_plain,malicious_plain,1,0.0244,0.9519,0.0237
1660,voip,none,benign,benign,1,0.9634,0.0204,0.0161
1661,c2_beacon,fragmentation+block_padding+timing_jitter,malicious_obfuscated,malicious_obfuscated,1,0.0225,0.0470,0.9305
1662,video_streaming,none,benign,benign,1,0.9495,0.0287,0.0218
1663,data_exfiltration,timing_jitter,malicious_obfuscated,malicious_obfuscated,1,0.0162,0.0432,0.9406
1664,brute_force,protocol_mimicry+block_padding+constant_rate_shaping,malicious_obfuscated,malicious_obfuscated,1,0.0320,0.0271,0.9409
1665,brute_force,tunnel_encapsulation,malicious_obfuscated,malicious_obfuscated,1,0.0477,0.0386,0.9137
1666,file_download,none,benign,benign,1,0.9396,0.0323,0.0281
1667,video_streaming,protocol_mimicry+block_padding,benign,benign,1,0.9216,0.0251,0.0533
1668,ssh_interactive,none,benign,benign,1,0.9306,0.0351,0.0342
1669,brute_force,none,malicious_plain,malicious_plain,1,0.0207,0.9242,0.0552
1670,brute_force,none,malicious_plain,malicious_plain,1,0.0206,0.9381,0.0412
1671,c2_beacon,none,malicious_plain,malicious_plain,1,0.0152,0.9626,0.0222
1672,c2_beacon,none,malicious_plain,malicious_plain,1,0.0073,0.9579,0.0347
1673,c2_beacon,none,malicious_plain,malicious_plain,1,0.0156,0.9269,0.0575
1674,web_browsing,none,benign,benign,1,0.9610,0.0192,0.0198
1675,ddos_flood,none,malicious_plain,malicious_plain,1,0.0244,0.8976,0.0780
1676,port_scan,none,malicious_plain,malicious_plain,1,0.0208,0.9046,0.0747
1677,data_exfiltration,none,malicious_plain,malicious_plain,1,0.0227,0.9415,0.0358
1678,ddos_flood,none,malicious_plain,malicious_plain,1,0.0265,0.8741,0.0994
1679,port_scan,none,malicious_plain,malicious_plain,1,0.0233,0.9220,0.0547
1680,data_exfiltration,none,malicious_plain,malicious_plain,1,0.0343,0.9383,0.0274
1681,reverse_shell,block_padding+dummy_injection+constant_rate_shaping,malicious_obfuscated,benign,0,0.5520,0.0221,0.4259
1682,file_download,fragmentation+block_padding,benign,benign,1,0.9092,0.0325,0.0583
1683,file_download,none,benign,benign,1,0.9464,0.0274,0.0262
1684,video_streaming,none,benign,benign,1,0.9609,0.0232,0.0159
1685,data_exfiltration,none,malicious_plain,malicious_plain,1,0.0167,0.9586,0.0247
1686,video_streaming,none,benign,benign,1,0.9279,0.0378,0.0344
1687,c2_beacon,fragmentation+dummy_injection,malicious_obfuscated,malicious_obfuscated,1,0.0165,0.0194,0.9640
1688,brute_force,none,malicious_plain,malicious_plain,1,0.0225,0.9242,0.0533
1689,data_exfiltration,none,malicious_plain,malicious_plain,1,0.0284,0.9453,0.0263
1690,ssh_interactive,fragmentation+random_padding+dummy_injection,benign,benign,1,0.5830,0.0264,0.3907
1691,ssh_interactive,fragmentation+dummy_injection+timing_jitter,benign,benign,1,0.6831,0.0393,0.2776
1692,web_browsing,random_padding+timing_jitter+constant_rate_shaping,benign,malicious_obfuscated,0,0.1270,0.0299,0.8431
1693,ddos_flood,protocol_mimicry,malicious_obfuscated,malicious_obfuscated,1,0.0224,0.0265,0.9511
1694,c2_beacon,none,malicious_plain,malicious_plain,1,0.0175,0.9065,0.0760
1695,web_browsing,block_padding,benign,benign,1,0.9269,0.0317,0.0414
1696,ddos_flood,none,malicious_plain,malicious_plain,1,0.0341,0.8503,0.1155
1697,file_download,none,benign,benign,1,0.9392,0.0257,0.0351
1698,data_exfiltration,none,malicious_plain,malicious_plain,1,0.0148,0.9657,0.0194
1699,ddos_flood,block_padding+constant_rate_shaping,malicious_obfuscated,malicious_obfuscated,1,0.0181,0.0129,0.9690
1700,ddos_flood,protocol_mimicry+timing_jitter,malicious_obfuscated,malicious_obfuscated,1,0.0176,0.0243,0.9582
1701,brute_force,none,malicious_plain,malicious_plain,1,0.0198,0.9229,0.0572
1702,port_scan,protocol_mimicry+fragmentation+timing_jitter,malicious_obfuscated,malicious_obfuscated,1,0.0263,0.0378,0.9359
1703,port_scan,constant_rate_shaping+tunnel_encapsulation,malicious_obfuscated,malicious_obfuscated,1,0.0328,0.0198,0.9474
1704,voip,protocol_mimicry,benign,benign,1,0.4897,0.0490,0.4614
1705,port_scan,none,malicious_plain,malicious_plain,1,0.0163,0.9323,0.0514
1706,c2_beacon,none,malicious_plain,malicious_plain,1,0.0153,0.9639,0.0208
1707,c2_beacon,fragmentation+random_padding+timing_jitter,malicious_obfuscated,malicious_obfuscated,1,0.0147,0.0213,0.9639
1708,data_exfiltration,none,malicious_plain,malicious_plain,1,0.0277,0.9404,0.0319
1709,file_download,constant_rate_shaping,benign,benign,1,0.9024,0.0228,0.0748
1710,video_streaming,tunnel_encapsulation,benign,benign,1,0.9733,0.0140,0.0127
1711,voip,none,benign,benign,1,0.9665,0.0192,0.0143
1712,brute_force,timing_jitter+constant_rate_shaping,malicious_obfuscated,malicious_obfuscated,1,0.2363,0.0264,0.7373
1713,file_download,none,benign,benign,1,0.9324,0.0326,0.0350
1714,brute_force,block_padding+constant_rate_shaping,malicious_obfuscated,malicious_obfuscated,1,0.1539,0.0097,0.8364
1715,ddos_flood,none,malicious_plain,malicious_plain,1,0.0211,0.9265,0.0524
1716,data_exfiltration,random_padding+dummy_injection+tunnel_encapsulation,malicious_obfuscated,malicious_obfuscated,1,0.0501,0.0106,0.9394
1717,ddos_flood,none,malicious_plain,malicious_plain,1,0.0264,0.8848,0.0889
1718,file_download,none,benign,benign,1,0.9388,0.0282,0.0330
1719,port_scan,none,malicious_plain,malicious_plain,1,0.0151,0.9446,0.0403
1720,ddos_flood,none,malicious_plain,malicious_plain,1,0.0283,0.9254,0.0463
1721,ssh_interactive,none,benign,benign,1,0.9368,0.0293,0.0340
1722,brute_force,none,malicious_plain,malicious_plain,1,0.0213,0.9247,0.0539
1723,ddos_flood,protocol_mimicry+block_padding+timing_jitter,malicious_obfuscated,malicious_obfuscated,1,0.0211,0.0208,0.9581
1724,reverse_shell,dummy_injection+timing_jitter,malicious_obfuscated,malicious_obfuscated,1,0.0681,0.0494,0.8826
1725,video_streaming,tunnel_encapsulation,benign,benign,1,0.9704,0.0146,0.0150
1726,port_scan,block_padding+random_padding+dummy_injection,malicious_obfuscated,malicious_obfuscated,1,0.0415,0.0307,0.9278
1727,file_download,none,benign,benign,1,0.9536,0.0256,0.0208
1728,brute_force,none,malicious_plain,malicious_plain,1,0.0244,0.9145,0.0611
1729,c2_beacon,protocol_mimicry+timing_jitter+tunnel_encapsulation,malicious_obfuscated,malicious_obfuscated,1,0.0349,0.0154,0.9497
1730,web_browsing,none,benign,benign,1,0.9515,0.0285,0.0200
1731,reverse_shell,block_padding+random_padding,malicious_obfuscated,malicious_obfuscated,1,0.0151,0.0500,0.9349
1732,c2_beacon,none,malicious_plain,malicious_plain,1,0.0188,0.9494,0.0318
1733,web_browsing,none,benign,benign,1,0.8414,0.0397,0.1189
1734,brute_force,fragmentation+constant_rate_shaping,malicious_obfuscated,malicious_obfuscated,1,0.2034,0.0344,0.7622
1735,file_download,protocol_mimicry+random_padding+timing_jitter,benign,benign,1,0.8654,0.0318,0.1027
1736,brute_force,none,malicious_plain,malicious_plain,1,0.0249,0.8931,0.0820
1737,port_scan,dummy_injection+constant_rate_shaping+tunnel_encapsulation,malicious_obfuscated,malicious_obfuscated,1,0.0142,0.0124,0.9733
1738,ssh_interactive,none,benign,benign,1,0.9564,0.0225,0.0211
1739,port_scan,block_padding+random_padding+dummy_injection,malicious_obfuscated,malicious_obfuscated,1,0.0462,0.0116,0.9422
1740,file_download,none,benign,benign,1,0.9298,0.0350,0.0352
1741,reverse_shell,none,malicious_plain,malicious_plain,1,0.0059,0.9763,0.0179
1742,reverse_shell,none,malicious_plain,malicious_plain,1,0.0385,0.9422,0.0193
1743,ddos_flood,fragmentation+random_padding+dummy_injection,malicious_obfuscated,malicious_obfuscated,1,0.0236,0.0138,0.9625
1744,ssh_interactive,fragmentation+dummy_injection+tunnel_encapsulation,benign,benign,1,0.8652,0.0229,0.1119
1745,file_download,protocol_mimicry+dummy_injection+timing_jitter,benign,malicious_obfuscated,0,0.1808,0.0376,0.7815
1746,web_browsing,block_padding+random_padding+tunnel_encapsulation,benign,benign,1,0.9618,0.0201,0.0181
1747,reverse_shell,none,malicious_plain,malicious_plain,1,0.0218,0.9657,0.0125
1748,reverse_shell,fragmentation+block_padding+random_padding,malicious_obfuscated,malicious_obfuscated,1,0.0245,0.0290,0.9465
1749,port_scan,dummy_injection+constant_rate_shaping,malicious_obfuscated,benign,0,0.7903,0.0195,0.1902
1750,c2_beacon,none,malicious_plain,malicious_plain,1,0.0098,0.9662,0.0240
1751,data_exfiltration,none,malicious_plain,malicious_plain,1,0.0274,0.9350,0.0376
1752,brute_force,random_padding,malicious_obfuscated,malicious_plain,0,0.0177,0.9111,0.0711
1753,c2_beacon,protocol_mimicry+dummy_injection,malicious_obfuscated,benign,0,0.5752,0.0339,0.3909
1754,data_exfiltration,random_padding,malicious_obfuscated,malicious_obfuscated,1,0.0451,0.1651,0.7898
1755,video_streaming,none,benign,benign,1,0.9407,0.0298,0.0295
1756,brute_force,none,malicious_plain,malicious_plain,1,0.0379,0.8853,0.0768
1757,video_streaming,none,benign,benign,1,0.9530,0.0280,0.0190
1758,video_streaming,none,benign,benign,1,0.9180,0.0343,0.0477
1759,ssh_interactive,dummy_injection,benign,benign,1,0.8365,0.0438,0.1197
1760,web_browsing,none,benign,benign,1,0.9626,0.0210,0.0164
1761,voip,protocol_mimicry+timing_jitter,benign,benign,1,0.7372,0.0356,0.2272
1762,ddos_flood,none,malicious_plain,malicious_plain,1,0.0262,0.9024,0.0715
1763,data_exfiltration,none,malicious_plain,malicious_plain,1,0.0168,0.9551,0.0281
1764,port_scan,none,malicious_plain,malicious_plain,1,0.0166,0.9309,0.0526
1765,data_exfiltration,none,malicious_plain,malicious_plain,1,0.0205,0.9501,0.0294
1766,port_scan,protocol_mimicry+fragmentation,malicious_obfuscated,malicious_obfuscated,1,0.0079,0.0140,0.9781
1767,ddos_flood,random_padding,malicious_obfuscated,malicious_obfuscated,1,0.0220,0.0253,0.9526
1768,voip,timing_jitter+constant_rate_shaping,benign,malicious_obfuscated,0,0.1694,0.0140,0.8166
1769,brute_force,none,malicious_plain,malicious_plain,1,0.0161,0.9370,0.0469
1770,ddos_flood,random_padding+constant_rate_shaping,malicious_obfuscated,malicious_obfuscated,1,0.0276,0.0345,0.9378
1771,ddos_flood,random_padding+dummy_injection,malicious_obfuscated,malicious_obfuscated,1,0.0305,0.0079,0.9616
1772,web_browsing,none,benign,benign,1,0.9438,0.0355,0.0207
1773,data_exfiltration,none,malicious_plain,malicious_plain,1,0.0272,0.9391,0.0337
1774,data_exfiltration,block_padding+dummy_injection,malicious_obfuscated,malicious_obfuscated,1,0.0223,0.0141,0.9636
1775,c2_beacon,none,malicious_plain,malicious_plain,1,0.0330,0.8796,0.0874
1776,c2_beacon,timing_jitter,malicious_obfuscated,malicious_plain,0,0.0154,0.9331,0.0514
1777,port_scan,random_padding+constant_rate_shaping,malicious_obfuscated,malicious_obfuscated,1,0.0159,0.0311,0.9529
1778,brute_force,none,malicious_plain,malicious_plain,1,0.0202,0.8497,0.1301
1779,ddos_flood,none,malicious_plain,malicious_plain,1,0.0274,0.9020,0.0707
1780,voip,protocol_mimicry,benign,benign,1,0.9464,0.0181,0.0355
1781,video_streaming,none,benign,benign,1,0.9441,0.0301,0.0258
1782,file_download,none,benign,benign,1,0.9519,0.0254,0.0227
1783,ddos_flood,none,malicious_plain,malicious_plain,1,0.0217,0.9302,0.0481
1784,ddos_flood,block_padding,malicious_obfuscated,malicious_plain,0,0.0319,0.8030,0.1651
1785,voip,none,benign,benign,1,0.9597,0.0186,0.0217
1786,web_browsing,none,benign,benign,1,0.9690,0.0195,0.0115
1787,c2_beacon,none,malicious_plain,malicious_plain,1,0.0102,0.9255,0.0642
1788,web_browsing,none,benign,benign,1,0.9282,0.0304,0.0414
1789,web_browsing,protocol_mimicry,benign,benign,1,0.6204,0.0391,0.3405
1790,reverse_shell,dummy_injection,malicious_obfuscated,malicious_obfuscated,1,0.0664,0.0393,0.8943
1791,ssh_interactive,none,benign,benign,1,0.9544,0.0240,0.0215
1792,c2_beacon,fragmentation+tunnel_encapsulation,malicious_obfuscated,malicious_obfuscated,1,0.0155,0.0085,0.9760
1793,port_scan,none,malicious_plain,malicious_plain,1,0.0275,0.8727,0.0998
1794,reverse_shell,tunnel_encapsulation,malicious_obfuscated,malicious_obfuscated,1,0.0269,0.0297,0.9434
1795,ssh_interactive,none,benign,benign,1,0.9563,0.0224,0.0214
1796,file_download,protocol_mimicry+block_padding,benign,benign,1,0.9223,0.0281,0.0496
1797,ssh_interactive,none,benign,benign,1,0.9305,0.0332,0.0363
1798,reverse_shell,none,malicious_plain,malicious_plain,1,0.0077,0.9823,0.0100
1799,reverse_shell,tunnel_encapsulation,malicious_obfuscated,malicious_obfuscated,1,0.2997,0.0493,0.6510
1800,c2_beacon,none,malicious_plain,malicious_plain,1,0.0266,0.7161,0.2573
1801,c2_beacon,none,malicious_plain,malicious_plain,1,0.0194,0.9641,0.0165
1802,data_exfiltration,none,malicious_plain,malicious_plain,1,0.0140,0.9713,0.0147
1803,c2_beacon,none,malicious_plain,malicious_plain,1,0.0103,0.9732,0.0166
1804,voip,block_padding,benign,benign,1,0.8494,0.0210,0.1296
1805,brute_force,none,malicious_plain,malicious_plain,1,0.0196,0.9176,0.0627
1806,voip,none,benign,benign,1,0.9629,0.0182,0.0190
1807,c2_beacon,none,malicious_plain,malicious_plain,1,0.0198,0.9324,0.0479
1808,web_browsing,protocol_mimicry+fragmentation+dummy_injection,benign,benign,1,0.7885,0.0212,0.1903
1809,brute_force,dummy_injection,malicious_obfuscated,malicious_obfuscated,1,0.0149,0.0154,0.9697
1810,video_streaming,protocol_mimicry+tunnel_encapsulation,benign,benign,1,0.9704,0.0160,0.0136
1811,c2_beacon,none,malicious_plain,malicious_plain,1,0.0244,0.8611,0.1145
1812,voip,none,benign,benign,1,0.9514,0.0206,0.0280
1813,reverse_shell,block_padding,malicious_obfuscated,malicious_obfuscated,1,0.0400,0.3738,0.5862
1814,reverse_shell,tunnel_encapsulation,malicious_obfuscated,malicious_obfuscated,1,0.0275,0.0131,0.9593
1815,port_scan,dummy_injection,malicious_obfuscated,malicious_obfuscated,1,0.0182,0.0934,0.8883
1816,video_streaming,none,benign,benign,1,0.9178,0.0399,0.0423
1817,voip,none,benign,benign,1,0.9460,0.0208,0.0331
1818,ddos_flood,dummy_injection+timing_jitter+constant_rate_shaping,malicious_obfuscated,malicious_obfuscated,1,0.2007,0.0201,0.7792
1819,port_scan,none,malicious_plain,malicious_plain,1,0.0140,0.9487,0.0373
1820,file_download,none,benign,benign,1,0.9287,0.0316,0.0397
1821,brute_force,none,malicious_plain,malicious_plain,1,0.0188,0.9261,0.0551
1822,brute_force,block_padding+constant_rate_shaping,malicious_obfuscated,benign,0,0.7026,0.0505,0.2469
1823,port_scan,block_padding+dummy_injection,malicious_obfuscated,malicious_obfuscated,1,0.0414,0.0261,0.9326
1824,data_exfiltration,none,malicious_plain,malicious_plain,1,0.0289,0.9371,0.0340
1825,file_download,none,benign,benign,1,0.9292,0.0304,0.0404
1826,ddos_flood,dummy_injection,malicious_obfuscated,malicious_obfuscated,1,0.0239,0.0383,0.9378
1827,reverse_shell,random_padding+timing_jitter+constant_rate_shaping,malicious_obfuscated,malicious_obfuscated,1,0.1823,0.0187,0.7991
1828,ddos_flood,block_padding+tunnel_encapsulation,malicious_obfuscated,malicious_obfuscated,1,0.0110,0.0145,0.9745
1829,data_exfiltration,block_padding+dummy_injection+constant_rate_shaping,malicious_obfuscated,malicious_obfuscated,1,0.3856,0.0708,0.5436
1830,port_scan,timing_jitter+tunnel_encapsulation,malicious_obfuscated,malicious_obfuscated,1,0.0117,0.0236,0.9647
1831,c2_beacon,protocol_mimicry,malicious_obfuscated,malicious_obfuscated,1,0.0308,0.0147,0.9545
1832,brute_force,fragmentation+timing_jitter+constant_rate_shaping,malicious_obfuscated,malicious_obfuscated,1,0.2460,0.0319,0.7221
1833,file_download,block_padding+random_padding,benign,benign,1,0.9545,0.0215,0.0240
1834,data_exfiltration,none,malicious_plain,malicious_plain,1,0.0239,0.9515,0.0246
1835,ddos_flood,none,malicious_plain,malicious_plain,1,0.0305,0.7947,0.1748
1836,port_scan,none,malicious_plain,malicious_plain,1,0.0147,0.9391,0.0462
1837,c2_beacon,none,malicious_plain,malicious_plain,1,0.0124,0.9249,0.0627
1838,brute_force,none,malicious_plain,malicious_plain,1,0.0172,0.9173,0.0655
1839,c2_beacon,none,malicious_plain,malicious_plain,1,0.0176,0.9574,0.0250
1840,video_streaming,none,benign,benign,1,0.9505,0.0275,0.0220
1841,web_browsing,none,benign,benign,1,0.9557,0.0221,0.0222
1842,data_exfiltration,none,malicious_plain,malicious_plain,1,0.0225,0.9466,0.0309
1843,video_streaming,none,benign,benign,1,0.9224,0.0415,0.0361
1844,c2_beacon,none,malicious_plain,malicious_plain,1,0.0257,0.7475,0.2268
1845,ddos_flood,dummy_injection,malicious_obfuscated,malicious_obfuscated,1,0.0305,0.0160,0.9536
1846,file_download,fragmentation+random_padding,benign,benign,1,0.9181,0.0315,0.0504
1847,ddos_flood,protocol_mimicry+random_padding,malicious_obfuscated,malicious_obfuscated,1,0.0320,0.0148,0.9532
1848,c2_beacon,fragmentation+block_padding+tunnel_encapsulation,malicious_obfuscated,malicious_obfuscated,1,0.0261,0.0073,0.9666
1849,ssh_interactive,none,benign,benign,1,0.9554,0.0205,0.0241
1850,c2_beacon,none,malicious_plain,malicious_plain,1,0.0128,0.9487,0.0385
1851,reverse_shell,none,malicious_plain,malicious_plain,1,0.0073,0.9723,0.0203
1852,data_exfiltration,none,malicious_plain,malicious_plain,1,0.0358,0.9347,0.0295
1853,port_scan,timing_jitter+constant_rate_shaping+tunnel_encapsulation,malicious_obfuscated,malicious_obfuscated,1,0.0924,0.0210,0.8866
1854,reverse_shell,dummy_injection,malicious_obfuscated,malicious_obfuscated,1,0.3521,0.0413,0.6067
1855,data_exfiltration,constant_rate_shaping,malicious_obfuscated,malicious_obfuscated,1,0.0388,0.0247,0.9365
1856,data_exfiltration,none,malicious_plain,malicious_plain,1,0.0194,0.9597,0.0209
1857,web_browsing,none,benign,benign,1,0.9582,0.0251,0.0167
1858,voip,none,benign,benign,1,0.9559,0.0182,0.0258
1859,video_streaming,none,benign,benign,1,0.9254,0.0392,0.0354
1860,reverse_shell,dummy_injection+tunnel_encapsulation,malicious_obfuscated,malicious_obfuscated,1,0.0557,0.0104,0.9338
1861,data_exfiltration,none,malicious_plain,malicious_plain,1,0.0169,0.9591,0.0240
1862,data_exfiltration,none,malicious_plain,malicious_plain,1,0.0171,0.9550,0.0279
1863,reverse_shell,protocol_mimicry+timing_jitter+tunnel_encapsulation,malicious_obfuscated,benign,0,0.5061,0.0394,0.4545
1864,reverse_shell,none,malicious_plain,malicious_plain,1,0.0104,0.9773,0.0124
1865,data_exfiltration,none,malicious_plain,malicious_plain,1,0.0293,0.9468,0.0238
1866,c2_beacon,protocol_mimicry+fragmentation+random_padding,malicious_obfuscated,benign,0,0.7991,0.0340,0.1669
1867,port_scan,none,malicious_plain,malicious_plain,1,0.0157,0.9358,0.0485
1868,file_download,none,benign,benign,1,0.9372,0.0311,0.0317
1869,web_browsing,none,benign,benign,1,0.9734,0.0138,0.0127
1870,voip,none,benign,benign,1,0.9587,0.0178,0.0236
1871,reverse_shell,none,malicious_plain,malicious_plain,1,0.0175,0.9556,0.0269
1872,video_streaming,none,benign,benign,1,0.9163,0.0333,0.0503
1873,ddos_flood,none,malicious_plain,malicious_plain,1,0.0431,0.7308,0.2260
1874,video_streaming,fragmentation,benign,benign,1,0.8207,0.0441,0.1352
1875,file_download,none,benign,benign,1,0.9231,0.0330,0.0439
1876,voip,none,benign,benign,1,0.9444,0.0181,0.0375
1877,voip,block_padding+tunnel_encapsulation,benign,benign,1,0.8818,0.0195,0.0988
1878,web_browsing,none,benign,benign,1,0.9427,0.0340,0.0233
1879,port_scan,random_padding,malicious_obfuscated,malicious_obfuscated,1,0.0195,0.0168,0.9637
1880,brute_force,none,malicious_plain,malicious_plain,1,0.0234,0.9166,0.0600
1881,ddos_flood,protocol_mimicry+block_padding+dummy_injection,malicious_obfuscated,malicious_obfuscated,1,0.0310,0.0126,0.9564
1882,brute_force,timing_jitter,malicious_obfuscated,malicious_plain,0,0.0223,0.8819,0.0958
1883,video_streaming,none,benign,benign,1,0.9365,0.0354,0.0281
1884,c2_beacon,none,malicious_plain,malicious_plain,1,0.0120,0.9305,0.0575
1885,port_scan,protocol_mimicry+tunnel_encapsulation,malicious_obfuscated,malicious_obfuscated,1,0.0142,0.0174,0.9684
1886,c2_beacon,none,malicious_plain,malicious_plain,1,0.0102,0.9732,0.0166
1887,reverse_shell,tunnel_encapsulation,malicious_obfuscated,malicious_obfuscated,1,0.0297,0.1181,0.8523
1888,video_streaming,none,benign,benign,1,0.9098,0.0434,0.0469
1889,ssh_interactive,random_padding+constant_rate_shaping,benign,benign,1,0.6857,0.0195,0.2948
1890,ddos_flood,random_padding,malicious_obfuscated,malicious_obfuscated,1,0.0280,0.0316,0.9404
1891,port_scan,dummy_injection,malicious_obfuscated,malicious_obfuscated,1,0.0351,0.0256,0.9393
1892,ddos_flood,block_padding+dummy_injection,malicious_obfuscated,malicious_obfuscated,1,0.0305,0.1206,0.8489
1893,ssh_interactive,none,benign,benign,1,0.9561,0.0234,0.0205
1894,c2_beacon,none,malicious_plain,malicious_plain,1,0.0131,0.9700,0.0168
1895,data_exfiltration,none,malicious_plain,malicious_plain,1,0.0244,0.9437,0.0319
1896,brute_force,protocol_mimicry+timing_jitter,malicious_obfuscated,malicious_obfuscated,1,0.0216,0.0323,0.9461
1897,port_scan,protocol_mimicry,malicious_obfuscated,malicious_obfuscated,1,0.0130,0.0274,0.9596
1898,reverse_shell,protocol_mimicry+random_padding+tunnel_encapsulation,malicious_obfuscated,malicious_obfuscated,1,0.3224,0.0218,0.6558
1899,file_download,none,benign,benign,1,0.9193,0.0329,0.0477
1900,port_scan,none,malicious_plain,malicious_plain,1,0.0183,0.9007,0.0810
1901,data_exfiltration,none,malicious_plain,malicious_plain,1,0.0263,0.9513,0.0224
1902,c2_beacon,protocol_mimicry,malicious_obfuscated,malicious_obfuscated,1,0.0379,0.0560,0.9061
1903,data_exfiltration,block_padding+random_padding+dummy_injection,malicious_obfuscated,malicious_obfuscated,1,0.0079,0.0063,0.9858
1904,video_streaming,protocol_mimicry+block_padding+random_padding,benign,benign,1,0.9605,0.0142,0.0253
1905,brute_force,none,malicious_plain,malicious_plain,1,0.0165,0.9148,0.0687
1906,web_browsing,none,benign,benign,1,0.9580,0.0261,0.0159
1907,port_scan,none,malicious_plain,malicious_plain,1,0.0209,0.9065,0.0726
1908,data_exfiltration,protocol_mimicry,malicious_obfuscated,malicious_obfuscated,1,0.0125,0.0200,0.9674
1909,data_exfiltration,none,malicious_plain,malicious_plain,1,0.0214,0.9521,0.0265
1910,data_exfiltration,none,malicious_plain,malicious_plain,1,0.0159,0.9595,0.0246
1911,ddos_flood,tunnel_encapsulation,malicious_obfuscated,malicious_obfuscated,1,0.0111,0.0157,0.9732
1912,port_scan,none,malicious_plain,malicious_plain,1,0.0207,0.9013,0.0780
1913,data_exfiltration,protocol_mimicry+fragmentation,malicious_obfuscated,malicious_obfuscated,1,0.3471,0.0495,0.6034
1914,brute_force,constant_rate_shaping,malicious_obfuscated,benign,0,0.6948,0.0302,0.2750
1915,ddos_flood,protocol_mimicry+fragmentation,malicious_obfuscated,malicious_obfuscated,1,0.0125,0.0182,0.9693
1916,video_streaming,none,benign,benign,1,0.9497,0.0298,0.0205
1917,data_exfiltration,none,malicious_plain,malicious_plain,1,0.0306,0.9449,0.0245
1918,ddos_flood,fragmentation+block_padding+dummy_injection,malicious_obfuscated,malicious_obfuscated,1,0.0414,0.0103,0.9483
1919,brute_force,none,malicious_plain,malicious_plain,1,0.0216,0.9196,0.0588
1920,data_exfiltration,none,malicious_plain,malicious_plain,1,0.0294,0.9481,0.0225
1921,ssh_interactive,timing_jitter,benign,benign,1,0.9415,0.0273,0.0312
1922,voip,none,benign,benign,1,0.9452,0.0217,0.0331
1923,file_download,none,benign,benign,1,0.9480,0.0245,0.0275
1924,reverse_shell,protocol_mimicry+timing_jitter+tunnel_encapsulation,malicious_obfuscated,malicious_obfuscated,1,0.3800,0.0417,0.5782
1925,c2_beacon,constant_rate_shaping,malicious_obfuscated,malicious_obfuscated,1,0.1236,0.0242,0.8522
1926,reverse_shell,none,malicious_plain,malicious_plain,1,0.0366,0.8046,0.1588
1927,brute_force,none,malicious_plain,malicious_plain,1,0.0222,0.8508,0.1271
1928,brute_force,none,malicious_plain,malicious_plain,1,0.0273,0.9252,0.0475
1929,reverse_shell,none,malicious_plain,malicious_plain,1,0.0075,0.9825,0.0100
1930,port_scan,dummy_injection+tunnel_encapsulation,malicious_obfuscated,malicious_obfuscated,1,0.0221,0.0315,0.9464
1931,brute_force,fragmentation+constant_rate_shaping,malicious_obfuscated,malicious_obfuscated,1,0.2262,0.0334,0.7404
1932,file_download,fragmentation+block_padding,benign,benign,1,0.8600,0.0330,0.1070
1933,brute_force,none,malicious_plain,malicious_plain,1,0.0211,0.9267,0.0522
1934,c2_beacon,protocol_mimicry,malicious_obfuscated,malicious_obfuscated,1,0.0421,0.0560,0.9019
1935,web_browsing,none,benign,benign,1,0.9522,0.0298,0.0180
1936,brute_force,none,malicious_plain,malicious_plain,1,0.0217,0.9046,0.0736
1937,ddos_flood,none,malicious_plain,malicious_plain,1,0.0310,0.8539,0.1151
1938,reverse_shell,none,malicious_plain,malicious_plain,1,0.4173,0.4515,0.1312
1939,ddos_flood,none,malicious_plain,malicious_plain,1,0.0234,0.9304,0.0463
1940,file_download,none,benign,benign,1,0.9375,0.0307,0.0318
1941,port_scan,protocol_mimicry+block_padding,malicious_obfuscated,malicious_obfuscated,1,0.0094,0.0109,0.9797
1942,video_streaming,random_padding,benign,benign,1,0.9230,0.0341,0.0429
1943,brute_force,none,malicious_plain,malicious_plain,1,0.0188,0.9258,0.0555
1944,video_streaming,none,benign,benign,1,0.9390,0.0289,0.0321
1945,ssh_interactive,block_padding+tunnel_encapsulation,benign,benign,1,0.9672,0.0136,0.0192
1946,reverse_shell,none,malicious_plain,malicious_plain,1,0.0118,0.9835,0.0048
1947,data_exfiltration,none,malicious_plain,malicious_plain,1,0.0256,0.9460,0.0284
1948,data_exfiltration,none,malicious_plain,malicious_plain,1,0.0199,0.9542,0.0258
1949,ddos_flood,constant_rate_shaping,malicious_obfuscated,malicious_obfuscated,1,0.0279,0.0249,0.9472
1950,ddos_flood,none,malicious_plain,malicious_plain,1,0.0246,0.9008,0.0746
1951,reverse_shell,none,malicious_plain,malicious_plain,1,0.0164,0.9601,0.0236
1952,reverse_shell,none,malicious_plain,malicious_plain,1,0.0104,0.9671,0.0225
1953,file_download,none,benign,benign,1,0.9392,0.0328,0.0280
1954,video_streaming,none,benign,benign,1,0.9423,0.0284,0.0293
1955,video_streaming,none,benign,benign,1,0.9387,0.0331,0.0282
1956,c2_beacon,random_padding+constant_rate_shaping+tunnel_encapsulation,malicious_obfuscated,malicious_obfuscated,1,0.1069,0.0156,0.8775
1957,brute_force,protocol_mimicry+tunnel_encapsulation,malicious_obfuscated,malicious_obfuscated,1,0.0177,0.0097,0.9726
1958,brute_force,fragmentation+timing_jitter+tunnel_encapsulation,malicious_obfuscated,malicious_obfuscated,1,0.0196,0.0130,0.9674
1959,ssh_interactive,timing_jitter,benign,benign,1,0.9601,0.0227,0.0172
1960,voip,tunnel_encapsulation,benign,benign,1,0.9167,0.0163,0.0671
1961,brute_force,none,malicious_plain,malicious_plain,1,0.0151,0.9409,0.0440
1962,brute_force,protocol_mimicry+dummy_injection+timing_jitter,malicious_obfuscated,benign,0,0.6877,0.0579,0.2544
1963,voip,fragmentation+timing_jitter+constant_rate_shaping,benign,benign,1,0.7399,0.0318,0.2283
1964,data_exfiltration,random_padding+constant_rate_shaping+tunnel_encapsulation,malicious_obfuscated,malicious_obfuscated,1,0.0343,0.0382,0.9275
1965,c2_beacon,protocol_mimicry+random_padding,malicious_obfuscated,malicious_obfuscated,1,0.1627,0.0081,0.8292
1966,file_download,none,benign,benign,1,0.9477,0.0256,0.0267
1967,video_streaming,random_padding+constant_rate_shaping,benign,benign,1,0.9183,0.0259,0.0558
1968,port_scan,none,malicious_plain,malicious_plain,1,0.0159,0.9262,0.0579
1969,c2_beacon,protocol_mimicry,malicious_obfuscated,malicious_obfuscated,1,0.0446,0.0175,0.9379
1970,reverse_shell,block_padding+dummy_injection,malicious_obfuscated,malicious_obfuscated,1,0.2828,0.1083,0.6089
1971,data_exfiltration,none,malicious_plain,malicious_plain,1,0.0206,0.9523,0.0272
1972,c2_beacon,dummy_injection+constant_rate_shaping+tunnel_encapsulation,malicious_obfuscated,malicious_obfuscated,1,0.1843,0.0162,0.7995
1973,brute_force,none,malicious_plain,malicious_plain,1,0.0152,0.9329,0.0520
1974,brute_force,none,malicious_plain,malicious_plain,1,0.0193,0.9053,0.0754
1975,data_exfiltration,protocol_mimicry+block_padding,malicious_obfuscated,malicious_obfuscated,1,0.0320,0.0072,0.9609
1976,file_download,none,benign,benign,1,0.9405,0.0311,0.0284
1977,file_download,none,benign,benign,1,0.9302,0.0299,0.0399
1978,ddos_flood,none,malicious_plain,malicious_plain,1,0.0234,0.8922,0.0844
1979,web_browsing,none,benign,benign,1,0.9548,0.0272,0.0180
1980,reverse_shell,protocol_mimicry+fragmentation+dummy_injection,malicious_obfuscated,malicious_obfuscated,1,0.2340,0.0402,0.7258
1981,voip,protocol_mimicry+random_padding,benign,benign,1,0.8208,0.0225,0.1567
1982,data_exfiltration,fragmentation+block_padding+dummy_injection,malicious_obfuscated,malicious_obfuscated,1,0.0455,0.0104,0.9441
1983,voip,none,benign,benign,1,0.9500,0.0205,0.0295
1984,c2_beacon,constant_rate_shaping,malicious_obfuscated,malicious_obfuscated,1,0.1515,0.0450,0.8036
1985,c2_beacon,none,malicious_plain,malicious_plain,1,0.0134,0.9689,0.0177
1986,reverse_shell,dummy_injection,malicious_obfuscated,malicious_obfuscated,1,0.0255,0.0415,0.9329
1987,brute_force,none,malicious_plain,malicious_plain,1,0.0182,0.9314,0.0504
1988,voip,protocol_mimicry+dummy_injection+timing_jitter,benign,benign,1,0.6294,0.0438,0.3267
1989,ddos_flood,random_padding,malicious_obfuscated,malicious_obfuscated,1,0.0287,0.0332,0.9381
1990,brute_force,block_padding+tunnel_encapsulation,malicious_obfuscated,malicious_obfuscated,1,0.0287,0.0559,0.9154
1991,file_download,dummy_injection+constant_rate_shaping+tunnel_encapsulation,benign,benign,1,0.8985,0.0336,0.0679
1992,data_exfiltration,timing_jitter,malicious_obfuscated,malicious_obfuscated,1,0.0190,0.0453,0.9356
1993,data_exfiltration,none,malicious_plain,malicious_plain,1,0.0194,0.9502,0.0304
1994,ddos_flood,fragmentation,malicious_obfuscated,malicious_plain,0,0.0279,0.8674,0.1047
1995,port_scan,none,malicious_plain,malicious_plain,1,0.0236,0.9057,0.0707
1996,port_scan,timing_jitter,malicious_obfuscated,malicious_obfuscated,1,0.0105,0.0193,0.9702
1997,voip,constant_rate_shaping,benign,benign,1,0.8261,0.0233,0.1505
1998,brute_force,none,malicious_plain,malicious_plain,1,0.0164,0.9316,0.0521
1999,port_scan,none,malicious_plain,malicious_plain,1,0.0425,0.7502,0.2073
2000,reverse_shell,fragmentation,malicious_obfuscated,malicious_obfuscated,1,0.0279,0.0187,0.9533
2001,ddos_flood,none,malicious_plain,malicious_plain,1,0.0344,0.8253,0.1403
2002,c2_beacon,none,malicious_plain,malicious_plain,1,0.0096,0.9757,0.0147
2003,ddos_flood,fragmentation+constant_rate_shaping+tunnel_encapsulation,malicious_obfuscated,malicious_obfuscated,1,0.0341,0.0211,0.9448
2004,port_scan,none,malicious_plain,malicious_plain,1,0.0153,0.9401,0.0446
2005,video_streaming,none,benign,benign,1,0.9226,0.0374,0.0400
2006,ddos_flood,block_padding+constant_rate_shaping,malicious_obfuscated,malicious_obfuscated,1,0.0339,0.0177,0.9484
2007,video_streaming,none,benign,benign,1,0.9611,0.0225,0.0164
2008,data_exfiltration,protocol_mimicry+fragmentation+timing_jitter,malicious_obfuscated,malicious_obfuscated,1,0.0463,0.0284,0.9253
2009,ssh_interactive,random_padding,benign,benign,1,0.8831,0.0356,0.0813
2010,ddos_flood,timing_jitter,malicious_obfuscated,malicious_obfuscated,1,0.0210,0.0290,0.9501
2011,web_browsing,fragmentation+block_padding+tunnel_encapsulation,benign,benign,1,0.8728,0.0353,0.0919
2012,port_scan,none,malicious_plain,malicious_plain,1,0.0278,0.8910,0.0812
2013,data_exfiltration,none,malicious_plain,malicious_plain,1,0.0270,0.9412,0.0318
2014,brute_force,fragmentation+block_padding+tunnel_encapsulation,malicious_obfuscated,malicious_obfuscated,1,0.0212,0.0207,0.9581
2015,port_scan,none,malicious_plain,malicious_plain,1,0.0213,0.9311,0.0476
2016,data_exfiltration,none,malicious_plain,malicious_plain,1,0.0287,0.9426,0.0287
2017,data_exfiltration,random_padding+dummy_injection+constant_rate_shaping,malicious_obfuscated,malicious_obfuscated,1,0.0811,0.0361,0.8828
2018,data_exfiltration,none,malicious_plain,malicious_plain,1,0.0218,0.9514,0.0268
2019,file_download,none,benign,benign,1,0.9539,0.0229,0.0233
2020,reverse_shell,none,malicious_plain,malicious_plain,1,0.0109,0.9501,0.0390
2021,port_scan,random_padding,malicious_obfuscated,malicious_obfuscated,1,0.0212,0.0362,0.9426
2022,ssh_interactive,block_padding+timing_jitter,benign,benign,1,0.9529,0.0222,0.0249
2023,reverse_shell,protocol_mimicry,malicious_obfuscated,benign,0,0.6216,0.0358,0.3426
2024,data_exfiltration,none,malicious_plain,malicious_plain,1,0.0197,0.9589,0.0214
2025,data_exfiltration,random_padding+timing_jitter+constant_rate_shaping,malicious_obfuscated,malicious_obfuscated,1,0.0092,0.0108,0.9800
2026,ddos_flood,none,malicious_plain,malicious_plain,1,0.0269,0.8782,0.0949
2027,c2_beacon,fragmentation+dummy_injection,malicious_obfuscated,malicious_obfuscated,1,0.0642,0.0233,0.9125
2028,video_streaming,random_padding,benign,benign,1,0.9610,0.0224,0.0166
2029,reverse_shell,none,malicious_plain,malicious_plain,1,0.0052,0.9854,0.0093
2030,file_download,none,benign,benign,1,0.9462,0.0253,0.0285
2031,reverse_shell,none,malicious_plain,malicious_plain,1,0.0170,0.9550,0.0280
2032,video_streaming,none,benign,benign,1,0.9154,0.0386,0.0460
2033,video_streaming,none,benign,benign,1,0.9495,0.0265,0.0240
2034,file_download,timing_jitter,benign,benign,1,0.9395,0.0276,0.0329
2035,port_scan,none,malicious_plain,malicious_plain,1,0.0170,0.9292,0.0539
2036,voip,none,benign,benign,1,0.9565,0.0180,0.0255
2037,data_exfiltration,constant_rate_shaping,malicious_obfuscated,malicious_obfuscated,1,0.0460,0.0282,0.9258
2038,reverse_shell,tunnel_encapsulation,malicious_obfuscated,malicious_obfuscated,1,0.0177,0.0188,0.9635
2039,data_exfiltration,protocol_mimicry+fragmentation+dummy_injection,malicious_obfuscated,benign,0,0.6562,0.0558,0.2879
2040,port_scan,none,malicious_plain,malicious_plain,1,0.0136,0.9515,0.0349
2041,voip,none,benign,benign,1,0.9593,0.0183,0.0224
2042,ssh_interactive,none,benign,benign,1,0.9494,0.0252,0.0254
2043,web_browsing,none,benign,benign,1,0.9150,0.0434,0.0416
2044,data_exfiltration,none,malicious_plain,malicious_plain,1,0.0302,0.9471,0.0226
2045,port_scan,none,malicious_plain,malicious_plain,1,0.0165,0.9354,0.0481
2046,brute_force,none,malicious_plain,malicious_plain,1,0.0186,0.9180,0.0634
2047,reverse_shell,protocol_mimicry+block_padding,malicious_obfuscated,malicious_obfuscated,1,0.3620,0.0206,0.6174
2048,c2_beacon,none,malicious_plain,malicious_plain,1,0.0140,0.9677,0.0183
2049,c2_beacon,none,malicious_plain,malicious_plain,1,0.0139,0.9496,0.0365
2050,c2_beacon,block_padding+random_padding,malicious_obfuscated,malicious_obfuscated,1,0.0165,0.0334,0.9501
2051,data_exfiltration,none,malicious_plain,malicious_plain,1,0.0213,0.9484,0.0303
2052,c2_beacon,fragmentation+dummy_injection+constant_rate_shaping,malicious_obfuscated,malicious_obfuscated,1,0.2486,0.0307,0.7207
2053,voip,none,benign,benign,1,0.9542,0.0198,0.0260
2054,voip,block_padding+dummy_injection+constant_rate_shaping,benign,benign,1,0.5752,0.0405,0.3843
2055,data_exfiltration,none,malicious_plain,malicious_plain,1,0.0262,0.9391,0.0347
2056,file_download,none,benign,benign,1,0.9261,0.0317,0.0423
2057,reverse_shell,none,malicious_plain,malicious_plain,1,0.0123,0.9479,0.0398
2058,ddos_flood,protocol_mimicry+tunnel_encapsulation,malicious_obfuscated,malicious_obfuscated,1,0.0154,0.0207,0.9640
2059,video_streaming,dummy_injection+constant_rate_shaping,benign,benign,1,0.9175,0.0271,0.0554
2060,file_download,none,benign,benign,1,0.9402,0.0303,0.0295
2061,ssh_interactive,protocol_mimicry+fragmentation+dummy_injection,benign,benign,1,0.7927,0.0403,0.1669
2062,reverse_shell,fragmentation+tunnel_encapsulation,malicious_obfuscated,malicious_obfuscated,1,0.0355,0.0232,0.9413
2063,reverse_shell,none,malicious_plain,malicious_plain,1,0.0106,0.9693,0.0201
2064,ddos_flood,none,malicious_plain,malicious_plain,1,0.0229,0.9148,0.0622
2065,c2_beacon,fragmentation,malicious_obfuscated,malicious_obfuscated,1,0.0370,0.3037,0.6593
2066,video_streaming,none,benign,benign,1,0.9420,0.0296,0.0283
2067,c2_beacon,timing_jitter+tunnel_encapsulation,malicious_obfuscated,malicious_obfuscated,1,0.0134,0.0187,0.9678
2068,c2_beacon,fragmentation+random_padding,malicious_obfuscated,malicious_obfuscated,1,0.0309,0.0132,0.9558
2069,reverse_shell,block_padding+timing_jitter,malicious_obfuscated,malicious_obfuscated,1,0.0221,0.1346,0.8432
2070,brute_force,none,malicious_plain,malicious_plain,1,0.0171,0.9310,0.0519
2071,web_browsing,block_padding+tunnel_encapsulation,benign,benign,1,0.8228,0.0355,0.1417
2072,port_scan,tunnel_encapsulation,malicious_obfuscated,malicious_obfuscated,1,0.0286,0.0790,0.8924
2073,c2_beacon,block_padding+timing_jitter,malicious_obfuscated,malicious_obfuscated,1,0.0343,0.3959,0.5698
2074,voip,none,benign,benign,1,0.9591,0.0182,0.0227
2075,c2_beacon,none,malicious_plain,malicious_plain,1,0.0143,0.9634,0.0223
2076,voip,none,benign,benign,1,0.9618,0.0200,0.0182
2077,data_exfiltration,dummy_injection,malicious_obfuscated,malicious_obfuscated,1,0.0301,0.0102,0.9597
2078,file_download,none,benign,benign,1,0.9380,0.0320,0.0300
2079,data_exfiltration,none,malicious_plain,malicious_plain,1,0.0196,0.9561,0.0243
2080,c2_beacon,timing_jitter,malicious_obfuscated,malicious_obfuscated,1,0.0321,0.1082,0.8597
2081,port_scan,block_padding+random_padding+timing_jitter,malicious_obfuscated,malicious_obfuscated,1,0.0109,0.0175,0.9717
2082,port_scan,protocol_mimicry+fragmentation+constant_rate_shaping,malicious_obfuscated,malicious_obfuscated,1,0.0443,0.0235,0.9322
2083,reverse_shell,none,malicious_plain,malicious_plain,1,0.0284,0.9426,0.0290
2084,ddos_flood,none,malicious_plain,malicious_plain,1,0.0255,0.9173,0.0572
2085,data_exfiltration,tunnel_encapsulation,malicious_obfuscated,malicious_obfuscated,1,0.0211,0.0400,0.9389
2086,c2_beacon,none,malicious_plain,malicious_plain,1,0.0173,0.9359,0.0468
2087,reverse_shell,none,malicious_plain,malicious_plain,1,0.0352,0.9151,0.0496
2088,ddos_flood,none,malicious_plain,malicious_plain,1,0.0381,0.6893,0.2726
2089,ddos_flood,protocol_mimicry+timing_jitter+tunnel_encapsulation,malicious_obfuscated,malicious_obfuscated,1,0.0265,0.0181,0.9554
2090,brute_force,random_padding+timing_jitter,malicious_obfuscated,malicious_obfuscated,1,0.0215,0.0652,0.9133
2091,reverse_shell,none,malicious_plain,malicious_plain,1,0.0100,0.9805,0.0095
2092,port_scan,none,malicious_plain,malicious_plain,1,0.0151,0.9346,0.0503
2093,brute_force,protocol_mimicry,malicious_obfuscated,malicious_obfuscated,1,0.0114,0.0181,0.9705
2094,voip,protocol_mimicry+block_padding,benign,malicious_obfuscated,0,0.2835,0.0534,0.6631
2095,reverse_shell,none,malicious_plain,malicious_plain,1,0.0084,0.9480,0.0436
2096,data_exfiltration,block_padding+tunnel_encapsulation,malicious_obfuscated,malicious_obfuscated,1,0.0116,0.0206,0.9678
2097,file_download,none,benign,benign,1,0.9158,0.0393,0.0449
2098,data_exfiltration,random_padding,malicious_obfuscated,malicious_obfuscated,1,0.0667,0.2453,0.6881
2099,dns_query,fragmentation+block_padding+tunnel_encapsulation,benign,benign,1,0.9102,0.0296,0.0602
2100,ddos_flood,none,malicious_plain,malicious_plain,1,0.0259,0.9244,0.0497
2101,port_scan,none,malicious_plain,malicious_plain,1,0.0212,0.9129,0.0659
2102,ssh_interactive,none,benign,benign,1,0.9072,0.0419,0.0509
2103,voip,timing_jitter+constant_rate_shaping+tunnel_encapsulation,benign,malicious_obfuscated,0,0.2364,0.0214,0.7421
2104,port_scan,fragmentation+random_padding+tunnel_encapsulation,malicious_obfuscated,malicious_obfuscated,1,0.0136,0.0101,0.9763
2105,c2_beacon,fragmentation+timing_jitter+tunnel_encapsulation,malicious_obfuscated,malicious_obfuscated,1,0.0198,0.0086,0.9716
2106,ddos_flood,none,malicious_plain,malicious_plain,1,0.0224,0.9210,0.0566
2107,video_streaming,none,benign,benign,1,0.9262,0.0403,0.0334
2108,c2_beacon,none,malicious_plain,malicious_plain,1,0.0185,0.9280,0.0535
2109,ssh_interactive,none,benign,benign,1,0.9595,0.0214,0.0191
2110,data_exfiltration,fragmentation,malicious_obfuscated,malicious_obfuscated,1,0.0145,0.0178,0.9677
2111,data_exfiltration,fragmentation+timing_jitter,malicious_obfuscated,malicious_obfuscated,1,0.0212,0.0321,0.9466
2112,reverse_shell,block_padding+dummy_injection+constant_rate_shaping,malicious_obfuscated,malicious_obfuscated,1,0.1878,0.0122,0.7999
2113,voip,constant_rate_shaping,benign,benign,1,0.7083,0.0273,0.2645
2114,voip,block_padding+dummy_injection,benign,benign,1,0.8868,0.0291,0.0841
2115,file_download,none,benign,benign,1,0.9228,0.0348,0.0424
2116,ssh_interactive,block_padding+timing_jitter,benign,benign,1,0.8454,0.0219,0.1328
2117,ddos_flood,none,malicious_plain,malicious_plain,1,0.0258,0.9064,0.0678
2118,web_browsing,random_padding+timing_jitter,benign,benign,1,0.9672,0.0187,0.0142
2119,ssh_interactive,none,benign,benign,1,0.9506,0.0243,0.0252
2120,ddos_flood,dummy_injection+tunnel_encapsulation,malicious_obfuscated,malicious_obfuscated,1,0.0199,0.0064,0.9737
2121,brute_force,none,malicious_plain,malicious_plain,1,0.0164,0.9320,0.0516
2122,port_scan,none,malicious_plain,malicious_plain,1,0.0194,0.9106,0.0700
2123,port_scan,protocol_mimicry+fragmentation+block_padding,malicious_obfuscated,malicious_obfuscated,1,0.0166,0.0247,0.9587
2124,data_exfiltration,none,malicious_plain,malicious_plain,1,0.0150,0.9623,0.0227
2125,c2_beacon,none,malicious_plain,malicious_plain,1,0.0110,0.9592,0.0298
2126,reverse_shell,fragmentation+dummy_injection+timing_jitter,malicious_obfuscated,benign,0,0.5971,0.0500,0.3529
2127,port_scan,dummy_injection+tunnel_encapsulation,malicious_obfuscated,malicious_obfuscated,1,0.0214,0.0111,0.9675
2128,c2_beacon,none,malicious_plain,malicious_plain,1,0.0160,0.9458,0.0382
2129,c2_beacon,none,malicious_plain,malicious_plain,1,0.0148,0.9671,0.0180
2130,voip,none,benign,benign,1,0.9393,0.0211,0.0395
2131,voip,none,benign,benign,1,0.9465,0.0185,0.0350
2132,port_scan,fragmentation+block_padding+tunnel_encapsulation,malicious_obfuscated,malicious_obfuscated,1,0.0089,0.0105,0.9807
2133,brute_force,constant_rate_shaping,malicious_obfuscated,malicious_obfuscated,1,0.1706,0.0123,0.8170
2134,data_exfiltration,protocol_mimicry+fragmentation+random_padding,malicious_obfuscated,malicious_obfuscated,1,0.0433,0.0409,0.9157
2135,ssh_interactive,random_padding+timing_jitter+tunnel_encapsulation,benign,benign,1,0.8572,0.0243,0.1185
2136,ssh_interactive,none,benign,benign,1,0.9607,0.0205,0.0188
2137,brute_force,none,malicious_plain,malicious_plain,1,0.0175,0.9110,0.0715
2138,c2_beacon,none,malicious_plain,malicious_plain,1,0.0156,0.9576,0.0268
2139,video_streaming,none,benign,benign,1,0.9397,0.0321,0.0282
2140,data_exfiltration,fragmentation+timing_jitter,malicious_obfuscated,malicious_obfuscated,1,0.0225,0.0268,0.9507
2141,port_scan,none,malicious_plain,malicious_plain,1,0.0250,0.8902,0.0848
2142,port_scan,none,malicious_plain,malicious_plain,1,0.0135,0.9309,0.0556
2143,brute_force,timing_jitter+tunnel_encapsulation,malicious_obfuscated,malicious_obfuscated,1,0.0203,0.0325,0.9472
2144,web_browsing,none,benign,benign,1,0.6980,0.1273,0.1747
2145,ddos_flood,none,malicious_plain,malicious_plain,1,0.0268,0.8995,0.0737
2146,reverse_shell,fragmentation,malicious_obfuscated,malicious_obfuscated,1,0.0339,0.0287,0.9374
2147,video_streaming,none,benign,benign,1,0.9240,0.0360,0.0401
2148,ddos_flood,none,malicious_plain,malicious_plain,1,0.0267,0.8907,0.0826
2149,data_exfiltration,tunnel_encapsulation,malicious_obfuscated,malicious_obfuscated,1,0.0145,0.0217,0.9638
2150,ddos_flood,none,malicious_plain,malicious_plain,1,0.0251,0.9241,0.0509
2151,video_streaming,block_padding,benign,benign,1,0.9430,0.0337,0.0233
2152,c2_beacon,none,malicious_plain,malicious_plain,1,0.0154,0.9648,0.0198
2153,c2_beacon,random_padding+constant_rate_shaping,malicious_obfuscated,malicious_obfuscated,1,0.1376,0.0112,0.8512
2154,reverse_shell,block_padding,malicious_obfuscated,malicious_obfuscated,1,0.0175,0.1176,0.8650
2155,port_scan,protocol_mimicry+block_padding+random_padding,malicious_obfuscated,malicious_obfuscated,1,0.0249,0.0171,0.9581
2156,brute_force,protocol_mimicry+block_padding+constant_rate_shaping,malicious_obfuscated,malicious_obfuscated,1,0.0151,0.0197,0.9652
2157,data_exfiltration,none,malicious_plain,malicious_plain,1,0.0227,0.9460,0.0314
2158,ssh_interactive,none,benign,benign,1,0.9413,0.0281,0.0305
2159,c2_beacon,random_padding+dummy_injection+constant_rate_shaping,malicious_obfuscated,malicious_obfuscated,1,0.0959,0.0158,0.8882
2160,c2_beacon,protocol_mimicry+timing_jitter+tunnel_encapsulation,malicious_obfuscated,malicious_obfuscated,1,0.3665,0.0378,0.5957
2161,ddos_flood,block_padding+timing_jitter+tunnel_encapsulation,malicious_obfuscated,malicious_obfuscated,1,0.0157,0.0241,0.9602
2162,brute_force,fragmentation+random_padding+tunnel_encapsulation,malicious_obfuscated,malicious_obfuscated,1,0.0179,0.0179,0.9642
2163,c2_beacon,timing_jitter,malicious_obfuscated,malicious_obfuscated,1,0.0310,0.3161,0.6529
2164,reverse_shell,fragmentation+block_padding,malicious_obfuscated,benign,0,0.8211,0.0333,0.1456
2165,ddos_flood,timing_jitter+constant_rate_shaping+tunnel_encapsulation,malicious_obfuscated,malicious_obfuscated,1,0.0714,0.0154,0.9132
2166,ddos_flood,block_padding+timing_jitter+tunnel_encapsulation,malicious_obfuscated,malicious_obfuscated,1,0.0291,0.0271,0.9438
2167,c2_beacon,none,malicious_plain,malicious_plain,1,0.0123,0.9534,0.0342
2168,port_scan,random_padding,malicious_obfuscated,malicious_obfuscated,1,0.0206,0.0289,0.9506
2169,ddos_flood,fragmentation+random_padding,malicious_obfuscated,malicious_obfuscated,1,0.0436,0.4772,0.4792
2170,file_download,none,benign,benign,1,0.9447,0.0293,0.0260
2171,ssh_interactive,none,benign,benign,1,0.8999,0.0515,0.0486
2172,brute_force,none,malicious_plain,malicious_plain,1,0.0222,0.8989,0.0789
2173,brute_force,none,malicious_plain,malicious_plain,1,0.0183,0.9357,0.0460
2174,data_exfiltration,protocol_mimicry+timing_jitter,malicious_obfuscated,malicious_obfuscated,1,0.0226,0.0175,0.9599
2175,data_exfiltration,none,malicious_plain,malicious_plain,1,0.0319,0.9380,0.0302
2176,brute_force,none,malicious_plain,malicious_plain,1,0.0186,0.9241,0.0573
2177,data_exfiltration,none,malicious_plain,malicious_plain,1,0.0329,0.9178,0.0493
2178,c2_beacon,random_padding,malicious_obfuscated,malicious_obfuscated,1,0.0213,0.1663,0.8124
2179,ddos_flood,timing_jitter+constant_rate_shaping,malicious_obfuscated,malicious_obfuscated,1,0.0672,0.1034,0.8294
2180,ddos_flood,dummy_injection,malicious_obfuscated,malicious_obfuscated,1,0.0226,0.0119,0.9655
2181,reverse_shell,dummy_injection,malicious_obfuscated,malicious_obfuscated,1,0.0472,0.1104,0.8423
2182,brute_force,none,malicious_plain,malicious_plain,1,0.0162,0.9319,0.0518
2183,video_streaming,none,benign,benign,1,0.9154,0.0362,0.0483
2184,ddos_flood,random_padding+constant_rate_shaping+tunnel_encapsulation,malicious_obfuscated,malicious_obfuscated,1,0.0202,0.0124,0.9673
2185,reverse_shell,timing_jitter+tunnel_encapsulation,malicious_obfuscated,malicious_obfuscated,1,0.2102,0.0782,0.7117
2186,voip,dummy_injection+timing_jitter+tunnel_encapsulation,benign,benign,1,0.9828,0.0089,0.0083
2187,voip,block_padding+random_padding,benign,benign,1,0.8282,0.0227,0.1491
2188,reverse_shell,random_padding+dummy_injection,malicious_obfuscated,malicious_obfuscated,1,0.3772,0.0291,0.5937
2189,data_exfiltration,none,malicious_plain,malicious_plain,1,0.0255,0.9401,0.0344
2190,data_exfiltration,none,malicious_plain,malicious_plain,1,0.0259,0.9376,0.0365
2191,reverse_shell,block_padding+constant_rate_shaping,malicious_obfuscated,malicious_obfuscated,1,0.2372,0.0248,0.7380
2192,ssh_interactive,protocol_mimicry+block_padding+timing_jitter,benign,malicious_obfuscated,0,0.4771,0.0456,0.4774
2193,ddos_flood,protocol_mimicry+block_padding+timing_jitter,malicious_obfuscated,malicious_obfuscated,1,0.0189,0.0322,0.9490
2194,ssh_interactive,protocol_mimicry+dummy_injection,benign,benign,1,0.9437,0.0199,0.0364
2195,c2_beacon,protocol_mimicry,malicious_obfuscated,malicious_obfuscated,1,0.0731,0.0582,0.8687
2196,ddos_flood,none,malicious_plain,malicious_plain,1,0.0247,0.8179,0.1574
2197,data_exfiltration,block_padding+random_padding+constant_rate_shaping,malicious_obfuscated,malicious_obfuscated,1,0.0127,0.0162,0.9711
2198,data_exfiltration,none,malicious_plain,malicious_plain,1,0.0193,0.9584,0.0222
2199,ddos_flood,fragmentation+block_padding,malicious_obfuscated,malicious_obfuscated,1,0.0316,0.0450,0.9234
2200,port_scan,none,malicious_plain,malicious_plain,1,0.0287,0.8729,0.0984
2201,c2_beacon,block_padding+constant_rate_shaping,malicious_obfuscated,malicious_obfuscated,1,0.0999,0.0169,0.8833
2202,c2_beacon,protocol_mimicry+fragmentation+constant_rate_shaping,malicious_obfuscated,malicious_obfuscated,1,0.0445,0.0113,0.9443
2203,reverse_shell,tunnel_encapsulation,malicious_obfuscated,malicious_obfuscated,1,0.0438,0.0233,0.9328
2204,file_download,none,benign,benign,1,0.9465,0.0243,0.0292
2205,video_streaming,none,benign,benign,1,0.9506,0.0248,0.0246
2206,reverse_shell,protocol_mimicry+constant_rate_shaping+tunnel_encapsulation,malicious_obfuscated,malicious_obfuscated,1,0.2567,0.0260,0.7174
2207,brute_force,fragmentation+random_padding,malicious_obfuscated,malicious_obfuscated,1,0.0170,0.0382,0.9448
2208,port_scan,protocol_mimicry,malicious_obfuscated,malicious_obfuscated,1,0.0168,0.0107,0.9726
2209,port_scan,protocol_mimicry,malicious_obfuscated,malicious_obfuscated,1,0.0146,0.0163,0.9691
2210,reverse_shell,constant_rate_shaping,malicious_obfuscated,malicious_obfuscated,1,0.2080,0.0358,0.7563
2211,reverse_shell,none,malicious_plain,malicious_plain,1,0.0304,0.9631,0.0064
2212,data_exfiltration,none,malicious_plain,malicious_plain,1,0.0183,0.9613,0.0205
2213,video_streaming,none,benign,benign,1,0.9125,0.0390,0.0485
2214,reverse_shell,block_padding+random_padding+tunnel_encapsulation,malicious_obfuscated,malicious_obfuscated,1,0.0103,0.0079,0.9818
2215,data_exfiltration,protocol_mimicry+fragmentation+timing_jitter,malicious_obfuscated,malicious_obfuscated,1,0.0414,0.0446,0.9139
2216,ddos_flood,none,malicious_plain,malicious_plain,1,0.0284,0.8804,0.0912
2217,ddos_flood,protocol_mimicry,malicious_obfuscated,malicious_obfuscated,1,0.0159,0.0267,0.9574
2218,brute_force,none,malicious_plain,malicious_plain,1,0.0204,0.8637,0.1158
2219,file_download,protocol_mimicry+fragmentation+timing_jitter,benign,benign,1,0.9481,0.0295,0.0223
2220,brute_force,none,malicious_plain,malicious_plain,1,0.0201,0.9293,0.0506
2221,c2_beacon,none,malicious_plain,malicious_plain,1,0.0104,0.9693,0.0203
2222,file_download,none,benign,benign,1,0.9509,0.0276,0.0215
2223,reverse_shell,protocol_mimicry+tunnel_encapsulation,malicious_obfuscated,benign,0,0.4822,0.0433,0.4745
2224,c2_beacon,none,malicious_plain,malicious_plain,1,0.0125,0.9184,0.0690
2225,data_exfiltration,constant_rate_shaping+tunnel_encapsulation,malicious_obfuscated,malicious_obfuscated,1,0.0256,0.0321,0.9423
2226,port_scan,fragmentation+tunnel_encapsulation,malicious_obfuscated,malicious_obfuscated,1,0.0323,0.4022,0.5655
2227,video_streaming,block_padding+dummy_injection+constant_rate_shaping,benign,benign,1,0.9188,0.0218,0.0594
2228,web_browsing,block_padding+timing_jitter+constant_rate_shaping,benign,malicious_obfuscated,0,0.2260,0.0105,0.7635
2229,port_scan,none,malicious_plain,malicious_plain,1,0.0321,0.8291,0.1388
2230,brute_force,block_padding,malicious_obfuscated,malicious_obfuscated,1,0.0131,0.0455,0.9414
2231,data_exfiltration,none,malicious_plain,malicious_plain,1,0.0211,0.9492,0.0297
2232,voip,tunnel_encapsulation,benign,benign,1,0.8959,0.0174,0.0867
2233,brute_force,fragmentation+timing_jitter+tunnel_encapsulation,malicious_obfuscated,malicious_obfuscated,1,0.0431,0.0304,0.9266
2234,c2_beacon,none,malicious_plain,malicious_plain,1,0.0183,0.8809,0.1008
2235,ddos_flood,none,malicious_plain,malicious_plain,1,0.0256,0.9228,0.0516
2236,video_streaming,none,benign,benign,1,0.9327,0.0354,0.0318
2237,port_scan,random_padding,malicious_obfuscated,malicious_obfuscated,1,0.0210,0.0279,0.9510
2238,ddos_flood,block_padding,malicious_obfuscated,malicious_plain,0,0.0311,0.8888,0.0801
2239,reverse_shell,protocol_mimicry+timing_jitter,malicious_obfuscated,malicious_obfuscated,1,0.2713,0.0331,0.6956
2240,file_download,none,benign,benign,1,0.9310,0.0314,0.0376
2241,web_browsing,fragmentation+constant_rate_shaping+tunnel_encapsulation,benign,malicious_obfuscated,0,0.1701,0.0197,0.8102
2242,video_streaming,none,benign,benign,1,0.9471,0.0327,0.0202
2243,ssh_interactive,fragmentation+random_padding,benign,benign,1,0.8871,0.0175,0.0954
2244,ddos_flood,timing_jitter+tunnel_encapsulation,malicious_obfuscated,malicious_obfuscated,1,0.0182,0.0145,0.9673
2245,reverse_shell,none,malicious_plain,malicious_plain,1,0.0112,0.9643,0.0245
2246,video_streaming,none,benign,benign,1,0.9373,0.0351,0.0276
2247,reverse_shell,fragmentation+block_padding+constant_rate_shaping,malicious_obfuscated,malicious_obfuscated,1,0.2636,0.0172,0.7192
2248,c2_beacon,none,malicious_plain,malicious_plain,1,0.0146,0.9678,0.0176
2249,ssh_interactive,none,benign,benign,1,0.9488,0.0272,0.0240
2250,web_browsing,none,benign,benign,1,0.9357,0.0390,0.0254
2251,ddos_flood,none,malicious_plain,malicious_plain,1,0.0259,0.9081,0.0660
2252,ddos_flood,fragmentation,malicious_obfuscated,malicious_plain,0,0.0278,0.8346,0.1376
2253,port_scan,none,malicious_plain,malicious_plain,1,0.0191,0.9383,0.0426
2254,c2_beacon,protocol_mimicry+fragmentation+block_padding,malicious_obfuscated,malicious_obfuscated,1,0.0517,0.0097,0.9386
2255,voip,block_padding+random_padding+timing_jitter,benign,malicious_obfuscated,0,0.3060,0.0268,0.6672
2256,data_exfiltration,none,malicious_plain,malicious_plain,1,0.0165,0.9627,0.0207
2257,brute_force,none,malicious_plain,malicious_plain,1,0.0186,0.9231,0.0583
2258,voip,none,benign,benign,1,0.9546,0.0177,0.0277
2259,ddos_flood,none,malicious_plain,malicious_plain,1,0.0337,0.8299,0.1364
2260,reverse_shell,random_padding+dummy_injection+constant_rate_shaping,malicious_obfuscated,malicious_obfuscated,1,0.2419,0.0089,0.7493
2261,voip,none,benign,benign,1,0.9601,0.0207,0.0192
2262,brute_force,protocol_mimicry+fragmentation,malicious_obfuscated,malicious_obfuscated,1,0.0291,0.0227,0.9483
2263,data_exfiltration,none,malicious_plain,malicious_plain,1,0.0321,0.9427,0.0252
2264,voip,fragmentation+dummy_injection+tunnel_encapsulation,benign,malicious_obfuscated,0,0.1207,0.0188,0.8604
2265,reverse_shell,protocol_mimicry,malicious_obfuscated,malicious_obfuscated,1,0.0619,0.0343,0.9039
2266,web_browsing,none,benign,benign,1,0.9631,0.0216,0.0153
2267,c2_beacon,none,malicious_plain,malicious_plain,1,0.0107,0.9711,0.0182
2268,ddos_flood,none,malicious_plain,malicious_plain,1,0.0235,0.9180,0.0585
2269,port_scan,fragmentation+dummy_injection+timing_jitter,malicious_obfuscated,malicious_obfuscated,1,0.0741,0.0335,0.8924
2270,reverse_shell,none,malicious_plain,malicious_plain,1,0.0087,0.9726,0.0187
2271,ddos_flood,protocol_mimicry+dummy_injection,malicious_obfuscated,malicious_obfuscated,1,0.2827,0.0388,0.6785
2272,reverse_shell,none,malicious_plain,malicious_plain,1,0.0127,0.9585,0.0288
2273,brute_force,constant_rate_shaping,malicious_obfuscated,malicious_obfuscated,1,0.1514,0.0138,0.8348
2274,voip,none,benign,benign,1,0.9562,0.0179,0.0259
2275,ddos_flood,none,malicious_plain,malicious_plain,1,0.0248,0.9143,0.0609
2276,dns_query,constant_rate_shaping,benign,malicious_obfuscated,0,0.1603,0.0202,0.8194
2277,ssh_interactive,tunnel_encapsulation,benign,benign,1,0.9434,0.0202,0.0364
2278,data_exfiltration,fragmentation+block_padding,malicious_obfuscated,malicious_obfuscated,1,0.0183,0.0307,0.9510
2279,ssh_interactive,random_padding+timing_jitter+tunnel_encapsulation,benign,benign,1,0.9099,0.0192,0.0709
2280,ssh_interactive,none,benign,benign,1,0.9469,0.0274,0.0257
2281,c2_beacon,random_padding+timing_jitter,malicious_obfuscated,malicious_plain,0,0.0255,0.6065,0.3680
2282,reverse_shell,none,malicious_plain,malicious_plain,1,0.0300,0.9318,0.0382
2283,port_scan,none,malicious_plain,malicious_plain,1,0.0153,0.9283,0.0564
2284,web_browsing,none,benign,benign,1,0.5656,0.1958,0.2386
2285,port_scan,constant_rate_shaping,malicious_obfuscated,malicious_obfuscated,1,0.0257,0.0228,0.9514
2286,web_browsing,protocol_mimicry+random_padding+tunnel_encapsulation,benign,malicious_obfuscated,0,0.0256,0.0164,0.9579
2287,data_exfiltration,protocol_mimicry+fragmentation+timing_jitter,malicious_obfuscated,malicious_obfuscated,1,0.0492,0.0231,0.9277
2288,voip,none,benign,benign,1,0.9478,0.0207,0.0315
2289,reverse_shell,none,malicious_plain,malicious_plain,1,0.0575,0.9080,0.0345
2290,file_download,none,benign,benign,1,0.9422,0.0281,0.0297
2291,port_scan,block_padding+timing_jitter+constant_rate_shaping,malicious_obfuscated,malicious_obfuscated,1,0.1672,0.0211,0.8117
2292,brute_force,protocol_mimicry,malicious_obfuscated,malicious_obfuscated,1,0.1577,0.0187,0.8236
2293,port_scan,none,malicious_plain,malicious_plain,1,0.0227,0.8889,0.0884
2294,port_scan,none,malicious_plain,malicious_plain,1,0.0277,0.8504,0.1219
2295,ssh_interactive,none,benign,benign,1,0.9394,0.0305,0.0301
2296,data_exfiltration,none,malicious_plain,malicious_plain,1,0.0307,0.9463,0.0230
2297,ddos_flood,none,malicious_plain,malicious_plain,1,0.0323,0.8553,0.1125
2298,file_download,none,benign,benign,1,0.9510,0.0253,0.0236
2299,ssh_interactive,none,benign,benign,1,0.9356,0.0308,0.0335
2300,brute_force,block_padding,malicious_obfuscated,malicious_plain,0,0.0164,0.9001,0.0834
2301,video_streaming,none,benign,benign,1,0.9484,0.0270,0.0246
2302,port_scan,none,malicious_plain,malicious_plain,1,0.0149,0.9187,0.0664
2303,ddos_flood,dummy_injection,malicious_obfuscated,malicious_obfuscated,1,0.0254,0.0131,0.9615
2304,port_scan,fragmentation+random_padding+timing_jitter,malicious_obfuscated,malicious_obfuscated,1,0.0133,0.0222,0.9645
2305,file_download,dummy_injection,benign,benign,1,0.9665,0.0143,0.0192
2306,voip,none,benign,benign,1,0.9606,0.0177,0.0218
2307,ssh_interactive,none,benign,benign,1,0.9069,0.0423,0.0509
2308,port_scan,none,malicious_plain,malicious_plain,1,0.0251,0.8767,0.0983
2309,web_browsing,fragmentation+constant_rate_shaping,benign,malicious_obfuscated,0,0.1790,0.0262,0.7948
2310,brute_force,none,malicious_plain,malicious_plain,1,0.0169,0.9403,0.0428
2311,ssh_interactive,none,benign,benign,1,0.9223,0.0381,0.0397
2312,video_streaming,none,benign,benign,1,0.9404,0.0303,0.0293
2313,file_download,none,benign,benign,1,0.9343,0.0334,0.0323
2314,voip,none,benign,benign,1,0.9621,0.0209,0.0169
2315,port_scan,protocol_mimicry+block_padding,malicious_obfuscated,malicious_obfuscated,1,0.0130,0.0113,0.9757
2316,brute_force,constant_rate_shaping+tunnel_encapsulation,malicious_obfuscated,malicious_obfuscated,1,0.3426,0.0238,0.6337
2317,ddos_flood,constant_rate_shaping,malicious_obfuscated,malicious_obfuscated,1,0.0377,0.0166,0.9457
2318,brute_force,protocol_mimicry+fragmentation+block_padding,malicious_obfuscated,malicious_obfuscated,1,0.0184,0.0072,0.9744
2319,c2_beacon,protocol_mimicry+block_padding,malicious_obfuscated,malicious_obfuscated,1,0.0353,0.0089,0.9558
2320,reverse_shell,none,malicious_plain,malicious_plain,1,0.0531,0.8977,0.0492
2321,data_exfiltration,protocol_mimicry+dummy_injection+timing_jitter,malicious_obfuscated,malicious_obfuscated,1,0.2440,0.0639,0.6921
2322,port_scan,block_padding+timing_jitter+constant_rate_shaping,malicious_obfuscated,malicious_obfuscated,1,0.0753,0.0131,0.9115
2323,c2_beacon,tunnel_encapsulation,malicious_obfuscated,malicious_obfuscated,1,0.0449,0.0551,0.9000
2324,file_download,none,benign,benign,1,0.9501,0.0252,0.0247
2325,ssh_interactive,tunnel_encapsulation,benign,benign,1,0.9749,0.0140,0.0110
2326,c2_beacon,tunnel_encapsulation,malicious_obfuscated,malicious_obfuscated,1,0.0263,0.0333,0.9404
2327,file_download,none,benign,benign,1,0.9491,0.0225,0.0285
2328,dns_query,block_padding+random_padding+tunnel_encapsulation,benign,benign,1,0.8983,0.0382,0.0635
2329,brute_force,random_padding+constant_rate_shaping,malicious_obfuscated,benign,0,0.7520,0.0521,0.1958
2330,reverse_shell,none,malicious_plain,malicious_plain,1,0.0124,0.9443,0.0433
2331,c2_beacon,fragmentation+random_padding+constant_rate_shaping,malicious_obfuscated,malicious_obfuscated,1,0.2950,0.0469,0.6581
2332,ssh_interactive,protocol_mimicry+fragmentation+timing_jitter,benign,malicious_obfuscated,0,0.0785,0.0266,0.8949
2333,port_scan,block_padding+random_padding+dummy_injection,malicious_obfuscated,malicious_obfuscated,1,0.0560,0.0127,0.9313
2334,port_scan,none,malicious_plain,malicious_plain,1,0.0112,0.9396,0.0492
2335,video_streaming,none,benign,benign,1,0.9288,0.0382,0.0331
2336,brute_force,none,malicious_plain,malicious_plain,1,0.0179,0.9137,0.0684
2337,data_exfiltration,none,malicious_plain,malicious_plain,1,0.0292,0.9510,0.0198
2338,ssh_interactive,constant_rate_shaping+tunnel_encapsulation,benign,benign,1,0.7874,0.0183,0.1942
2339,port_scan,fragmentation+dummy_injection+timing_jitter,malicious_obfuscated,malicious_obfuscated,1,0.1017,0.0549,0.8435
2340,brute_force,none,malicious_plain,malicious_plain,1,0.0191,0.9246,0.0563
2341,file_download,none,benign,benign,1,0.9304,0.0307,0.0389
2342,port_scan,block_padding,malicious_obfuscated,malicious_plain,0,0.0237,0.6961,0.2802
2343,file_download,random_padding+timing_jitter,benign,benign,1,0.9164,0.0369,0.0467
2344,ddos_flood,timing_jitter,malicious_obfuscated,malicious_obfuscated,1,0.0208,0.0309,0.9482
2345,brute_force,none,malicious_plain,malicious_plain,1,0.0211,0.9020,0.0768
2346,ssh_interactive,none,benign,benign,1,0.9633,0.0195,0.0172
2347,web_browsing,none,benign,benign,1,0.9637,0.0246,0.0118
2348,ddos_flood,none,malicious_plain,malicious_plain,1,0.0246,0.9199,0.0554
2349,file_download,none,benign,benign,1,0.9334,0.0309,0.0357
2350,reverse_shell,dummy_injection+timing_jitter,malicious_obfuscated,benign,0,0.7103,0.0653,0.2244
2351,ddos_flood,fragmentation+block_padding+random_padding,malicious_obfuscated,malicious_obfuscated,1,0.0365,0.0326,0.9309
2352,brute_force,dummy_injection+tunnel_encapsulation,malicious_obfuscated,malicious_obfuscated,1,0.0456,0.0240,0.9304
2353,reverse_shell,fragmentation+tunnel_encapsulation,malicious_obfuscated,malicious_obfuscated,1,0.0164,0.0191,0.9645
2354,video_streaming,none,benign,benign,1,0.9334,0.0341,0.0325
2355,file_download,random_padding+tunnel_encapsulation,benign,benign,1,0.9647,0.0169,0.0184
2356,ssh_interactive,fragmentation+dummy_injection+timing_jitter,benign,benign,1,0.6564,0.0631,0.2805
2357,ddos_flood,protocol_mimicry+dummy_injection,malicious_obfuscated,malicious_obfuscated,1,0.0133,0.0184,0.9683
2358,brute_force,none,malicious_plain,malicious_plain,1,0.0217,0.9327,0.0456
2359,c2_beacon,protocol_mimicry+tunnel_encapsulation,malicious_obfuscated,benign,0,0.7880,0.0316,0.1804
2360,file_download,protocol_mimicry+constant_rate_shaping,benign,benign,1,0.9281,0.0255,0.0464
2361,voip,none,benign,benign,1,0.9461,0.0186,0.0353
2362,data_exfiltration,none,malicious_plain,malicious_plain,1,0.0233,0.9502,0.0265
2363,data_exfiltration,protocol_mimicry,malicious_obfuscated,malicious_obfuscated,1,0.0279,0.0153,0.9569
2364,data_exfiltration,none,malicious_plain,malicious_plain,1,0.0233,0.9533,0.0234
2365,ssh_interactive,none,benign,benign,1,0.9525,0.0250,0.0225
2366,data_exfiltration,none,malicious_plain,malicious_plain,1,0.0320,0.9396,0.0284
2367,port_scan,none,malicious_plain,malicious_plain,1,0.0190,0.8928,0.0881
2368,file_download,none,benign,benign,1,0.9312,0.0327,0.0361
2369,reverse_shell,none,malicious_plain,malicious_plain,1,0.0068,0.9679,0.0253
2370,ddos_flood,none,malicious_plain,malicious_plain,1,0.0250,0.8988,0.0762
2371,voip,protocol_mimicry+constant_rate_shaping,benign,malicious_obfuscated,0,0.3305,0.0511,0.6184
2372,ssh_interactive,none,benign,benign,1,0.9497,0.0275,0.0227
2373,voip,none,benign,benign,1,0.9580,0.0188,0.0232
2374,ssh_interactive,block_padding+constant_rate_shaping,benign,benign,1,0.7103,0.0235,0.2661
2375,reverse_shell,none,malicious_plain,malicious_plain,1,0.0115,0.9111,0.0774
2376,reverse_shell,none,malicious_plain,malicious_plain,1,0.0151,0.9355,0.0494
2377,data_exfiltration,none,malicious_plain,malicious_plain,1,0.0284,0.9301,0.0415
2378,c2_beacon,dummy_injection+timing_jitter,malicious_obfuscated,malicious_obfuscated,1,0.0284,0.0181,0.9535
2379,brute_force,fragmentation,malicious_obfuscated,malicious_obfuscated,1,0.0288,0.0621,0.9091
2380,port_scan,protocol_mimicry,malicious_obfuscated,malicious_obfuscated,1,0.0145,0.0236,0.9619
2381,reverse_shell,none,malicious_plain,malicious_plain,1,0.0125,0.9451,0.0424
2382,web_browsing,none,benign,benign,1,0.9280,0.0373,0.0347
2383,ssh_interactive,constant_rate_shaping,benign,benign,1,0.6120,0.0217,0.3663
2384,web_browsing,random_padding,benign,benign,1,0.8064,0.0451,0.1485
2385,brute_force,protocol_mimicry+dummy_injection,malicious_obfuscated,malicious_obfuscated,1,0.0472,0.0296,0.9232
2386,reverse_shell,block_padding+timing_jitter+constant_rate_shaping,malicious_obfuscated,malicious_obfuscated,1,0.2054,0.0158,0.7788
2387,port_scan,none,malicious_plain,malicious_plain,1,0.0202,0.9263,0.0535
2388,reverse_shell,random_padding,malicious_obfuscated,malicious_plain,0,0.0077,0.9615,0.0308
2389,port_scan,fragmentation+timing_jitter+tunnel_encapsulation,malicious_obfuscated,malicious_obfuscated,1,0.0601,0.0396,0.9004
2390,ddos_flood,fragmentation+block_padding+timing_jitter,malicious_obfuscated,malicious_obfuscated,1,0.0340,0.0396,0.9263
2391,ssh_interactive,none,benign,benign,1,0.9545,0.0239,0.0217
2392,ddos_flood,none,malicious_plain,malicious_plain,1,0.0248,0.9060,0.0692
2393,ssh_interactive,none,benign,benign,1,0.9170,0.0378,0.0452
2394,voip,none,benign,benign,1,0.9394,0.0212,0.0395
2395,ddos_flood,dummy_injection,malicious_obfuscated,malicious_obfuscated,1,0.0371,0.0217,0.9412
2396,voip,none,benign,benign,1,0.9577,0.0205,0.0218
2397,file_download,none,benign,benign,1,0.9222,0.0370,0.0408
2398,port_scan,none,malicious_plain,malicious_plain,1,0.0323,0.8149,0.1528
2399,c2_beacon,protocol_mimicry+random_padding,malicious_obfuscated,malicious_obfuscated,1,0.1082,0.0376,0.8542
2400,voip,none,benign,benign,1,0.9562,0.0218,0.0220
2401,ddos_flood,none,malicious_plain,malicious_plain,1,0.0240,0.8984,0.0777
2402,port_scan,none,malicious_plain,malicious_plain,1,0.0147,0.9410,0.0443
2403,file_download,none,benign,benign,1,0.9261,0.0301,0.0438
2404,web_browsing,none,benign,benign,1,0.9193,0.0320,0.0487
2405,c2_beacon,protocol_mimicry+tunnel_encapsulation,malicious_obfuscated,benign,0,0.5075,0.0474,0.4451
2406,c2_beacon,none,malicious_plain,malicious_plain,1,0.0169,0.9196,0.0635
2407,port_scan,none,malicious_plain,malicious_plain,1,0.0152,0.9270,0.0578
2408,ddos_flood,none,malicious_plain,malicious_plain,1,0.0256,0.8748,0.0996
2409,reverse_shell,block_padding+dummy_injection+constant_rate_shaping,malicious_obfuscated,malicious_obfuscated,1,0.3459,0.0293,0.6249
2410,brute_force,none,malicious_plain,malicious_plain,1,0.0177,0.9271,0.0553
2411,port_scan,none,malicious_plain,malicious_plain,1,0.0201,0.8957,0.0842
2412,data_exfiltration,none,malicious_plain,malicious_plain,1,0.0232,0.9542,0.0225
2413,reverse_shell,random_padding+timing_jitter,malicious_obfuscated,malicious_obfuscated,1,0.0146,0.0406,0.9448
2414,brute_force,none,malicious_plain,malicious_plain,1,0.0180,0.9174,0.0647
2415,video_streaming,timing_jitter,benign,benign,1,0.9447,0.0263,0.0290
2416,web_browsing,fragmentation+block_padding+random_padding,benign,benign,1,0.7904,0.0333,0.1763
2417,reverse_shell,constant_rate_shaping,malicious_obfuscated,malicious_obfuscated,1,0.3159,0.0396,0.6445
2418,voip,fragmentation+tunnel_encapsulation,benign,benign,1,0.9698,0.0144,0.0158
2419,port_scan,none,malicious_plain,malicious_plain,1,0.0144,0.9234,0.0622
2420,file_download,none,benign,benign,1,0.9442,0.0200,0.0358
2421,c2_beacon,random_padding,malicious_obfuscated,malicious_obfuscated,1,0.0276,0.1440,0.8283
2422,data_exfiltration,none,malicious_plain,malicious_plain,1,0.0258,0.9419,0.0323
2423,reverse_shell,none,malicious_plain,malicious_plain,1,0.0175,0.9642,0.0183
2424,video_streaming,fragmentation,benign,benign,1,0.8648,0.0269,0.1083
2425,data_exfiltration,block_padding+random_padding+tunnel_encapsulation,malicious_obfuscated,malicious_obfuscated,1,0.0214,0.0331,0.9455
2426,port_scan,none,malicious_plain,malicious_plain,1,0.0126,0.9361,0.0513
2427,web_browsing,protocol_mimicry,benign,benign,1,0.9776,0.0116,0.0108
2428,port_scan,none,malicious_plain,malicious_plain,1,0.0213,0.8924,0.0863
2429,port_scan,block_padding+dummy_injection+timing_jitter,malicious_obfuscated,malicious_obfuscated,1,0.0194,0.0125,0.9681
2430,brute_force,constant_rate_shaping,malicious_obfuscated,malicious_obfuscated,1,0.2205,0.0130,0.7664
2431,brute_force,none,malicious_plain,malicious_plain,1,0.0220,0.9174,0.0606
2432,voip,none,benign,benign,1,0.9507,0.0185,0.0308
2433,web_browsing,fragmentation+timing_jitter+tunnel_encapsulation,benign,malicious_obfuscated,0,0.4236,0.0421,0.5344
2434,voip,none,benign,benign,1,0.9515,0.0177,0.0308
2435,voip,none,benign,benign,1,0.9497,0.0179,0.0324
2436,reverse_shell,none,malicious_plain,malicious_plain,1,0.0281,0.9556,0.0162
2437,file_download,none,benign,benign,1,0.9140,0.0309,0.0551
2438,ssh_interactive,none,benign,benign,1,0.9408,0.0307,0.0286
2439,ddos_flood,none,malicious_plain,malicious_plain,1,0.0269,0.8435,0.1295
2440,c2_beacon,none,malicious_plain,malicious_plain,1,0.0125,0.9584,0.0291
2441,voip,none,benign,benign,1,0.9418,0.0209,0.0373
2442,voip,timing_jitter,benign,benign,1,0.8948,0.0534,0.0519
2443,ddos_flood,protocol_mimicry+timing_jitter,malicious_obfuscated,malicious_obfuscated,1,0.0174,0.0296,0.9530
2444,web_browsing,none,benign,benign,1,0.9187,0.0400,0.0413
2445,web_browsing,none,benign,benign,1,0.9549,0.0265,0.0186
2446,port_scan,dummy_injection+timing_jitter,malicious_obfuscated,malicious_obfuscated,1,0.0220,0.0379,0.9402
2447,video_streaming,none,benign,benign,1,0.9465,0.0328,0.0207
2448,web_browsing,block_padding+tunnel_encapsulation,benign,benign,1,0.4766,0.0570,0.4664
2449,port_scan,none,malicious_plain,malicious_plain,1,0.0122,0.9444,0.0433
2450,file_download,none,benign,benign,1,0.9327,0.0306,0.0367
2451,c2_beacon,protocol_mimicry+block_padding+timing_jitter,malicious_obfuscated,malicious_obfuscated,1,0.0577,0.0351,0.9073
2452,c2_beacon,timing_jitter,malicious_obfuscated,malicious_plain,0,0.0175,0.8989,0.0836
2453,brute_force,protocol_mimicry+block_padding+dummy_injection,malicious_obfuscated,benign,0,0.7157,0.0278,0.2565
2454,web_browsing,none,benign,benign,1,0.7011,0.1531,0.1457
2455,file_download,constant_rate_shaping,benign,benign,1,0.8675,0.0442,0.0883
2456,data_exfiltration,none,malicious_plain,malicious_plain,1,0.0161,0.9575,0.0264
2457,reverse_shell,none,malicious_plain,malicious_plain,1,0.0108,0.9716,0.0176
2458,brute_force,none,malicious_plain,malicious_plain,1,0.0224,0.8379,0.1398
2459,video_streaming,fragmentation,benign,benign,1,0.8875,0.0277,0.0848
2460,web_browsing,none,benign,benign,1,0.9273,0.0458,0.0268
2461,ddos_flood,block_padding+dummy_injection+tunnel_encapsulation,malicious_obfuscated,malicious_obfuscated,1,0.0215,0.0066,0.9719
2462,brute_force,none,malicious_plain,malicious_plain,1,0.0242,0.9244,0.0514
2463,web_browsing,none,benign,benign,1,0.9677,0.0205,0.0118
2464,ddos_flood,constant_rate_shaping,malicious_obfuscated,malicious_obfuscated,1,0.0643,0.0264,0.9093
2465,brute_force,none,malicious_plain,malicious_plain,1,0.0242,0.8920,0.0838
2466,port_scan,protocol_mimicry+random_padding,malicious_obfuscated,malicious_obfuscated,1,0.0209,0.0207,0.9584
2467,brute_force,none,malicious_plain,malicious_plain,1,0.0175,0.9271,0.0554
2468,port_scan,none,malicious_plain,malicious_plain,1,0.0151,0.9480,0.0369
2469,ddos_flood,fragmentation,malicious_obfuscated,malicious_plain,0,0.0229,0.9198,0.0573
2470,ddos_flood,random_padding,malicious_obfuscated,malicious_obfuscated,1,0.0353,0.1911,0.7736
2471,c2_beacon,none,malicious_plain,malicious_plain,1,0.0143,0.9610,0.0246
2472,reverse_shell,protocol_mimicry+tunnel_encapsulation,malicious_obfuscated,malicious_obfuscated,1,0.0566,0.0151,0.9283
2473,brute_force,none,malicious_plain,malicious_plain,1,0.0212,0.8600,0.1188
2474,video_streaming,none,benign,benign,1,0.9526,0.0272,0.0202
2475,port_scan,protocol_mimicry+fragmentation,malicious_obfuscated,malicious_obfuscated,1,0.0108,0.0248,0.9644
2476,c2_beacon,block_padding+random_padding+timing_jitter,malicious_obfuscated,malicious_obfuscated,1,0.0105,0.0236,0.9659
2477,voip,protocol_mimicry+dummy_injection+timing_jitter,benign,benign,1,0.9819,0.0090,0.0091
2478,data_exfiltration,none,malicious_plain,malicious_plain,1,0.0215,0.9543,0.0243
2479,c2_beacon,none,malicious_plain,malicious_plain,1,0.0125,0.9708,0.0167
2480,reverse_shell,none,malicious_plain,malicious_plain,1,0.0135,0.9709,0.0156
2481,web_browsing,none,benign,benign,1,0.9394,0.0369,0.0238
2482,brute_force,block_padding+random_padding,malicious_obfuscated,malicious_obfuscated,1,0.0473,0.4635,0.4893
2483,brute_force,none,malicious_plain,malicious_plain,1,0.0175,0.9184,0.0641
2484,c2_beacon,none,malicious_plain,malicious_plain,1,0.0132,0.9472,0.0397
2485,c2_beacon,none,malicious_plain,malicious_plain,1,0.0155,0.9113,0.0731
2486,port_scan,none,malicious_plain,malicious_plain,1,0.0182,0.8916,0.0902
2487,voip,timing_jitter+constant_rate_shaping,benign,malicious_obfuscated,0,0.1557,0.0115,0.8328
2488,ddos_flood,protocol_mimicry+fragmentation,malicious_obfuscated,malicious_obfuscated,1,0.0102,0.0167,0.9731
2489,video_streaming,block_padding,benign,benign,1,0.9135,0.0357,0.0508
2490,port_scan,constant_rate_shaping,malicious_obfuscated,malicious_obfuscated,1,0.0342,0.0144,0.9514
2491,brute_force,none,malicious_plain,malicious_plain,1,0.0202,0.9189,0.0608
2492,data_exfiltration,none,malicious_plain,malicious_plain,1,0.0322,0.9397,0.0280
2493,data_exfiltration,tunnel_encapsulation,malicious_obfuscated,malicious_obfuscated,1,0.0149,0.0218,0.9633
2494,data_exfiltration,block_padding+random_padding+tunnel_encapsulation,malicious_obfuscated,malicious_obfuscated,1,0.0184,0.0241,0.9575
2495,file_download,timing_jitter,benign,benign,1,0.9444,0.0234,0.0323
2496,brute_force,tunnel_encapsulation,malicious_obfuscated,malicious_obfuscated,1,0.0533,0.1731,0.7735
2497,ssh_interactive,none,benign,benign,1,0.9620,0.0204,0.0176
2498,port_scan,protocol_mimicry+block_padding+constant_rate_shaping,malicious_obfuscated,malicious_obfuscated,1,0.0292,0.0374,0.9335
2499,port_scan,none,malicious_plain,malicious_plain,1,0.0140,0.9431,0.0430
2500,brute_force,none,malicious_plain,malicious_plain,1,0.0155,0.9372,0.0473
2501,ssh_interactive,none,benign,benign,1,0.9377,0.0287,0.0336
2502,port_scan,protocol_mimicry+dummy_injection+constant_rate_shaping,malicious_obfuscated,malicious_obfuscated,1,0.0241,0.0144,0.9615
2503,data_exfiltration,none,malicious_plain,malicious_plain,1,0.0183,0.9594,0.0224
2504,ddos_flood,protocol_mimicry+constant_rate_shaping+tunnel_encapsulation,malicious_obfuscated,malicious_obfuscated,1,0.0203,0.0203,0.9594
2505,port_scan,protocol_mimicry+constant_rate_shaping,malicious_obfuscated,benign,0,0.5434,0.0272,0.4293
2506,video_streaming,none,benign,benign,1,0.9403,0.0313,0.0283
2507,ssh_interactive,protocol_mimicry+tunnel_encapsulation,benign,benign,1,0.6822,0.0317,0.2861
2508,reverse_shell,random_padding,malicious_obfuscated,malicious_obfuscated,1,0.0274,0.0479,0.9247
2509,port_scan,dummy_injection,malicious_obfuscated,malicious_obfuscated,1,0.0248,0.0198,0.9555
2510,voip,none,benign,benign,1,0.9519,0.0217,0.0264
2511,c2_beacon,none,malicious_plain,malicious_plain,1,0.0153,0.9623,0.0224
2512,file_download,dummy_injection+constant_rate_shaping,benign,benign,1,0.6402,0.0524,0.3074
2513,reverse_shell,none,malicious_plain,malicious_plain,1,0.0110,0.9456,0.0435
2514,voip,none,benign,benign,1,0.9516,0.0175,0.0309
2515,voip,fragmentation+block_padding+tunnel_encapsulation,benign,benign,1,0.9011,0.0152,0.0837
2516,port_scan,constant_rate_shaping,malicious_obfuscated,malicious_obfuscated,1,0.0205,0.0278,0.9516
2517,brute_force,timing_jitter+constant_rate_shaping,malicious_obfuscated,malicious_obfuscated,1,0.1744,0.0370,0.7886
2518,reverse_shell,timing_jitter,malicious_obfuscated,malicious_obfuscated,1,0.0193,0.0928,0.8879
2519,voip,none,benign,benign,1,0.9468,0.0210,0.0322
2520,brute_force,none,malicious_plain,malicious_plain,1,0.0467,0.8809,0.0725
2521,web_browsing,fragmentation+constant_rate_shaping,benign,malicious_obfuscated,0,0.2662,0.0243,0.7095
2522,brute_force,none,malicious_plain,malicious_plain,1,0.0164,0.9283,0.0552
2523,port_scan,none,malicious_plain,malicious_plain,1,0.0145,0.9294,0.0562
2524,reverse_shell,block_padding+timing_jitter+constant_rate_shaping,malicious_obfuscated,malicious_obfuscated,1,0.2761,0.0338,0.6901
2525,data_exfiltration,none,malicious_plain,malicious_plain,1,0.0313,0.9434,0.0253
2526,web_browsing,none,benign,benign,1,0.9411,0.0368,0.0221
2527,ddos_flood,protocol_mimicry+block_padding+random_padding,malicious_obfuscated,malicious_obfuscated,1,0.0322,0.0441,0.9237
2528,reverse_shell,random_padding+timing_jitter+constant_rate_shaping,malicious_obfuscated,malicious_obfuscated,1,0.2306,0.0310,0.7384
2529,ddos_flood,none,malicious_plain,malicious_plain,1,0.0253,0.9150,0.0597
2530,file_download,none,benign,benign,1,0.9340,0.0341,0.0319
2531,brute_force,none,malicious_plain,malicious_plain,1,0.0197,0.9038,0.0765
2532,voip,none,benign,benign,1,0.9591,0.0210,0.0199
2533,brute_force,none,malicious_plain,malicious_plain,1,0.0187,0.9259,0.0554
2534,port_scan,protocol_mimicry+timing_jitter+tunnel_encapsulation,malicious_obfuscated,malicious_obfuscated,1,0.0106,0.0113,0.9781
2535,c2_beacon,none,malicious_plain,malicious_plain,1,0.0186,0.9373,0.0441
2536,file_download,none,benign,benign,1,0.9420,0.0263,0.0317
2537,ssh_interactive,none,benign,benign,1,0.9281,0.0375,0.0345
2538,ddos_flood,none,malicious_plain,malicious_plain,1,0.0291,0.9085,0.0624
2539,data_exfiltration,none,malicious_plain,malicious_plain,1,0.0206,0.9525,0.0269
2540,brute_force,none,malicious_plain,malicious_plain,1,0.0157,0.9168,0.0676
2541,file_download,none,benign,benign,1,0.9436,0.0288,0.0276
2542,data_exfiltration,none,malicious_plain,malicious_plain,1,0.0210,0.9498,0.0292
2543,file_download,none,benign,benign,1,0.9437,0.0309,0.0254
2544,file_download,none,benign,benign,1,0.9339,0.0251,0.0409
2545,c2_beacon,dummy_injection,malicious_obfuscated,malicious_obfuscated,1,0.0185,0.0197,0.9618
2546,port_scan,protocol_mimicry+fragmentation+constant_rate_shaping,malicious_obfuscated,benign,0,0.8545,0.0192,0.1264
2547,reverse_shell,none,malicious_plain,malicious_plain,1,0.0224,0.9309,0.0467
2548,dns_query,random_padding+dummy_injection,benign,malicious_obfuscated,0,0.4276,0.0555,0.5170
2549,data_exfiltration,none,malicious_plain,malicious_plain,1,0.0318,0.9380,0.0302
2550,brute_force,fragmentation+timing_jitter+tunnel_encapsulation,malicious_obfuscated,malicious_obfuscated,1,0.0095,0.0129,0.9776
2551,c2_beacon,none,malicious_plain,malicious_plain,1,0.0163,0.9554,0.0283
2552,voip,block_padding+timing_jitter,benign,malicious_obfuscated,0,0.3894,0.0688,0.5418
2553,ddos_flood,random_padding+timing_jitter,malicious_obfuscated,malicious_obfuscated,1,0.0255,0.0303,0.9442
2554,data_exfiltration,protocol_mimicry+random_padding+timing_jitter,malicious_obfuscated,malicious_obfuscated,1,0.0269,0.0192,0.9539
2555,c2_beacon,tunnel_encapsulation,malicious_obfuscated,malicious_obfuscated,1,0.0558,0.1474,0.7967
2556,reverse_shell,none,malicious_plain,malicious_plain,1,0.0071,0.9795,0.0134
2557,port_scan,fragmentation+random_padding,malicious_obfuscated,malicious_obfuscated,1,0.0134,0.0241,0.9624
2558,video_streaming,none,benign,benign,1,0.9294,0.0401,0.0305
2559,port_scan,none,malicious_plain,malicious_plain,1,0.0173,0.8980,0.0847
2560,reverse_shell,none,malicious_plain,malicious_plain,1,0.0816,0.8362,0.0822
2561,brute_force,none,malicious_plain,malicious_plain,1,0.0186,0.9330,0.0484
2562,video_streaming,none,benign,benign,1,0.9355,0.0357,0.0289
2563,voip,none,benign,benign,1,0.9315,0.0214,0.0471
2564,port_scan,none,malicious_plain,malicious_plain,1,0.0153,0.9409,0.0438
2565,brute_force,dummy_injection+constant_rate_shaping,malicious_obfuscated,malicious_obfuscated,1,0.2495,0.0168,0.7337
2566,data_exfiltration,none,malicious_plain,malicious_plain,1,0.0241,0.9429,0.0329
2567,brute_force,none,malicious_plain,malicious_plain,1,0.0205,0.9135,0.0660
2568,file_download,none,benign,benign,1,0.9287,0.0347,0.0366
2569,video_streaming,protocol_mimicry+fragmentation+timing_jitter,benign,benign,1,0.7458,0.0412,0.2129
2570,ddos_flood,none,malicious_plain,malicious_plain,1,0.0261,0.9075,0.0664
2571,voip,none,benign,benign,1,0.9512,0.0205,0.0283
2572,brute_force,none,malicious_plain,malicious_plain,1,0.0193,0.9138,0.0669
2573,port_scan,block_padding,malicious_obfuscated,malicious_obfuscated,1,0.0223,0.0371,0.9406
2574,reverse_shell,timing_jitter,malicious_obfuscated,malicious_obfuscated,1,0.0328,0.0797,0.8875
2575,ddos_flood,none,malicious_plain,malicious_plain,1,0.0353,0.8161,0.1486
2576,video_streaming,none,benign,benign,1,0.9355,0.0312,0.0333
2577,c2_beacon,none,malicious_plain,malicious_plain,1,0.0126,0.9638,0.0235
2578,port_scan,protocol_mimicry+timing_jitter+tunnel_encapsulation,malicious_obfuscated,malicious_obfuscated,1,0.0134,0.0087,0.9779
2579,voip,protocol_mimicry+fragmentation,benign,benign,1,0.8394,0.0254,0.1352
2580,voip,fragmentation+dummy_injection+timing_jitter,benign,benign,1,0.9270,0.0259,0.0471
2581,ddos_flood,none,malicious_plain,malicious_plain,1,0.0263,0.9062,0.0675
2582,port_scan,none,malicious_plain,malicious_plain,1,0.0244,0.8808,0.0948
2583,ssh_interactive,none,benign,benign,1,0.9552,0.0225,0.0223
2584,data_exfiltration,none,malicious_plain,malicious_plain,1,0.0254,0.9515,0.0232
2585,reverse_shell,block_padding,malicious_obfuscated,malicious_obfuscated,1,0.3413,0.2231,0.4356
2586,web_browsing,none,benign,benign,1,0.9540,0.0277,0.0182
2587,data_exfiltration,none,malicious_plain,malicious_plain,1,0.0265,0.9416,0.0320
2588,file_download,none,benign,benign,1,0.9282,0.0310,0.0408
2589,video_streaming,none,benign,benign,1,0.9269,0.0407,0.0324
2590,ddos_flood,none,malicious_plain,malicious_plain,1,0.0274,0.8835,0.0891
2591,ddos_flood,fragmentation+dummy_injection,malicious_obfuscated,malicious_obfuscated,1,0.0440,0.1138,0.8421
2592,voip,none,benign,benign,1,0.9519,0.0179,0.0302
2593,ddos_flood,fragmentation+random_padding+constant_rate_shaping,malicious_obfuscated,malicious_obfuscated,1,0.0287,0.0175,0.9538
2594,video_streaming,block_padding,benign,benign,1,0.9301,0.0379,0.0320
2595,c2_beacon,none,malicious_plain,malicious_plain,1,0.0177,0.9377,0.0446
2596,file_download,none,benign,benign,1,0.9361,0.0323,0.0316
2597,ddos_flood,none,malicious_plain,malicious_obfuscated,0,0.0390,0.2958,0.6652
2598,port_scan,block_padding,malicious_obfuscated,malicious_plain,0,0.0191,0.8438,0.1371
2599,ssh_interactive,constant_rate_shaping,benign,benign,1,0.7437,0.0203,0.2360
2600,reverse_shell,none,malicious_plain,malicious_plain,1,0.0074,0.9761,0.0165
2601,reverse_shell,protocol_mimicry+random_padding,malicious_obfuscated,malicious_obfuscated,1,0.0347,0.0194,0.9459
2602,video_streaming,fragmentation+dummy_injection,benign,benign,1,0.7578,0.0388,0.2034
2603,video_streaming,none,benign,benign,1,0.9431,0.0324,0.0245
2604,reverse_shell,dummy_injection+tunnel_encapsulation,malicious_obfuscated,malicious_obfuscated,1,0.0154,0.0089,0.9757
2605,video_streaming,protocol_mimicry+fragmentation+constant_rate_shaping,benign,malicious_obfuscated,0,0.1999,0.0482,0.7519
2606,web_browsing,timing_jitter,benign,benign,1,0.9579,0.0234,0.0186
2607,file_download,none,benign,benign,1,0.9431,0.0295,0.0274
2608,reverse_shell,none,malicious_plain,benign,0,0.9151,0.0459,0.0390
2609,voip,none,benign,benign,1,0.9473,0.0208,0.0318
2610,data_exfiltration,block_padding+tunnel_encapsulation,malicious_obfuscated,malicious_obfuscated,1,0.0136,0.0182,0.9682
2611,reverse_shell,protocol_mimicry+random_padding+dummy_injection,malicious_obfuscated,benign,0,0.9820,0.0047,0.0133
2612,port_scan,none,malicious_plain,malicious_plain,1,0.0235,0.8936,0.0829
2613,web_browsing,none,benign,benign,1,0.9342,0.0303,0.0355
2614,c2_beacon,random_padding+dummy_injection+tunnel_encapsulation,malicious_obfuscated,malicious_obfuscated,1,0.0281,0.0089,0.9630
2615,voip,fragmentation,benign,benign,1,0.8048,0.0310,0.1642
2616,c2_beacon,constant_rate_shaping,malicious_obfuscated,malicious_obfuscated,1,0.0961,0.0095,0.8944
2617,port_scan,none,malicious_plain,malicious_plain,1,0.0139,0.9460,0.0401
2618,c2_beacon,none,malicious_plain,malicious_plain,1,0.0124,0.9377,0.0499
2619,ddos_flood,none,malicious_plain,malicious_plain,1,0.0259,0.9209,0.0532
2620,dns_query,constant_rate_shaping,benign,malicious_plain,0,0.3566,0.5719,0.0716
2621,data_exfiltration,protocol_mimicry+fragmentation+dummy_injection,malicious_obfuscated,malicious_obfuscated,1,0.0351,0.0099,0.9550
2622,port_scan,none,malicious_plain,malicious_plain,1,0.0177,0.9250,0.0573
2623,brute_force,block_padding,malicious_obfuscated,malicious_plain,0,0.0239,0.8743,0.1018
2624,file_download,none,benign,benign,1,0.9442,0.0255,0.0303
2625,web_browsing,none,benign,benign,1,0.9568,0.0247,0.0185
2626,c2_beacon,protocol_mimicry+random_padding,malicious_obfuscated,malicious_obfuscated,1,0.0385,0.0079,0.9536
2627,c2_beacon,block_padding+random_padding+constant_rate_shaping,malicious_obfuscated,malicious_obfuscated,1,0.1225,0.0156,0.8618
2628,file_download,fragmentation+block_padding+tunnel_encapsulation,benign,benign,1,0.9177,0.0314,0.0509
2629,file_download,none,benign,benign,1,0.9386,0.0316,0.0298
2630,data_exfiltration,fragmentation+timing_jitter,malicious_obfuscated,malicious_obfuscated,1,0.0223,0.0324,0.9453
2631,video_streaming,fragmentation+block_padding,benign,benign,1,0.9044,0.0285,0.0671
2632,reverse_shell,protocol_mimicry,malicious_obfuscated,malicious_obfuscated,1,0.1404,0.0406,0.8190
2633,data_exfiltration,protocol_mimicry+block_padding+random_padding,malicious_obfuscated,malicious_obfuscated,1,0.0635,0.0145,0.9220
2634,reverse_shell,none,malicious_plain,malicious_plain,1,0.0098,0.9733,0.0169
2635,brute_force,none,malicious_plain,malicious_plain,1,0.0195,0.9115,0.0690
2636,ssh_interactive,fragmentation+dummy_injection+timing_jitter,benign,benign,1,0.8261,0.0374,0.1365
2637,video_streaming,random_padding+dummy_injection,benign,benign,1,0.9320,0.0359,0.0321
2638,c2_beacon,none,malicious_plain,malicious_plain,1,0.0191,0.8927,0.0882
2639,brute_force,timing_jitter,malicious_obfuscated,malicious_obfuscated,1,0.0223,0.0808,0.8969
2640,ddos_flood,none,malicious_plain,malicious_plain,1,0.0236,0.8933,0.0832
2641,ssh_interactive,none,benign,benign,1,0.9570,0.0219,0.0211
2642,ddos_flood,none,malicious_plain,malicious_plain,1,0.0274,0.8899,0.0827
2643,file_download,block_padding,benign,benign,1,0.9497,0.0226,0.0277
2644,brute_force,none,malicious_plain,malicious_plain,1,0.0219,0.9208,0.0573
2645,voip,fragmentation,benign,benign,1,0.9607,0.0191,0.0202
2646,reverse_shell,protocol_mimicry+block_padding+dummy_injection,malicious_obfuscated,malicious_obfuscated,1,0.0588,0.0216,0.9196
2647,reverse_shell,fragmentation+tunnel_encapsulation,malicious_obfuscated,malicious_obfuscated,1,0.0188,0.0090,0.9722
2648,reverse_shell,block_padding+random_padding+timing_jitter,malicious_obfuscated,malicious_obfuscated,1,0.0192,0.1537,0.8272
2649,voip,none,benign,benign,1,0.9659,0.0193,0.0148
2650,data_exfiltration,block_padding+dummy_injection+tunnel_encapsulation,malicious_obfuscated,malicious_obfuscated,1,0.0363,0.0141,0.9496
2651,brute_force,constant_rate_shaping,malicious_obfuscated,malicious_obfuscated,1,0.1993,0.0174,0.7833
2652,voip,block_padding+timing_jitter,benign,benign,1,0.8823,0.0205,0.0971
2653,reverse_shell,timing_jitter,malicious_obfuscated,malicious_plain,0,0.0591,0.6101,0.3309
2654,data_exfiltration,none,malicious_plain,malicious_plain,1,0.0271,0.9430,0.0299
2655,data_exfiltration,none,malicious_plain,malicious_plain,1,0.0224,0.9385,0.0391
2656,ddos_flood,random_padding,malicious_obfuscated,malicious_obfuscated,1,0.0275,0.0353,0.9372
2657,web_browsing,none,benign,benign,1,0.8218,0.0401,0.1381
2658,ddos_flood,none,malicious_plain,malicious_plain,1,0.0259,0.8859,0.0882
2659,port_scan,fragmentation+dummy_injection+constant_rate_shaping,malicious_obfuscated,benign,0,0.5540,0.0269,0.4191
2660,reverse_shell,none,malicious_plain,malicious_plain,1,0.0178,0.8876,0.0947
2661,c2_beacon,block_padding,malicious_obfuscated,malicious_plain,0,0.0150,0.9094,0.0755
2662,data_exfiltration,block_padding+timing_jitter,malicious_obfuscated,malicious_obfuscated,1,0.0115,0.0215,0.9670
2663,web_browsing,none,benign,benign,1,0.9734,0.0178,0.0088
2664,reverse_shell,none,malicious_plain,malicious_plain,1,0.0132,0.9542,0.0326
2665,file_download,timing_jitter,benign,benign,1,0.9308,0.0297,0.0396
2666,port_scan,none,malicious_plain,malicious_plain,1,0.0124,0.9523,0.0353
2667,brute_force,protocol_mimicry+block_padding,malicious_obfuscated,malicious_obfuscated,1,0.0549,0.0195,0.9256
2668,voip,none,benign,benign,1,0.9608,0.0178,0.0214
2669,data_exfiltration,fragmentation+block_padding+tunnel_encapsulation,malicious_obfuscated,malicious_obfuscated,1,0.0144,0.0179,0.9677
2670,file_download,none,benign,benign,1,0.9368,0.0308,0.0324
2671,reverse_shell,protocol_mimicry+dummy_injection,malicious_obfuscated,benign,0,0.9207,0.0306,0.0487
2672,c2_beacon,none,malicious_plain,malicious_plain,1,0.0158,0.9168,0.0674
2673,port_scan,protocol_mimicry+random_padding+tunnel_encapsulation,malicious_obfuscated,malicious_obfuscated,1,0.0154,0.0098,0.9748
2674,brute_force,dummy_injection+constant_rate_shaping,malicious_obfuscated,malicious_obfuscated,1,0.1695,0.0140,0.8165
2675,brute_force,protocol_mimicry+dummy_injection,malicious_obfuscated,malicious_obfuscated,1,0.3047,0.0485,0.6468
2676,video_streaming,none,benign,benign,1,0.9307,0.0364,0.0330
2677,brute_force,protocol_mimicry+tunnel_encapsulation,malicious_obfuscated,malicious_obfuscated,1,0.0271,0.0079,0.9651
2678,ssh_interactive,none,benign,benign,1,0.9413,0.0311,0.0275
2679,voip,none,benign,benign,1,0.9592,0.0202,0.0206
2680,reverse_shell,dummy_injection+timing_jitter+constant_rate_shaping,malicious_obfuscated,malicious_obfuscated,1,0.1997,0.0107,0.7897
2681,ddos_flood,fragmentation+block_padding+random_padding,malicious_obfuscated,malicious_obfuscated,1,0.0225,0.0351,0.9424
2682,port_scan,block_padding+constant_rate_shaping+tunnel_encapsulation,malicious_obfuscated,malicious_obfuscated,1,0.0118,0.0067,0.9815
2683,voip,none,benign,benign,1,0.9485,0.0211,0.0304
2684,video_streaming,none,benign,benign,1,0.9361,0.0347,0.0292
2685,reverse_shell,none,malicious_plain,malicious_plain,1,0.0063,0.9798,0.0139
2686,voip,protocol_mimicry+block_padding+constant_rate_shaping,benign,benign,1,0.6973,0.0313,0.2713
2687,video_streaming,block_padding+random_padding,benign,benign,1,0.9509,0.0264,0.0227
2688,reverse_shell,constant_rate_shaping+tunnel_encapsulation,malicious_obfuscated,malicious_obfuscated,1,0.1612,0.0164,0.8224
2689,data_exfiltration,none,malicious_plain,malicious_plain,1,0.0236,0.9412,0.0351
2690,data_exfiltration,none,malicious_plain,malicious_plain,1,0.0231,0.9453,0.0315
2691,video_streaming,none,benign,benign,1,0.9112,0.0463,0.0425
2692,ddos_flood,timing_jitter+constant_rate_shaping,malicious_obfuscated,malicious_obfuscated,1,0.1351,0.0354,0.8295
2693,video_streaming,none,benign,benign,1,0.9470,0.0317,0.0213
2694,ssh_interactive,none,benign,benign,1,0.9393,0.0301,0.0306
2695,ddos_flood,fragmentation+block_padding+tunnel_encapsulation,malicious_obfuscated,malicious_obfuscated,1,0.0300,0.0312,0.9388
2696,data_exfiltration,none,malicious_plain,malicious_plain,1,0.0213,0.9551,0.0235
2697,file_download,none,benign,benign,1,0.9404,0.0315,0.0281
2698,video_streaming,none,benign,benign,1,0.9266,0.0392,0.0342
2699,brute_force,timing_jitter,malicious_obfuscated,malicious_obfuscated,1,0.0235,0.1140,0.8625
2700,c2_beacon,dummy_injection+constant_rate_shaping,malicious_obfuscated,malicious_obfuscated,1,0.1329,0.0151,0.8519
2701,ssh_interactive,fragmentation,benign,benign,1,0.9498,0.0267,0.0235
2702,port_scan,timing_jitter,malicious_obfuscated,malicious_obfuscated,1,0.0248,0.0406,0.9346
2703,data_exfiltration,none,malicious_plain,malicious_plain,1,0.0204,0.9567,0.0229
2704,data_exfiltration,none,malicious_plain,malicious_plain,1,0.0183,0.9520,0.0297
2705,ddos_flood,none,malicious_plain,malicious_plain,1,0.0295,0.8836,0.0869
2706,data_exfiltration,none,malicious_plain,malicious_plain,1,0.0326,0.9391,0.0283
2707,reverse_shell,none,malicious_plain,malicious_plain,1,0.0111,0.9662,0.0228
2708,port_scan,none,malicious_plain,malicious_plain,1,0.0141,0.9492,0.0367
2709,file_download,none,benign,benign,1,0.9473,0.0294,0.0234
2710,c2_beacon,none,malicious_plain,malicious_plain,1,0.0210,0.8162,0.1628
2711,ssh_interactive,protocol_mimicry+block_padding+constant_rate_shaping,benign,benign,1,0.7789,0.0312,0.1899
2712,ddos_flood,none,malicious_plain,malicious_plain,1,0.0237,0.8958,0.0805
2713,brute_force,random_padding+tunnel_encapsulation,malicious_obfuscated,malicious_obfuscated,1,0.0133,0.0122,0.9746
2714,brute_force,random_padding+dummy_injection+timing_jitter,malicious_obfuscated,malicious_obfuscated,1,0.0916,0.0376,0.8708
2715,ddos_flood,none,malicious_plain,malicious_plain,1,0.0274,0.8987,0.0738
2716,port_scan,dummy_injection,malicious_obfuscated,malicious_obfuscated,1,0.0238,0.0323,0.9439
2717,reverse_shell,none,malicious_plain,malicious_plain,1,0.0125,0.9225,0.0650
2718,file_download,block_padding,benign,benign,1,0.9450,0.0276,0.0274
2719,web_browsing,none,benign,benign,1,0.9586,0.0257,0.0157
2720,ddos_flood,none,malicious_plain,malicious_plain,1,0.0236,0.9078,0.0686
2721,brute_force,none,malicious_plain,malicious_plain,1,0.0172,0.9206,0.0622
2722,ddos_flood,block_padding+constant_rate_shaping+tunnel_encapsulation,malicious_obfuscated,malicious_obfuscated,1,0.0221,0.0262,0.9517
2723,ssh_interactive,constant_rate_shaping,benign,benign,1,0.7518,0.0220,0.2261
2724,data_exfiltration,block_padding+random_padding,malicious_obfuscated,malicious_obfuscated,1,0.0318,0.1981,0.7701
2725,file_download,protocol_mimicry+dummy_injection+constant_rate_shaping,benign,malicious_obfuscated,0,0.2032,0.0193,0.7775
2726,video_streaming,none,benign,benign,1,0.9513,0.0283,0.0204
2727,voip,none,benign,benign,1,0.9567,0.0211,0.0222
2728,data_exfiltration,protocol_mimicry+dummy_injection+constant_rate_shaping,malicious_obfuscated,malicious_obfuscated,1,0.1095,0.0117,0.8788
2729,ssh_interactive,block_padding+timing_jitter+tunnel_encapsulation,benign,benign,1,0.9247,0.0233,0.0520
2730,video_streaming,none,benign,benign,1,0.9395,0.0303,0.0301
2731,c2_beacon,none,malicious_plain,malicious_plain,1,0.0121,0.9731,0.0148
2732,voip,none,benign,benign,1,0.9439,0.0180,0.0382
2733,file_download,none,benign,benign,1,0.9206,0.0373,0.0421
2734,file_download,none,benign,benign,1,0.9488,0.0263,0.0249
2735,reverse_shell,none,malicious_plain,malicious_plain,1,0.0095,0.9644,0.0262
2736,ddos_flood,protocol_mimicry+timing_jitter,malicious_obfuscated,malicious_obfuscated,1,0.0200,0.0184,0.9616
2737,web_browsing,none,benign,benign,1,0.9703,0.0187,0.0110
2738,video_streaming,none,benign,benign,1,0.9444,0.0303,0.0252
2739,video_streaming,none,benign,benign,1,0.9108,0.0397,0.0496
2740,dns_query,fragmentation+dummy_injection,benign,benign,1,0.9668,0.0237,0.0096
2741,port_scan,protocol_mimicry,malicious_obfuscated,malicious_obfuscated,1,0.0091,0.0123,0.9786
2742,port_scan,constant_rate_shaping,malicious_obfuscated,malicious_obfuscated,1,0.0222,0.0201,0.9578
2743,ddos_flood,fragmentation+timing_jitter,malicious_obfuscated,malicious_obfuscated,1,0.0218,0.0280,0.9502
2744,port_scan,none,malicious_plain,malicious_plain,1,0.0128,0.9293,0.0579
2745,ddos_flood,none,malicious_plain,malicious_plain,1,0.0227,0.9312,0.0461
2746,c2_beacon,protocol_mimicry+fragmentation,malicious_obfuscated,malicious_obfuscated,1,0.0836,0.0255,0.8909
2747,voip,none,benign,benign,1,0.9445,0.0208,0.0347
2748,ddos_flood,none,malicious_plain,malicious_plain,1,0.0208,0.9204,0.0588
2749,brute_force,none,malicious_plain,malicious_plain,1,0.0230,0.8472,0.1298
2750,web_browsing,none,benign,benign,1,0.9731,0.0154,0.0114
2751,data_exfiltration,protocol_mimicry,malicious_obfuscated,malicious_obfuscated,1,0.0233,0.0172,0.9595
2752,brute_force,none,malicious_plain,malicious_plain,1,0.0181,0.9241,0.0578
2753,data_exfiltration,none,malicious_plain,malicious_plain,1,0.0290,0.9455,0.0255
2754,file_download,none,benign,benign,1,0.9453,0.0251,0.0296
2755,web_browsing,none,benign,benign,1,0.9352,0.0341,0.0307
2756,reverse_shell,protocol_mimicry+fragmentation,malicious_obfuscated,malicious_obfuscated,1,0.0996,0.0313,0.8691
2757,web_browsing,none,benign,benign,1,0.9458,0.0318,0.0225
2758,brute_force,fragmentation,malicious_obfuscated,malicious_plain,0,0.0177,0.9134,0.0689
2759,reverse_shell,block_padding+random_padding,malicious_obfuscated,malicious_obfuscated,1,0.0314,0.1445,0.8241
2760,data_exfiltration,dummy_injection+timing_jitter+constant_rate_shaping,malicious_obfuscated,malicious_obfuscated,1,0.0162,0.0183,0.9655
2761,brute_force,protocol_mimicry+fragmentation+constant_rate_shaping,malicious_obfuscated,malicious_obfuscated,1,0.0207,0.0318,0.9475
2762,data_exfiltration,none,malicious_plain,malicious_plain,1,0.0215,0.9470,0.0314
2763,reverse_shell,none,malicious_plain,malicious_plain,1,0.0168,0.9607,0.0225
2764,voip,protocol_mimicry+fragmentation+dummy_injection,benign,malicious_obfuscated,0,0.3791,0.0645,0.5565
2765,brute_force,fragmentation+constant_rate_shaping+tunnel_encapsulation,malicious_obfuscated,malicious_obfuscated,1,0.1465,0.0167,0.8368
2766,c2_beacon,none,malicious_plain,malicious_plain,1,0.0098,0.9646,0.0256
2767,voip,none,benign,benign,1,0.9554,0.0199,0.0248
2768,data_exfiltration,protocol_mimicry+block_padding+timing_jitter,malicious_obfuscated,malicious_obfuscated,1,0.0508,0.0476,0.9016
2769,data_exfiltration,none,malicious_plain,malicious_plain,1,0.0296,0.9385,0.0319
2770,web_browsing,none,benign,benign,1,0.9497,0.0318,0.0185
2771,brute_force,none,malicious_plain,malicious_plain,1,0.0199,0.9171,0.0630
2772,file_download,none,benign,benign,1,0.9446,0.0298,0.0256
2773,data_exfiltration,random_padding+dummy_injection+timing_jitter,malicious_obfuscated,malicious_obfuscated,1,0.0167,0.0142,0.9691
2774,brute_force,random_padding+tunnel_encapsulation,malicious_obfuscated,malicious_obfuscated,1,0.1668,0.0120,0.8212
2775,data_exfiltration,none,malicious_plain,malicious_plain,1,0.0229,0.9490,0.0281
2776,reverse_shell,none,malicious_plain,malicious_plain,1,0.0072,0.9750,0.0178
2777,web_browsing,none,benign,benign,1,0.9640,0.0228,0.0132
2778,c2_beacon,none,malicious_plain,malicious_plain,1,0.0110,0.9686,0.0204
2779,port_scan,none,malicious_plain,malicious_plain,1,0.0189,0.9284,0.0527
2780,port_scan,fragmentation+random_padding,malicious_obfuscated,malicious_plain,0,0.0198,0.8469,0.1333
2781,ssh_interactive,none,benign,benign,1,0.8827,0.0604,0.0569
2782,ddos_flood,timing_jitter+tunnel_encapsulation,malicious_obfuscated,malicious_obfuscated,1,0.0237,0.0311,0.9453
2783,port_scan,protocol_mimicry+block_padding+random_padding,malicious_obfuscated,malicious_obfuscated,1,0.0321,0.0226,0.9452
2784,data_exfiltration,none,malicious_plain,malicious_plain,1,0.0197,0.9589,0.0215
2785,voip,none,benign,benign,1,0.9682,0.0188,0.0129
2786,voip,block_padding+dummy_injection,benign,benign,1,0.8872,0.0328,0.0800
2787,reverse_shell,none,malicious_plain,malicious_plain,1,0.0327,0.8640,0.1033
2788,reverse_shell,none,malicious_plain,malicious_plain,1,0.0091,0.9831,0.0078
2789,video_streaming,none,benign,benign,1,0.9369,0.0305,0.0326
2790,ssh_interactive,none,benign,benign,1,0.9613,0.0209,0.0179
2791,reverse_shell,fragmentation+block_padding+tunnel_encapsulation,malicious_obfuscated,malicious_obfuscated,1,0.0728,0.0206,0.9066
2792,file_download,protocol_mimicry+block_padding,benign,benign,1,0.9588,0.0111,0.0301
2793,data_exfiltration,random_padding+tunnel_encapsulation,malicious_obfuscated,malicious_obfuscated,1,0.0213,0.0292,0.9495
2794,brute_force,none,malicious_plain,malicious_plain,1,0.0179,0.9194,0.0628
2795,brute_force,constant_rate_shaping,malicious_obfuscated,malicious_obfuscated,1,0.2446,0.0386,0.7169
2796,reverse_shell,block_padding+dummy_injection+tunnel_encapsulation,malicious_obfuscated,malicious_obfuscated,1,0.0126,0.0121,0.9753
2797,brute_force,fragmentation+dummy_injection+constant_rate_shaping,malicious_obfuscated,malicious_obfuscated,1,0.2704,0.0198,0.7098
2798,ssh_interactive,none,benign,benign,1,0.9462,0.0273,0.0266
2799,reverse_shell,fragmentation+block_padding+dummy_injection,malicious_obfuscated,malicious_obfuscated,1,0.0391,0.0251,0.9358
2800,c2_beacon,fragmentation+random_padding+dummy_injection,malicious_obfuscated,malicious_obfuscated,1,0.0697,0.0182,0.9120
2801,brute_force,none,malicious_plain,malicious_plain,1,0.0234,0.9207,0.0559
2802,data_exfiltration,protocol_mimicry+random_padding,malicious_obfuscated,malicious_obfuscated,1,0.0342,0.0150,0.9507
2803,web_browsing,none,benign,benign,1,0.9593,0.0253,0.0155
2804,ddos_flood,timing_jitter+constant_rate_shaping,malicious_obfuscated,malicious_obfuscated,1,0.0781,0.0158,0.9061
2805,port_scan,protocol_mimicry+random_padding+constant_rate_shaping,malicious_obfuscated,malicious_obfuscated,1,0.0131,0.0132,0.9736
2806,voip,block_padding+constant_rate_shaping,benign,malicious_obfuscated,0,0.4768,0.0450,0.4782
2807,port_scan,protocol_mimicry+block_padding,malicious_obfuscated,malicious_obfuscated,1,0.0293,0.0175,0.9532
2808,video_streaming,none,benign,benign,1,0.9265,0.0376,0.0359
2809,reverse_shell,protocol_mimicry+random_padding+tunnel_encapsulation,malicious_obfuscated,malicious_obfuscated,1,0.0328,0.0111,0.9561
2810,reverse_shell,protocol_mimicry+block_padding+tunnel_encapsulation,malicious_obfuscated,malicious_obfuscated,1,0.0506,0.0088,0.9406
2811,video_streaming,none,benign,benign,1,0.9370,0.0337,0.0293
2812,reverse_shell,protocol_mimicry+random_padding,malicious_obfuscated,malicious_obfuscated,1,0.0270,0.0084,0.9646
2813,web_browsing,none,benign,benign,1,0.9560,0.0254,0.0187
2814,dns_query,protocol_mimicry+fragmentation+random_padding,benign,benign,1,0.8651,0.0159,0.1190
2815,video_streaming,none,benign,benign,1,0.9424,0.0335,0.0241
2816,file_download,protocol_mimicry+block_padding,benign,benign,1,0.9448,0.0139,0.0414
2817,file_download,constant_rate_shaping,benign,benign,1,0.9204,0.0200,0.0596
2818,ddos_flood,random_padding+constant_rate_shaping,malicious_obfuscated,malicious_obfuscated,1,0.0257,0.0242,0.9501
2819,reverse_shell,none,malicious_plain,malicious_plain,1,0.0075,0.9854,0.0071
2820,data_exfiltration,none,malicious_plain,malicious_plain,1,0.0304,0.9436,0.0261
2821,c2_beacon,none,malicious_plain,malicious_plain,1,0.0109,0.9637,0.0254
2822,file_download,fragmentation+block_padding+dummy_injection,benign,malicious_obfuscated,0,0.1531,0.0192,0.8277
2823,voip,none,benign,benign,1,0.9595,0.0202,0.0203
2824,web_browsing,none,benign,benign,1,0.9704,0.0177,0.0120
2825,file_download,fragmentation,benign,benign,1,0.8526,0.0283,0.1191
2826,video_streaming,none,benign,benign,1,0.9288,0.0333,0.0378
2827,data_exfiltration,block_padding+timing_jitter,malicious_obfuscated,malicious_obfuscated,1,0.0233,0.0749,0.9019
2828,port_scan,none,malicious_plain,malicious_plain,1,0.0228,0.9166,0.0605
2829,reverse_shell,protocol_mimicry+fragmentation+timing_jitter,malicious_obfuscated,malicious_obfuscated,1,0.2792,0.0358,0.6850
2830,video_streaming,block_padding+dummy_injection,benign,benign,1,0.9381,0.0323,0.0296
2831,brute_force,random_padding,malicious_obfuscated,malicious_plain,0,0.0166,0.9350,0.0484
2832,reverse_shell,none,malicious_plain,malicious_plain,1,0.0154,0.8887,0.0959
2833,c2_beacon,none,malicious_plain,malicious_plain,1,0.0111,0.9695,0.0193
2834,brute_force,none,malicious_plain,malicious_plain,1,0.0186,0.9123,0.0690
2835,brute_force,timing_jitter,malicious_obfuscated,malicious_plain,0,0.0160,0.9101,0.0739
2836,file_download,protocol_mimicry+timing_jitter,benign,benign,1,0.6717,0.0639,0.2645
2837,c2_beacon,dummy_injection+timing_jitter+tunnel_encapsulation,malicious_obfuscated,malicious_obfuscated,1,0.0129,0.0219,0.9653
2838,c2_beacon,none,malicious_plain,malicious_plain,1,0.0181,0.9160,0.0659
2839,c2_beacon,none,malicious_plain,malicious_plain,1,0.0132,0.9620,0.0248
2840,file_download,timing_jitter,benign,benign,1,0.9351,0.0241,0.0408
2841,port_scan,none,malicious_plain,malicious_plain,1,0.0216,0.9096,0.0689
2842,video_streaming,none,benign,benign,1,0.9247,0.0376,0.0377
2843,c2_beacon,fragmentation+random_padding,malicious_obfuscated,malicious_obfuscated,1,0.0193,0.0459,0.9348
2844,reverse_shell,fragmentation+timing_jitter+tunnel_encapsulation,malicious_obfuscated,malicious_obfuscated,1,0.4478,0.0278,0.5244
2845,data_exfiltration,none,malicious_plain,malicious_plain,1,0.0307,0.9189,0.0505
2846,video_streaming,block_padding+random_padding,benign,benign,1,0.9648,0.0165,0.0188
2847,data_exfiltration,fragmentation+block_padding+timing_jitter,malicious_obfuscated,malicious_obfuscated,1,0.0290,0.0369,0.9341
2848,port_scan,timing_jitter+tunnel_encapsulation,malicious_obfuscated,malicious_obfuscated,1,0.0163,0.0187,0.9650
2849,reverse_shell,protocol_mimicry+timing_jitter+tunnel_encapsulation,malicious_obfuscated,malicious_obfuscated,1,0.0797,0.0128,0.9075
2850,c2_beacon,none,malicious_plain,malicious_plain,1,0.0126,0.9523,0.0351
2851,ssh_interactive,none,benign,benign,1,0.9455,0.0274,0.0271
2852,video_streaming,timing_jitter,benign,benign,1,0.9498,0.0251,0.0251
2853,ddos_flood,fragmentation,malicious_obfuscated,malicious_plain,0,0.0242,0.9011,0.0747
2854,file_download,protocol_mimicry+dummy_injection+constant_rate_shaping,benign,benign,1,0.7595,0.0420,0.1985
2855,brute_force,timing_jitter+tunnel_encapsulation,malicious_obfuscated,malicious_obfuscated,1,0.0169,0.0100,0.9731
2856,reverse_shell,fragmentation+constant_rate_shaping,malicious_obfuscated,malicious_obfuscated,1,0.2620,0.0257,0.7123
2857,ssh_interactive,none,benign,benign,1,0.9400,0.0302,0.0298
2858,ddos_flood,none,malicious_plain,malicious_plain,1,0.0267,0.8915,0.0818
2859,c2_beacon,dummy_injection,malicious_obfuscated,malicious_obfuscated,1,0.0334,0.0277,0.9390
2860,video_streaming,constant_rate_shaping,benign,benign,1,0.8707,0.0318,0.0975
2861,port_scan,block_padding+timing_jitter,malicious_obfuscated,malicious_obfuscated,1,0.0109,0.0187,0.9704
2862,data_exfiltration,tunnel_encapsulation,malicious_obfuscated,malicious_obfuscated,1,0.0113,0.0208,0.9679
2863,reverse_shell,none,malicious_plain,malicious_plain,1,0.0144,0.9670,0.0186
2864,data_exfiltration,none,malicious_plain,malicious_plain,1,0.0325,0.9411,0.0264
2865,port_scan,none,malicious_plain,malicious_plain,1,0.0223,0.8841,0.0936
2866,port_scan,none,malicious_plain,malicious_plain,1,0.0194,0.9047,0.0760
2867,brute_force,none,malicious_plain,malicious_plain,1,0.0169,0.9253,0.0578
2868,ddos_flood,protocol_mimicry+fragmentation+random_padding,malicious_obfuscated,malicious_obfuscated,1,0.0139,0.0190,0.9671
2869,ddos_flood,none,malicious_plain,malicious_plain,1,0.0286,0.8679,0.1035
2870,brute_force,tunnel_encapsulation,malicious_obfuscated,malicious_plain,0,0.0167,0.9149,0.0683
2871,reverse_shell,none,malicious_plain,malicious_plain,1,0.0576,0.9200,0.0223
2872,port_scan,none,malicious_plain,malicious_plain,1,0.0176,0.8907,0.0917
2873,ssh_interactive,none,benign,benign,1,0.9462,0.0281,0.0258
2874,video_streaming,random_padding+timing_jitter,benign,benign,1,0.9606,0.0196,0.0197
2875,port_scan,fragmentation+random_padding+timing_jitter,malicious_obfuscated,malicious_obfuscated,1,0.0161,0.0207,0.9632
2876,voip,none,benign,benign,1,0.9614,0.0191,0.0195
2877,file_download,none,benign,benign,1,0.9415,0.0307,0.0278
2878,reverse_shell,none,malicious_plain,malicious_plain,1,0.0086,0.9668,0.0247
2879,port_scan,protocol_mimicry+timing_jitter,malicious_obfuscated,malicious_obfuscated,1,0.0075,0.0136,0.9788
2880,brute_force,fragmentation+random_padding+constant_rate_shaping,malicious_obfuscated,malicious_obfuscated,1,0.2004,0.0232,0.7763
2881,data_exfiltration,none,malicious_plain,malicious_plain,1,0.0122,0.9713,0.0165
2882,file_download,fragmentation,benign,benign,1,0.9219,0.0314,0.0467
2883,ddos_flood,timing_jitter+tunnel_encapsulation,malicious_obfuscated,malicious_obfuscated,1,0.0141,0.0163,0.9696
2884,video_streaming,dummy_injection+timing_jitter,benign,benign,1,0.9428,0.0284,0.0288
2885,ddos_flood,protocol_mimicry+block_padding+constant_rate_shaping,malicious_obfuscated,malicious_obfuscated,1,0.0243,0.0432,0.9325
2886,reverse_shell,none,malicious_plain,malicious_plain,1,0.0405,0.7636,0.1959
2887,brute_force,protocol_mimicry+fragmentation+random_padding,malicious_obfuscated,malicious_obfuscated,1,0.1644,0.0438,0.7918
2888,data_exfiltration,none,malicious_plain,malicious_plain,1,0.0243,0.9521,0.0237
2889,c2_beacon,none,malicious_plain,malicious_plain,1,0.0076,0.9672,0.0252
2890,reverse_shell,none,malicious_plain,malicious_plain,1,0.0083,0.9809,0.0108
2891,video_streaming,none,benign,benign,1,0.9459,0.0292,0.0249
2892,brute_force,block_padding+tunnel_encapsulation,malicious_obfuscated,malicious_plain,0,0.0172,0.9271,0.0557
2893,reverse_shell,none,malicious_plain,malicious_plain,1,0.0064,0.9871,0.0066
2894,c2_beacon,block_padding,malicious_obfuscated,malicious_obfuscated,1,0.0186,0.0879,0.8935
2895,c2_beacon,none,malicious_plain,malicious_plain,1,0.0147,0.9496,0.0357
2896,data_exfiltration,none,malicious_plain,malicious_plain,1,0.0180,0.9559,0.0261
2897,file_download,none,benign,benign,1,0.9437,0.0285,0.0278
2898,reverse_shell,none,malicious_plain,malicious_plain,1,0.0116,0.9379,0.0505
2899,c2_beacon,fragmentation+random_padding+tunnel_encapsulation,malicious_obfuscated,malicious_obfuscated,1,0.0182,0.0065,0.9753
2900,reverse_shell,none,malicious_plain,malicious_plain,1,0.0126,0.9258,0.0616
2901,ddos_flood,none,malicious_plain,malicious_plain,1,0.0297,0.8779,0.0923
2902,brute_force,none,malicious_plain,malicious_plain,1,0.0174,0.9232,0.0594
2903,web_browsing,block_padding,benign,benign,1,0.9688,0.0178,0.0134
2904,port_scan,none,malicious_plain,malicious_plain,1,0.0206,0.9339,0.0454
2905,ddos_flood,random_padding+timing_jitter,malicious_obfuscated,malicious_obfuscated,1,0.0223,0.0369,0.9408
2906,file_download,timing_jitter+tunnel_encapsulation,benign,benign,1,0.9425,0.0242,0.0333
2907,file_download,constant_rate_shaping,benign,benign,1,0.9099,0.0304,0.0597
2908,file_download,block_padding+dummy_injection+timing_jitter,benign,benign,1,0.9447,0.0245,0.0308
2909,ddos_flood,protocol_mimicry,malicious_obfuscated,malicious_obfuscated,1,0.0195,0.0241,0.9564
2910,web_browsing,none,benign,benign,1,0.8613,0.0825,0.0562
2911,data_exfiltration,tunnel_encapsulation,malicious_obfuscated,malicious_obfuscated,1,0.0188,0.0194,0.9619
2912,data_exfiltration,none,malicious_plain,malicious_plain,1,0.0173,0.9511,0.0316
2913,port_scan,block_padding+timing_jitter+tunnel_encapsulation,malicious_obfuscated,malicious_obfuscated,1,0.0136,0.0203,0.9660
2914,brute_force,fragmentation+dummy_injection,malicious_obfuscated,malicious_obfuscated,1,0.0175,0.0108,0.9717
2915,brute_force,none,malicious_plain,malicious_plain,1,0.0196,0.8975,0.0829
2916,reverse_shell,random_padding+dummy_injection+timing_jitter,malicious_obfuscated,malicious_obfuscated,1,0.0141,0.0220,0.9639
2917,file_download,block_padding+dummy_injection+timing_jitter,benign,benign,1,0.6635,0.0555,0.2810
2918,ssh_interactive,none,benign,benign,1,0.9485,0.0270,0.0245
2919,ssh_interactive,none,benign,benign,1,0.9298,0.0372,0.0330
2920,reverse_shell,none,malicious_plain,malicious_plain,1,0.0120,0.9524,0.0356
2921,web_browsing,none,benign,benign,1,0.9657,0.0222,0.0121
2922,reverse_shell,block_padding+dummy_injection+tunnel_encapsulation,malicious_obfuscated,malicious_obfuscated,1,0.0770,0.0108,0.9122
2923,voip,none,benign,benign,1,0.9485,0.0208,0.0306
2924,brute_force,none,malicious_plain,malicious_plain,1,0.0181,0.9201,0.0618
2925,c2_beacon,none,malicious_plain,malicious_plain,1,0.0086,0.9663,0.0251
2926,c2_beacon,none,malicious_plain,malicious_plain,1,0.0118,0.9576,0.0306
2927,ssh_interactive,none,benign,benign,1,0.8759,0.0601,0.0641
2928,voip,none,benign,benign,1,0.9576,0.0178,0.0245
2929,reverse_shell,none,malicious_plain,malicious_plain,1,0.0119,0.9496,0.0385
2930,file_download,fragmentation+block_padding+timing_jitter,benign,benign,1,0.5942,0.0420,0.3638
2931,data_exfiltration,fragmentation+block_padding+timing_jitter,malicious_obfuscated,malicious_obfuscated,1,0.0317,0.0394,0.9289
2932,brute_force,fragmentation,malicious_obfuscated,malicious_obfuscated,1,0.0727,0.0266,0.9007
2933,c2_beacon,none,malicious_plain,malicious_plain,1,0.0132,0.9185,0.0683
2934,file_download,none,benign,benign,1,0.9321,0.0343,0.0336
2935,port_scan,none,malicious_plain,malicious_plain,1,0.0135,0.9339,0.0527
2936,video_streaming,fragmentation+block_padding+constant_rate_shaping,benign,malicious_obfuscated,0,0.2884,0.0457,0.6658
2937,port_scan,dummy_injection+constant_rate_shaping+tunnel_encapsulation,malicious_obfuscated,malicious_obfuscated,1,0.3073,0.0277,0.6651
2938,voip,none,benign,benign,1,0.9639,0.0200,0.0162
2939,ddos_flood,none,malicious_plain,malicious_plain,1,0.0292,0.8696,0.1012
2940,ddos_flood,fragmentation+block_padding,malicious_obfuscated,malicious_plain,0,0.0293,0.8563,0.1145
2941,web_browsing,none,benign,benign,1,0.9530,0.0296,0.0174
2942,reverse_shell,fragmentation+tunnel_encapsulation,malicious_obfuscated,benign,0,0.8542,0.0325,0.1133
2943,file_download,block_padding+constant_rate_shaping,benign,benign,1,0.9255,0.0239,0.0506
2944,voip,tunnel_encapsulation,benign,benign,1,0.9207,0.0152,0.0641
2945,data_exfiltration,block_padding+constant_rate_shaping+tunnel_encapsulation,malicious_obfuscated,malicious_obfuscated,1,0.0124,0.0095,0.9781
2946,port_scan,block_padding+random_padding,malicious_obfuscated,malicious_obfuscated,1,0.0178,0.0172,0.9650
2947,file_download,none,benign,benign,1,0.9359,0.0325,0.0317
2948,brute_force,none,malicious_plain,malicious_plain,1,0.0168,0.9146,0.0686
2949,video_streaming,none,benign,benign,1,0.9238,0.0379,0.0383
2950,ddos_flood,block_padding+timing_jitter+constant_rate_shaping,malicious_obfuscated,malicious_obfuscated,1,0.0499,0.0666,0.8835
2951,ssh_interactive,none,benign,benign,1,0.9345,0.0337,0.0318
2952,reverse_shell,none,malicious_plain,malicious_plain,1,0.0093,0.9712,0.0195
2953,data_exfiltration,none,malicious_plain,malicious_plain,1,0.0208,0.9560,0.0232
2954,brute_force,random_padding+timing_jitter,malicious_obfuscated,malicious_obfuscated,1,0.0288,0.4064,0.5648
2955,video_streaming,none,benign,benign,1,0.9455,0.0315,0.0230
2956,c2_beacon,block_padding+dummy_injection,malicious_obfuscated,malicious_obfuscated,1,0.0096,0.0112,0.9792
2957,port_scan,none,malicious_plain,malicious_plain,1,0.0180,0.9267,0.0553
2958,video_streaming,none,benign,benign,1,0.9467,0.0285,0.0249
2959,voip,none,benign,benign,1,0.9539,0.0206,0.0255
2960,port_scan,constant_rate_shaping,malicious_obfuscated,malicious_obfuscated,1,0.0165,0.0149,0.9686
2961,file_download,timing_jitter,benign,benign,1,0.9237,0.0329,0.0434
2962,ddos_flood,none,malicious_plain,malicious_plain,1,0.0297,0.8616,0.1087
2963,data_exfiltration,none,malicious_plain,malicious_plain,1,0.0278,0.9344,0.0378
2964,file_download,none,benign,benign,1,0.9265,0.0282,0.0453
2965,data_exfiltration,none,malicious_plain,malicious_plain,1,0.0281,0.9355,0.0364
2966,brute_force,none,malicious_plain,malicious_plain,1,0.0169,0.9389,0.0442
2967,video_streaming,none,benign,benign,1,0.9414,0.0321,0.0265
2968,c2_beacon,protocol_mimicry,malicious_obfuscated,malicious_obfuscated,1,0.0282,0.0199,0.9519
2969,voip,none,benign,benign,1,0.9554,0.0188,0.0258
2970,brute_force,fragmentation+timing_jitter+tunnel_encapsulation,malicious_obfuscated,malicious_obfuscated,1,0.1293,0.0492,0.8215
2971,ddos_flood,fragmentation,malicious_obfuscated,malicious_plain,0,0.0242,0.8928,0.0830
2972,c2_beacon,none,malicious_plain,malicious_plain,1,0.0124,0.9671,0.0205
2973,web_browsing,none,benign,benign,1,0.8864,0.0639,0.0498
2974,reverse_shell,none,malicious_plain,malicious_plain,1,0.0206,0.9095,0.0698
2975,c2_beacon,protocol_mimicry+fragmentation+tunnel_encapsulation,malicious_obfuscated,benign,0,0.5966,0.0341,0.3693
2976,web_browsing,none,benign,benign,1,0.9656,0.0224,0.0120
2977,ddos_flood,none,malicious_plain,malicious_plain,1,0.0292,0.9028,0.0680
2978,reverse_shell,protocol_mimicry+dummy_injection+constant_rate_shaping,malicious_obfuscated,malicious_obfuscated,1,0.1894,0.0538,0.7567
2979,reverse_shell,protocol_mimicry+fragmentation+tunnel_encapsulation,malicious_obfuscated,benign,0,0.6253,0.0229,0.3518
2980,c2_beacon,none,malicious_plain,malicious_plain,1,0.0210,0.9262,0.0528
2981,video_streaming,fragmentation+random_padding+tunnel_encapsulation,benign,benign,1,0.8967,0.0313,0.0720
2982,web_browsing,none,benign,benign,1,0.9692,0.0197,0.0111
2983,port_scan,fragmentation+timing_jitter,malicious_obfuscated,malicious_obfuscated,1,0.0168,0.0295,0.9536
2984,port_scan,none,malicious_plain,malicious_plain,1,0.0158,0.9289,0.0553
2985,port_scan,random_padding+timing_jitter+tunnel_encapsulation,malicious_obfuscated,malicious_obfuscated,1,0.0303,0.0314,0.9383
2986,ssh_interactive,none,benign,benign,1,0.9391,0.0315,0.0294
2987,data_exfiltration,none,malicious_plain,malicious_plain,1,0.0302,0.9402,0.0296
2988,web_browsing,none,benign,benign,1,0.9548,0.0284,0.0168
2989,file_download,none,benign,benign,1,0.9278,0.0350,0.0372
2990,port_scan,block_padding,malicious_obfuscated,malicious_obfuscated,1,0.0155,0.0210,0.9634
2991,reverse_shell,block_padding+constant_rate_shaping,malicious_obfuscated,malicious_obfuscated,1,0.0970,0.0084,0.8946
2992,brute_force,none,malicious_plain,malicious_plain,1,0.0230,0.9216,0.0554
2993,file_download,dummy_injection+constant_rate_shaping,benign,benign,1,0.9196,0.0232,0.0572
2994,port_scan,none,malicious_plain,malicious_plain,1,0.0152,0.9452,0.0396
2995,data_exfiltration,none,malicious_plain,malicious_plain,1,0.0284,0.9511,0.0205
2996,brute_force,none,malicious_plain,malicious_plain,1,0.0211,0.9328,0.0461
2997,brute_force,fragmentation,malicious_obfuscated,malicious_plain,0,0.0191,0.9220,0.0589
2998,video_streaming,none,benign,benign,1,0.9195,0.0394,0.0410
2999,data_exfiltration,none,malicious_plain,malicious_plain,1,0.0224,0.9432,0.0344
3000,data_exfiltration,random_padding+timing_jitter,malicious_obfuscated,malicious_obfuscated,1,0.0104,0.0267,0.9629
3001,c2_beacon,protocol_mimicry+block_padding,malicious_obfuscated,malicious_obfuscated,1,0.0346,0.0089,0.9565
3002,port_scan,none,malicious_plain,malicious_plain,1,0.0188,0.9414,0.0398
3003,c2_beacon,protocol_mimicry+timing_jitter,malicious_obfuscated,malicious_obfuscated,1,0.0303,0.0222,0.9475
3004,ssh_interactive,none,benign,benign,1,0.9197,0.0374,0.0430
3005,web_browsing,none,benign,benign,1,0.9705,0.0193,0.0102
3006,file_download,none,benign,benign,1,0.9381,0.0305,0.0314
3007,video_streaming,none,benign,benign,1,0.9399,0.0325,0.0276
3008,data_exfiltration,timing_jitter,malicious_obfuscated,malicious_obfuscated,1,0.0152,0.0378,0.9470
3009,brute_force,protocol_mimicry+dummy_injection+tunnel_encapsulation,malicious_obfuscated,malicious_obfuscated,1,0.0258,0.0212,0.9530
3010,c2_beacon,none,malicious_plain,malicious_plain,1,0.0196,0.9472,0.0332
3011,ddos_flood,timing_jitter,malicious_obfuscated,malicious_obfuscated,1,0.0280,0.0401,0.9319
3012,ddos_flood,constant_rate_shaping,malicious_obfuscated,malicious_obfuscated,1,0.0254,0.0346,0.9400
3013,video_streaming,none,benign,benign,1,0.9412,0.0316,0.0272
3014,file_download,block_padding+random_padding+tunnel_encapsulation,benign,benign,1,0.9724,0.0131,0.0144
3015,ssh_interactive,none,benign,benign,1,0.9502,0.0263,0.0235
3016,data_exfiltration,none,malicious_plain,malicious_plain,1,0.0302,0.9443,0.0255
3017,ddos_flood,dummy_injection,malicious_obfuscated,malicious_obfuscated,1,0.0365,0.0600,0.9035
3018,voip,none,benign,benign,1,0.9630,0.0199,0.0172
3019,data_exfiltration,protocol_mimicry+timing_jitter,malicious_obfuscated,malicious_obfuscated,1,0.0297,0.0096,0.9608
3020,voip,none,benign,benign,1,0.9624,0.0203,0.0173
3021,ssh_interactive,none,benign,benign,1,0.9278,0.0383,0.0339
3022,video_streaming,none,benign,benign,1,0.9351,0.0354,0.0295
3023,web_browsing,none,benign,benign,1,0.9657,0.0216,0.0126
3024,file_download,none,benign,benign,1,0.9487,0.0268,0.0245
3025,port_scan,none,malicious_plain,malicious_plain,1,0.0153,0.9367,0.0480
3026,port_scan,none,malicious_plain,malicious_plain,1,0.0165,0.9371,0.0464
3027,data_exfiltration,protocol_mimicry+fragmentation+random_padding,malicious_obfuscated,malicious_obfuscated,1,0.0914,0.0334,0.8752
3028,c2_beacon,none,malicious_plain,malicious_plain,1,0.0121,0.9755,0.0123
3029,brute_force,block_padding,malicious_obfuscated,malicious_plain,0,0.0185,0.8906,0.0909
3030,voip,dummy_injection+timing_jitter+constant_rate_shaping,benign,malicious_obfuscated,0,0.0662,0.0085,0.9253
3031,data_exfiltration,protocol_mimicry,malicious_obfuscated,malicious_obfuscated,1,0.0478,0.0359,0.9163
3032,brute_force,fragmentation+block_padding,malicious_obfuscated,malicious_obfuscated,1,0.2945,0.0277,0.6779
3033,brute_force,fragmentation+dummy_injection+constant_rate_shaping,malicious_obfuscated,benign,0,0.5047,0.0746,0.4208
3034,reverse_shell,none,malicious_plain,malicious_plain,1,0.0204,0.9087,0.0709
3035,web_browsing,protocol_mimicry+timing_jitter,benign,malicious_obfuscated,0,0.1005,0.0355,0.8639
3036,brute_force,fragmentation,malicious_obfuscated,malicious_obfuscated,1,0.0236,0.0273,0.9492
3037,port_scan,block_padding+random_padding,malicious_obfuscated,malicious_obfuscated,1,0.0281,0.0270,0.9449
3038,brute_force,tunnel_encapsulation,malicious_obfuscated,malicious_obfuscated,1,0.0292,0.0590,0.9118
3039,ddos_flood,none,malicious_plain,malicious_plain,1,0.0232,0.9161,0.0608
3040,data_exfiltration,none,malicious_plain,malicious_plain,1,0.0253,0.9517,0.0231
3041,data_exfiltration,protocol_mimicry+fragmentation+block_padding,malicious_obfuscated,malicious_obfuscated,1,0.0373,0.0208,0.9419
3042,reverse_shell,protocol_mimicry+random_padding+dummy_injection,malicious_obfuscated,benign,0,0.5638,0.0430,0.3932
3043,ddos_flood,random_padding,malicious_obfuscated,malicious_obfuscated,1,0.0396,0.1523,0.8081
3044,web_browsing,none,benign,benign,1,0.9485,0.0297,0.0218
3045,reverse_shell,none,malicious_plain,malicious_plain,1,0.0094,0.9657,0.0249
3046,voip,none,benign,benign,1,0.9495,0.0197,0.0308
3047,ssh_interactive,random_padding+timing_jitter,benign,benign,1,0.8036,0.0351,0.1613
3048,reverse_shell,none,malicious_plain,malicious_plain,1,0.0274,0.9554,0.0172
3049,data_exfiltration,protocol_mimicry+random_padding+tunnel_encapsulation,malicious_obfuscated,malicious_obfuscated,1,0.0209,0.0107,0.9684
3050,data_exfiltration,fragmentation+random_padding+tunnel_encapsulation,malicious_obfuscated,malicious_obfuscated,1,0.0147,0.0166,0.9687
3051,ssh_interactive,fragmentation+block_padding+dummy_injection,benign,benign,1,0.8685,0.0173,0.1142
3052,reverse_shell,none,malicious_plain,malicious_plain,1,0.0824,0.8846,0.0330
3053,file_download,none,benign,benign,1,0.9406,0.0290,0.0304
3054,file_download,none,benign,benign,1,0.9312,0.0299,0.0389
3055,file_download,none,benign,benign,1,0.9316,0.0329,0.0355
3056,reverse_shell,none,malicious_plain,malicious_plain,1,0.0188,0.8929,0.0883
3057,reverse_shell,none,malicious_plain,malicious_plain,1,0.0400,0.8372,0.1228
3058,web_browsing,none,benign,benign,1,0.9787,0.0142,0.0071
3059,ssh_interactive,none,benign,benign,1,0.9461,0.0253,0.0286
3060,ssh_interactive,none,benign,benign,1,0.9450,0.0276,0.0274
3061,port_scan,fragmentation+block_padding+timing_jitter,malicious_obfuscated,malicious_obfuscated,1,0.0261,0.0172,0.9566
3062,c2_beacon,none,malicious_plain,malicious_plain,1,0.0184,0.9473,0.0343
3063,voip,none,benign,benign,1,0.9530,0.0207,0.0263
3064,video_streaming,none,benign,benign,1,0.9475,0.0269,0.0255
3065,ssh_interactive,none,benign,benign,1,0.9367,0.0301,0.0332
3066,video_streaming,block_padding,benign,benign,1,0.9461,0.0284,0.0255
3067,video_streaming,dummy_injection,benign,benign,1,0.9280,0.0361,0.0359
3068,voip,none,benign,benign,1,0.9386,0.0206,0.0408
3069,ddos_flood,fragmentation+random_padding+timing_jitter,malicious_obfuscated,malicious_obfuscated,1,0.0277,0.0302,0.9421
3070,voip,none,benign,benign,1,0.9493,0.0224,0.0283
3071,data_exfiltration,dummy_injection+constant_rate_shaping+tunnel_encapsulation,malicious_obfuscated,malicious_obfuscated,1,0.3243,0.0422,0.6335
3072,data_exfiltration,none,malicious_plain,malicious_plain,1,0.0204,0.9583,0.0213
3073,ssh_interactive,none,benign,benign,1,0.9611,0.0211,0.0178
3074,port_scan,fragmentation+random_padding+timing_jitter,malicious_obfuscated,malicious_obfuscated,1,0.0123,0.0167,0.9710
3075,voip,none,benign,benign,1,0.9637,0.0201,0.0162
3076,reverse_shell,dummy_injection+timing_jitter,malicious_obfuscated,malicious_obfuscated,1,0.0280,0.0144,0.9576
3077,c2_beacon,random_padding,malicious_obfuscated,malicious_obfuscated,1,0.0178,0.0457,0.9365
3078,data_exfiltration,fragmentation,malicious_obfuscated,malicious_obfuscated,1,0.0180,0.0233,0.9587
3079,ssh_interactive,none,benign,benign,1,0.9218,0.0406,0.0376
3080,port_scan,block_padding+constant_rate_shaping,malicious_obfuscated,malicious_obfuscated,1,0.0320,0.0291,0.9389
3081,file_download,none,benign,benign,1,0.9501,0.0240,0.0259
3082,web_browsing,protocol_mimicry,benign,malicious_obfuscated,0,0.2808,0.0214,0.6978
3083,reverse_shell,none,malicious_plain,malicious_plain,1,0.0122,0.9602,0.0276
3084,data_exfiltration,none,malicious_plain,malicious_plain,1,0.0324,0.9377,0.0300
3085,port_scan,none,malicious_plain,malicious_plain,1,0.0171,0.9349,0.0479
3086,reverse_shell,random_padding+timing_jitter+tunnel_encapsulation,malicious_obfuscated,malicious_obfuscated,1,0.0114,0.0084,0.9801
3087,port_scan,fragmentation+random_padding+dummy_injection,malicious_obfuscated,malicious_obfuscated,1,0.0277,0.0163,0.9560
3088,voip,none,benign,benign,1,0.9522,0.0209,0.0270
3089,brute_force,protocol_mimicry,malicious_obfuscated,malicious_obfuscated,1,0.0737,0.0406,0.8857
3090,data_exfiltration,protocol_mimicry+dummy_injection,malicious_obfuscated,malicious_obfuscated,1,0.0468,0.0182,0.9350
3091,brute_force,random_padding,malicious_obfuscated,malicious_plain,0,0.0400,0.6498,0.3102
3092,video_streaming,none,benign,benign,1,0.9135,0.0385,0.0480
3093,voip,fragmentation,benign,benign,1,0.9578,0.0214,0.0209
3094,data_exfiltration,protocol_mimicry+fragmentation+random_padding,malicious_obfuscated,malicious_obfuscated,1,0.0262,0.0134,0.9604
3095,web_browsing,none,benign,benign,1,0.9581,0.0266,0.0153
3096,data_exfiltration,random_padding,malicious_obfuscated,malicious_obfuscated,1,0.0321,0.0925,0.8754
3097,file_download,protocol_mimicry+block_padding+dummy_injection,benign,benign,1,0.9018,0.0369,0.0613
3098,ssh_interactive,timing_jitter,benign,benign,1,0.9520,0.0279,0.0200
3099,brute_force,none,malicious_plain,malicious_plain,1,0.0232,0.8529,0.1239
3100,data_exfiltration,random_padding+dummy_injection,malicious_obfuscated,malicious_obfuscated,1,0.0161,0.0126,0.9713
3101,port_scan,protocol_mimicry+timing_jitter+tunnel_encapsulation,malicious_obfuscated,malicious_obfuscated,1,0.0263,0.0170,0.9568
3102,web_browsing,tunnel_encapsulation,benign,benign,1,0.9434,0.0276,0.0290
3103,c2_beacon,none,malicious_plain,malicious_plain,1,0.0181,0.9296,0.0523
3104,data_exfiltration,fragmentation+block_padding+timing_jitter,malicious_obfuscated,malicious_obfuscated,1,0.0274,0.0402,0.9324
3105,c2_beacon,none,malicious_plain,malicious_plain,1,0.0074,0.9734,0.0192
3106,reverse_shell,none,malicious_plain,malicious_plain,1,0.0096,0.9575,0.0329
3107,ssh_interactive,block_padding+random_padding,benign,benign,1,0.8735,0.0390,0.0874
3108,data_exfiltration,none,malicious_plain,malicious_plain,1,0.0150,0.9605,0.0245
3109,data_exfiltration,fragmentation+random_padding+timing_jitter,malicious_obfuscated,malicious_obfuscated,1,0.0267,0.0408,0.9324
3110,data_exfiltration,none,malicious_plain,malicious_plain,1,0.0187,0.9591,0.0222
3111,web_browsing,none,benign,benign,1,0.9170,0.0464,0.0366
3112,brute_force,random_padding+dummy_injection+timing_jitter,malicious_obfuscated,malicious_obfuscated,1,0.0377,0.0299,0.9324
3113,c2_beacon,timing_jitter+constant_rate_shaping+tunnel_encapsulation,malicious_obfuscated,malicious_obfuscated,1,0.0806,0.0106,0.9088
3114,ddos_flood,protocol_mimicry+fragmentation+timing_jitter,malicious_obfuscated,malicious_obfuscated,1,0.0349,0.0068,0.9583
3115,ssh_interactive,none,benign,benign,1,0.9579,0.0208,0.0213
3116,ddos_flood,fragmentation+timing_jitter,malicious_obfuscated,malicious_obfuscated,1,0.0156,0.0236,0.9608
3117,brute_force,none,malicious_plain,malicious_plain,1,0.0180,0.9287,0.0532
3118,c2_beacon,protocol_mimicry,malicious_obfuscated,malicious_obfuscated,1,0.1459,0.0521,0.8020
3119,brute_force,protocol_mimicry+block_padding+constant_rate_shaping,malicious_obfuscated,malicious_obfuscated,1,0.1673,0.0148,0.8179
3120,ssh_interactive,dummy_injection,benign,benign,1,0.7209,0.0473,0.2319
3121,file_download,none,benign,benign,1,0.9452,0.0270,0.0278
3122,ddos_flood,none,malicious_plain,malicious_plain,1,0.0277,0.8990,0.0733
3123,data_exfiltration,none,malicious_plain,malicious_plain,1,0.0165,0.9632,0.0202
3124,c2_beacon,none,malicious_plain,malicious_plain,1,0.0228,0.9041,0.0731
3125,reverse_shell,random_padding+dummy_injection,malicious_obfuscated,malicious_obfuscated,1,0.0146,0.0069,0.9785
3126,voip,constant_rate_shaping+tunnel_encapsulation,benign,malicious_obfuscated,0,0.3145,0.0229,0.6626
3127,port_scan,timing_jitter,malicious_obfuscated,malicious_obfuscated,1,0.0147,0.0298,0.9556
3128,voip,none,benign,benign,1,0.9523,0.0215,0.0263
3129,file_download,none,benign,benign,1,0.9472,0.0277,0.0250
3130,data_exfiltration,none,malicious_plain,malicious_plain,1,0.0209,0.9538,0.0252
3131,port_scan,timing_jitter,malicious_obfuscated,malicious_obfuscated,1,0.0131,0.0184,0.9685
3132,voip,block_padding,benign,benign,1,0.9026,0.0172,0.0802
3133,ddos_flood,constant_rate_shaping,malicious_obfuscated,malicious_obfuscated,1,0.0193,0.0246,0.9561
3134,brute_force,timing_jitter,malicious_obfuscated,malicious_plain,0,0.0188,0.8855,0.0958
3135,file_download,none,benign,benign,1,0.9568,0.0238,0.0195
3136,brute_force,none,malicious_plain,malicious_plain,1,0.0164,0.9256,0.0581
3137,c2_beacon,block_padding+constant_rate_shaping,malicious_obfuscated,malicious_obfuscated,1,0.1269,0.0214,0.8517
3138,ssh_interactive,none,benign,benign,1,0.9045,0.0436,0.0519
3139,data_exfiltration,none,malicious_plain,malicious_plain,1,0.0172,0.9578,0.0250
3140,c2_beacon,fragmentation+block_padding+dummy_injection,malicious_obfuscated,malicious_obfuscated,1,0.0140,0.0146,0.9714
3141,ddos_flood,protocol_mimicry+random_padding,malicious_obfuscated,malicious_obfuscated,1,0.0136,0.0134,0.9730
3142,c2_beacon,none,malicious_plain,malicious_plain,1,0.0135,0.9252,0.0613
3143,port_scan,block_padding+random_padding,malicious_obfuscated,malicious_obfuscated,1,0.0203,0.0158,0.9639
3144,brute_force,dummy_injection,malicious_obfuscated,malicious_obfuscated,1,0.0650,0.0371,0.8979
3145,ssh_interactive,none,benign,benign,1,0.9426,0.0296,0.0278
3146,brute_force,none,malicious_plain,malicious_plain,1,0.0180,0.9306,0.0514
3147,reverse_shell,none,malicious_plain,malicious_plain,1,0.0106,0.9733,0.0160
3148,voip,random_padding+dummy_injection+constant_rate_shaping,benign,malicious_obfuscated,0,0.3327,0.0197,0.6476
3149,video_streaming,none,benign,benign,1,0.9507,0.0265,0.0227
3150,reverse_shell,none,malicious_plain,malicious_plain,1,0.0066,0.9879,0.0055
3151,c2_beacon,none,malicious_plain,malicious_plain,1,0.0191,0.9107,0.0703
3152,ssh_interactive,none,benign,benign,1,0.9584,0.0223,0.0193
3153,c2_beacon,timing_jitter,malicious_obfuscated,malicious_obfuscated,1,0.0317,0.1102,0.8581
3154,c2_beacon,none,malicious_plain,malicious_plain,1,0.0105,0.9621,0.0274
3155,brute_force,protocol_mimicry+tunnel_encapsulation,malicious_obfuscated,malicious_obfuscated,1,0.0307,0.0092,0.9601
3156,c2_beacon,protocol_mimicry+block_padding+tunnel_encapsulation,malicious_obfuscated,malicious_obfuscated,1,0.0706,0.0205,0.9089
3157,brute_force,none,malicious_plain,malicious_plain,1,0.0198,0.9310,0.0492
3158,reverse_shell,none,malicious_plain,malicious_plain,1,0.0157,0.9710,0.0133
3159,c2_beacon,none,malicious_plain,malicious_plain,1,0.0102,0.9515,0.0383
3160,brute_force,dummy_injection+constant_rate_shaping,malicious_obfuscated,malicious_obfuscated,1,0.1695,0.0138,0.8166
3161,file_download,fragmentation,benign,benign,1,0.8852,0.0268,0.0880
3162,ssh_interactive,none,benign,benign,1,0.9545,0.0224,0.0230
3163,web_browsing,dummy_injection+timing_jitter,benign,benign,1,0.7012,0.0725,0.2263
3164,ssh_interactive,protocol_mimicry+fragmentation+dummy_injection,benign,benign,1,0.9835,0.0109,0.0056
3165,ssh_interactive,protocol_mimicry+fragmentation+block_padding,benign,benign,1,0.6913,0.0195,0.2893
3166,reverse_shell,constant_rate_shaping,malicious_obfuscated,malicious_obfuscated,1,0.1866,0.0139,0.7996
3167,port_scan,none,malicious_plain,malicious_plain,1,0.0227,0.8942,0.0831
3168,video_streaming,none,benign,benign,1,0.9338,0.0366,0.0297
3169,file_download,block_padding+random_padding,benign,benign,1,0.9433,0.0259,0.0307
3170,data_exfiltration,none,malicious_plain,malicious_plain,1,0.0199,0.9440,0.0361
3171,ddos_flood,none,malicious_plain,malicious_plain,1,0.0399,0.7424,0.2177
3172,file_download,none,benign,benign,1,0.9480,0.0261,0.0259
3173,port_scan,tunnel_encapsulation,malicious_obfuscated,malicious_obfuscated,1,0.0246,0.0541,0.9213
3174,video_streaming,none,benign,benign,1,0.9373,0.0327,0.0300
3175,file_download,none,benign,benign,1,0.9325,0.0342,0.0333
3176,c2_beacon,fragmentation+timing_jitter+constant_rate_shaping,malicious_obfuscated,malicious_obfuscated,1,0.1447,0.0199,0.8354
3177,data_exfiltration,protocol_mimicry+fragmentation+block_padding,malicious_obfuscated,malicious_obfuscated,1,0.0526,0.0117,0.9357
3178,video_streaming,none,benign,benign,1,0.9476,0.0288,0.0236
3179,reverse_shell,block_padding,malicious_obfuscated,malicious_plain,0,0.0051,0.9910,0.0039
3180,web_browsing,none,benign,benign,1,0.9391,0.0325,0.0284
3181,data_exfiltration,dummy_injection+timing_jitter,malicious_obfuscated,malicious_obfuscated,1,0.0100,0.0101,0.9799
3182,port_scan,none,malicious_plain,malicious_plain,1,0.0128,0.9507,0.0365
3183,voip,random_padding+dummy_injection,benign,benign,1,0.8325,0.0284,0.1390
3184,port_scan,random_padding,malicious_obfuscated,malicious_obfuscated,1,0.0119,0.0169,0.9711
3185,file_download,none,benign,benign,1,0.9460,0.0283,0.0257
3186,port_scan,constant_rate_shaping+tunnel_encapsulation,malicious_obfuscated,malicious_obfuscated,1,0.0342,0.0166,0.9492
3187,brute_force,random_padding+timing_jitter+constant_rate_shaping,malicious_obfuscated,malicious_obfuscated,1,0.1621,0.0157,0.8221
3188,reverse_shell,none,malicious_plain,malicious_plain,1,0.0075,0.9757,0.0168
3189,file_download,none,benign,benign,1,0.9407,0.0326,0.0268
3190,brute_force,none,malicious_plain,malicious_plain,1,0.0176,0.9358,0.0466
3191,port_scan,none,malicious_plain,malicious_plain,1,0.0298,0.8785,0.0916
3192,voip,random_padding,benign,benign,1,0.9028,0.0171,0.0801
3193,video_streaming,none,benign,benign,1,0.9463,0.0293,0.0245
3194,ssh_interactive,fragmentation+tunnel_encapsulation,benign,benign,1,0.9453,0.0225,0.0321
3195,ddos_flood,none,malicious_plain,malicious_plain,1,0.0333,0.8363,0.1305
3196,web_browsing,none,benign,benign,1,0.7347,0.1376,0.1277
3197,ssh_interactive,none,benign,benign,1,0.9606,0.0202,0.0191
3198,file_download,protocol_mimicry+block_padding+dummy_injection,benign,benign,1,0.9480,0.0149,0.0371
3199,data_exfiltration,none,malicious_plain,malicious_plain,1,0.0227,0.9504,0.0269
3200,ssh_interactive,tunnel_encapsulation,benign,benign,1,0.9596,0.0141,0.0264
3201,brute_force,fragmentation+constant_rate_shaping,malicious_obfuscated,malicious_obfuscated,1,0.1842,0.0219,0.7940
3202,reverse_shell,none,malicious_plain,malicious_plain,1,0.0122,0.9445,0.0432
3203,video_streaming,none,benign,benign,1,0.9307,0.0356,0.0338
3204,c2_beacon,none,malicious_plain,malicious_plain,1,0.0129,0.9369,0.0502
3205,voip,fragmentation,benign,benign,1,0.9442,0.0209,0.0349
3206,dns_query,protocol_mimicry+dummy_injection+tunnel_encapsulation,benign,benign,1,0.9686,0.0038,0.0276
3207,data_exfiltration,timing_jitter,malicious_obfuscated,malicious_obfuscated,1,0.0435,0.3641,0.5925
3208,c2_beacon,timing_jitter,malicious_obfuscated,malicious_obfuscated,1,0.0237,0.1048,0.8715
3209,c2_beacon,none,malicious_plain,malicious_plain,1,0.0139,0.9143,0.0718
3210,file_download,block_padding+tunnel_encapsulation,benign,benign,1,0.9592,0.0214,0.0194
3211,reverse_shell,none,malicious_plain,malicious_plain,1,0.0041,0.9932,0.0028
3212,data_exfiltration,none,malicious_plain,malicious_plain,1,0.0208,0.9534,0.0258
3213,c2_beacon,none,malicious_plain,malicious_plain,1,0.0138,0.9592,0.0271
3214,ssh_interactive,protocol_mimicry+fragmentation,benign,malicious_obfuscated,0,0.4469,0.0404,0.5127
3215,data_exfiltration,fragmentation+block_padding+tunnel_encapsulation,malicious_obfuscated,malicious_obfuscated,1,0.0086,0.0087,0.9826
3216,ddos_flood,none,malicious_plain,malicious_plain,1,0.0282,0.8340,0.1378
3217,port_scan,fragmentation+random_padding+constant_rate_shaping,malicious_obfuscated,malicious_obfuscated,1,0.1295,0.0258,0.8447
3218,ssh_interactive,none,benign,benign,1,0.9687,0.0162,0.0151
3219,ssh_interactive,none,benign,benign,1,0.9643,0.0185,0.0172
3220,brute_force,block_padding,malicious_obfuscated,malicious_plain,0,0.0191,0.9097,0.0713
3221,data_exfiltration,protocol_mimicry+fragmentation+dummy_injection,malicious_obfuscated,malicious_obfuscated,1,0.0891,0.0309,0.8800
3222,video_streaming,none,benign,benign,1,0.8953,0.0431,0.0616
3223,reverse_shell,none,malicious_plain,malicious_plain,1,0.0240,0.9400,0.0360
3224,c2_beacon,dummy_injection+tunnel_encapsulation,malicious_obfuscated,malicious_obfuscated,1,0.0216,0.0399,0.9384
3225,video_streaming,dummy_injection+timing_jitter+constant_rate_shaping,benign,benign,1,0.9157,0.0295,0.0549
3226,reverse_shell,block_padding+random_padding+dummy_injection,malicious_obfuscated,malicious_obfuscated,1,0.0215,0.0155,0.9630
3227,c2_beacon,none,malicious_plain,malicious_plain,1,0.0113,0.9563,0.0324
3228,ssh_interactive,protocol_mimicry+dummy_injection,benign,malicious_obfuscated,0,0.3150,0.0170,0.6680
3229,voip,timing_jitter,benign,benign,1,0.6747,0.0904,0.2349
3230,reverse_shell,tunnel_encapsulation,malicious_obfuscated,malicious_obfuscated,1,0.0176,0.0631,0.9193
3231,voip,none,benign,benign,1,0.9577,0.0190,0.0233
3232,port_scan,timing_jitter+tunnel_encapsulation,malicious_obfuscated,malicious_obfuscated,1,0.0126,0.0207,0.9668
3233,video_streaming,none,benign,benign,1,0.9423,0.0277,0.0299
3234,ssh_interactive,none,benign,benign,1,0.9629,0.0200,0.0171
3235,data_exfiltration,none,malicious_plain,malicious_plain,1,0.0157,0.9604,0.0239
3236,voip,dummy_injection,benign,benign,1,0.9784,0.0132,0.0084
3237,ssh_interactive,none,benign,benign,1,0.9424,0.0277,0.0299
3238,web_browsing,none,benign,benign,1,0.9825,0.0104,0.0071
3239,web_browsing,none,benign,benign,1,0.8881,0.0303,0.0816
3240,port_scan,none,malicious_plain,malicious_plain,1,0.0184,0.9343,0.0474
3241,voip,none,benign,benign,1,0.9477,0.0206,0.0318
3242,brute_force,fragmentation+constant_rate_shaping,malicious_obfuscated,benign,0,0.7040,0.0311,0.2649
3243,c2_beacon,none,malicious_plain,malicious_plain,1,0.0133,0.9415,0.0452
3244,ssh_interactive,none,benign,benign,1,0.9605,0.0217,0.0178
3245,c2_beacon,none,malicious_plain,malicious_plain,1,0.0106,0.9656,0.0238
3246,port_scan,fragmentation+dummy_injection+constant_rate_shaping,malicious_obfuscated,benign,0,0.8082,0.0206,0.1712
3247,voip,none,benign,benign,1,0.9673,0.0187,0.0140
3248,ddos_flood,tunnel_encapsulation,malicious_obfuscated,malicious_obfuscated,1,0.0427,0.0983,0.8590
3249,c2_beacon,protocol_mimicry+block_padding+tunnel_encapsulation,malicious_obfuscated,benign,0,0.5323,0.0356,0.4321
3250,reverse_shell,none,malicious_plain,malicious_plain,1,0.1550,0.5535,0.2915
3251,c2_beacon,random_padding,malicious_obfuscated,malicious_plain,0,0.0127,0.8705,0.1168
3252,voip,dummy_injection+timing_jitter,benign,benign,1,0.6703,0.0499,0.2798
3253,data_exfiltration,timing_jitter+tunnel_encapsulation,malicious_obfuscated,malicious_obfuscated,1,0.0132,0.0262,0.9606
3254,c2_beacon,protocol_mimicry+fragmentation,malicious_obfuscated,benign,0,0.5489,0.0390,0.4121
3255,brute_force,protocol_mimicry+random_padding+constant_rate_shaping,malicious_obfuscated,malicious_obfuscated,1,0.3886,0.0249,0.5864
3256,c2_beacon,protocol_mimicry+block_padding+constant_rate_shaping,malicious_obfuscated,malicious_obfuscated,1,0.1845,0.0235,0.7920
3257,ssh_interactive,fragmentation+dummy_injection+timing_jitter,benign,benign,1,0.9182,0.0240,0.0578
3258,port_scan,none,malicious_plain,malicious_plain,1,0.0145,0.9372,0.0483
3259,brute_force,none,malicious_plain,malicious_plain,1,0.0197,0.9229,0.0575
3260,web_browsing,protocol_mimicry+random_padding+tunnel_encapsulation,benign,benign,1,0.9425,0.0210,0.0365
3261,reverse_shell,none,malicious_plain,malicious_plain,1,0.0117,0.9712,0.0171
3262,ddos_flood,none,malicious_plain,malicious_plain,1,0.0340,0.8722,0.0938
3263,reverse_shell,none,malicious_plain,malicious_plain,1,0.0074,0.9830,0.0096
3264,brute_force,none,malicious_plain,malicious_plain,1,0.0173,0.9153,0.0674
3265,ssh_interactive,none,benign,benign,1,0.9330,0.0364,0.0306
3266,c2_beacon,none,malicious_plain,malicious_plain,1,0.0149,0.9250,0.0601
3267,data_exfiltration,random_padding,malicious_obfuscated,malicious_plain,0,0.0426,0.8609,0.0965
3268,port_scan,block_padding+timing_jitter+constant_rate_shaping,malicious_obfuscated,malicious_obfuscated,1,0.0561,0.0131,0.9308
3269,c2_beacon,random_padding+constant_rate_shaping+tunnel_encapsulation,malicious_obfuscated,malicious_obfuscated,1,0.1207,0.0154,0.8639
3270,c2_beacon,tunnel_encapsulation,malicious_obfuscated,malicious_plain,0,0.0114,0.9570,0.0316
3271,reverse_shell,protocol_mimicry,malicious_obfuscated,malicious_obfuscated,1,0.0421,0.0128,0.9451
3272,data_exfiltration,protocol_mimicry+random_padding,malicious_obfuscated,malicious_obfuscated,1,0.0387,0.0102,0.9511
3273,ddos_flood,none,malicious_plain,malicious_plain,1,0.0199,0.9258,0.0543
3274,brute_force,none,malicious_plain,malicious_plain,1,0.0174,0.9111,0.0715
3275,c2_beacon,none,malicious_plain,malicious_plain,1,0.0136,0.9504,0.0360
3276,reverse_shell,fragmentation+random_padding,malicious_obfuscated,malicious_obfuscated,1,0.0271,0.0090,0.9639
3277,brute_force,none,malicious_plain,malicious_plain,1,0.0149,0.9344,0.0507
3278,ddos_flood,protocol_mimicry,malicious_obfuscated,malicious_obfuscated,1,0.0172,0.0377,0.9451
3279,file_download,none,benign,benign,1,0.9521,0.0261,0.0218
3280,port_scan,none,malicious_plain,malicious_plain,1,0.0200,0.9059,0.0741
3281,video_streaming,protocol_mimicry+block_padding+dummy_injection,benign,benign,1,0.9649,0.0115,0.0236
3282,file_download,block_padding,benign,benign,1,0.9374,0.0292,0.0334
3283,c2_beacon,none,malicious_plain,malicious_plain,1,0.0181,0.9317,0.0501
3284,voip,none,benign,benign,1,0.9390,0.0182,0.0428
3285,reverse_shell,none,malicious_plain,malicious_plain,1,0.0144,0.9125,0.0731
3286,c2_beacon,random_padding+timing_jitter+tunnel_encapsulation,malicious_obfuscated,malicious_obfuscated,1,0.0136,0.0103,0.9761
3287,ssh_interactive,protocol_mimicry+timing_jitter+tunnel_encapsulation,benign,benign,1,0.7049,0.0461,0.2491
3288,ddos_flood,none,malicious_plain,malicious_plain,1,0.0265,0.9202,0.0533
3289,data_exfiltration,block_padding,malicious_obfuscated,malicious_plain,0,0.0405,0.8838,0.0757
3290,voip,none,benign,benign,1,0.9629,0.0194,0.0178
3291,reverse_shell,none,malicious_plain,malicious_plain,1,0.0215,0.9655,0.0130
3292,ddos_flood,fragmentation+block_padding,malicious_obfuscated,malicious_obfuscated,1,0.0315,0.0477,0.9208
3293,web_browsing,dummy_injection+constant_rate_shaping,benign,benign,1,0.5227,0.0585,0.4188
3294,data_exfiltration,protocol_mimicry+random_padding+constant_rate_shaping,malicious_obfuscated,malicious_obfuscated,1,0.3058,0.0568,0.6374
3295,brute_force,dummy_injection+timing_jitter,malicious_obfuscated,malicious_obfuscated,1,0.0305,0.0248,0.9447
3296,port_scan,none,malicious_plain,malicious_plain,1,0.0177,0.9065,0.0759
3297,c2_beacon,random_padding,malicious_obfuscated,malicious_obfuscated,1,0.0245,0.1175,0.8581
3298,data_exfiltration,none,malicious_plain,malicious_plain,1,0.0219,0.9528,0.0253
3299,c2_beacon,none,malicious_plain,malicious_plain,1,0.0197,0.8975,0.0828
3300,data_exfiltration,block_padding,malicious_obfuscated,malicious_obfuscated,1,0.0176,0.0421,0.9404
3301,web_browsing,none,benign,benign,1,0.9809,0.0124,0.0067
3302,ddos_flood,fragmentation+dummy_injection+tunnel_encapsulation,malicious_obfuscated,malicious_obfuscated,1,0.0113,0.0052,0.9835
3303,port_scan,none,malicious_plain,malicious_plain,1,0.0192,0.8785,0.1023
3304,port_scan,none,malicious_plain,malicious_plain,1,0.0158,0.9289,0.0553
3305,reverse_shell,constant_rate_shaping+tunnel_encapsulation,malicious_obfuscated,malicious_obfuscated,1,0.2363,0.0163,0.7474
3306,file_download,none,benign,benign,1,0.9220,0.0370,0.0409
3307,file_download,none,benign,benign,1,0.9462,0.0270,0.0268
3308,video_streaming,block_padding,benign,benign,1,0.9558,0.0228,0.0214
3309,port_scan,none,malicious_plain,malicious_plain,1,0.0167,0.9345,0.0488
3310,data_exfiltration,none,malicious_plain,malicious_plain,1,0.0271,0.9417,0.0312
3311,port_scan,dummy_injection,malicious_obfuscated,malicious_obfuscated,1,0.0341,0.0473,0.9186
3312,brute_force,random_padding+timing_jitter+constant_rate_shaping,malicious_obfuscated,malicious_obfuscated,1,0.1249,0.0169,0.8583
3313,web_browsing,none,benign,benign,1,0.9669,0.0179,0.0152
3314,c2_beacon,none,malicious_plain,malicious_plain,1,0.0162,0.9466,0.0372
3315,data_exfiltration,none,malicious_plain,malicious_plain,1,0.0163,0.9573,0.0264
3316,data_exfiltration,none,malicious_plain,malicious_plain,1,0.0186,0.9594,0.0219
3317,ssh_interactive,fragmentation+tunnel_encapsulation,benign,benign,1,0.9179,0.0218,0.0604
3318,port_scan,none,malicious_plain,malicious_plain,1,0.0184,0.9224,0.0592
3319,brute_force,dummy_injection+tunnel_encapsulation,malicious_obfuscated,malicious_obfuscated,1,0.0100,0.0142,0.9758
3320,data_exfiltration,block_padding+random_padding,malicious_obfuscated,malicious_plain,0,0.0185,0.9191,0.0625
3321,brute_force,none,malicious_plain,malicious_plain,1,0.0163,0.9289,0.0548
3322,c2_beacon,random_padding,malicious_obfuscated,malicious_obfuscated,1,0.0289,0.3242,0.6469
3323,c2_beacon,none,malicious_plain,malicious_plain,1,0.0140,0.9596,0.0264
3324,c2_beacon,none,malicious_plain,malicious_plain,1,0.0128,0.9383,0.0489
3325,data_exfiltration,fragmentation,malicious_obfuscated,malicious_obfuscated,1,0.0200,0.0272,0.9528
3326,ddos_flood,dummy_injection+timing_jitter+tunnel_encapsulation,malicious_obfuscated,malicious_obfuscated,1,0.0110,0.0132,0.9757
3327,c2_beacon,none,malicious_plain,malicious_plain,1,0.0150,0.8976,0.0874
3328,reverse_shell,protocol_mimicry+fragmentation,malicious_obfuscated,malicious_obfuscated,1,0.1436,0.0389,0.8174
3329,data_exfiltration,none,malicious_plain,malicious_plain,1,0.0206,0.9543,0.0250
3330,c2_beacon,none,malicious_plain,malicious_plain,1,0.0152,0.9451,0.0397
3331,c2_beacon,none,malicious_plain,malicious_plain,1,0.0302,0.7929,0.1769
3332,voip,fragmentation+tunnel_encapsulation,benign,benign,1,0.9408,0.0167,0.0426
3333,ddos_flood,random_padding+constant_rate_shaping+tunnel_encapsulation,malicious_obfuscated,malicious_obfuscated,1,0.0278,0.0355,0.9367
3334,file_download,dummy_injection+constant_rate_shaping+tunnel_encapsulation,benign,malicious_obfuscated,0,0.3183,0.0528,0.6290
3335,ddos_flood,none,malicious_plain,malicious_plain,1,0.0296,0.8598,0.1106
3336,c2_beacon,none,malicious_plain,malicious_plain,1,0.0127,0.9466,0.0406
3337,ssh_interactive,tunnel_encapsulation,benign,benign,1,0.9348,0.0189,0.0464
3338,dns_query,dummy_injection,benign,benign,1,0.9517,0.0149,0.0333
3339,file_download,none,benign,benign,1,0.9449,0.0280,0.0271
3340,brute_force,fragmentation,malicious_obfuscated,malicious_obfuscated,1,0.0171,0.0308,0.9521
3341,voip,none,benign,benign,1,0.9630,0.0199,0.0171
3342,c2_beacon,protocol_mimicry+dummy_injection+constant_rate_shaping,malicious_obfuscated,malicious_obfuscated,1,0.0134,0.0081,0.9785
3343,port_scan,none,malicious_plain,malicious_plain,1,0.0176,0.9455,0.0369
3344,port_scan,block_padding,malicious_obfuscated,malicious_obfuscated,1,0.0135,0.0193,0.9672
3345,c2_beacon,protocol_mimicry+fragmentation+random_padding,malicious_obfuscated,malicious_obfuscated,1,0.0227,0.0189,0.9584
3346,video_streaming,protocol_mimicry+tunnel_encapsulation,benign,benign,1,0.9131,0.0201,0.0667
3347,file_download,none,benign,benign,1,0.9527,0.0247,0.0227
3348,ddos_flood,none,malicious_plain,malicious_plain,1,0.0577,0.5004,0.4419
3349,video_streaming,block_padding+timing_jitter,benign,benign,1,0.9390,0.0306,0.0304
3350,c2_beacon,none,malicious_plain,malicious_plain,1,0.0161,0.9511,0.0328
3351,brute_force,protocol_mimicry+block_padding+tunnel_encapsulation,malicious_obfuscated,malicious_obfuscated,1,0.3699,0.0248,0.6054
3352,port_scan,none,malicious_plain,malicious_plain,1,0.0161,0.9047,0.0791
3353,port_scan,constant_rate_shaping,malicious_obfuscated,malicious_obfuscated,1,0.0404,0.0243,0.9353
3354,ssh_interactive,dummy_injection,benign,benign,1,0.9560,0.0211,0.0229
3355,brute_force,none,malicious_plain,malicious_plain,1,0.0158,0.9276,0.0566
3356,brute_force,none,malicious_plain,malicious_plain,1,0.0180,0.9419,0.0402
3357,brute_force,protocol_mimicry+fragmentation+tunnel_encapsulation,malicious_obfuscated,benign,0,0.7407,0.0286,0.2307
3358,c2_beacon,protocol_mimicry+block_padding,malicious_obfuscated,malicious_obfuscated,1,0.1023,0.0240,0.8738
3359,voip,none,benign,benign,1,0.9553,0.0203,0.0243
3360,video_streaming,protocol_mimicry+fragmentation+constant_rate_shaping,benign,malicious_obfuscated,0,0.1713,0.0179,0.8109
3361,reverse_shell,none,malicious_plain,malicious_plain,1,0.0085,0.9762,0.0153
3362,c2_beacon,protocol_mimicry+dummy_injection,malicious_obfuscated,malicious_obfuscated,1,0.0404,0.0293,0.9303
3363,data_exfiltration,none,malicious_plain,malicious_plain,1,0.0236,0.9528,0.0236
3364,video_streaming,protocol_mimicry,benign,benign,1,0.8579,0.0379,0.1043
3365,ddos_flood,none,malicious_plain,malicious_plain,1,0.0250,0.9097,0.0654
3366,voip,constant_rate_shaping,benign,benign,1,0.6063,0.0333,0.3603
3367,file_download,random_padding,benign,benign,1,0.9313,0.0313,0.0374
3368,port_scan,none,malicious_plain,malicious_plain,1,0.0185,0.9264,0.0551
3369,brute_force,none,malicious_plain,malicious_plain,1,0.0196,0.9124,0.0681
3370,web_browsing,none,benign,benign,1,0.8105,0.1026,0.0869
3371,web_browsing,none,benign,benign,1,0.8171,0.0939,0.0890
3372,port_scan,random_padding+tunnel_encapsulation,malicious_obfuscated,malicious_obfuscated,1,0.0245,0.0273,0.9483
3373,ssh_interactive,none,benign,benign,1,0.9724,0.0150,0.0126
3374,c2_beacon,random_padding,malicious_obfuscated,malicious_obfuscated,1,0.0360,0.2827,0.6813
3375,video_streaming,none,benign,benign,1,0.9386,0.0324,0.0290
3376,port_scan,none,malicious_plain,malicious_plain,1,0.0133,0.9449,0.0419
3377,brute_force,random_padding,malicious_obfuscated,malicious_plain,0,0.0187,0.9045,0.0768
3378,ssh_interactive,none,benign,benign,1,0.9655,0.0188,0.0157
3379,brute_force,protocol_mimicry,malicious_obfuscated,malicious_obfuscated,1,0.0761,0.0297,0.8941
3380,brute_force,none,malicious_plain,malicious_plain,1,0.0172,0.9287,0.0541
3381,ssh_interactive,none,benign,benign,1,0.9464,0.0271,0.0265
3382,ddos_flood,timing_jitter+constant_rate_shaping+tunnel_encapsulation,malicious_obfuscated,malicious_obfuscated,1,0.0759,0.0179,0.9061
3383,c2_beacon,none,malicious_plain,malicious_plain,1,0.0156,0.9647,0.0196
3384,port_scan,block_padding,malicious_obfuscated,malicious_plain,0,0.0305,0.6781,0.2913
3385,data_exfiltration,none,malicious_plain,malicious_plain,1,0.0190,0.9514,0.0296
3386,port_scan,none,malicious_plain,malicious_plain,1,0.0165,0.9329,0.0506
3387,port_scan,none,malicious_plain,malicious_plain,1,0.0154,0.9390,0.0457
3388,brute_force,none,malicious_plain,malicious_plain,1,0.0158,0.9322,0.0520
3389,ddos_flood,timing_jitter+constant_rate_shaping,malicious_obfuscated,malicious_obfuscated,1,0.0545,0.0203,0.9251
3390,ssh_interactive,none,benign,benign,1,0.9292,0.0348,0.0360
3391,voip,none,benign,benign,1,0.9583,0.0200,0.0217
3392,reverse_shell,protocol_mimicry+fragmentation+block_padding,malicious_obfuscated,malicious_obfuscated,1,0.0895,0.0256,0.8849
3393,ddos_flood,none,malicious_plain,malicious_plain,1,0.0271,0.8885,0.0844
3394,file_download,none,benign,benign,1,0.9421,0.0308,0.0271
3395,c2_beacon,none,malicious_plain,malicious_plain,1,0.0197,0.9606,0.0198
3396,reverse_shell,protocol_mimicry+block_padding+dummy_injection,malicious_obfuscated,malicious_obfuscated,1,0.3588,0.0183,0.6229
3397,ssh_interactive,none,benign,benign,1,0.9448,0.0271,0.0281
3398,data_exfiltration,none,malicious_plain,malicious_plain,1,0.0207,0.9534,0.0259
3399,ddos_flood,none,malicious_plain,malicious_plain,1,0.0260,0.9152,0.0588
3400,reverse_shell,protocol_mimicry,malicious_obfuscated,malicious_obfuscated,1,0.2331,0.0240,0.7429
3401,ssh_interactive,none,benign,benign,1,0.9420,0.0295,0.0285
3402,video_streaming,none,benign,benign,1,0.9258,0.0405,0.0337
3403,voip,none,benign,benign,1,0.9310,0.0210,0.0480
3404,reverse_shell,none,malicious_plain,malicious_plain,1,0.0049,0.9853,0.0098
3405,file_download,none,benign,benign,1,0.9273,0.0345,0.0382
3406,ddos_flood,protocol_mimicry+fragmentation,malicious_obfuscated,malicious_obfuscated,1,0.0388,0.0168,0.9444
3407,reverse_shell,protocol_mimicry+timing_jitter+constant_rate_shaping,malicious_obfuscated,malicious_obfuscated,1,0.3459,0.0146,0.6394
3408,brute_force,none,malicious_plain,malicious_plain,1,0.0167,0.9315,0.0517
3409,brute_force,protocol_mimicry+fragmentation+random_padding,malicious_obfuscated,malicious_obfuscated,1,0.0441,0.0270,0.9289
3410,c2_beacon,none,malicious_plain,malicious_plain,1,0.0120,0.9141,0.0738
3411,port_scan,protocol_mimicry+block_padding,malicious_obfuscated,malicious_obfuscated,1,0.0102,0.0210,0.9688
3412,ssh_interactive,none,benign,benign,1,0.9429,0.0263,0.0307
3413,file_download,none,benign,benign,1,0.9471,0.0222,0.0307
3414,ddos_flood,none,malicious_plain,malicious_plain,1,0.0275,0.8721,0.1004
3415,ddos_flood,protocol_mimicry+block_padding,malicious_obfuscated,malicious_obfuscated,1,0.0185,0.0311,0.9504
3416,ssh_interactive,none,benign,benign,1,0.9600,0.0208,0.0192
3417,c2_beacon,block_padding+timing_jitter,malicious_obfuscated,malicious_obfuscated,1,0.0168,0.0380,0.9452
3418,ddos_flood,none,malicious_plain,malicious_plain,1,0.0257,0.9125,0.0619
3419,file_download,fragmentation+dummy_injection,benign,malicious_obfuscated,0,0.4131,0.0307,0.5562
3420,ddos_flood,random_padding+constant_rate_shaping,malicious_obfuscated,malicious_obfuscated,1,0.0238,0.0165,0.9597
3421,ddos_flood,none,malicious_plain,malicious_plain,1,0.0322,0.9160,0.0517
3422,port_scan,tunnel_encapsulation,malicious_obfuscated,malicious_obfuscated,1,0.0159,0.0360,0.9481
3423,ssh_interactive,protocol_mimicry,benign,malicious_obfuscated,0,0.2436,0.0403,0.7161
3424,web_browsing,dummy_injection+tunnel_encapsulation,benign,benign,1,0.9584,0.0256,0.0160
3425,c2_beacon,timing_jitter+tunnel_encapsulation,malicious_obfuscated,malicious_obfuscated,1,0.0192,0.0367,0.9441
3426,data_exfiltration,none,malicious_plain,malicious_plain,1,0.0321,0.9285,0.0394
3427,c2_beacon,none,malicious_plain,malicious_plain,1,0.0190,0.8002,0.1808
3428,brute_force,protocol_mimicry+fragmentation+tunnel_encapsulation,malicious_obfuscated,malicious_obfuscated,1,0.4431,0.0553,0.5016
3429,port_scan,dummy_injection,malicious_obfuscated,malicious_plain,0,0.0184,0.9256,0.0561
3430,c2_beacon,none,malicious_plain,malicious_plain,1,0.0141,0.9520,0.0339
3431,voip,protocol_mimicry,benign,benign,1,0.7993,0.0816,0.1191
3432,data_exfiltration,none,malicious_plain,malicious_plain,1,0.0186,0.9573,0.0241
3433,video_streaming,none,benign,benign,1,0.9327,0.0331,0.0342
3434,voip,protocol_mimicry,benign,benign,1,0.6760,0.0588,0.2651
3435,ddos_flood,none,malicious_plain,malicious_plain,1,0.0254,0.9196,0.0550
3436,data_exfiltration,none,malicious_plain,malicious_plain,1,0.0216,0.9514,0.0270
3437,port_scan,none,malicious_plain,malicious_plain,1,0.0165,0.9411,0.0425
3438,ddos_flood,none,malicious_plain,malicious_plain,1,0.0256,0.9111,0.0633
3439,c2_beacon,constant_rate_shaping,malicious_obfuscated,malicious_obfuscated,1,0.2134,0.0336,0.7529
3440,port_scan,none,malicious_plain,malicious_plain,1,0.0207,0.9068,0.0724
3441,web_browsing,none,benign,benign,1,0.9683,0.0202,0.0115
3442,web_browsing,none,benign,benign,1,0.9315,0.0378,0.0307
3443,voip,block_padding+dummy_injection+constant_rate_shaping,benign,benign,1,0.5147,0.0311,0.4542
3444,reverse_shell,none,malicious_plain,malicious_plain,1,0.0223,0.9049,0.0729
3445,brute_force,none,malicious_plain,malicious_plain,1,0.0169,0.9221,0.0610
3446,reverse_shell,none,malicious_plain,malicious_plain,1,0.0091,0.9758,0.0150
3447,data_exfiltration,protocol_mimicry+random_padding,malicious_obfuscated,malicious_obfuscated,1,0.0323,0.0103,0.9573
3448,web_browsing,protocol_mimicry+dummy_injection,benign,benign,1,0.9344,0.0196,0.0460
3449,ssh_interactive,protocol_mimicry,benign,benign,1,0.8611,0.0533,0.0856
3450,brute_force,none,malicious_plain,malicious_plain,1,0.0255,0.9092,0.0653
3451,ddos_flood,none,malicious_plain,malicious_plain,1,0.0213,0.8934,0.0853
3452,web_browsing,none,benign,benign,1,0.9710,0.0173,0.0117
3453,web_browsing,none,benign,benign,1,0.9557,0.0271,0.0172
3454,data_exfiltration,none,malicious_plain,malicious_plain,1,0.0199,0.9489,0.0312
3455,reverse_shell,none,malicious_plain,malicious_plain,1,0.0155,0.9447,0.0399
3456,voip,block_padding+dummy_injection+constant_rate_shaping,benign,benign,1,0.7035,0.0276,0.2689
3457,data_exfiltration,protocol_mimicry+tunnel_encapsulation,malicious_obfuscated,malicious_obfuscated,1,0.0148,0.0085,0.9767
3458,port_scan,none,malicious_plain,malicious_plain,1,0.0144,0.9375,0.0481
3459,file_download,block_padding+tunnel_encapsulation,benign,benign,1,0.9562,0.0198,0.0241
3460,brute_force,block_padding,malicious_obfuscated,malicious_plain,0,0.0247,0.9112,0.0641
3461,brute_force,fragmentation+dummy_injection+constant_rate_shaping,malicious_obfuscated,malicious_obfuscated,1,0.2079,0.0315,0.7606
3462,ddos_flood,dummy_injection+timing_jitter+constant_rate_shaping,malicious_obfuscated,malicious_obfuscated,1,0.3046,0.0578,0.6376
3463,ddos_flood,constant_rate_shaping,malicious_obfuscated,malicious_obfuscated,1,0.0251,0.0223,0.9526
3464,video_streaming,none,benign,benign,1,0.9516,0.0285,0.0199
3465,web_browsing,random_padding+timing_jitter,benign,benign,1,0.9331,0.0244,0.0424
3466,c2_beacon,none,malicious_plain,malicious_plain,1,0.0107,0.9686,0.0207
3467,web_browsing,none,benign,benign,1,0.8375,0.0721,0.0904
3468,ddos_flood,none,malicious_plain,malicious_plain,1,0.0260,0.8189,0.1551
3469,ddos_flood,none,malicious_plain,malicious_plain,1,0.0264,0.8839,0.0897
3470,video_streaming,none,benign,benign,1,0.9453,0.0273,0.0274
3471,brute_force,timing_jitter,malicious_obfuscated,malicious_plain,0,0.0186,0.8838,0.0977
3472,voip,fragmentation,benign,benign,1,0.9619,0.0198,0.0183
3473,brute_force,timing_jitter+constant_rate_shaping+tunnel_encapsulation,malicious_obfuscated,malicious_obfuscated,1,0.0643,0.0154,0.9203
3474,c2_beacon,none,malicious_plain,malicious_plain,1,0.0254,0.9125,0.0621
3475,port_scan,constant_rate_shaping+tunnel_encapsulation,malicious_obfuscated,malicious_obfuscated,1,0.0329,0.0131,0.9540
3476,voip,random_padding+timing_jitter,benign,malicious_obfuscated,0,0.2005,0.0462,0.7534
3477,reverse_shell,none,malicious_plain,malicious_plain,1,0.0098,0.9849,0.0053
3478,ddos_flood,protocol_mimicry+random_padding,malicious_obfuscated,malicious_obfuscated,1,0.0197,0.0255,0.9548
3479,port_scan,protocol_mimicry+timing_jitter+constant_rate_shaping,malicious_obfuscated,malicious_obfuscated,1,0.0160,0.0237,0.9603
3480,c2_beacon,fragmentation,malicious_obfuscated,malicious_obfuscated,1,0.0236,0.0459,0.9304
3481,reverse_shell,random_padding+timing_jitter,malicious_obfuscated,malicious_obfuscated,1,0.3776,0.0620,0.5604
3482,port_scan,dummy_injection,malicious_obfuscated,malicious_obfuscated,1,0.0361,0.0381,0.9257
3483,web_browsing,none,benign,benign,1,0.9581,0.0245,0.0173
3484,web_browsing,none,benign,benign,1,0.9635,0.0207,0.0158
3485,c2_beacon,fragmentation+dummy_injection+constant_rate_shaping,malicious_obfuscated,malicious_obfuscated,1,0.1212,0.0113,0.8675
3486,brute_force,none,malicious_plain,malicious_plain,1,0.0211,0.9182,0.0607
3487,voip,none,benign,benign,1,0.9520,0.0206,0.0275
3488,data_exfiltration,protocol_mimicry,malicious_obfuscated,malicious_obfuscated,1,0.0583,0.0166,0.9252
3489,reverse_shell,constant_rate_shaping,malicious_obfuscated,malicious_obfuscated,1,0.1155,0.0118,0.8727
3490,video_streaming,none,benign,benign,1,0.9490,0.0282,0.0228
3491,ssh_interactive,block_padding+constant_rate_shaping+tunnel_encapsulation,benign,benign,1,0.7114,0.0149,0.2737
3492,port_scan,none,malicious_plain,malicious_plain,1,0.0165,0.9372,0.0463
3493,reverse_shell,protocol_mimicry+random_padding+timing_jitter,malicious_obfuscated,malicious_obfuscated,1,0.0635,0.0248,0.9117
3494,ddos_flood,none,malicious_plain,malicious_plain,1,0.0279,0.8704,0.1017
3495,web_browsing,none,benign,benign,1,0.9592,0.0235,0.0173
3496,file_download,protocol_mimicry+constant_rate_shaping,benign,benign,1,0.6467,0.0356,0.3176
3497,brute_force,none,malicious_plain,malicious_plain,1,0.0203,0.9283,0.0513
3498,reverse_shell,none,malicious_plain,malicious_plain,1,0.0060,0.9785,0.0155
3499,ssh_interactive,protocol_mimicry+block_padding+timing_jitter,benign,benign,1,0.7985,0.0267,0.1747
3500,web_browsing,none,benign,benign,1,0.9647,0.0207,0.0146
3501,reverse_shell,none,malicious_plain,malicious_plain,1,0.0223,0.9357,0.0420
3502,c2_beacon,protocol_mimicry+fragmentation+tunnel_encapsulation,malicious_obfuscated,malicious_obfuscated,1,0.0323,0.0165,0.9512
3503,file_download,none,benign,benign,1,0.9384,0.0304,0.0313
3504,data_exfiltration,fragmentation+timing_jitter+tunnel_encapsulation,malicious_obfuscated,malicious_obfuscated,1,0.0177,0.0287,0.9537
3505,port_scan,protocol_mimicry+constant_rate_shaping,malicious_obfuscated,malicious_obfuscated,1,0.0173,0.0134,0.9693
3506,file_download,block_padding,benign,benign,1,0.9453,0.0258,0.0289
3507,c2_beacon,none,malicious_plain,malicious_plain,1,0.0121,0.9639,0.0240
3508,ssh_interactive,dummy_injection,benign,benign,1,0.8501,0.0474,0.1025
3509,ddos_flood,none,malicious_plain,malicious_plain,1,0.0353,0.8423,0.1224
3510,file_download,protocol_mimicry+fragmentation+block_padding,benign,benign,1,0.7263,0.0443,0.2294
3511,c2_beacon,random_padding+constant_rate_shaping,malicious_obfuscated,malicious_obfuscated,1,0.0774,0.0152,0.9074
3512,ssh_interactive,none,benign,benign,1,0.9446,0.0298,0.0255
3513,file_download,none,benign,benign,1,0.9407,0.0276,0.0317
3514,port_scan,none,malicious_plain,malicious_plain,1,0.0222,0.9242,0.0536
3515,c2_beacon,none,malicious_plain,malicious_plain,1,0.0151,0.9004,0.0844
3516,data_exfiltration,none,malicious_plain,malicious_plain,1,0.0269,0.9498,0.0232
3517,file_download,none,benign,benign,1,0.9423,0.0317,0.0260
3518,reverse_shell,protocol_mimicry,malicious_obfuscated,malicious_obfuscated,1,0.0806,0.0347,0.8847
3519,data_exfiltration,protocol_mimicry+fragmentation,malicious_obfuscated,malicious_obfuscated,1,0.0180,0.0168,0.9652
3520,web_browsing,none,benign,benign,1,0.9386,0.0273,0.0340
3521,data_exfiltration,none,malicious_plain,malicious_plain,1,0.0210,0.9519,0.0271
3522,ddos_flood,none,malicious_plain,malicious_plain,1,0.0270,0.9122,0.0608
3523,c2_beacon,none,malicious_plain,malicious_plain,1,0.0112,0.9381,0.0507
3524,reverse_shell,none,malicious_plain,malicious_plain,1,0.0147,0.9249,0.0604
3525,reverse_shell,protocol_mimicry+block_padding+constant_rate_shaping,malicious_obfuscated,malicious_obfuscated,1,0.3517,0.1332,0.5152
3526,reverse_shell,none,malicious_plain,malicious_plain,1,0.0099,0.9765,0.0135
3527,data_exfiltration,none,malicious_plain,malicious_plain,1,0.0322,0.9396,0.0282
3528,voip,none,benign,benign,1,0.9400,0.0208,0.0391
3529,reverse_shell,protocol_mimicry+dummy_injection+tunnel_encapsulation,malicious_obfuscated,benign,0,0.5190,0.0275,0.4535
3530,c2_beacon,block_padding+timing_jitter+constant_rate_shaping,malicious_obfuscated,malicious_obfuscated,1,0.0760,0.0126,0.9114
3531,ddos_flood,protocol_mimicry+fragmentation+dummy_injection,malicious_obfuscated,malicious_obfuscated,1,0.0394,0.0296,0.9310
3532,dns_query,block_padding+dummy_injection,benign,benign,1,0.8442,0.1045,0.0513
3533,reverse_shell,block_padding+constant_rate_shaping+tunnel_encapsulation,malicious_obfuscated,malicious_obfuscated,1,0.2723,0.0188,0.7090
3534,ddos_flood,none,malicious_plain,malicious_plain,1,0.0271,0.9003,0.0726
3535,data_exfiltration,none,malicious_plain,malicious_plain,1,0.0319,0.9306,0.0375
3536,brute_force,fragmentation,malicious_obfuscated,malicious_obfuscated,1,0.0246,0.0297,0.9457
3537,ddos_flood,timing_jitter+tunnel_encapsulation,malicious_obfuscated,malicious_obfuscated,1,0.0157,0.0188,0.9655
3538,data_exfiltration,none,malicious_plain,malicious_plain,1,0.0307,0.9452,0.0241
3539,web_browsing,none,benign,benign,1,0.9720,0.0186,0.0095
3540,brute_force,none,malicious_plain,malicious_plain,1,0.0152,0.9303,0.0545
3541,ssh_interactive,none,benign,benign,1,0.9270,0.0407,0.0323
3542,voip,random_padding+dummy_injection,benign,benign,1,0.9407,0.0185,0.0408
3543,port_scan,random_padding,malicious_obfuscated,malicious_obfuscated,1,0.0276,0.0978,0.8746
3544,port_scan,fragmentation,malicious_obfuscated,malicious_plain,0,0.0233,0.9300,0.0467
3545,video_streaming,none,benign,benign,1,0.9405,0.0339,0.0255
3546,reverse_shell,none,malicious_plain,malicious_plain,1,0.0060,0.9753,0.0188
3547,ddos_flood,none,malicious_plain,malicious_plain,1,0.0254,0.9181,0.0565
3548,ssh_interactive,none,benign,benign,1,0.9523,0.0248,0.0228
3549,port_scan,none,malicious_plain,malicious_plain,1,0.0170,0.9280,0.0550
3550,reverse_shell,none,malicious_plain,malicious_plain,1,0.0143,0.9349,0.0509
3551,data_exfiltration,protocol_mimicry,malicious_obfuscated,malicious_obfuscated,1,0.0259,0.0136,0.9606
3552,video_streaming,none,benign,benign,1,0.9416,0.0320,0.0264
3553,c2_beacon,none,malicious_plain,malicious_plain,1,0.0116,0.9585,0.0299
3554,data_exfiltration,block_padding,malicious_obfuscated,malicious_obfuscated,1,0.0289,0.0335,0.9377
3555,ssh_interactive,none,benign,benign,1,0.9443,0.0272,0.0285
3556,brute_force,constant_rate_shaping,malicious_obfuscated,malicious_obfuscated,1,0.1896,0.0492,0.7612
3557,reverse_shell,block_padding,malicious_obfuscated,malicious_obfuscated,1,0.2591,0.0842,0.6567
3558,web_browsing,block_padding,benign,benign,1,0.9596,0.0235,0.0169
3559,reverse_shell,random_padding+dummy_injection,malicious_obfuscated,malicious_obfuscated,1,0.0119,0.0062,0.9820
3560,web_browsing,block_padding+random_padding,benign,benign,1,0.6186,0.0153,0.3661
3561,brute_force,none,malicious_plain,malicious_plain,1,0.0175,0.9348,0.0478
3562,reverse_shell,none,malicious_plain,malicious_plain,1,0.0198,0.7298,0.2504
3563,brute_force,none,malicious_plain,malicious_plain,1,0.0184,0.9362,0.0454
3564,brute_force,fragmentation,malicious_obfuscated,malicious_obfuscated,1,0.0168,0.0430,0.9403
3565,c2_beacon,protocol_mimicry+fragmentation+tunnel_encapsulation,malicious_obfuscated,malicious_obfuscated,1,0.0212,0.0111,0.9677
3566,ddos_flood,none,malicious_plain,malicious_plain,1,0.0275,0.8961,0.0764
3567,data_exfiltration,random_padding+tunnel_encapsulation,malicious_obfuscated,malicious_obfuscated,1,0.0095,0.0157,0.9748
3568,web_browsing,block_padding+random_padding,benign,benign,1,0.9565,0.0258,0.0177
3569,ssh_interactive,none,benign,benign,1,0.8982,0.0419,0.0599
3570,port_scan,none,malicious_plain,malicious_plain,1,0.0129,0.9547,0.0324
3571,brute_force,fragmentation+timing_jitter+tunnel_encapsulation,malicious_obfuscated,malicious_obfuscated,1,0.0179,0.0197,0.9624
3572,brute_force,protocol_mimicry+constant_rate_shaping,malicious_obfuscated,malicious_obfuscated,1,0.4617,0.0364,0.5019
3573,voip,dummy_injection+constant_rate_shaping,benign,benign,1,0.7767,0.0270,0.1963
3574,web_browsing,none,benign,benign,1,0.9453,0.0335,0.0211
3575,brute_force,none,malicious_plain,malicious_plain,1,0.0162,0.9182,0.0656
3576,brute_force,timing_jitter,malicious_obfuscated,malicious_plain,0,0.0161,0.9282,0.0558
3577,port_scan,fragmentation+constant_rate_shaping,malicious_obfuscated,malicious_obfuscated,1,0.0260,0.0273,0.9467
3578,brute_force,none,malicious_plain,malicious_plain,1,0.0168,0.9268,0.0563
3579,data_exfiltration,none,malicious_plain,malicious_plain,1,0.0195,0.9512,0.0294
3580,reverse_shell,tunnel_encapsulation,malicious_obfuscated,malicious_obfuscated,1,0.0113,0.0144,0.9743
3581,reverse_shell,block_padding+timing_jitter,malicious_obfuscated,malicious_obfuscated,1,0.0219,0.0932,0.8849
3582,data_exfiltration,fragmentation+random_padding+constant_rate_shaping,malicious_obfuscated,malicious_obfuscated,1,0.2093,0.0389,0.7518
3583,reverse_shell,protocol_mimicry+constant_rate_shaping,malicious_obfuscated,benign,0,0.7820,0.0267,0.1913
3584,port_scan,none,malicious_plain,malicious_plain,1,0.0099,0.9335,0.0566
3585,brute_force,block_padding+random_padding,malicious_obfuscated,malicious_obfuscated,1,0.0237,0.0586,0.9177
3586,data_exfiltration,none,malicious_plain,malicious_plain,1,0.0278,0.9484,0.0238
3587,ddos_flood,none,malicious_plain,malicious_plain,1,0.0281,0.8931,0.0787
3588,port_scan,none,malicious_plain,malicious_plain,1,0.0142,0.9383,0.0476
3589,reverse_shell,none,malicious_plain,malicious_plain,1,0.0909,0.8342,0.0748
3590,brute_force,none,malicious_plain,malicious_plain,1,0.0185,0.8836,0.0978
3591,reverse_shell,none,malicious_plain,malicious_plain,1,0.0729,0.8427,0.0844
3592,reverse_shell,block_padding+timing_jitter+constant_rate_shaping,malicious_obfuscated,malicious_obfuscated,1,0.4190,0.0243,0.5568
3593,video_streaming,none,benign,benign,1,0.9566,0.0241,0.0193
3594,ddos_flood,none,malicious_plain,malicious_plain,1,0.0249,0.9175,0.0577
3595,reverse_shell,protocol_mimicry+block_padding+random_padding,malicious_obfuscated,malicious_obfuscated,1,0.1194,0.0164,0.8642
3596,web_browsing,none,benign,benign,1,0.9524,0.0192,0.0284
3597,video_streaming,protocol_mimicry,benign,benign,1,0.9241,0.0424,0.0335
3598,data_exfiltration,protocol_mimicry+timing_jitter,malicious_obfuscated,malicious_obfuscated,1,0.0480,0.0223,0.9297
3599,dns_query,fragmentation+dummy_injection+tunnel_encapsulation,benign,benign,1,0.9948,0.0006,0.0046
3600,data_exfiltration,none,malicious_plain,malicious_plain,1,0.0162,0.9599,0.0238
3601,c2_beacon,random_padding+dummy_injection,malicious_obfuscated,malicious_obfuscated,1,0.0070,0.0136,0.9795
3602,reverse_shell,fragmentation+block_padding,malicious_obfuscated,malicious_obfuscated,1,0.0154,0.0422,0.9424
3603,data_exfiltration,none,malicious_plain,malicious_plain,1,0.0326,0.9401,0.0273
3604,file_download,none,benign,benign,1,0.9363,0.0326,0.0310
3605,c2_beacon,block_padding,malicious_obfuscated,malicious_obfuscated,1,0.0171,0.0546,0.9284
3606,brute_force,constant_rate_shaping,malicious_obfuscated,benign,0,0.4914,0.0313,0.4773
3607,web_browsing,timing_jitter,benign,benign,1,0.8555,0.0344,0.1101
3608,data_exfiltration,none,malicious_plain,malicious_plain,1,0.0172,0.9594,0.0234
3609,ssh_interactive,none,benign,benign,1,0.9295,0.0305,0.0399
3610,reverse_shell,none,malicious_plain,malicious_plain,1,0.0147,0.9766,0.0086
3611,port_scan,none,malicious_plain,malicious_plain,1,0.0193,0.8903,0.0903
3612,port_scan,none,malicious_plain,malicious_plain,1,0.0223,0.9032,0.0745
3613,ddos_flood,none,malicious_plain,malicious_plain,1,0.0267,0.8877,0.0856
3614,data_exfiltration,none,malicious_plain,malicious_plain,1,0.0187,0.9596,0.0217
3615,port_scan,none,malicious_plain,malicious_plain,1,0.0191,0.9366,0.0443
3616,ssh_interactive,protocol_mimicry+timing_jitter,benign,benign,1,0.7111,0.0464,0.2425
3617,c2_beacon,none,malicious_plain,malicious_plain,1,0.0122,0.9477,0.0401
3618,c2_beacon,tunnel_encapsulation,malicious_obfuscated,malicious_obfuscated,1,0.0322,0.0660,0.9018
3619,ssh_interactive,none,benign,benign,1,0.8903,0.0521,0.0576
3620,video_streaming,none,benign,benign,1,0.9372,0.0317,0.0311
3621,ssh_interactive,timing_jitter+constant_rate_shaping,benign,benign,1,0.7562,0.0239,0.2199
3622,data_exfiltration,protocol_mimicry+dummy_injection+constant_rate_shaping,malicious_obfuscated,malicious_obfuscated,1,0.3648,0.0377,0.5975
3623,data_exfiltration,protocol_mimicry+timing_jitter,malicious_obfuscated,malicious_obfuscated,1,0.0166,0.0186,0.9648
3624,data_exfiltration,none,malicious_plain,malicious_plain,1,0.0252,0.9367,0.0380
3625,brute_force,none,malicious_plain,malicious_plain,1,0.0180,0.9386,0.0434
3626,ddos_flood,protocol_mimicry+dummy_injection+tunnel_encapsulation,malicious_obfuscated,malicious_obfuscated,1,0.0243,0.0154,0.9603
3627,video_streaming,none,benign,benign,1,0.9409,0.0335,0.0256
3628,c2_beacon,none,malicious_plain,malicious_plain,1,0.0131,0.9613,0.0256
3629,reverse_shell,none,malicious_plain,malicious_plain,1,0.0063,0.9870,0.0067
3630,ssh_interactive,none,benign,benign,1,0.9284,0.0332,0.0384
3631,ddos_flood,none,malicious_plain,malicious_plain,1,0.0271,0.8952,0.0777
3632,web_browsing,none,benign,benign,1,0.9669,0.0206,0.0125
3633,c2_beacon,none,malicious_plain,malicious_plain,1,0.0124,0.9693,0.0183
3634,brute_force,none,malicious_plain,malicious_plain,1,0.0184,0.9316,0.0500
3635,data_exfiltration,none,malicious_plain,malicious_plain,1,0.0160,0.9655,0.0185
3636,voip,none,benign,benign,1,0.9654,0.0194,0.0152
3637,brute_force,none,malicious_plain,malicious_plain,1,0.0209,0.9013,0.0777
3638,voip,protocol_mimicry+random_padding+timing_jitter,benign,benign,1,0.8899,0.0205,0.0896
3639,reverse_shell,none,malicious_plain,malicious_plain,1,0.0092,0.9690,0.0218
3640,brute_force,none,malicious_plain,malicious_plain,1,0.0162,0.9277,0.0561
3641,port_scan,none,malicious_plain,malicious_plain,1,0.0246,0.8551,0.1203
3642,ddos_flood,constant_rate_shaping,malicious_obfuscated,malicious_obfuscated,1,0.0244,0.0207,0.9550
3643,voip,random_padding,benign,benign,1,0.9041,0.0154,0.0805
3644,file_download,fragmentation+block_padding+tunnel_encapsulation,benign,benign,1,0.9379,0.0276,0.0345
3645,ddos_flood,none,malicious_plain,malicious_plain,1,0.0232,0.9246,0.0522
3646,ssh_interactive,none,benign,benign,1,0.9627,0.0194,0.0180
3647,data_exfiltration,dummy_injection+timing_jitter,malicious_obfuscated,malicious_obfuscated,1,0.0923,0.0331,0.8746
3648,brute_force,none,malicious_plain,malicious_plain,1,0.0221,0.9187,0.0593
3649,c2_beacon,none,malicious_plain,malicious_plain,1,0.0200,0.8258,0.1542
3650,c2_beacon,random_padding+dummy_injection,malicious_obfuscated,malicious_obfuscated,1,0.0286,0.0126,0.9588
3651,data_exfiltration,none,malicious_plain,malicious_plain,1,0.0181,0.9628,0.0191
3652,port_scan,timing_jitter+constant_rate_shaping+tunnel_encapsulation,malicious_obfuscated,malicious_obfuscated,1,0.0196,0.0119,0.9685
3653,reverse_shell,none,malicious_plain,malicious_plain,1,0.0154,0.8127,0.1720
3654,ssh_interactive,none,benign,benign,1,0.9300,0.0351,0.0349
3655,ssh_interactive,fragmentation+block_padding+tunnel_encapsulation,benign,benign,1,0.9027,0.0103,0.0871
3656,port_scan,random_padding+constant_rate_shaping+tunnel_encapsulation,malicious_obfuscated,malicious_obfuscated,1,0.0120,0.0088,0.9793
3657,brute_force,none,malicious_plain,malicious_plain,1,0.0169,0.9354,0.0477
3658,brute_force,protocol_mimicry+dummy_injection+tunnel_encapsulation,malicious_obfuscated,malicious_obfuscated,1,0.1100,0.0120,0.8779
3659,brute_force,fragmentation+constant_rate_shaping,malicious_obfuscated,malicious_obfuscated,1,0.2472,0.0208,0.7321
3660,file_download,dummy_injection,benign,benign,1,0.9741,0.0128,0.0131
3661,data_exfiltration,none,malicious_plain,malicious_plain,1,0.0157,0.9607,0.0236
3662,web_browsing,none,benign,benign,1,0.8929,0.0393,0.0679
3663,port_scan,none,malicious_plain,malicious_plain,1,0.0200,0.9268,0.0532
3664,brute_force,protocol_mimicry+block_padding+random_padding,malicious_obfuscated,malicious_obfuscated,1,0.0567,0.0204,0.9229
3665,c2_beacon,none,malicious_plain,malicious_plain,1,0.0174,0.8871,0.0955
3666,c2_beacon,fragmentation+random_padding+constant_rate_shaping,malicious_obfuscated,malicious_obfuscated,1,0.0784,0.0204,0.9012
3667,voip,none,benign,benign,1,0.9473,0.0218,0.0310
3668,video_streaming,fragmentation+random_padding+dummy_injection,benign,benign,1,0.5755,0.0506,0.3739
3669,ddos_flood,none,malicious_plain,malicious_plain,1,0.0231,0.9209,0.0560
3670,ssh_interactive,random_padding+timing_jitter,benign,benign,1,0.8828,0.0369,0.0803
3671,c2_beacon,fragmentation+dummy_injection+tunnel_encapsulation,malicious_obfuscated,malicious_obfuscated,1,0.0164,0.0161,0.9674
3672,file_download,none,benign,benign,1,0.9268,0.0343,0.0389
3673,data_exfiltration,protocol_mimicry+block_padding+random_padding,malicious_obfuscated,malicious_obfuscated,1,0.0473,0.0054,0.9474
3674,port_scan,protocol_mimicry+fragmentation+dummy_injection,malicious_obfuscated,malicious_obfuscated,1,0.0247,0.0294,0.9459
3675,ssh_interactive,protocol_mimicry+constant_rate_shaping+tunnel_encapsulation,benign,malicious_obfuscated,0,0.0107,0.0071,0.9822
3676,web_browsing,fragmentation+block_padding+timing_jitter,benign,benign,1,0.5510,0.0331,0.4159
3677,data_exfiltration,none,malicious_plain,malicious_plain,1,0.0228,0.9525,0.0247
3678,web_browsing,none,benign,benign,1,0.9583,0.0256,0.0161
3679,brute_force,constant_rate_shaping,malicious_obfuscated,malicious_obfuscated,1,0.3896,0.0396,0.5709
3680,file_download,random_padding+dummy_injection,benign,benign,1,0.9526,0.0203,0.0271
3681,reverse_shell,none,malicious_plain,malicious_plain,1,0.0229,0.9526,0.0245
3682,video_streaming,none,benign,benign,1,0.9359,0.0361,0.0280
3683,c2_beacon,protocol_mimicry+random_padding,malicious_obfuscated,malicious_obfuscated,1,0.0800,0.0366,0.8833
3684,reverse_shell,none,malicious_plain,malicious_plain,1,0.0108,0.9477,0.0416
3685,voip,fragmentation,benign,benign,1,0.9644,0.0189,0.0166
3686,ssh_interactive,none,benign,benign,1,0.9374,0.0349,0.0277
3687,reverse_shell,none,malicious_plain,malicious_plain,1,0.0065,0.9866,0.0070
3688,data_exfiltration,none,malicious_plain,malicious_plain,1,0.0208,0.9613,0.0179
3689,c2_beacon,protocol_mimicry,malicious_obfuscated,malicious_obfuscated,1,0.0540,0.0185,0.9275
3690,c2_beacon,none,malicious_plain,malicious_plain,1,0.0147,0.9420,0.0433
3691,voip,none,benign,benign,1,0.9297,0.0209,0.0494
3692,data_exfiltration,none,malicious_plain,malicious_plain,1,0.0264,0.9443,0.0293
3693,port_scan,none,malicious_plain,malicious_plain,1,0.0179,0.9366,0.0455
3694,brute_force,fragmentation+block_padding+timing_jitter,malicious_obfuscated,malicious_obfuscated,1,0.0352,0.0345,0.9303
3695,file_download,none,benign,benign,1,0.9463,0.0267,0.0270
3696,ddos_flood,none,malicious_plain,malicious_plain,1,0.0244,0.9127,0.0629
3697,reverse_shell,protocol_mimicry,malicious_obfuscated,benign,0,0.7222,0.0283,0.2495
3698,data_exfiltration,none,malicious_plain,malicious_plain,1,0.0286,0.9375,0.0339
3699,reverse_shell,none,malicious_plain,malicious_plain,1,0.0050,0.9901,0.0049
3700,c2_beacon,fragmentation+dummy_injection+tunnel_encapsulation,malicious_obfuscated,malicious_obfuscated,1,0.0226,0.0110,0.9664
3701,web_browsing,fragmentation+tunnel_encapsulation,benign,benign,1,0.8422,0.0236,0.1342
3702,data_exfiltration,block_padding+dummy_injection+tunnel_encapsulation,malicious_obfuscated,malicious_obfuscated,1,0.0340,0.0099,0.9561
3703,video_streaming,protocol_mimicry,benign,malicious_obfuscated,0,0.2150,0.0337,0.7514
3704,ssh_interactive,random_padding,benign,benign,1,0.7090,0.0925,0.1985
3705,data_exfiltration,timing_jitter,malicious_obfuscated,malicious_obfuscated,1,0.0427,0.1715,0.7858
3706,ddos_flood,none,malicious_plain,malicious_plain,1,0.0348,0.8454,0.1198
3707,video_streaming,fragmentation+tunnel_encapsulation,benign,benign,1,0.8697,0.0348,0.0955
3708,ssh_interactive,block_padding+constant_rate_shaping,benign,benign,1,0.7061,0.0224,0.2714
3709,c2_beacon,fragmentation+block_padding+random_padding,malicious_obfuscated,malicious_obfuscated,1,0.0136,0.0310,0.9554
3710,data_exfiltration,protocol_mimicry,malicious_obfuscated,malicious_obfuscated,1,0.0479,0.0202,0.9320
3711,brute_force,protocol_mimicry+fragmentation,malicious_obfuscated,malicious_obfuscated,1,0.1428,0.0501,0.8071
3712,brute_force,none,malicious_plain,malicious_plain,1,0.0183,0.9014,0.0803
3713,c2_beacon,none,malicious_plain,malicious_plain,1,0.0220,0.9368,0.0411
3714,port_scan,protocol_mimicry,malicious_obfuscated,malicious_obfuscated,1,0.0212,0.0514,0.9274
3715,ddos_flood,none,malicious_plain,malicious_plain,1,0.0291,0.8698,0.1011
3716,data_exfiltration,random_padding,malicious_obfuscated,malicious_obfuscated,1,0.0297,0.1124,0.8579
3717,video_streaming,none,benign,benign,1,0.9493,0.0284,0.0223
3718,c2_beacon,none,malicious_plain,malicious_plain,1,0.0136,0.8943,0.0921
3719,reverse_shell,none,malicious_plain,malicious_plain,1,0.0072,0.9654,0.0274
3720,c2_beacon,none,malicious_plain,malicious_plain,1,0.0148,0.9054,0.0797
3721,ssh_interactive,protocol_mimicry+dummy_injection+tunnel_encapsulation,benign,malicious_obfuscated,0,0.2148,0.0207,0.7645
3722,data_exfiltration,none,malicious_plain,malicious_plain,1,0.0228,0.9474,0.0297
3723,brute_force,none,malicious_plain,malicious_plain,1,0.0158,0.9161,0.0681
3724,port_scan,dummy_injection+tunnel_encapsulation,malicious_obfuscated,malicious_obfuscated,1,0.0284,0.0097,0.9620
3725,file_download,none,benign,benign,1,0.9320,0.0327,0.0353
3726,video_streaming,random_padding+timing_jitter+tunnel_encapsulation,benign,benign,1,0.8926,0.0422,0.0651
3727,video_streaming,none,benign,benign,1,0.9483,0.0286,0.0231
3728,dns_query,dummy_injection,benign,benign,1,0.9321,0.0489,0.0189
3729,ssh_interactive,none,benign,benign,1,0.9371,0.0302,0.0327
3730,port_scan,none,malicious_plain,malicious_plain,1,0.0215,0.8886,0.0899
3731,reverse_shell,timing_jitter,malicious_obfuscated,malicious_plain,0,0.0183,0.8809,0.1008
3732,brute_force,none,malicious_plain,malicious_plain,1,0.0145,0.9260,0.0595
3733,data_exfiltration,none,malicious_plain,malicious_plain,1,0.0219,0.9474,0.0307
3734,reverse_shell,none,malicious_plain,malicious_plain,1,0.0108,0.9559,0.0333
3735,c2_beacon,constant_rate_shaping,malicious_obfuscated,malicious_obfuscated,1,0.1638,0.0257,0.8105
3736,port_scan,timing_jitter,malicious_obfuscated,malicious_obfuscated,1,0.0119,0.0256,0.9626
3737,ddos_flood,random_padding,malicious_obfuscated,malicious_obfuscated,1,0.0322,0.0759,0.8920
3738,ddos_flood,none,malicious_plain,malicious_plain,1,0.0285,0.8761,0.0954
3739,file_download,none,benign,benign,1,0.9266,0.0322,0.0412
3740,reverse_shell,none,malicious_plain,malicious_plain,1,0.1995,0.7171,0.0834
3741,c2_beacon,protocol_mimicry+timing_jitter,malicious_obfuscated,malicious_obfuscated,1,0.0639,0.0217,0.9144
3742,reverse_shell,protocol_mimicry+dummy_injection,malicious_obfuscated,malicious_obfuscated,1,0.3835,0.0480,0.5685
3743,c2_beacon,none,malicious_plain,malicious_plain,1,0.0153,0.9608,0.0240
3744,ssh_interactive,none,benign,benign,1,0.9547,0.0223,0.0230
3745,dns_query,protocol_mimicry+dummy_injection+tunnel_encapsulation,benign,benign,1,0.9800,0.0013,0.0187
3746,voip,none,benign,benign,1,0.9612,0.0180,0.0208
3747,file_download,none,benign,benign,1,0.9479,0.0253,0.0268
3748,port_scan,none,malicious_plain,malicious_plain,1,0.0159,0.9089,0.0752
3749,port_scan,none,malicious_plain,malicious_plain,1,0.0201,0.8624,0.1176
3750,c2_beacon,none,malicious_plain,malicious_plain,1,0.0165,0.9090,0.0745
3751,brute_force,none,malicious_plain,malicious_plain,1,0.0159,0.9378,0.0464
3752,web_browsing,timing_jitter+tunnel_encapsulation,benign,benign,1,0.9359,0.0288,0.0353
3753,data_exfiltration,dummy_injection,malicious_obfuscated,malicious_obfuscated,1,0.0237,0.0077,0.9687
3754,file_download,none,benign,benign,1,0.9431,0.0275,0.0295
3755,port_scan,none,malicious_plain,malicious_plain,1,0.0136,0.9453,0.0411
3756,ddos_flood,fragmentation,malicious_obfuscated,malicious_plain,0,0.0278,0.9200,0.0522
3757,port_scan,fragmentation+random_padding+dummy_injection,malicious_obfuscated,malicious_obfuscated,1,0.0224,0.0108,0.9668
3758,brute_force,timing_jitter,malicious_obfuscated,malicious_plain,0,0.0185,0.8660,0.1155
3759,brute_force,none,malicious_plain,malicious_plain,1,0.0178,0.9211,0.0611
3760,voip,protocol_mimicry+block_padding+tunnel_encapsulation,benign,benign,1,0.4760,0.0487,0.4753
3761,voip,block_padding+constant_rate_shaping+tunnel_encapsulation,benign,benign,1,0.7267,0.0334,0.2400
3762,ddos_flood,none,malicious_plain,malicious_plain,1,0.0294,0.8942,0.0764
3763,c2_beacon,dummy_injection+timing_jitter+tunnel_encapsulation,malicious_obfuscated,malicious_obfuscated,1,0.0173,0.0143,0.9684
3764,data_exfiltration,none,malicious_plain,malicious_plain,1,0.0287,0.9484,0.0229
3765,data_exfiltration,block_padding+timing_jitter+tunnel_encapsulation,malicious_obfuscated,malicious_obfuscated,1,0.0156,0.0261,0.9583
3766,reverse_shell,protocol_mimicry+dummy_injection+timing_jitter,malicious_obfuscated,malicious_obfuscated,1,0.0396,0.0157,0.9447
3767,reverse_shell,block_padding+dummy_injection+timing_jitter,malicious_obfuscated,malicious_obfuscated,1,0.0097,0.0076,0.9828
3768,file_download,none,benign,benign,1,0.9504,0.0276,0.0221
3769,dns_query,dummy_injection+timing_jitter+tunnel_encapsulation,benign,benign,1,0.9077,0.0059,0.0864
3770,voip,none,benign,benign,1,0.9586,0.0203,0.0211
3771,reverse_shell,tunnel_encapsulation,malicious_obfuscated,malicious_obfuscated,1,0.0369,0.0124,0.9507
3772,voip,none,benign,benign,1,0.9488,0.0207,0.0305
3773,voip,protocol_mimicry+timing_jitter+constant_rate_shaping,benign,malicious_obfuscated,0,0.2101,0.0322,0.7576
3774,video_streaming,none,benign,benign,1,0.9357,0.0377,0.0266
3775,port_scan,fragmentation+timing_jitter+constant_rate_shaping,malicious_obfuscated,malicious_obfuscated,1,0.1366,0.0121,0.8512
3776,data_exfiltration,none,malicious_plain,malicious_plain,1,0.0312,0.9457,0.0232
3777,c2_beacon,protocol_mimicry+random_padding+constant_rate_shaping,malicious_obfuscated,malicious_obfuscated,1,0.1352,0.0217,0.8431
3778,port_scan,none,malicious_plain,malicious_plain,1,0.0155,0.8712,0.1133
3779,port_scan,none,malicious_plain,malicious_plain,1,0.0148,0.9478,0.0374
3780,data_exfiltration,none,malicious_plain,malicious_plain,1,0.0222,0.9521,0.0257
3781,web_browsing,none,benign,benign,1,0.9565,0.0259,0.0176
3782,c2_beacon,fragmentation+block_padding,malicious_obfuscated,malicious_obfuscated,1,0.0136,0.0330,0.9534
3783,voip,none,benign,benign,1,0.9578,0.0204,0.0218
3784,port_scan,timing_jitter+constant_rate_shaping+tunnel_encapsulation,malicious_obfuscated,benign,0,0.8655,0.0266,0.1079
3785,brute_force,none,malicious_plain,malicious_plain,1,0.0258,0.9082,0.0660
3786,data_exfiltration,none,malicious_plain,malicious_plain,1,0.0248,0.9495,0.0257
3787,brute_force,tunnel_encapsulation,malicious_obfuscated,malicious_obfuscated,1,0.0361,0.0903,0.8736
3788,ddos_flood,tunnel_encapsulation,malicious_obfuscated,malicious_obfuscated,1,0.0158,0.0254,0.9588
3789,file_download,none,benign,benign,1,0.9543,0.0253,0.0203
3790,ssh_interactive,none,benign,benign,1,0.9592,0.0210,0.0199
3791,port_scan,protocol_mimicry+block_padding+constant_rate_shaping,malicious_obfuscated,malicious_obfuscated,1,0.0141,0.0224,0.9635
3792,ddos_flood,none,malicious_plain,malicious_plain,1,0.0268,0.9070,0.0662
3793,reverse_shell,none,malicious_plain,malicious_plain,1,0.0210,0.8993,0.0797
3794,brute_force,block_padding+random_padding,malicious_obfuscated,malicious_obfuscated,1,0.0201,0.0538,0.9261
3795,video_streaming,none,benign,benign,1,0.9304,0.0368,0.0327
3796,ddos_flood,dummy_injection+timing_jitter,malicious_obfuscated,malicious_obfuscated,1,0.0174,0.0251,0.9574
3797,reverse_shell,timing_jitter,malicious_obfuscated,malicious_obfuscated,1,0.0992,0.2937,0.6072
3798,web_browsing,fragmentation,benign,benign,1,0.8855,0.0239,0.0906
3799,reverse_shell,fragmentation+random_padding,malicious_obfuscated,malicious_obfuscated,1,0.0270,0.0242,0.9488
3800,brute_force,random_padding+constant_rate_shaping,malicious_obfuscated,malicious_obfuscated,1,0.1799,0.0191,0.8010
3801,file_download,none,benign,benign,1,0.9341,0.0292,0.0367
3802,web_browsing,dummy_injection+constant_rate_shaping+tunnel_encapsulation,benign,malicious_obfuscated,0,0.3089,0.0445,0.6467
3803,c2_beacon,none,malicious_plain,malicious_plain,1,0.0132,0.9307,0.0561
3804,data_exfiltration,timing_jitter,malicious_obfuscated,malicious_obfuscated,1,0.0209,0.0412,0.9379
3805,reverse_shell,none,malicious_plain,malicious_plain,1,0.0099,0.9635,0.0266
3806,voip,none,benign,benign,1,0.9527,0.0187,0.0286
3807,video_streaming,none,benign,benign,1,0.9338,0.0359,0.0303
3808,video_streaming,dummy_injection,benign,benign,1,0.9618,0.0230,0.0152
3809,ssh_interactive,none,benign,benign,1,0.9549,0.0221,0.0230
3810,brute_force,none,malicious_plain,malicious_plain,1,0.0244,0.8468,0.1288
3811,c2_beacon,protocol_mimicry+random_padding,malicious_obfuscated,malicious_obfuscated,1,0.0283,0.0121,0.9595
3812,c2_beacon,block_padding+dummy_injection,malicious_obfuscated,malicious_obfuscated,1,0.0049,0.0097,0.9855
3813,brute_force,none,malicious_plain,malicious_plain,1,0.0173,0.9337,0.0489
3814,ssh_interactive,dummy_injection,benign,benign,1,0.9423,0.0253,0.0324
3815,data_exfiltration,timing_jitter,malicious_obfuscated,malicious_obfuscated,1,0.0240,0.0547,0.9213
3816,web_browsing,random_padding,benign,benign,1,0.9562,0.0254,0.0184
3817,port_scan,none,malicious_plain,malicious_plain,1,0.0195,0.8823,0.0983
3818,port_scan,none,malicious_plain,malicious_plain,1,0.0209,0.8772,0.1019
3819,video_streaming,dummy_injection+constant_rate_shaping,benign,benign,1,0.9205,0.0190,0.0605
3820,ddos_flood,none,malicious_plain,malicious_plain,1,0.0296,0.8744,0.0960
3821,brute_force,protocol_mimicry+block_padding+dummy_injection,malicious_obfuscated,benign,0,0.9381,0.0249,0.0369
3822,data_exfiltration,constant_rate_shaping,malicious_obfuscated,malicious_obfuscated,1,0.0106,0.0161,0.9732
3823,brute_force,none,malicious_plain,malicious_plain,1,0.0244,0.9337,0.0419
3824,web_browsing,none,benign,benign,1,0.9504,0.0314,0.0182
3825,ddos_flood,none,malicious_plain,malicious_plain,1,0.0271,0.8617,0.1112
3826,reverse_shell,none,malicious_plain,malicious_plain,1,0.0101,0.9796,0.0104
3827,voip,timing_jitter,benign,benign,1,0.6201,0.0908,0.2891
3828,port_scan,protocol_mimicry+dummy_injection,malicious_obfuscated,malicious_obfuscated,1,0.0281,0.0258,0.9461
3829,file_download,none,benign,benign,1,0.9549,0.0237,0.0214
3830,brute_force,protocol_mimicry,malicious_obfuscated,malicious_obfuscated,1,0.0325,0.0152,0.9523
3831,ssh_interactive,none,benign,benign,1,0.9568,0.0216,0.0216
3832,c2_beacon,timing_jitter+constant_rate_shaping,malicious_obfuscated,malicious_obfuscated,1,0.2494,0.0197,0.7309
3833,ssh_interactive,tunnel_encapsulation,benign,benign,1,0.9792,0.0110,0.0097
3834,ddos_flood,protocol_mimicry+random_padding+dummy_injection,malicious_obfuscated,malicious_obfuscated,1,0.0200,0.0153,0.9648
3835,c2_beacon,protocol_mimicry+random_padding,malicious_obfuscated,malicious_obfuscated,1,0.1982,0.0207,0.7810
3836,ddos_flood,none,malicious_plain,malicious_plain,1,0.0267,0.9161,0.0571
3837,reverse_shell,protocol_mimicry+random_padding+timing_jitter,malicious_obfuscated,malicious_obfuscated,1,0.2854,0.0280,0.6866
3838,file_download,protocol_mimicry+dummy_injection+constant_rate_shaping,benign,malicious_obfuscated,0,0.2809,0.0191,0.7000
3839,voip,protocol_mimicry+block_padding,benign,benign,1,0.6758,0.0425,0.2818
3840,file_download,none,benign,benign,1,0.9322,0.0324,0.0354
3841,ddos_flood,random_padding,malicious_obfuscated,malicious_obfuscated,1,0.0328,0.0293,0.9379
3842,video_streaming,none,benign,benign,1,0.9437,0.0322,0.0241
3843,port_scan,none,malicious_plain,malicious_plain,1,0.0194,0.9359,0.0447
3844,file_download,block_padding+tunnel_encapsulation,benign,benign,1,0.9742,0.0144,0.0114
3845,voip,none,benign,benign,1,0.9600,0.0186,0.0215
3846,c2_beacon,random_padding,malicious_obfuscated,malicious_plain,0,0.0193,0.8335,0.1472
3847,video_streaming,none,benign,benign,1,0.9459,0.0313,0.0228
3848,voip,none,benign,benign,1,0.9415,0.0180,0.0405
3849,port_scan,fragmentation+constant_rate_shaping,malicious_obfuscated,malicious_obfuscated,1,0.1442,0.0199,0.8359
3850,c2_beacon,random_padding+dummy_injection+tunnel_encapsulation,malicious_obfuscated,malicious_obfuscated,1,0.0057,0.0040,0.9904
3851,video_streaming,none,benign,benign,1,0.9386,0.0328,0.0286
3852,ssh_interactive,none,benign,benign,1,0.9311,0.0345,0.0345
3853,reverse_shell,block_padding,malicious_obfuscated,malicious_plain,0,0.0090,0.9737,0.0173
3854,port_scan,none,malicious_plain,malicious_plain,1,0.0153,0.9247,0.0600
3855,data_exfiltration,none,malicious_plain,malicious_plain,1,0.0192,0.9519,0.0288
3856,data_exfiltration,fragmentation+dummy_injection,malicious_obfuscated,malicious_obfuscated,1,0.0222,0.0080,0.9697
3857,brute_force,tunnel_encapsulation,malicious_obfuscated,malicious_obfuscated,1,0.0235,0.0540,0.9225
3858,c2_beacon,tunnel_encapsulation,malicious_obfuscated,malicious_obfuscated,1,0.0288,0.0516,0.9196
3859,ddos_flood,none,malicious_plain,malicious_plain,1,0.0276,0.8585,0.1140
3860,web_browsing,fragmentation+random_padding+tunnel_encapsulation,benign,benign,1,0.9029,0.0290,0.0681
3861,port_scan,none,malicious_plain,malicious_plain,1,0.0164,0.9355,0.0481
3862,data_exfiltration,block_padding+timing_jitter,malicious_obfuscated,malicious_obfuscated,1,0.0166,0.0301,0.9533
3863,reverse_shell,none,malicious_plain,malicious_plain,1,0.0067,0.9641,0.0291
3864,ssh_interactive,none,benign,benign,1,0.9383,0.0306,0.0311
3865,c2_beacon,none,malicious_plain,malicious_plain,1,0.0155,0.9341,0.0504
3866,brute_force,none,malicious_plain,malicious_plain,1,0.0184,0.9220,0.0596
3867,ddos_flood,dummy_injection,malicious_obfuscated,malicious_obfuscated,1,0.0286,0.0120,0.9594
3868,ddos_flood,none,malicious_plain,malicious_plain,1,0.0252,0.8699,0.1049
3869,data_exfiltration,fragmentation+constant_rate_shaping,malicious_obfuscated,malicious_obfuscated,1,0.2292,0.0240,0.7468
3870,voip,tunnel_encapsulation,benign,benign,1,0.9050,0.0177,0.0773
3871,ddos_flood,none,malicious_plain,malicious_plain,1,0.0246,0.8809,0.0945
3872,file_download,none,benign,benign,1,0.9428,0.0274,0.0297
3873,port_scan,none,malicious_plain,malicious_plain,1,0.0122,0.9476,0.0402
3874,c2_beacon,none,malicious_plain,malicious_plain,1,0.0145,0.9092,0.0763
3875,c2_beacon,fragmentation+random_padding,malicious_obfuscated,malicious_obfuscated,1,0.0192,0.0527,0.9281
3876,c2_beacon,block_padding+random_padding,malicious_obfuscated,malicious_plain,0,0.0235,0.6622,0.3143
3877,ssh_interactive,none,benign,benign,1,0.9619,0.0205,0.0176
3878,web_browsing,none,benign,benign,1,0.9086,0.0465,0.0449
3879,data_exfiltration,fragmentation+dummy_injection+constant_rate_shaping,malicious_obfuscated,malicious_obfuscated,1,0.3569,0.0332,0.6099
3880,port_scan,protocol_mimicry+fragmentation,malicious_obfuscated,malicious_obfuscated,1,0.0111,0.0121,0.9768
3881,data_exfiltration,protocol_mimicry+dummy_injection+tunnel_encapsulation,malicious_obfuscated,malicious_obfuscated,1,0.3241,0.0395,0.6364
3882,port_scan,none,malicious_plain,malicious_plain,1,0.0185,0.9076,0.0739
3883,voip,none,benign,benign,1,0.9461,0.0176,0.0362
3884,ddos_flood,none,malicious_plain,malicious_plain,1,0.0279,0.9047,0.0675
3885,data_exfiltration,none,malicious_plain,malicious_plain,1,0.0188,0.9437,0.0375
3886,ddos_flood,none,malicious_plain,malicious_plain,1,0.0272,0.9057,0.0671
3887,ddos_flood,none,malicious_plain,malicious_plain,1,0.0267,0.8578,0.1155
3888,ddos_flood,none,malicious_plain,malicious_plain,1,0.0215,0.9269,0.0516
3889,web_browsing,none,benign,benign,1,0.9651,0.0222,0.0127
3890,ddos_flood,block_padding+dummy_injection,malicious_obfuscated,malicious_obfuscated,1,0.0267,0.0364,0.9370
3891,voip,none,benign,benign,1,0.9664,0.0199,0.0136
3892,brute_force,random_padding,malicious_obfuscated,malicious_obfuscated,1,0.0528,0.2252,0.7220
3893,voip,none,benign,benign,1,0.9431,0.0208,0.0361
3894,reverse_shell,fragmentation+timing_jitter+tunnel_encapsulation,malicious_obfuscated,malicious_obfuscated,1,0.0303,0.0166,0.9531
3895,video_streaming,protocol_mimicry+fragmentation+tunnel_encapsulation,benign,benign,1,0.8877,0.0199,0.0925
3896,port_scan,protocol_mimicry,malicious_obfuscated,malicious_obfuscated,1,0.0223,0.0286,0.9491
3897,data_exfiltration,none,malicious_plain,malicious_plain,1,0.0259,0.9313,0.0427
3898,dns_query,tunnel_encapsulation,benign,benign,1,0.9307,0.0116,0.0577
3899,reverse_shell,none,malicious_plain,malicious_plain,1,0.0124,0.9482,0.0394
3900,reverse_shell,none,malicious_plain,malicious_plain,1,0.0469,0.7352,0.2178
3901,data_exfiltration,constant_rate_shaping,malicious_obfuscated,malicious_obfuscated,1,0.0189,0.0228,0.9583
3902,reverse_shell,fragmentation+block_padding,malicious_obfuscated,malicious_obfuscated,1,0.0097,0.0177,0.9726
3903,ssh_interactive,constant_rate_shaping,benign,benign,1,0.7794,0.0204,0.2002
3904,ssh_interactive,none,benign,benign,1,0.9506,0.0240,0.0254
3905,reverse_shell,none,malicious_plain,malicious_plain,1,0.0163,0.9379,0.0458
3906,voip,none,benign,benign,1,0.9525,0.0176,0.0299
3907,c2_beacon,protocol_mimicry+tunnel_encapsulation,malicious_obfuscated,malicious_obfuscated,1,0.0969,0.0214,0.8817
3908,port_scan,none,malicious_plain,malicious_plain,1,0.0162,0.8833,0.1004
3909,ssh_interactive,none,benign,benign,1,0.9268,0.0401,0.0331
3910,file_download,none,benign,benign,1,0.9485,0.0254,0.0260
3911,c2_beacon,protocol_mimicry+constant_rate_shaping,malicious_obfuscated,malicious_obfuscated,1,0.0135,0.0161,0.9704
3912,data_exfiltration,fragmentation,malicious_obfuscated,malicious_obfuscated,1,0.0184,0.0275,0.9541
3913,data_exfiltration,protocol_mimicry,malicious_obfuscated,malicious_obfuscated,1,0.1030,0.0138,0.8832
3914,port_scan,random_padding+timing_jitter+tunnel_encapsulation,malicious_obfuscated,malicious_obfuscated,1,0.0249,0.0277,0.9474
3915,video_streaming,none,benign,benign,1,0.9273,0.0361,0.0366
3916,ssh_interactive,none,benign,benign,1,0.9690,0.0174,0.0136
3917,web_browsing,none,benign,benign,1,0.9661,0.0208,0.0131
3918,ddos_flood,tunnel_encapsulation,malicious_obfuscated,malicious_obfuscated,1,0.0236,0.0443,0.9321
3919,video_streaming,none,benign,benign,1,0.9447,0.0304,0.0250
3920,voip,none,benign,benign,1,0.9681,0.0187,0.0132
3921,ssh_interactive,none,benign,benign,1,0.9441,0.0300,0.0259
3922,brute_force,none,malicious_plain,malicious_plain,1,0.0161,0.9375,0.0463
3923,video_streaming,dummy_injection+tunnel_encapsulation,benign,benign,1,0.9600,0.0195,0.0205
3924,port_scan,protocol_mimicry,malicious_obfuscated,malicious_obfuscated,1,0.0278,0.1145,0.8577
3925,file_download,dummy_injection,benign,benign,1,0.9343,0.0264,0.0392
3926,reverse_shell,none,malicious_plain,malicious_plain,1,0.0660,0.9077,0.0263
3927,video_streaming,none,benign,benign,1,0.9474,0.0266,0.0260
3928,voip,none,benign,benign,1,0.9530,0.0188,0.0283
3929,data_exfiltration,none,malicious_plain,malicious_plain,1,0.0268,0.9448,0.0284
3930,file_download,none,benign,benign,1,0.9508,0.0184,0.0308
3931,reverse_shell,fragmentation+random_padding+timing_jitter,malicious_obfuscated,malicious_obfuscated,1,0.1539,0.0555,0.7906
3932,data_exfiltration,none,malicious_plain,malicious_plain,1,0.0275,0.9476,0.0249
3933,video_streaming,protocol_mimicry+block_padding+timing_jitter,benign,benign,1,0.8590,0.0276,0.1134
3934,voip,protocol_mimicry,benign,benign,1,0.6630,0.0357,0.3013
3935,reverse_shell,block_padding+random_padding+timing_jitter,malicious_obfuscated,malicious_obfuscated,1,0.0721,0.0459,0.8819
3936,file_download,none,benign,benign,1,0.9501,0.0267,0.0232
3937,reverse_shell,none,malicious_plain,malicious_plain,1,0.0205,0.9633,0.0161
3938,video_streaming,fragmentation+timing_jitter+tunnel_encapsulation,benign,benign,1,0.7863,0.0308,0.1829
3939,brute_force,none,malicious_plain,malicious_plain,1,0.0278,0.8905,0.0817
3940,dns_query,protocol_mimicry+dummy_injection,benign,benign,1,0.9641,0.0240,0.0119
3941,video_streaming,protocol_mimicry+fragmentation+tunnel_encapsulation,benign,benign,1,0.9161,0.0178,0.0661
3942,voip,none,benign,benign,1,0.9624,0.0209,0.0167
3943,data_exfiltration,none,malicious_plain,malicious_plain,1,0.0163,0.9619,0.0218
3944,web_browsing,none,benign,benign,1,0.9420,0.0334,0.0246
3945,brute_force,block_padding+random_padding,malicious_obfuscated,malicious_obfuscated,1,0.0226,0.0476,0.9298
3946,video_streaming,none,benign,benign,1,0.9356,0.0308,0.0336
3947,port_scan,none,malicious_plain,malicious_plain,1,0.0303,0.9073,0.0624
3948,ssh_interactive,none,benign,benign,1,0.9445,0.0269,0.0285
3949,video_streaming,none,benign,benign,1,0.9349,0.0317,0.0334
3950,c2_beacon,none,malicious_plain,malicious_plain,1,0.0183,0.9252,0.0565
3951,reverse_shell,none,malicious_plain,malicious_plain,1,0.0074,0.9844,0.0083
3952,ddos_flood,block_padding+timing_jitter+tunnel_encapsulation,malicious_obfuscated,malicious_obfuscated,1,0.0211,0.0222,0.9567
3953,brute_force,block_padding,malicious_obfuscated,malicious_plain,0,0.0316,0.5345,0.4339
3954,reverse_shell,none,malicious_plain,malicious_plain,1,0.1108,0.6886,0.2005
3955,video_streaming,protocol_mimicry+block_padding+constant_rate_shaping,benign,benign,1,0.7711,0.0696,0.1593
3956,web_browsing,block_padding,benign,benign,1,0.9821,0.0093,0.0086
3957,file_download,protocol_mimicry+constant_rate_shaping+tunnel_encapsulation,benign,malicious_obfuscated,0,0.3797,0.0295,0.5909
3958,reverse_shell,none,malicious_plain,malicious_plain,1,0.1311,0.7921,0.0768
3959,reverse_shell,none,malicious_plain,malicious_plain,1,0.0122,0.9619,0.0259
3960,data_exfiltration,none,malicious_plain,malicious_plain,1,0.0150,0.9633,0.0217
3961,reverse_shell,dummy_injection+constant_rate_shaping,malicious_obfuscated,malicious_obfuscated,1,0.2345,0.0177,0.7478
3962,brute_force,none,malicious_plain,malicious_plain,1,0.0159,0.9260,0.0581
3963,reverse_shell,timing_jitter,malicious_obfuscated,malicious_plain,0,0.1554,0.4887,0.3559
3964,video_streaming,none,benign,benign,1,0.9044,0.0450,0.0506
3965,web_browsing,none,benign,benign,1,0.9645,0.0242,0.0112
3966,reverse_shell,none,malicious_plain,malicious_plain,1,0.0070,0.9852,0.0078
3967,ssh_interactive,random_padding,benign,benign,1,0.7307,0.0965,0.1728
3968,c2_beacon,fragmentation+constant_rate_shaping+tunnel_encapsulation,malicious_obfuscated,malicious_obfuscated,1,0.1833,0.0190,0.7977
3969,file_download,timing_jitter+constant_rate_shaping,benign,benign,1,0.8396,0.0621,0.0984
3970,c2_beacon,protocol_mimicry+fragmentation+tunnel_encapsulation,malicious_obfuscated,malicious_obfuscated,1,0.0969,0.0121,0.8911
3971,data_exfiltration,none,malicious_plain,malicious_plain,1,0.0160,0.9627,0.0213
3972,ssh_interactive,none,benign,benign,1,0.9660,0.0178,0.0162
3973,c2_beacon,block_padding+timing_jitter,malicious_obfuscated,malicious_plain,0,0.0176,0.8832,0.0992
3974,ssh_interactive,none,benign,benign,1,0.9477,0.0259,0.0264
3975,reverse_shell,fragmentation+dummy_injection+tunnel_encapsulation,malicious_obfuscated,malicious_obfuscated,1,0.0191,0.0117,0.9693
3976,port_scan,none,malicious_plain,malicious_plain,1,0.0192,0.8788,0.1020
3977,brute_force,block_padding+dummy_injection+timing_jitter,malicious_obfuscated,malicious_obfuscated,1,0.0155,0.0192,0.9653
3978,voip,timing_jitter+constant_rate_shaping,benign,malicious_obfuscated,0,0.4758,0.0461,0.4781
3979,port_scan,protocol_mimicry+random_padding+dummy_injection,malicious_obfuscated,malicious_obfuscated,1,0.0806,0.0323,0.8871
3980,data_exfiltration,none,malicious_plain,malicious_plain,1,0.0383,0.9261,0.0356
3981,data_exfiltration,fragmentation+block_padding+tunnel_encapsulation,malicious_obfuscated,malicious_obfuscated,1,0.0155,0.0125,0.9720
3982,data_exfiltration,fragmentation+tunnel_encapsulation,malicious_obfuscated,malicious_obfuscated,1,0.0087,0.0079,0.9833
3983,data_exfiltration,none,malicious_plain,malicious_plain,1,0.0217,0.9535,0.0248
3984,reverse_shell,none,malicious_plain,malicious_plain,1,0.0336,0.9325,0.0339
3985,video_streaming,protocol_mimicry,benign,benign,1,0.7991,0.0317,0.1692
3986,video_streaming,block_padding+tunnel_encapsulation,benign,benign,1,0.9666,0.0175,0.0159
3987,file_download,none,benign,benign,1,0.9361,0.0302,0.0337
3988,ssh_interactive,none,benign,benign,1,0.9440,0.0283,0.0277
3989,ddos_flood,constant_rate_shaping,malicious_obfuscated,malicious_obfuscated,1,0.0245,0.0386,0.9369
3990,data_exfiltration,protocol_mimicry+fragmentation+tunnel_encapsulation,malicious_obfuscated,malicious_obfuscated,1,0.0433,0.0144,0.9423
3991,reverse_shell,fragmentation+random_padding+dummy_injection,malicious_obfuscated,benign,0,0.5579,0.0473,0.3948
3992,reverse_shell,block_padding+tunnel_encapsulation,malicious_obfuscated,malicious_obfuscated,1,0.0567,0.0258,0.9175
3993,data_exfiltration,none,malicious_plain,malicious_plain,1,0.0156,0.9624,0.0221
3994,data_exfiltration,none,malicious_plain,malicious_plain,1,0.0188,0.9523,0.0288
3995,data_exfiltration,none,malicious_plain,malicious_plain,1,0.0154,0.9549,0.0297
3996,c2_beacon,fragmentation+random_padding+timing_jitter,malicious_obfuscated,malicious_obfuscated,1,0.0221,0.0172,0.9607
3997,voip,none,benign,benign,1,0.9557,0.0200,0.0243
3998,c2_beacon,timing_jitter,malicious_obfuscated,malicious_plain,0,0.0241,0.8040,0.1719
3999,video_streaming,fragmentation,benign,benign,1,0.9171,0.0298,0.0531
4000,port_scan,protocol_mimicry+dummy_injection+tunnel_encapsulation,malicious_obfuscated,malicious_obfuscated,1,0.0169,0.0124,0.9707
