index,profile,recipe,y_true,y_pred,correct,benign,malicious_plain,malicious_obfuscated
0,file_download,random_padding+timing_jitter+tunnel_encapsulation,benign,benign,1,0.9680,0.0213,0.0107
1,port_scan,none,malicious_plain,malicious_plain,1,0.0198,0.9357,0.0445
2,video_streaming,none,benign,benign,1,0.9568,0.0241,0.0192
3,brute_force,constant_rate_shaping+tunnel_encapsulation,malicious_obfuscated,malicious_obfuscated,1,0.1044,0.0230,0.8727
4,video_streaming,dummy_injection+timing_jitter,benign,benign,1,0.9651,0.0229,0.0121
5,data_exfiltration,none,malicious_plain,malicious_plain,1,0.0216,0.9629,0.0155
6,ddos_flood,none,malicious_plain,malicious_plain,1,0.0184,0.9425,0.0391
7,reverse_shell,none,malicious_plain,malicious_plain,1,0.0073,0.9820,0.0107
8,video_streaming,random_padding+timing_jitter,benign,benign,1,0.9494,0.0307,0.0199
9,brute_force,fragmentation+constant_rate_shaping,malicious_obfuscated,malicious_obfuscated,1,0.3615,0.0329,0.6057
10,video_streaming,none,benign,benign,1,0.9430,0.0304,0.0266
11,reverse_shell,none,malicious_plain,malicious_plain,1,0.0068,0.9852,0.0080
12,data_exfiltration,random_padding+constant_rate_shaping,malicious_obfuscated,malicious_obfuscated,1,0.0081,0.0085,0.9834
13,reverse_shell,none,malicious_plain,malicious_plain,1,0.0181,0.9497,0.0323
14,port_scan,none,malicious_plain,malicious_plain,1,0.0222,0.9185,0.0592
15,port_scan,none,malicious_plain,malicious_plain,1,0.0180,0.9407,0.0413
16,data_exfiltration,block_padding,malicious_obfuscated,malicious_obfuscated,1,0.0318,0.0397,0.9285
17,port_scan,constant_rate_shaping,malicious_obfuscated,malicious_obfuscated,1,0.0528,0.0160,0.9312
18,file_download,protocol_mimicry+random_padding,benign,benign,1,0.9693,0.0199,0.0108
19,brute_force,none,malicious_plain,malicious_plain,1,0.0217,0.9285,0.0498
20,data_exfiltration,random_padding+timing_jitter,malicious_obfuscated,malicious_obfuscated,1,0.0202,0.0192,0.9606
21,port_scan,block_padding+constant_rate_shaping,malicious_obfuscated,malicious_obfuscated,1,0.0300,0.0111,0.9588
22,ssh_interactive,none,benign,benign,1,0.8905,0.0777,0.0318
23,brute_force,none,malicious_plain,malicious_plain,1,0.0157,0.9382,0.0461
24,reverse_shell,constant_rate_shaping,malicious_obfuscated,malicious_obfuscated,1,0.1158,0.0133,0.8709
25,video_streaming,tunnel_encapsulation,benign,benign,1,0.9449,0.0346,0.0205
26,ddos_flood,constant_rate_shaping,malicious_obfuscated,malicious_obfuscated,1,0.0208,0.0152,0.9640
27,video_streaming,none,benign,benign,1,0.9312,0.0388,0.0300
28,port_scan,none,malicious_plain,malicious_plain,1,0.0261,0.9306,0.0433
29,file_download,none,benign,benign,1,0.9302,0.0333,0.0365
30,voip,none,benign,benign,1,0.9690,0.0210,0.0100
31,voip,fragmentation,benign,benign,1,0.9628,0.0215,0.0157
32,port_scan,none,malicious_plain,malicious_plain,1,0.0199,0.9123,0.0678
33,port_scan,none,malicious_plain,malicious_plain,1,0.0161,0.9480,0.0359
34,ssh_interactive,none,benign,benign,1,0.9441,0.0312,0.0247
35,file_download,block_padding+random_padding+tunnel_encapsulation,benign,benign,1,0.9708,0.0179,0.0113
36,reverse_shell,protocol_mimicry+random_padding+dummy_injection,malicious_obfuscated,benign,0,0.6569,0.0507,0.2924
37,brute_force,block_padding,malicious_obfuscated,malicious_obfuscated,1,0.0503,0.0427,0.9070
38,data_exfiltration,none,malicious_plain,malicious_plain,1,0.0195,0.9667,0.0138
39,web_browsing,none,benign,benign,1,0.9161,0.0427,0.0412
40,video_streaming,protocol_mimicry+tunnel_encapsulation,benign,benign,1,0.9807,0.0135,0.0058
41,ddos_flood,none,malicious_plain,malicious_plain,1,0.0188,0.9215,0.0597
42,reverse_shell,none,malicious_plain,malicious_plain,1,0.0169,0.9703,0.0128
43,brute_force,block_padding,malicious_obfuscated,malicious_obfuscated,1,0.0241,0.0278,0.9481
44,reverse_shell,none,malicious_plain,malicious_plain,1,0.0144,0.9769,0.0087
45,web_browsing,block_padding+dummy_injection+constant_rate_shaping,benign,benign,1,0.7678,0.0239,0.2083
46,reverse_shell,dummy_injection,malicious_obfuscated,malicious_obfuscated,1,0.2483,0.0323,0.7194
47,video_streaming,none,benign,benign,1,0.9238,0.0399,0.0362
48,web_browsing,tunnel_encapsulation,benign,benign,1,0.9257,0.0262,0.0481
49,reverse_shell,none,malicious_plain,malicious_plain,1,0.0079,0.9741,0.0180
50,file_download,block_padding,benign,benign,1,0.9608,0.0208,0.0184
51,c2_beacon,none,malicious_plain,malicious_plain,1,0.0206,0.9462,0.0333
52,brute_force,none,malicious_plain,malicious_plain,1,0.0187,0.9482,0.0332
53,data_exfiltration,none,malicious_plain,malicious_plain,1,0.0233,0.9645,0.0123
54,video_streaming,none,benign,benign,1,0.9377,0.0326,0.0297
55,reverse_shell,none,malicious_plain,malicious_plain,1,0.0104,0.9532,0.0363
56,data_exfiltration,random_padding+tunnel_encapsulation,malicious_obfuscated,malicious_obfuscated,1,0.0124,0.0208,0.9668
57,ssh_interactive,none,benign,benign,1,0.9488,0.0297,0.0215
58,c2_beacon,timing_jitter,malicious_obfuscated,malicious_plain,0,0.0168,0.9388,0.0444
59,port_scan,none,malicious_plain,malicious_plain,1,0.0378,0.8661,0.0960
60,web_browsing,constant_rate_shaping,benign,benign,1,0.8445,0.0511,0.1044
61,reverse_shell,protocol_mimicry+fragmentation+random_padding,malicious_obfuscated,malicious_obfuscated,1,0.0431,0.0252,0.9317
62,c2_beacon,dummy_injection+timing_jitter+constant_rate_shaping,malicious_obfuscated,malicious_obfuscated,1,0.1230,0.0327,0.8443
63,c2_beacon,protocol_mimicry+fragmentation+constant_rate_shaping,malicious_obfuscated,malicious_obfuscated,1,0.0891,0.0271,0.8838
64,brute_force,none,malicious_plain,malicious_plain,1,0.0160,0.9503,0.0337
65,reverse_shell,fragmentation+timing_jitter,malicious_obfuscated,malicious_obfuscated,1,0.0229,0.0185,0.9586
66,ddos_flood,constant_rate_shaping+tunnel_encapsulation,malicious_obfuscated,malicious_obfuscated,1,0.0448,0.0138,0.9414
67,web_browsing,tunnel_encapsulation,benign,benign,1,0.9511,0.0233,0.0256
68,c2_beacon,none,malicious_plain,malicious_plain,1,0.0229,0.9203,0.0568
69,video_streaming,fragmentation+random_padding+dummy_injection,benign,benign,1,0.9586,0.0276,0.0137
70,file_download,dummy_injection,benign,benign,1,0.9791,0.0105,0.0103
71,ddos_flood,random_padding+timing_jitter,malicious_obfuscated,malicious_obfuscated,1,0.0117,0.0278,0.9605
72,c2_beacon,none,malicious_plain,malicious_plain,1,0.0178,0.9570,0.0253
73,c2_beacon,block_padding+timing_jitter,malicious_obfuscated,malicious_obfuscated,1,0.0170,0.0188,0.9642
74,port_scan,protocol_mimicry+dummy_injection,malicious_obfuscated,malicious_obfuscated,1,0.0295,0.0580,0.9126
75,ddos_flood,timing_jitter+constant_rate_shaping+tunnel_encapsulation,malicious_obfuscated,malicious_obfuscated,1,0.0406,0.0226,0.9368
76,file_download,none,benign,benign,1,0.9378,0.0323,0.0299
77,port_scan,protocol_mimicry+dummy_injection,malicious_obfuscated,malicious_obfuscated,1,0.0118,0.0144,0.9738
78,ssh_interactive,none,benign,benign,1,0.9455,0.0312,0.0232
79,ddos_flood,protocol_mimicry+block_padding,malicious_obfuscated,malicious_obfuscated,1,0.0182,0.0221,0.9596
80,web_browsing,none,benign,benign,1,0.9553,0.0249,0.0199
81,voip,none,benign,benign,1,0.9700,0.0188,0.0112
82,web_browsing,none,benign,benign,1,0.9654,0.0210,0.0136
83,port_scan,dummy_injection+constant_rate_shaping+tunnel_encapsulation,malicious_obfuscated,malicious_obfuscated,1,0.1927,0.0191,0.7882
84,ssh_interactive,none,benign,benign,1,0.9476,0.0315,0.0209
85,data_exfiltration,protocol_mimicry+random_padding,malicious_obfuscated,malicious_obfuscated,1,0.0177,0.0190,0.9633
86,port_scan,dummy_injection,malicious_obfuscated,malicious_obfuscated,1,0.0203,0.0443,0.9354
87,video_streaming,fragmentation+random_padding,benign,benign,1,0.9551,0.0307,0.0142
88,ssh_interactive,random_padding+dummy_injection,benign,benign,1,0.9735,0.0158,0.0107
89,web_browsing,none,benign,benign,1,0.9179,0.0425,0.0396
90,port_scan,fragmentation+random_padding,malicious_obfuscated,malicious_obfuscated,1,0.0125,0.0140,0.9735
91,data_exfiltration,none,malicious_plain,malicious_plain,1,0.0237,0.9598,0.0165
92,reverse_shell,fragmentation,malicious_obfuscated,malicious_obfuscated,1,0.0214,0.0204,0.9582
93,data_exfiltration,constant_rate_shaping,malicious_obfuscated,malicious_obfuscated,1,0.0236,0.0194,0.9571
94,web_browsing,none,benign,benign,1,0.9552,0.0236,0.0212
95,data_exfiltration,protocol_mimicry+constant_rate_shaping,malicious_obfuscated,malicious_obfuscated,1,0.0831,0.0124,0.9044
96,c2_beacon,none,malicious_plain,malicious_plain,1,0.0171,0.9267,0.0561
97,ddos_flood,none,malicious_plain,malicious_plain,1,0.0190,0.9484,0.0326
98,ssh_interactive,fragmentation,benign,benign,1,0.9346,0.0209,0.0445
99,video_streaming,none,benign,benign,1,0.9609,0.0219,0.0172
100,c2_beacon,fragmentation+timing_jitter,malicious_obfuscated,malicious_obfuscated,1,0.0107,0.0197,0.9695
101,brute_force,fragmentation,malicious_obfuscated,malicious_plain,0,0.0200,0.9466,0.0334
102,reverse_shell,block_padding+timing_jitter+constant_rate_shaping,malicious_obfuscated,malicious_obfuscated,1,0.0838,0.0138,0.9024
103,brute_force,none,malicious_plain,malicious_plain,1,0.0229,0.9473,0.0297
104,c2_beacon,none,malicious_plain,malicious_plain,1,0.0157,0.9567,0.0276
105,web_browsing,timing_jitter+tunnel_encapsulation,benign,benign,1,0.8775,0.0140,0.1085
106,c2_beacon,random_padding+constant_rate_shaping,malicious_obfuscated,malicious_obfuscated,1,0.0888,0.0143,0.8969
107,data_exfiltration,none,malicious_plain,malicious_plain,1,0.0286,0.9565,0.0149
108,video_streaming,none,benign,benign,1,0.8690,0.0629,0.0681
109,reverse_shell,constant_rate_shaping,malicious_obfuscated,malicious_obfuscated,1,0.1928,0.0294,0.7778
110,web_browsing,protocol_mimicry+fragmentation+tunnel_encapsulation,benign,benign,1,0.7138,0.0170,0.2692
111,ssh_interactive,none,benign,benign,1,0.9646,0.0243,0.0111
112,ssh_interactive,none,benign,benign,1,0.9577,0.0251,0.0171
113,video_streaming,protocol_mimicry+timing_jitter+constant_rate_shaping,benign,benign,1,0.8384,0.0437,0.1180
114,ssh_interactive,fragmentation+dummy_injection,benign,benign,1,0.9353,0.0247,0.0400
115,video_streaming,none,benign,benign,1,0.9603,0.0228,0.0169
116,c2_beacon,none,malicious_plain,malicious_plain,1,0.0156,0.9466,0.0377
117,data_exfiltration,timing_jitter+tunnel_encapsulation,malicious_obfuscated,malicious_obfuscated,1,0.0111,0.0248,0.9641
118,reverse_shell,random_padding+tunnel_encapsulation,malicious_obfuscated,malicious_obfuscated,1,0.0268,0.1723,0.8010
119,voip,none,benign,benign,1,0.9608,0.0225,0.0167
120,data_exfiltration,none,malicious_plain,malicious_plain,1,0.0190,0.9680,0.0131
121,ddos_flood,constant_rate_shaping,malicious_obfuscated,malicious_obfuscated,1,0.0144,0.0160,0.9697
122,reverse_shell,none,malicious_plain,malicious_plain,1,0.0075,0.9783,0.0141
123,data_exfiltration,none,malicious_plain,malicious_plain,1,0.0249,0.9596,0.0154
124,file_download,none,benign,benign,1,0.9573,0.0218,0.0209
125,c2_beacon,none,malicious_plain,malicious_plain,1,0.0231,0.9466,0.0303
126,port_scan,none,malicious_plain,malicious_plain,1,0.0203,0.9365,0.0432
127,reverse_shell,timing_jitter+constant_rate_shaping,malicious_obfuscated,malicious_obfuscated,1,0.4542,0.0355,0.5102
128,video_streaming,none,benign,benign,1,0.9332,0.0339,0.0329
129,brute_force,protocol_mimicry+dummy_injection+constant_rate_shaping,malicious_obfuscated,malicious_obfuscated,1,0.2458,0.0256,0.7286
130,data_exfiltration,protocol_mimicry+dummy_injection,malicious_obfuscated,malicious_obfuscated,1,0.0293,0.0204,0.9503
131,file_download,none,benign,benign,1,0.9644,0.0187,0.0168
132,data_exfiltration,none,malicious_plain,malicious_plain,1,0.0236,0.9628,0.0136
133,file_download,protocol_mimicry+fragmentation+dummy_injection,benign,benign,1,0.9112,0.0241,0.0647
134,brute_force,fragmentation,malicious_obfuscated,malicious_obfuscated,1,0.0113,0.0238,0.9649
135,ssh_interactive,none,benign,benign,1,0.9168,0.0414,0.0418
136,reverse_shell,random_padding,malicious_obfuscated,malicious_obfuscated,1,0.2525,0.2129,0.5346
137,web_browsing,protocol_mimicry+constant_rate_shaping+tunnel_encapsulation,benign,benign,1,0.8961,0.0545,0.0494
138,ddos_flood,none,malicious_plain,malicious_plain,1,0.0263,0.9365,0.0371
139,c2_beacon,none,malicious_plain,malicious_plain,1,0.0155,0.9559,0.0286
140,brute_force,fragmentation+block_padding+tunnel_encapsulation,malicious_obfuscated,malicious_obfuscated,1,0.0223,0.0237,0.9540
141,ssh_interactive,none,benign,benign,1,0.9607,0.0260,0.0133
142,port_scan,block_padding,malicious_obfuscated,malicious_obfuscated,1,0.0211,0.0155,0.9634
143,ddos_flood,none,malicious_plain,malicious_plain,1,0.0232,0.9408,0.0360
144,ssh_interactive,none,benign,benign,1,0.9601,0.0267,0.0132
145,video_streaming,none,benign,benign,1,0.9358,0.0347,0.0295
146,file_download,none,benign,benign,1,0.9428,0.0296,0.0276
147,ssh_interactive,none,benign,benign,1,0.9378,0.0358,0.0264
148,video_streaming,none,benign,benign,1,0.9627,0.0210,0.0163
149,port_scan,none,malicious_plain,malicious_plain,1,0.0117,0.9605,0.0277
150,file_download,fragmentation+constant_rate_shaping,benign,benign,1,0.6579,0.0640,0.2781
151,video_streaming,protocol_mimicry+random_padding+constant_rate_shaping,benign,benign,1,0.9081,0.0376,0.0543
152,video_streaming,fragmentation+block_padding,benign,benign,1,0.9366,0.0312,0.0322
153,ddos_flood,protocol_mimicry+timing_jitter,malicious_obfuscated,malicious_obfuscated,1,0.0079,0.0180,0.9741
154,ssh_interactive,none,benign,benign,1,0.9639,0.0241,0.0120
155,voip,fragmentation+tunnel_encapsulation,benign,benign,1,0.9585,0.0139,0.0276
156,ssh_interactive,none,benign,benign,1,0.9395,0.0316,0.0289
157,voip,protocol_mimicry+fragmentation+dummy_injection,benign,benign,1,0.8301,0.0377,0.1322
158,video_streaming,none,benign,benign,1,0.9261,0.0402,0.0336
159,brute_force,block_padding+timing_jitter+constant_rate_shaping,malicious_obfuscated,malicious_obfuscated,1,0.0555,0.0215,0.9230
160,port_scan,none,malicious_plain,malicious_plain,1,0.0164,0.9497,0.0338
161,ddos_flood,none,malicious_plain,malicious_plain,1,0.0166,0.9493,0.0340
162,web_browsing,random_padding+dummy_injection+timing_jitter,benign,benign,1,0.9335,0.0310,0.0355
163,reverse_shell,none,malicious_plain,malicious_plain,1,0.0136,0.9721,0.0144
164,ssh_interactive,none,benign,benign,1,0.9544,0.0258,0.0198
165,c2_beacon,fragmentation+random_padding+constant_rate_shaping,malicious_obfuscated,malicious_obfuscated,1,0.2761,0.0389,0.6850
166,c2_beacon,none,malicious_plain,malicious_plain,1,0.0156,0.9385,0.0458
167,port_scan,protocol_mimicry+fragmentation+tunnel_encapsulation,malicious_obfuscated,malicious_obfuscated,1,0.0125,0.0170,0.9705
168,video_streaming,none,benign,benign,1,0.9495,0.0297,0.0207
169,voip,protocol_mimicry+random_padding+tunnel_encapsulation,benign,benign,1,0.9237,0.0131,0.0632
170,voip,fragmentation,benign,benign,1,0.9679,0.0190,0.0131
171,ssh_interactive,none,benign,benign,1,0.9449,0.0328,0.0223
172,brute_force,random_padding,malicious_obfuscated,malicious_obfuscated,1,0.0227,0.0388,0.9385
173,data_exfiltration,random_padding+tunnel_encapsulation,malicious_obfuscated,malicious_obfuscated,1,0.0182,0.0315,0.9503
174,brute_force,protocol_mimicry+timing_jitter+constant_rate_shaping,malicious_obfuscated,malicious_obfuscated,1,0.0314,0.0404,0.9282
175,port_scan,none,malicious_plain,malicious_plain,1,0.0188,0.9347,0.0465
176,reverse_shell,random_padding+timing_jitter+constant_rate_shaping,malicious_obfuscated,malicious_obfuscated,1,0.0362,0.0110,0.9528
177,ddos_flood,constant_rate_shaping,malicious_obfuscated,malicious_obfuscated,1,0.0371,0.0258,0.9372
178,port_scan,none,malicious_plain,malicious_plain,1,0.0199,0.9475,0.0326
179,file_download,timing_jitter,benign,benign,1,0.9384,0.0327,0.0289
180,reverse_shell,none,malicious_plain,malicious_plain,1,0.0094,0.9767,0.0139
181,voip,tunnel_encapsulation,benign,benign,1,0.9735,0.0117,0.0149
182,brute_force,none,malicious_plain,malicious_plain,1,0.0213,0.9476,0.0310
183,brute_force,none,malicious_plain,malicious_plain,1,0.0147,0.9483,0.0371
184,reverse_shell,none,malicious_plain,malicious_plain,1,0.0145,0.9587,0.0269
185,ssh_interactive,none,benign,benign,1,0.9546,0.0237,0.0217
186,ddos_flood,protocol_mimicry+random_padding+tunnel_encapsulation,malicious_obfuscated,malicious_obfuscated,1,0.0584,0.0248,0.9168
187,reverse_shell,timing_jitter,malicious_obfuscated,malicious_plain,0,0.0255,0.7497,0.2248
188,ddos_flood,none,malicious_plain,malicious_plain,1,0.0190,0.9403,0.0407
189,data_exfiltration,protocol_mimicry+timing_jitter,malicious_obfuscated,malicious_obfuscated,1,0.0146,0.0183,0.9671
190,data_exfiltration,none,malicious_plain,malicious_plain,1,0.0229,0.9626,0.0145
191,brute_force,random_padding+tunnel_encapsulation,malicious_obfuscated,malicious_obfuscated,1,0.0253,0.0216,0.9531
192,ddos_flood,none,malicious_plain,malicious_plain,1,0.0242,0.9398,0.0361
193,port_scan,none,malicious_plain,malicious_plain,1,0.0160,0.9372,0.0468
194,brute_force,none,malicious_plain,malicious_plain,1,0.0251,0.8871,0.0878
195,c2_beacon,block_padding+dummy_injection+timing_jitter,malicious_obfuscated,malicious_obfuscated,1,0.0078,0.0070,0.9852
196,reverse_shell,protocol_mimicry+dummy_injection+timing_jitter,malicious_obfuscated,malicious_obfuscated,1,0.0326,0.0161,0.9514
197,data_exfiltration,dummy_injection+constant_rate_shaping+tunnel_encapsulation,malicious_obfuscated,malicious_obfuscated,1,0.0346,0.0269,0.9385
198,reverse_shell,none,malicious_plain,malicious_plain,1,0.0127,0.9621,0.0252
199,data_exfiltration,none,malicious_plain,malicious_plain,1,0.0191,0.9667,0.0142
200,brute_force,protocol_mimicry+fragmentation+dummy_injection,malicious_obfuscated,malicious_obfuscated,1,0.0687,0.0277,0.9036
201,web_browsing,random_padding+timing_jitter+tunnel_encapsulation,benign,benign,1,0.8109,0.0365,0.1526
202,ddos_flood,protocol_mimicry+dummy_injection,malicious_obfuscated,malicious_obfuscated,1,0.0205,0.0227,0.9568
203,ddos_flood,random_padding,malicious_obfuscated,malicious_obfuscated,1,0.0415,0.0652,0.8933
204,ddos_flood,none,malicious_plain,malicious_plain,1,0.0212,0.9430,0.0358
205,ddos_flood,none,malicious_plain,malicious_plain,1,0.0242,0.9378,0.0380
206,ddos_flood,protocol_mimicry+block_padding+timing_jitter,malicious_obfuscated,malicious_obfuscated,1,0.0175,0.0188,0.9637
207,reverse_shell,timing_jitter+constant_rate_shaping+tunnel_encapsulation,malicious_obfuscated,malicious_obfuscated,1,0.1176,0.0144,0.8680
208,brute_force,tunnel_encapsulation,malicious_obfuscated,malicious_plain,0,0.0196,0.9438,0.0365
209,c2_beacon,none,malicious_plain,malicious_plain,1,0.0139,0.9380,0.0481
210,port_scan,none,malicious_plain,malicious_plain,1,0.0269,0.8931,0.0799
211,c2_beacon,protocol_mimicry,malicious_obfuscated,malicious_obfuscated,1,0.0388,0.0176,0.9437
212,ssh_interactive,block_padding+random_padding+dummy_injection,benign,benign,1,0.9720,0.0135,0.0145
213,reverse_shell,none,malicious_plain,malicious_plain,1,0.0068,0.9896,0.0036
214,data_exfiltration,none,malicious_plain,malicious_plain,1,0.0228,0.9541,0.0232
215,port_scan,none,malicious_plain,malicious_plain,1,0.0200,0.9174,0.0626
216,ddos_flood,none,malicious_plain,malicious_plain,1,0.0170,0.9367,0.0462
217,file_download,none,benign,benign,1,0.9466,0.0265,0.0269
218,reverse_shell,none,malicious_plain,malicious_plain,1,0.0126,0.8853,0.1021
219,ssh_interactive,none,benign,benign,1,0.9443,0.0331,0.0227
220,ssh_interactive,random_padding+timing_jitter,benign,benign,1,0.9565,0.0244,0.0191
221,voip,tunnel_encapsulation,benign,benign,1,0.9551,0.0153,0.0296
222,ddos_flood,random_padding+dummy_injection,malicious_obfuscated,malicious_obfuscated,1,0.0216,0.0250,0.9533
223,reverse_shell,none,malicious_plain,malicious_plain,1,0.0092,0.9777,0.0131
224,file_download,none,benign,benign,1,0.9342,0.0342,0.0315
225,file_download,none,benign,benign,1,0.9498,0.0256,0.0247
226,brute_force,none,malicious_plain,malicious_plain,1,0.0222,0.9484,0.0295
227,brute_force,timing_jitter+tunnel_encapsulation,malicious_obfuscated,malicious_obfuscated,1,0.0183,0.0257,0.9560
228,video_streaming,none,benign,benign,1,0.9514,0.0243,0.0242
229,c2_beacon,none,malicious_plain,malicious_plain,1,0.0197,0.9486,0.0316
230,video_streaming,protocol_mimicry+constant_rate_shaping,benign,benign,1,0.9766,0.0141,0.0094
231,c2_beacon,none,malicious_plain,malicious_plain,1,0.0176,0.9557,0.0267
232,ddos_flood,dummy_injection+tunnel_encapsulation,malicious_obfuscated,malicious_obfuscated,1,0.0086,0.0148,0.9765
233,ddos_flood,none,malicious_plain,malicious_plain,1,0.0200,0.9377,0.0423
234,port_scan,dummy_injection+timing_jitter+constant_rate_shaping,malicious_obfuscated,malicious_obfuscated,1,0.0474,0.0158,0.9368
235,ssh_interactive,dummy_injection,benign,benign,1,0.9429,0.0175,0.0396
236,ssh_interactive,none,benign,benign,1,0.9663,0.0164,0.0172
237,reverse_shell,dummy_injection+constant_rate_shaping,malicious_obfuscated,malicious_obfuscated,1,0.1969,0.0225,0.7806
238,brute_force,block_padding+dummy_injection,malicious_obfuscated,malicious_obfuscated,1,0.0166,0.0152,0.9682
239,port_scan,none,malicious_plain,malicious_plain,1,0.0212,0.9337,0.0451
240,brute_force,none,malicious_plain,malicious_plain,1,0.0186,0.9282,0.0532
241,ddos_flood,none,malicious_plain,malicious_plain,1,0.0189,0.9473,0.0338
242,ssh_interactive,none,benign,benign,1,0.8983,0.0552,0.0465
243,ssh_interactive,none,benign,benign,1,0.9558,0.0267,0.0175
244,voip,none,benign,benign,1,0.9635,0.0201,0.0164
245,brute_force,none,malicious_plain,malicious_plain,1,0.0174,0.9467,0.0359
246,data_exfiltration,none,malicious_plain,malicious_plain,1,0.0212,0.9642,0.0146
247,port_scan,constant_rate_shaping,malicious_obfuscated,malicious_obfuscated,1,0.0683,0.0171,0.9146
248,brute_force,protocol_mimicry+fragmentation+timing_jitter,malicious_obfuscated,malicious_obfuscated,1,0.0618,0.0274,0.9108
249,reverse_shell,constant_rate_shaping+tunnel_encapsulation,malicious_obfuscated,malicious_obfuscated,1,0.1827,0.0169,0.8004
250,web_browsing,random_padding+tunnel_encapsulation,benign,benign,1,0.9273,0.0276,0.0452
251,brute_force,none,malicious_plain,malicious_plain,1,0.0170,0.9468,0.0361
252,reverse_shell,fragmentation+random_padding,malicious_obfuscated,malicious_obfuscated,1,0.0215,0.0176,0.9609
253,c2_beacon,none,malicious_plain,malicious_plain,1,0.0168,0.9376,0.0456
254,ssh_interactive,none,benign,benign,1,0.9664,0.0208,0.0128
255,file_download,none,benign,benign,1,0.9221,0.0346,0.0433
256,ssh_interactive,random_padding+tunnel_encapsulation,benign,benign,1,0.9610,0.0120,0.0271
257,ddos_flood,fragmentation+random_padding,malicious_obfuscated,malicious_obfuscated,1,0.0447,0.0337,0.9216
258,port_scan,none,malicious_plain,malicious_plain,1,0.0190,0.9371,0.0439
259,data_exfiltration,timing_jitter,malicious_obfuscated,malicious_obfuscated,1,0.0184,0.0334,0.9482
260,ssh_interactive,none,benign,benign,1,0.9588,0.0249,0.0164
261,file_download,none,benign,benign,1,0.9427,0.0273,0.0300
262,video_streaming,random_padding+constant_rate_shaping+tunnel_encapsulation,benign,benign,1,0.9209,0.0501,0.0289
263,reverse_shell,none,malicious_plain,malicious_plain,1,0.0081,0.9847,0.0072
264,c2_beacon,protocol_mimicry+constant_rate_shaping+tunnel_encapsulation,malicious_obfuscated,malicious_obfuscated,1,0.0181,0.0139,0.9680
265,port_scan,random_padding+tunnel_encapsulation,malicious_obfuscated,malicious_obfuscated,1,0.0164,0.0264,0.9572
266,port_scan,none,malicious_plain,malicious_plain,1,0.0243,0.9135,0.0622
267,reverse_shell,protocol_mimicry+tunnel_encapsulation,malicious_obfuscated,malicious_obfuscated,1,0.0412,0.0181,0.9407
268,reverse_shell,protocol_mimicry+dummy_injection,malicious_obfuscated,malicious_obfuscated,1,0.2663,0.0289,0.7048
269,brute_force,none,malicious_plain,malicious_plain,1,0.0160,0.9535,0.0305
270,ddos_flood,none,malicious_plain,malicious_plain,1,0.0275,0.9287,0.0438
271,data_exfiltration,timing_jitter,malicious_obfuscated,malicious_obfuscated,1,0.0261,0.0516,0.9223
272,brute_force,dummy_injection,malicious_obfuscated,malicious_obfuscated,1,0.0712,0.0434,0.8854
273,video_streaming,none,benign,benign,1,0.9515,0.0264,0.0221
274,voip,none,benign,benign,1,0.9708,0.0190,0.0102
275,data_exfiltration,block_padding+dummy_injection+timing_jitter,malicious_obfuscated,malicious_obfuscated,1,0.0391,0.0160,0.9450
276,port_scan,none,malicious_plain,malicious_plain,1,0.0204,0.9247,0.0549
277,c2_beacon,fragmentation+timing_jitter,malicious_obfuscated,malicious_obfuscated,1,0.0146,0.0382,0.9471
278,ssh_interactive,random_padding+dummy_injection,benign,benign,1,0.9652,0.0161,0.0187
279,file_download,none,benign,benign,1,0.9606,0.0198,0.0197
280,brute_force,none,malicious_plain,malicious_plain,1,0.0216,0.9540,0.0244
281,reverse_shell,protocol_mimicry+block_padding+random_padding,malicious_obfuscated,malicious_obfuscated,1,0.0475,0.0215,0.9309
282,c2_beacon,none,malicious_plain,malicious_plain,1,0.0146,0.9544,0.0310
283,c2_beacon,none,malicious_plain,malicious_plain,1,0.0174,0.9038,0.0788
284,c2_beacon,none,malicious_plain,malicious_plain,1,0.0181,0.9479,0.0341
285,c2_beacon,none,malicious_plain,malicious_plain,1,0.0182,0.9484,0.0333
286,c2_beacon,none,malicious_plain,malicious_plain,1,0.0131,0.9640,0.0228
287,data_exfiltration,fragmentation,malicious_obfuscated,malicious_obfuscated,1,0.0261,0.0240,0.9499
288,ddos_flood,block_padding+timing_jitter+tunnel_encapsulation,malicious_obfuscated,malicious_obfuscated,1,0.0233,0.0187,0.9580
289,port_scan,none,malicious_plain,malicious_plain,1,0.0186,0.9277,0.0537
290,reverse_shell,timing_jitter+constant_rate_shaping+tunnel_encapsulation,malicious_obfuscated,malicious_obfuscated,1,0.3326,0.0349,0.6326
291,reverse_shell,protocol_mimicry+timing_jitter,malicious_obfuscated,malicious_obfuscated,1,0.0261,0.0134,0.9605
292,port_scan,dummy_injection,malicious_obfuscated,malicious_obfuscated,1,0.0298,0.0336,0.9365
293,port_scan,block_padding,malicious_obfuscated,malicious_obfuscated,1,0.0200,0.0200,0.9600
294,voip,none,benign,benign,1,0.9725,0.0174,0.0101
295,c2_beacon,none,malicious_plain,malicious_plain,1,0.0136,0.9617,0.0247
296,ssh_interactive,none,benign,benign,1,0.9496,0.0300,0.0204
297,data_exfiltration,none,malicious_plain,malicious_plain,1,0.0290,0.9509,0.0200
298,reverse_shell,dummy_injection,malicious_obfuscated,malicious_obfuscated,1,0.0254,0.0253,0.9494
299,port_scan,none,malicious_plain,malicious_plain,1,0.0172,0.9335,0.0494
300,reverse_shell,fragmentation+dummy_injection+timing_jitter,malicious_obfuscated,malicious_obfuscated,1,0.0208,0.0189,0.9602
301,port_scan,none,malicious_plain,malicious_plain,1,0.0166,0.9430,0.0403
302,brute_force,none,malicious_plain,malicious_plain,1,0.0193,0.9146,0.0662
303,data_exfiltration,none,malicious_plain,malicious_plain,1,0.0256,0.9580,0.0165
304,video_streaming,block_padding+timing_jitter,benign,benign,1,0.9528,0.0303,0.0169
305,port_scan,dummy_injection,malicious_obfuscated,malicious_obfuscated,1,0.0299,0.0282,0.9418
306,video_streaming,none,benign,benign,1,0.9470,0.0286,0.0244
307,voip,protocol_mimicry+block_padding+timing_jitter,benign,benign,1,0.5511,0.0442,0.4047
308,web_browsing,none,benign,benign,1,0.9095,0.0519,0.0386
309,ddos_flood,protocol_mimicry+block_padding+random_padding,malicious_obfuscated,malicious_obfuscated,1,0.0192,0.0222,0.9586
310,voip,constant_rate_shaping+tunnel_encapsulation,benign,malicious_obfuscated,0,0.3163,0.0231,0.6605
311,brute_force,fragmentation+tunnel_encapsulation,malicious_obfuscated,malicious_obfuscated,1,0.0070,0.0276,0.9654
312,ssh_interactive,none,benign,benign,1,0.9764,0.0163,0.0073
313,ddos_flood,fragmentation+constant_rate_shaping+tunnel_encapsulation,malicious_obfuscated,malicious_obfuscated,1,0.0373,0.0153,0.9474
314,brute_force,block_padding+random_padding,malicious_obfuscated,malicious_obfuscated,1,0.0315,0.0266,0.9419
315,reverse_shell,none,malicious_plain,malicious_plain,1,0.0057,0.9899,0.0044
316,voip,none,benign,benign,1,0.9695,0.0174,0.0131
317,brute_force,timing_jitter,malicious_obfuscated,malicious_plain,0,0.0340,0.7240,0.2419
318,file_download,none,benign,benign,1,0.9589,0.0202,0.0209
319,data_exfiltration,none,malicious_plain,malicious_plain,1,0.0223,0.9646,0.0131
320,c2_beacon,random_padding+constant_rate_shaping,malicious_obfuscated,malicious_obfuscated,1,0.0274,0.0082,0.9643
321,ssh_interactive,constant_rate_shaping,benign,benign,1,0.8383,0.0330,0.1288
322,voip,none,benign,benign,1,0.9663,0.0189,0.0148
323,web_browsing,none,benign,benign,1,0.9594,0.0220,0.0186
324,voip,none,benign,benign,1,0.9646,0.0198,0.0156
325,c2_beacon,fragmentation+block_padding+constant_rate_shaping,malicious_obfuscated,malicious_obfuscated,1,0.0984,0.0206,0.8810
326,c2_beacon,none,malicious_plain,malicious_plain,1,0.0193,0.9494,0.0313
327,c2_beacon,protocol_mimicry+fragmentation,malicious_obfuscated,malicious_obfuscated,1,0.0545,0.0249,0.9207
328,brute_force,none,malicious_plain,malicious_plain,1,0.0152,0.9428,0.0420
329,ssh_interactive,none,benign,benign,1,0.9587,0.0245,0.0168
330,file_download,none,benign,benign,1,0.9433,0.0258,0.0309
331,port_scan,timing_jitter,malicious_obfuscated,malicious_obfuscated,1,0.0117,0.0240,0.9643
332,c2_beacon,dummy_injection+timing_jitter,malicious_obfuscated,malicious_obfuscated,1,0.0148,0.0161,0.9691
333,data_exfiltration,none,malicious_plain,malicious_plain,1,0.0198,0.9674,0.0128
334,c2_beacon,none,malicious_plain,malicious_obfuscated,0,0.0282,0.4584,0.5134
335,reverse_shell,none,malicious_plain,malicious_plain,1,0.0054,0.9868,0.0078
336,file_download,none,benign,benign,1,0.9357,0.0309,0.0334
337,reverse_shell,none,malicious_plain,malicious_plain,1,0.0101,0.9713,0.0186
338,voip,protocol_mimicry+fragmentation+random_padding,benign,benign,1,0.7164,0.0549,0.2288
339,ddos_flood,timing_jitter,malicious_obfuscated,malicious_obfuscated,1,0.0063,0.0216,0.9721
340,video_streaming,dummy_injection+constant_rate_shaping+tunnel_encapsulation,benign,benign,1,0.9686,0.0163,0.0150
341,ssh_interactive,none,benign,benign,1,0.9601,0.0248,0.0151
342,reverse_shell,none,malicious_plain,malicious_plain,1,0.0067,0.9844,0.0089
343,c2_beacon,protocol_mimicry,malicious_obfuscated,malicious_obfuscated,1,0.0581,0.0182,0.9237
344,data_exfiltration,none,malicious_plain,malicious_plain,1,0.0243,0.9586,0.0171
345,brute_force,block_padding+random_padding+constant_rate_shaping,malicious_obfuscated,malicious_obfuscated,1,0.0798,0.0158,0.9044
346,brute_force,fragmentation+block_padding,malicious_obfuscated,malicious_obfuscated,1,0.0243,0.0254,0.9503
347,data_exfiltration,block_padding+timing_jitter,malicious_obfuscated,malicious_obfuscated,1,0.0147,0.0163,0.9690
348,voip,none,benign,benign,1,0.9688,0.0196,0.0116
349,ddos_flood,none,malicious_plain,malicious_plain,1,0.0185,0.9489,0.0326
350,video_streaming,block_padding+dummy_injection+constant_rate_shaping,benign,benign,1,0.9283,0.0399,0.0318
351,reverse_shell,none,malicious_plain,malicious_plain,1,0.0096,0.9731,0.0173
352,c2_beacon,none,malicious_plain,malicious_plain,1,0.0158,0.9421,0.0421
353,brute_force,dummy_injection,malicious_obfuscated,malicious_obfuscated,1,0.0148,0.0198,0.9654
354,data_exfiltration,none,malicious_plain,malicious_plain,1,0.0218,0.9647,0.0135
355,data_exfiltration,block_padding,malicious_obfuscated,malicious_obfuscated,1,0.0358,0.0398,0.9244
356,reverse_shell,none,malicious_plain,malicious_plain,1,0.0098,0.9826,0.0075
357,ddos_flood,protocol_mimicry+block_padding+constant_rate_shaping,malicious_obfuscated,malicious_obfuscated,1,0.0295,0.0354,0.9351
358,video_streaming,none,benign,benign,1,0.9461,0.0306,0.0233
359,c2_beacon,block_padding+random_padding,malicious_obfuscated,malicious_obfuscated,1,0.0077,0.0175,0.9748
360,reverse_shell,none,malicious_plain,malicious_plain,1,0.0066,0.9815,0.0120
361,brute_force,none,malicious_plain,malicious_plain,1,0.0151,0.9530,0.0319
362,ssh_interactive,none,benign,benign,1,0.9565,0.0265,0.0170
363,port_scan,protocol_mimicry+dummy_injection,malicious_obfuscated,malicious_obfuscated,1,0.0092,0.0139,0.9769
364,brute_force,none,malicious_plain,malicious_plain,1,0.0215,0.9377,0.0408
365,data_exfiltration,none,malicious_plain,malicious_plain,1,0.0164,0.9717,0.0119
366,c2_beacon,block_padding+random_padding+dummy_injection,malicious_obfuscated,malicious_obfuscated,1,0.0108,0.0102,0.9791
367,data_exfiltration,timing_jitter,malicious_obfuscated,malicious_obfuscated,1,0.0243,0.0503,0.9254
368,voip,none,benign,benign,1,0.9688,0.0190,0.0122
369,c2_beacon,timing_jitter+constant_rate_shaping,malicious_obfuscated,malicious_obfuscated,1,0.0546,0.0151,0.9303
370,c2_beacon,none,malicious_plain,malicious_plain,1,0.0143,0.9410,0.0447
371,brute_force,none,malicious_plain,malicious_plain,1,0.0212,0.9385,0.0403
372,file_download,none,benign,benign,1,0.9517,0.0251,0.0231
373,data_exfiltration,none,malicious_plain,malicious_plain,1,0.0198,0.9637,0.0165
374,data_exfiltration,none,malicious_plain,malicious_plain,1,0.0193,0.9672,0.0135
375,ddos_flood,none,malicious_plain,malicious_plain,1,0.0211,0.9414,0.0376
376,brute_force,none,malicious_plain,malicious_plain,1,0.0183,0.9541,0.0276
377,ddos_flood,none,malicious_plain,malicious_plain,1,0.0203,0.9360,0.0437
378,video_streaming,none,benign,benign,1,0.9549,0.0247,0.0204
379,reverse_shell,none,malicious_plain,malicious_plain,1,0.0324,0.7260,0.2416
380,file_download,none,benign,benign,1,0.9212,0.0416,0.0372
381,port_scan,none,malicious_plain,malicious_plain,1,0.0182,0.9538,0.0279
382,ddos_flood,none,malicious_plain,malicious_plain,1,0.0187,0.9458,0.0355
383,port_scan,none,malicious_plain,malicious_plain,1,0.0174,0.9548,0.0278
384,ddos_flood,protocol_mimicry+random_padding+constant_rate_shaping,malicious_obfuscated,malicious_obfuscated,1,0.0175,0.0290,0.9535
385,data_exfiltration,protocol_mimicry,malicious_obfuscated,malicious_obfuscated,1,0.0287,0.0183,0.9530
386,port_scan,dummy_injection+timing_jitter,malicious_obfuscated,malicious_obfuscated,1,0.0478,0.0192,0.9331
387,reverse_shell,none,malicious_plain,malicious_plain,1,0.0166,0.9701,0.0133
388,c2_beacon,none,malicious_plain,malicious_plain,1,0.0152,0.9319,0.0529
389,c2_beacon,protocol_mimicry+constant_rate_shaping,malicious_obfuscated,malicious_obfuscated,1,0.0202,0.0063,0.9736
390,web_browsing,none,benign,benign,1,0.9704,0.0178,0.0118
391,data_exfiltration,fragmentation+tunnel_encapsulation,malicious_obfuscated,malicious_obfuscated,1,0.0104,0.0154,0.9742
392,brute_force,none,malicious_plain,malicious_plain,1,0.0161,0.9430,0.0409
393,web_browsing,none,benign,benign,1,0.9507,0.0305,0.0188
394,file_download,none,benign,benign,1,0.9281,0.0350,0.0369
395,ssh_interactive,none,benign,benign,1,0.9634,0.0158,0.0208
396,reverse_shell,none,malicious_plain,malicious_plain,1,0.0210,0.9725,0.0065
397,ssh_interactive,block_padding,benign,benign,1,0.9532,0.0225,0.0243
398,data_exfiltration,random_padding+tunnel_encapsulation,malicious_obfuscated,malicious_obfuscated,1,0.0099,0.0184,0.9718
399,brute_force,protocol_mimicry+block_padding+dummy_injection,malicious_obfuscated,malicious_obfuscated,1,0.0108,0.0096,0.9796
400,c2_beacon,none,malicious_plain,malicious_plain,1,0.0120,0.9643,0.0238
401,ssh_interactive,none,benign,benign,1,0.9587,0.0251,0.0161
402,port_scan,block_padding+dummy_injection,malicious_obfuscated,malicious_obfuscated,1,0.0198,0.0149,0.9653
403,brute_force,none,malicious_plain,malicious_plain,1,0.0175,0.9474,0.0352
404,data_exfiltration,none,malicious_plain,malicious_plain,1,0.0245,0.9606,0.0149
405,c2_beacon,none,malicious_plain,malicious_plain,1,0.0124,0.9540,0.0336
406,c2_beacon,block_padding+dummy_injection,malicious_obfuscated,malicious_obfuscated,1,0.0090,0.0082,0.9828
407,ddos_flood,protocol_mimicry+random_padding+constant_rate_shaping,malicious_obfuscated,malicious_obfuscated,1,0.0233,0.0294,0.9473
408,port_scan,tunnel_encapsulation,malicious_obfuscated,malicious_obfuscated,1,0.0227,0.0278,0.9495
409,ssh_interactive,none,benign,benign,1,0.9719,0.0185,0.0096
410,ddos_flood,fragmentation+random_padding+tunnel_encapsulation,malicious_obfuscated,malicious_obfuscated,1,0.0115,0.0110,0.9775
411,reverse_shell,constant_rate_shaping+tunnel_encapsulation,malicious_obfuscated,malicious_obfuscated,1,0.2684,0.0216,0.7100
412,reverse_shell,dummy_injection,malicious_obfuscated,malicious_obfuscated,1,0.0152,0.0135,0.9714
413,reverse_shell,tunnel_encapsulation,malicious_obfuscated,malicious_obfuscated,1,0.0993,0.1817,0.7189
414,reverse_shell,protocol_mimicry,malicious_obfuscated,malicious_obfuscated,1,0.0537,0.0470,0.8994
415,ddos_flood,protocol_mimicry+random_padding+dummy_injection,malicious_obfuscated,malicious_obfuscated,1,0.0108,0.0115,0.9778
416,ssh_interactive,fragmentation+timing_jitter,benign,benign,1,0.9609,0.0179,0.0212
417,ddos_flood,block_padding,malicious_obfuscated,malicious_obfuscated,1,0.0231,0.0367,0.9402
418,port_scan,none,malicious_plain,malicious_plain,1,0.0169,0.9512,0.0320
419,web_browsing,fragmentation,benign,benign,1,0.9026,0.0335,0.0639
420,voip,none,benign,benign,1,0.9628,0.0246,0.0126
421,voip,timing_jitter,benign,benign,1,0.9198,0.0429,0.0373
422,reverse_shell,none,malicious_plain,malicious_plain,1,0.0072,0.9818,0.0110
423,ddos_flood,protocol_mimicry+timing_jitter,malicious_obfuscated,malicious_obfuscated,1,0.0147,0.0231,0.9622
424,reverse_shell,dummy_injection,malicious_obfuscated,malicious_plain,0,0.0065,0.9853,0.0082
425,data_exfiltration,none,malicious_plain,malicious_plain,1,0.0225,0.9625,0.0150
426,ddos_flood,none,malicious_plain,malicious_plain,1,0.0246,0.9193,0.0560
427,c2_beacon,none,malicious_plain,malicious_plain,1,0.0162,0.9409,0.0429
428,ddos_flood,none,malicious_plain,malicious_plain,1,0.0205,0.9430,0.0364
429,video_streaming,protocol_mimicry+dummy_injection+tunnel_encapsulation,benign,benign,1,0.9768,0.0150,0.0082
430,brute_force,none,malicious_plain,malicious_plain,1,0.0177,0.9469,0.0354
431,port_scan,none,malicious_plain,malicious_plain,1,0.0166,0.9404,0.0431
432,web_browsing,none,benign,benign,1,0.9507,0.0253,0.0240
433,brute_force,protocol_mimicry+dummy_injection,malicious_obfuscated,malicious_obfuscated,1,0.0148,0.0147,0.9706
434,data_exfiltration,none,malicious_plain,malicious_plain,1,0.0213,0.9636,0.0152
435,data_exfiltration,none,malicious_plain,malicious_plain,1,0.0226,0.9629,0.0145
436,c2_beacon,block_padding+constant_rate_shaping+tunnel_encapsulation,malicious_obfuscated,malicious_obfuscated,1,0.0398,0.0094,0.9508
437,ssh_interactive,none,benign,benign,1,0.9604,0.0237,0.0158
438,dns_query,block_padding+constant_rate_shaping,benign,malicious_obfuscated,0,0.0273,0.0067,0.9659
439,reverse_shell,random_padding+dummy_injection+timing_jitter,malicious_obfuscated,malicious_obfuscated,1,0.0126,0.0091,0.9783
440,c2_beacon,none,malicious_plain,malicious_plain,1,0.0141,0.9667,0.0191
441,web_browsing,none,benign,benign,1,0.9725,0.0163,0.0112
442,port_scan,none,malicious_plain,malicious_plain,1,0.0210,0.9460,0.0330
443,reverse_shell,dummy_injection,malicious_obfuscated,malicious_obfuscated,1,0.4116,0.0434,0.5450
444,c2_beacon,none,malicious_plain,malicious_plain,1,0.0140,0.9632,0.0228
445,video_streaming,protocol_mimicry,benign,benign,1,0.9763,0.0151,0.0086
446,ssh_interactive,none,benign,benign,1,0.9520,0.0279,0.0201
447,brute_force,none,malicious_plain,malicious_plain,1,0.0176,0.9465,0.0360
448,brute_force,none,malicious_plain,malicious_plain,1,0.0215,0.9246,0.0539
449,c2_beacon,none,malicious_plain,malicious_plain,1,0.0209,0.9488,0.0303
450,file_download,block_padding+timing_jitter,benign,benign,1,0.9482,0.0305,0.0214
451,voip,protocol_mimicry,benign,benign,1,0.5018,0.0361,0.4621
452,brute_force,none,malicious_plain,malicious_plain,1,0.0178,0.9358,0.0464
453,web_browsing,none,benign,benign,1,0.9590,0.0231,0.0179
454,reverse_shell,none,malicious_plain,malicious_plain,1,0.0129,0.9696,0.0175
455,web_browsing,protocol_mimicry+random_padding,benign,benign,1,0.9184,0.0382,0.0434
456,data_exfiltration,none,malicious_plain,malicious_plain,1,0.0189,0.9663,0.0148
457,ddos_flood,fragmentation+dummy_injection+constant_rate_shaping,malicious_obfuscated,malicious_obfuscated,1,0.0189,0.0242,0.9569
458,port_scan,constant_rate_shaping,malicious_obfuscated,malicious_obfuscated,1,0.0207,0.0127,0.9666
459,port_scan,none,malicious_plain,malicious_plain,1,0.0213,0.9321,0.0465
460,c2_beacon,none,malicious_plain,malicious_plain,1,0.0174,0.9575,0.0250
461,c2_beacon,none,malicious_plain,malicious_plain,1,0.0195,0.9487,0.0318
462,c2_beacon,none,malicious_plain,malicious_plain,1,0.0199,0.9136,0.0665
463,voip,none,benign,benign,1,0.9721,0.0173,0.0106
464,web_browsing,none,benign,benign,1,0.9674,0.0179,0.0146
465,voip,none,benign,benign,1,0.9608,0.0230,0.0161
466,voip,protocol_mimicry+block_padding+dummy_injection,benign,benign,1,0.8036,0.0421,0.1543
467,video_streaming,none,benign,benign,1,0.9457,0.0309,0.0234
468,data_exfiltration,fragmentation+block_padding,malicious_obfuscated,malicious_obfuscated,1,0.0197,0.0119,0.9685
469,c2_beacon,none,malicious_plain,malicious_plain,1,0.0151,0.9547,0.0302
470,voip,none,benign,benign,1,0.9655,0.0186,0.0159
471,port_scan,fragmentation+block_padding+dummy_injection,malicious_obfuscated,malicious_obfuscated,1,0.0316,0.0247,0.9437
472,port_scan,none,malicious_plain,malicious_plain,1,0.0211,0.9108,0.0681
473,data_exfiltration,fragmentation+block_padding,malicious_obfuscated,malicious_obfuscated,1,0.0187,0.0173,0.9640
474,port_scan,constant_rate_shaping,malicious_obfuscated,malicious_obfuscated,1,0.0212,0.0170,0.9618
475,port_scan,none,malicious_plain,malicious_plain,1,0.0167,0.9395,0.0439
476,data_exfiltration,none,malicious_plain,malicious_plain,1,0.0220,0.9634,0.0146
477,web_browsing,fragmentation+block_padding+random_padding,benign,benign,1,0.9467,0.0253,0.0281
478,port_scan,none,malicious_plain,malicious_plain,1,0.0229,0.9235,0.0535
479,voip,none,benign,benign,1,0.9641,0.0231,0.0127
480,port_scan,tunnel_encapsulation,malicious_obfuscated,malicious_obfuscated,1,0.0142,0.0216,0.9642
481,data_exfiltration,none,malicious_plain,malicious_plain,1,0.0237,0.9607,0.0156
482,port_scan,block_padding+dummy_injection+tunnel_encapsulation,malicious_obfuscated,malicious_obfuscated,1,0.0284,0.0225,0.9491
483,ssh_interactive,none,benign,benign,1,0.9561,0.0247,0.0193
484,web_browsing,none,benign,benign,1,0.9345,0.0338,0.0317
485,brute_force,fragmentation+tunnel_encapsulation,malicious_obfuscated,malicious_obfuscated,1,0.0478,0.0389,0.9133
486,ssh_interactive,protocol_mimicry+fragmentation+random_padding,benign,benign,1,0.9757,0.0097,0.0146
487,reverse_shell,dummy_injection,malicious_obfuscated,malicious_obfuscated,1,0.0326,0.0484,0.9189
488,brute_force,block_padding,malicious_obfuscated,malicious_obfuscated,1,0.0304,0.0319,0.9377
489,data_exfiltration,none,malicious_plain,malicious_plain,1,0.0189,0.9680,0.0131
490,c2_beacon,none,malicious_plain,malicious_plain,1,0.0248,0.9273,0.0478
491,brute_force,protocol_mimicry+dummy_injection,malicious_obfuscated,malicious_obfuscated,1,0.0084,0.0090,0.9826
492,c2_beacon,block_padding+random_padding+timing_jitter,malicious_obfuscated,malicious_obfuscated,1,0.0197,0.0304,0.9499
493,port_scan,none,malicious_plain,malicious_plain,1,0.0179,0.9407,0.0413
494,file_download,protocol_mimicry,benign,benign,1,0.9698,0.0184,0.0118
495,ddos_flood,block_padding+constant_rate_shaping+tunnel_encapsulation,malicious_obfuscated,malicious_obfuscated,1,0.0176,0.0197,0.9626
496,voip,none,benign,benign,1,0.9693,0.0206,0.0102
497,brute_force,none,malicious_plain,malicious_plain,1,0.0153,0.9482,0.0366
498,c2_beacon,protocol_mimicry,malicious_obfuscated,benign,0,0.7191,0.0329,0.2480
499,web_browsing,constant_rate_shaping+tunnel_encapsulation,benign,malicious_obfuscated,0,0.2898,0.0261,0.6840
500,ssh_interactive,none,benign,benign,1,0.9666,0.0214,0.0120
501,brute_force,constant_rate_shaping+tunnel_encapsulation,malicious_obfuscated,malicious_obfuscated,1,0.0706,0.0088,0.9206
502,c2_beacon,none,malicious_plain,malicious_plain,1,0.0120,0.9682,0.0197
503,ssh_interactive,none,benign,benign,1,0.9544,0.0301,0.0155
504,c2_beacon,fragmentation+block_padding+timing_jitter,malicious_obfuscated,malicious_obfuscated,1,0.0108,0.0111,0.9781
505,c2_beacon,none,malicious_plain,malicious_plain,1,0.0135,0.9480,0.0385
506,web_browsing,none,benign,benign,1,0.9779,0.0135,0.0086
507,brute_force,none,malicious_plain,malicious_plain,1,0.0152,0.9508,0.0340
508,brute_force,none,malicious_plain,malicious_plain,1,0.0199,0.9365,0.0436
509,c2_beacon,protocol_mimicry+random_padding+timing_jitter,malicious_obfuscated,malicious_obfuscated,1,0.0253,0.0133,0.9614
510,web_browsing,random_padding+dummy_injection+tunnel_encapsulation,benign,benign,1,0.9505,0.0216,0.0280
511,data_exfiltration,random_padding+constant_rate_shaping+tunnel_encapsulation,malicious_obfuscated,malicious_obfuscated,1,0.0456,0.0505,0.9039
512,data_exfiltration,dummy_injection,malicious_obfuscated,malicious_obfuscated,1,0.0238,0.0147,0.9615
513,data_exfiltration,block_padding,malicious_obfuscated,malicious_obfuscated,1,0.0259,0.0371,0.9369
514,file_download,none,benign,benign,1,0.9461,0.0271,0.0268
515,brute_force,dummy_injection,malicious_obfuscated,malicious_obfuscated,1,0.0454,0.0279,0.9267
516,dns_query,constant_rate_shaping,benign,benign,1,0.9105,0.0207,0.0688
517,brute_force,block_padding,malicious_obfuscated,malicious_obfuscated,1,0.0373,0.0471,0.9156
518,web_browsing,none,benign,benign,1,0.9552,0.0261,0.0187
519,video_streaming,none,benign,benign,1,0.9705,0.0168,0.0127
520,c2_beacon,none,malicious_plain,malicious_plain,1,0.0141,0.9410,0.0449
521,c2_beacon,fragmentation,malicious_obfuscated,malicious_obfuscated,1,0.0130,0.0617,0.9253
522,brute_force,fragmentation+block_padding+constant_rate_shaping,malicious_obfuscated,malicious_obfuscated,1,0.1440,0.0229,0.8331
523,video_streaming,none,benign,benign,1,0.9456,0.0291,0.0254
524,data_exfiltration,random_padding+tunnel_encapsulation,malicious_obfuscated,malicious_obfuscated,1,0.0069,0.0123,0.9808
525,web_browsing,timing_jitter+tunnel_encapsulation,benign,benign,1,0.8656,0.0327,0.1018
526,port_scan,random_padding,malicious_obfuscated,malicious_obfuscated,1,0.0149,0.0159,0.9692
527,ddos_flood,timing_jitter+constant_rate_shaping+tunnel_encapsulation,malicious_obfuscated,malicious_obfuscated,1,0.0205,0.0091,0.9704
528,ddos_flood,none,malicious_plain,malicious_plain,1,0.0264,0.9262,0.0474
529,ssh_interactive,none,benign,benign,1,0.9557,0.0237,0.0206
530,web_browsing,none,benign,benign,1,0.8683,0.0828,0.0489
531,reverse_shell,none,malicious_plain,malicious_plain,1,0.0480,0.9394,0.0126
532,ddos_flood,none,malicious_plain,malicious_plain,1,0.0226,0.9310,0.0464
533,web_browsing,protocol_mimicry+timing_jitter,benign,benign,1,0.9214,0.0252,0.0534
534,c2_beacon,dummy_injection,malicious_obfuscated,malicious_obfuscated,1,0.0082,0.0114,0.9804
535,video_streaming,none,benign,benign,1,0.9317,0.0362,0.0321
536,c2_beacon,none,malicious_plain,malicious_plain,1,0.0166,0.9519,0.0315
537,web_browsing,none,benign,benign,1,0.9376,0.0361,0.0264
538,brute_force,none,malicious_plain,malicious_plain,1,0.0157,0.9434,0.0409
539,dns_query,protocol_mimicry+block_padding+dummy_injection,benign,benign,1,0.9778,0.0073,0.0149
540,brute_force,none,malicious_plain,malicious_plain,1,0.0186,0.9227,0.0587
541,port_scan,none,malicious_plain,malicious_plain,1,0.0216,0.9312,0.0472
542,brute_force,none,malicious_plain,malicious_plain,1,0.0184,0.9432,0.0384
543,c2_beacon,fragmentation+dummy_injection,malicious_obfuscated,malicious_obfuscated,1,0.0081,0.0099,0.9820
544,ssh_interactive,none,benign,benign,1,0.9645,0.0213,0.0142
545,c2_beacon,none,malicious_plain,malicious_plain,1,0.0125,0.9619,0.0256
546,brute_force,timing_jitter,malicious_obfuscated,malicious_plain,0,0.0258,0.9062,0.0680
547,ddos_flood,none,malicious_plain,malicious_plain,1,0.0215,0.9462,0.0323
548,video_streaming,block_padding+tunnel_encapsulation,benign,benign,1,0.9734,0.0175,0.0091
549,web_browsing,none,benign,benign,1,0.9320,0.0373,0.0306
550,ddos_flood,none,malicious_plain,malicious_plain,1,0.0265,0.9063,0.0671
551,ddos_flood,none,malicious_plain,malicious_plain,1,0.0175,0.9408,0.0417
552,reverse_shell,constant_rate_shaping,malicious_obfuscated,malicious_obfuscated,1,0.1306,0.0229,0.8466
553,c2_beacon,none,malicious_plain,malicious_plain,1,0.0185,0.9613,0.0202
554,data_exfiltration,protocol_mimicry+random_padding+timing_jitter,malicious_obfuscated,malicious_obfuscated,1,0.0189,0.0154,0.9657
555,reverse_shell,protocol_mimicry,malicious_obfuscated,malicious_obfuscated,1,0.0522,0.0185,0.9292
556,port_scan,block_padding+timing_jitter,malicious_obfuscated,malicious_obfuscated,1,0.0087,0.0140,0.9773
557,file_download,fragmentation,benign,benign,1,0.9497,0.0264,0.0239
558,reverse_shell,none,malicious_plain,malicious_plain,1,0.0308,0.9124,0.0568
559,brute_force,none,malicious_plain,malicious_plain,1,0.0189,0.9215,0.0596
560,data_exfiltration,none,malicious_plain,malicious_plain,1,0.0193,0.9682,0.0125
561,reverse_shell,protocol_mimicry+block_padding+timing_jitter,malicious_obfuscated,malicious_obfuscated,1,0.0305,0.0119,0.9576
562,c2_beacon,none,malicious_plain,malicious_plain,1,0.0181,0.9532,0.0287
563,c2_beacon,fragmentation,malicious_obfuscated,malicious_obfuscated,1,0.0138,0.0409,0.9453
564,web_browsing,none,benign,benign,1,0.9738,0.0160,0.0102
565,file_download,constant_rate_shaping+tunnel_encapsulation,benign,benign,1,0.9678,0.0214,0.0108
566,video_streaming,none,benign,benign,1,0.9478,0.0279,0.0243
567,brute_force,protocol_mimicry,malicious_obfuscated,malicious_obfuscated,1,0.0327,0.0131,0.9542
568,file_download,protocol_mimicry,benign,benign,1,0.7014,0.1021,0.1964
569,c2_beacon,random_padding+dummy_injection+constant_rate_shaping,malicious_obfuscated,malicious_obfuscated,1,0.0305,0.0104,0.9591
570,video_streaming,random_padding,benign,benign,1,0.9680,0.0181,0.0139
571,ssh_interactive,protocol_mimicry,benign,benign,1,0.9410,0.0125,0.0465
572,reverse_shell,none,malicious_plain,malicious_plain,1,0.0185,0.9482,0.0333
573,web_browsing,block_padding+timing_jitter,benign,malicious_obfuscated,0,0.3476,0.0355,0.6169
574,ddos_flood,none,malicious_plain,malicious_plain,1,0.0212,0.9173,0.0615
575,web_browsing,none,benign,benign,1,0.9576,0.0241,0.0183
576,file_download,none,benign,benign,1,0.9422,0.0274,0.0303
577,brute_force,block_padding+random_padding+tunnel_encapsulation,malicious_obfuscated,malicious_obfuscated,1,0.0198,0.0150,0.9652
578,port_scan,none,malicious_plain,malicious_plain,1,0.0149,0.9478,0.0373
579,c2_beacon,none,malicious_plain,malicious_plain,1,0.0160,0.9509,0.0331
580,c2_beacon,none,malicious_plain,malicious_plain,1,0.0213,0.9109,0.0678
581,port_scan,none,malicious_plain,malicious_plain,1,0.0258,0.9353,0.0388
582,ddos_flood,none,malicious_plain,malicious_plain,1,0.0237,0.9325,0.0439
583,ddos_flood,none,malicious_plain,malicious_plain,1,0.0259,0.8593,0.1147
584,voip,none,benign,benign,1,0.9720,0.0193,0.0087
585,ddos_flood,fragmentation+constant_rate_shaping,malicious_obfuscated,malicious_obfuscated,1,0.0093,0.0182,0.9725
586,brute_force,block_padding+dummy_injection+tunnel_encapsulation,malicious_obfuscated,malicious_obfuscated,1,0.0167,0.0211,0.9622
587,brute_force,block_padding+tunnel_encapsulation,malicious_obfuscated,malicious_obfuscated,1,0.0340,0.0346,0.9314
588,ddos_flood,none,malicious_plain,malicious_plain,1,0.0218,0.9426,0.0356
589,file_download,none,benign,benign,1,0.9430,0.0280,0.0290
590,brute_force,none,malicious_plain,malicious_plain,1,0.0167,0.9492,0.0342
591,reverse_shell,protocol_mimicry+block_padding+timing_jitter,malicious_obfuscated,malicious_obfuscated,1,0.0426,0.0116,0.9459
592,ddos_flood,random_padding,malicious_obfuscated,malicious_obfuscated,1,0.0175,0.0168,0.9657
593,data_exfiltration,timing_jitter+tunnel_encapsulation,malicious_obfuscated,malicious_obfuscated,1,0.0099,0.0211,0.9690
594,brute_force,random_padding+timing_jitter+tunnel_encapsulation,malicious_obfuscated,malicious_obfuscated,1,0.0215,0.0158,0.9626
595,data_exfiltration,none,malicious_plain,malicious_plain,1,0.0196,0.9664,0.0140
596,brute_force,block_padding,malicious_obfuscated,malicious_obfuscated,1,0.0216,0.0245,0.9539
597,c2_beacon,none,malicious_plain,malicious_plain,1,0.0125,0.9602,0.0273
598,data_exfiltration,timing_jitter+constant_rate_shaping+tunnel_encapsulation,malicious_obfuscated,malicious_obfuscated,1,0.3072,0.0488,0.6440
599,video_streaming,none,benign,benign,1,0.9319,0.0361,0.0320
600,c2_beacon,none,malicious_plain,malicious_plain,1,0.0126,0.9626,0.0247
601,data_exfiltration,none,malicious_plain,malicious_plain,1,0.0183,0.9695,0.0122
602,ddos_flood,none,malicious_plain,malicious_plain,1,0.0243,0.9369,0.0388
603,port_scan,none,malicious_plain,malicious_plain,1,0.0192,0.9484,0.0324
604,ssh_interactive,none,benign,benign,1,0.9236,0.0413,0.0351
605,port_scan,random_padding+timing_jitter+constant_rate_shaping,malicious_obfuscated,malicious_obfuscated,1,0.0142,0.0093,0.9765
606,ssh_interactive,none,benign,benign,1,0.9556,0.0266,0.0178
607,brute_force,none,malicious_plain,malicious_plain,1,0.0159,0.9512,0.0329
608,data_exfiltration,fragmentation+timing_jitter,malicious_obfuscated,malicious_obfuscated,1,0.0096,0.0236,0.9668
609,web_browsing,none,benign,benign,1,0.8989,0.0360,0.0650
610,file_download,fragmentation+timing_jitter+constant_rate_shaping,benign,benign,1,0.8652,0.0402,0.0947
611,reverse_shell,dummy_injection+tunnel_encapsulation,malicious_obfuscated,malicious_obfuscated,1,0.0235,0.0152,0.9612
612,data_exfiltration,random_padding+dummy_injection,malicious_obfuscated,malicious_obfuscated,1,0.0078,0.0087,0.9835
613,port_scan,none,malicious_plain,malicious_plain,1,0.0168,0.9555,0.0277
614,ssh_interactive,none,benign,benign,1,0.9597,0.0243,0.0159
615,ssh_interactive,none,benign,benign,1,0.9478,0.0309,0.0213
616,web_browsing,none,benign,benign,1,0.8618,0.0682,0.0700
617,data_exfiltration,fragmentation,malicious_obfuscated,malicious_obfuscated,1,0.0228,0.0294,0.9478
618,reverse_shell,protocol_mimicry+fragmentation+constant_rate_shaping,malicious_obfuscated,benign,0,0.4855,0.0332,0.4814
619,ddos_flood,none,malicious_plain,malicious_plain,1,0.0282,0.9222,0.0496
620,c2_beacon,protocol_mimicry+dummy_injection,malicious_obfuscated,malicious_obfuscated,1,0.0527,0.0216,0.9257
621,file_download,none,benign,benign,1,0.9400,0.0278,0.0322
622,data_exfiltration,none,malicious_plain,malicious_plain,1,0.0274,0.9563,0.0163
623,ddos_flood,none,malicious_plain,malicious_plain,1,0.0266,0.9352,0.0382
624,voip,protocol_mimicry+dummy_injection+tunnel_encapsulation,benign,benign,1,0.8753,0.0278,0.0969
625,data_exfiltration,protocol_mimicry,malicious_obfuscated,malicious_obfuscated,1,0.0342,0.0185,0.9472
626,port_scan,dummy_injection+timing_jitter,malicious_obfuscated,malicious_obfuscated,1,0.0587,0.0123,0.9290
627,ddos_flood,none,malicious_plain,malicious_plain,1,0.0208,0.9360,0.0432
628,reverse_shell,none,malicious_plain,malicious_plain,1,0.0077,0.9841,0.0082
629,video_streaming,none,benign,benign,1,0.9537,0.0254,0.0209
630,data_exfiltration,none,malicious_plain,malicious_plain,1,0.0189,0.9683,0.0128
631,web_browsing,none,benign,benign,1,0.9833,0.0104,0.0063
632,brute_force,none,malicious_plain,malicious_plain,1,0.0167,0.9499,0.0334
633,port_scan,block_padding+tunnel_encapsulation,malicious_obfuscated,malicious_obfuscated,1,0.0089,0.0105,0.9806
634,ssh_interactive,none,benign,benign,1,0.9115,0.0443,0.0442
635,data_exfiltration,block_padding+random_padding,malicious_obfuscated,malicious_obfuscated,1,0.0215,0.0195,0.9590
636,brute_force,none,malicious_plain,malicious_plain,1,0.0210,0.9144,0.0646
637,ddos_flood,none,malicious_plain,malicious_plain,1,0.0240,0.9311,0.0449
638,ssh_interactive,none,benign,benign,1,0.9692,0.0205,0.0104
639,c2_beacon,none,malicious_plain,malicious_plain,1,0.0183,0.9589,0.0228
640,port_scan,protocol_mimicry+random_padding+tunnel_encapsulation,malicious_obfuscated,malicious_obfuscated,1,0.0166,0.0140,0.9694
641,video_streaming,none,benign,benign,1,0.9513,0.0262,0.0225
642,reverse_shell,none,malicious_plain,malicious_plain,1,0.0246,0.9328,0.0426
643,c2_beacon,none,malicious_plain,malicious_plain,1,0.0148,0.9540,0.0312
644,data_exfiltration,none,malicious_plain,malicious_plain,1,0.0198,0.9671,0.0131
645,data_exfiltration,none,malicious_plain,malicious_plain,1,0.0194,0.9677,0.0130
646,port_scan,constant_rate_shaping,malicious_obfuscated,malicious_obfuscated,1,0.0940,0.0171,0.8889
647,voip,none,benign,benign,1,0.9679,0.0190,0.0131
648,brute_force,none,malicious_plain,malicious_plain,1,0.0203,0.9401,0.0396
649,c2_beacon,none,malicious_plain,malicious_plain,1,0.0095,0.9657,0.0248
650,file_download,timing_jitter+tunnel_encapsulation,benign,benign,1,0.9568,0.0266,0.0165
651,port_scan,protocol_mimicry+dummy_injection,malicious_obfuscated,malicious_obfuscated,1,0.0192,0.0239,0.9569
652,reverse_shell,none,malicious_plain,malicious_plain,1,0.0056,0.9851,0.0093
653,web_browsing,protocol_mimicry+fragmentation+timing_jitter,benign,malicious_obfuscated,0,0.1274,0.0491,0.8235
654,data_exfiltration,dummy_injection,malicious_obfuscated,malicious_obfuscated,1,0.0096,0.0128,0.9777
655,c2_beacon,constant_rate_shaping,malicious_obfuscated,malicious_obfuscated,1,0.0345,0.0104,0.9551
656,ddos_flood,constant_rate_shaping+tunnel_encapsulation,malicious_obfuscated,malicious_obfuscated,1,0.0260,0.0161,0.9578
657,reverse_shell,fragmentation,malicious_obfuscated,malicious_obfuscated,1,0.0169,0.0160,0.9671
658,file_download,random_padding+timing_jitter+constant_rate_shaping,benign,benign,1,0.9247,0.0275,0.0477
659,ddos_flood,random_padding,malicious_obfuscated,malicious_obfuscated,1,0.0274,0.0221,0.9505
660,web_browsing,none,benign,benign,1,0.9419,0.0325,0.0256
661,file_download,none,benign,benign,1,0.9422,0.0274,0.0304
662,brute_force,none,malicious_plain,malicious_plain,1,0.0187,0.9325,0.0488
663,video_streaming,dummy_injection,benign,benign,1,0.9524,0.0276,0.0200
664,brute_force,fragmentation,malicious_obfuscated,malicious_obfuscated,1,0.0149,0.0263,0.9588
665,voip,none,benign,benign,1,0.9693,0.0197,0.0110
666,ssh_interactive,none,benign,benign,1,0.9594,0.0228,0.0178
667,web_browsing,random_padding,benign,benign,1,0.9776,0.0128,0.0095
668,ddos_flood,timing_jitter+tunnel_encapsulation,malicious_obfuscated,malicious_obfuscated,1,0.0113,0.0256,0.9630
669,voip,none,benign,benign,1,0.9649,0.0219,0.0132
670,web_browsing,block_padding+timing_jitter+constant_rate_shaping,benign,benign,1,0.7945,0.0450,0.1604
671,voip,protocol_mimicry+fragmentation+dummy_injection,benign,malicious_obfuscated,0,0.3429,0.0637,0.5934
672,ddos_flood,random_padding+constant_rate_shaping,malicious_obfuscated,malicious_obfuscated,1,0.0128,0.0162,0.9710
673,reverse_shell,none,malicious_plain,malicious_plain,1,0.0082,0.9813,0.0105
674,ssh_interactive,none,benign,benign,1,0.9526,0.0257,0.0217
675,port_scan,none,malicious_plain,malicious_plain,1,0.0160,0.9471,0.0369
676,web_browsing,tunnel_encapsulation,benign,benign,1,0.9554,0.0246,0.0200
677,port_scan,protocol_mimicry+dummy_injection,malicious_obfuscated,malicious_obfuscated,1,0.0124,0.0163,0.9713
678,brute_force,none,malicious_plain,malicious_plain,1,0.0214,0.9369,0.0417
679,brute_force,none,malicious_plain,malicious_plain,1,0.0157,0.9525,0.0318
680,web_browsing,constant_rate_shaping,benign,benign,1,0.8826,0.0497,0.0677
681,reverse_shell,none,malicious_plain,malicious_plain,1,0.0100,0.9680,0.0219
682,data_exfiltration,protocol_mimicry+random_padding,malicious_obfuscated,malicious_obfuscated,1,0.0229,0.0237,0.9535
683,c2_beacon,fragmentation+block_padding+random_padding,malicious_obfuscated,malicious_obfuscated,1,0.1504,0.0636,0.7860
684,c2_beacon,timing_jitter+constant_rate_shaping,malicious_obfuscated,malicious_obfuscated,1,0.0867,0.0186,0.8946
685,brute_force,block_padding+random_padding,malicious_obfuscated,malicious_obfuscated,1,0.0213,0.0313,0.9473
686,brute_force,none,malicious_plain,malicious_plain,1,0.0167,0.9534,0.0300
687,data_exfiltration,none,malicious_plain,malicious_plain,1,0.0198,0.9668,0.0135
688,ssh_interactive,fragmentation+random_padding,benign,benign,1,0.9709,0.0148,0.0142
689,web_browsing,none,benign,benign,1,0.9638,0.0199,0.0162
690,video_streaming,fragmentation+dummy_injection+constant_rate_shaping,benign,benign,1,0.8451,0.0411,0.1137
691,brute_force,none,malicious_plain,malicious_plain,1,0.0207,0.9347,0.0445
692,file_download,none,benign,benign,1,0.9488,0.0234,0.0278
693,video_streaming,none,benign,benign,1,0.9370,0.0331,0.0299
694,reverse_shell,protocol_mimicry+random_padding+dummy_injection,malicious_obfuscated,malicious_obfuscated,1,0.0272,0.0140,0.9587
695,voip,none,benign,benign,1,0.9725,0.0175,0.0099
696,port_scan,none,malicious_plain,malicious_plain,1,0.0168,0.9290,0.0542
697,video_streaming,tunnel_encapsulation,benign,benign,1,0.9691,0.0200,0.0109
698,voip,none,benign,benign,1,0.9635,0.0227,0.0138
699,voip,none,benign,benign,1,0.9664,0.0189,0.0148
700,ssh_interactive,none,benign,benign,1,0.8865,0.0529,0.0606
701,web_browsing,none,benign,benign,1,0.9701,0.0171,0.0129
702,reverse_shell,fragmentation+constant_rate_shaping,malicious_obfuscated,malicious_obfuscated,1,0.1690,0.0317,0.7993
703,file_download,none,benign,benign,1,0.9617,0.0207,0.0176
704,ddos_flood,fragmentation+random_padding+timing_jitter,malicious_obfuscated,malicious_obfuscated,1,0.0120,0.0268,0.9612
705,reverse_shell,none,malicious_plain,malicious_plain,1,0.0166,0.9482,0.0353
706,brute_force,none,malicious_plain,malicious_plain,1,0.0172,0.9400,0.0428
707,brute_force,timing_jitter,malicious_obfuscated,malicious_plain,0,0.0216,0.8975,0.0809
708,reverse_shell,none,malicious_plain,malicious_plain,1,0.0072,0.9837,0.0091
709,c2_beacon,protocol_mimicry+fragmentation+timing_jitter,malicious_obfuscated,malicious_obfuscated,1,0.1340,0.0245,0.8415
710,data_exfiltration,none,malicious_plain,malicious_plain,1,0.0243,0.9580,0.0177
711,web_browsing,constant_rate_shaping,benign,malicious_obfuscated,0,0.2115,0.0175,0.7709
712,port_scan,none,malicious_plain,malicious_plain,1,0.0206,0.9514,0.0280
713,ddos_flood,dummy_injection+timing_jitter,malicious_obfuscated,malicious_obfuscated,1,0.0092,0.0222,0.9686
714,port_scan,random_padding+timing_jitter,malicious_obfuscated,malicious_obfuscated,1,0.0089,0.0179,0.9732
715,brute_force,random_padding+timing_jitter,malicious_obfuscated,malicious_obfuscated,1,0.0205,0.0232,0.9563
716,c2_beacon,block_padding+constant_rate_shaping+tunnel_encapsulation,malicious_obfuscated,malicious_obfuscated,1,0.1412,0.0269,0.8319
717,web_browsing,protocol_mimicry+dummy_injection+tunnel_encapsulation,benign,malicious_obfuscated,0,0.0383,0.0142,0.9475
718,c2_beacon,protocol_mimicry+fragmentation+dummy_injection,malicious_obfuscated,benign,0,0.7440,0.0368,0.2192
719,file_download,none,benign,benign,1,0.9556,0.0219,0.0225
720,ssh_interactive,none,benign,benign,1,0.9564,0.0256,0.0180
721,ddos_flood,random_padding,malicious_obfuscated,malicious_obfuscated,1,0.0208,0.0192,0.9600
722,voip,none,benign,benign,1,0.9635,0.0193,0.0172
723,reverse_shell,none,malicious_plain,malicious_plain,1,0.0171,0.9594,0.0235
724,web_browsing,block_padding+dummy_injection+tunnel_encapsulation,benign,benign,1,0.9374,0.0213,0.0413
725,ssh_interactive,fragmentation+random_padding+constant_rate_shaping,benign,benign,1,0.8312,0.0329,0.1360
726,reverse_shell,none,malicious_plain,malicious_plain,1,0.0113,0.9718,0.0169
727,port_scan,none,malicious_plain,malicious_plain,1,0.0320,0.8534,0.1147
728,reverse_shell,protocol_mimicry+fragmentation+timing_jitter,malicious_obfuscated,malicious_obfuscated,1,0.0510,0.0180,0.9311
729,reverse_shell,fragmentation,malicious_obfuscated,malicious_obfuscated,1,0.0174,0.0167,0.9659
730,reverse_shell,fragmentation,malicious_obfuscated,malicious_obfuscated,1,0.0414,0.0269,0.9317
731,data_exfiltration,block_padding+dummy_injection+tunnel_encapsulation,malicious_obfuscated,malicious_obfuscated,1,0.2130,0.0303,0.7567
732,video_streaming,none,benign,benign,1,0.9490,0.0283,0.0227
733,port_scan,none,malicious_plain,malicious_plain,1,0.0197,0.9115,0.0688
734,ddos_flood,none,malicious_plain,malicious_plain,1,0.0261,0.9251,0.0489
735,reverse_shell,none,malicious_plain,malicious_plain,1,0.0134,0.9587,0.0279
736,file_download,none,benign,benign,1,0.9526,0.0247,0.0227
737,video_streaming,protocol_mimicry+dummy_injection+constant_rate_shaping,benign,benign,1,0.9267,0.0345,0.0388
738,c2_beacon,block_padding,malicious_obfuscated,malicious_obfuscated,1,0.0219,0.0275,0.9507
739,ddos_flood,none,malicious_plain,malicious_plain,1,0.0214,0.9419,0.0367
740,brute_force,fragmentation+random_padding+timing_jitter,malicious_obfuscated,malicious_obfuscated,1,0.0181,0.0212,0.9607
741,port_scan,none,malicious_plain,malicious_plain,1,0.0121,0.9483,0.0396
742,c2_beacon,none,malicious_plain,malicious_plain,1,0.0204,0.9454,0.0342
743,reverse_shell,tunnel_encapsulation,malicious_obfuscated,malicious_plain,0,0.0142,0.9391,0.0466
744,video_streaming,none,benign,benign,1,0.9474,0.0273,0.0252
745,brute_force,none,malicious_plain,malicious_plain,1,0.0189,0.9553,0.0258
746,voip,none,benign,benign,1,0.9628,0.0187,0.0186
747,ddos_flood,random_padding,malicious_obfuscated,malicious_obfuscated,1,0.0238,0.0206,0.9556
748,brute_force,none,malicious_plain,malicious_plain,1,0.0168,0.9545,0.0288
749,c2_beacon,none,malicious_plain,malicious_plain,1,0.0240,0.8989,0.0771
750,ssh_interactive,none,benign,benign,1,0.9552,0.0269,0.0179
751,ddos_flood,none,malicious_plain,malicious_plain,1,0.0210,0.9469,0.0321
752,ddos_flood,fragmentation+constant_rate_shaping,malicious_obfuscated,malicious_obfuscated,1,0.0190,0.0202,0.9609
753,data_exfiltration,none,malicious_plain,malicious_plain,1,0.0202,0.9664,0.0134
754,ddos_flood,dummy_injection,malicious_obfuscated,malicious_obfuscated,1,0.0220,0.0405,0.9375
755,ddos_flood,protocol_mimicry,malicious_obfuscated,malicious_obfuscated,1,0.0282,0.0206,0.9512
756,file_download,fragmentation+block_padding,benign,benign,1,0.9727,0.0187,0.0086
757,c2_beacon,fragmentation+block_padding,malicious_obfuscated,malicious_obfuscated,1,0.0135,0.0253,0.9612
758,reverse_shell,none,malicious_plain,malicious_plain,1,0.0312,0.8423,0.1265
759,c2_beacon,fragmentation+constant_rate_shaping+tunnel_encapsulation,malicious_obfuscated,malicious_obfuscated,1,0.1088,0.0130,0.8782
760,reverse_shell,none,malicious_plain,malicious_plain,1,0.0131,0.9687,0.0182
761,data_exfiltration,block_padding+random_padding+dummy_injection,malicious_obfuscated,malicious_obfuscated,1,0.0204,0.0151,0.9645
762,file_download,fragmentation+random_padding,benign,benign,1,0.9392,0.0419,0.0190
763,data_exfiltration,protocol_mimicry+block_padding,malicious_obfuscated,malicious_obfuscated,1,0.0159,0.0210,0.9631
764,voip,block_padding+dummy_injection+tunnel_encapsulation,benign,benign,1,0.6051,0.0216,0.3733
765,video_streaming,none,benign,benign,1,0.9533,0.0268,0.0199
766,brute_force,none,malicious_plain,malicious_plain,1,0.0172,0.9463,0.0366
767,port_scan,block_padding+constant_rate_shaping+tunnel_encapsulation,malicious_obfuscated,malicious_obfuscated,1,0.0262,0.0154,0.9585
768,reverse_shell,dummy_injection+constant_rate_shaping,malicious_obfuscated,malicious_obfuscated,1,0.0560,0.0148,0.9292
769,ddos_flood,random_padding+dummy_injection+tunnel_encapsulation,malicious_obfuscated,malicious_obfuscated,1,0.0129,0.0241,0.9631
770,brute_force,dummy_injection+tunnel_encapsulation,malicious_obfuscated,malicious_obfuscated,1,0.0309,0.0256,0.9435
771,brute_force,tunnel_encapsulation,malicious_obfuscated,malicious_plain,0,0.0176,0.9443,0.0381
772,port_scan,none,malicious_plain,malicious_plain,1,0.0238,0.8983,0.0779
773,file_download,none,benign,benign,1,0.9565,0.0233,0.0203
774,c2_beacon,none,malicious_plain,malicious_plain,1,0.0185,0.9501,0.0314
775,video_streaming,block_padding+random_padding+timing_jitter,benign,benign,1,0.9578,0.0287,0.0136
776,voip,dummy_injection+tunnel_encapsulation,benign,benign,1,0.8353,0.0132,0.1515
777,ddos_flood,protocol_mimicry+fragmentation+constant_rate_shaping,malicious_obfuscated,malicious_obfuscated,1,0.0257,0.0229,0.9514
778,ddos_flood,dummy_injection+timing_jitter,malicious_obfuscated,malicious_obfuscated,1,0.0052,0.0126,0.9821
779,video_streaming,none,benign,benign,1,0.9266,0.0382,0.0352
780,port_scan,none,malicious_plain,malicious_plain,1,0.0222,0.9064,0.0714
781,video_streaming,none,benign,benign,1,0.9430,0.0307,0.0263
782,port_scan,none,malicious_plain,malicious_plain,1,0.0224,0.9404,0.0372
783,port_scan,none,malicious_plain,malicious_plain,1,0.0149,0.9477,0.0375
784,ddos_flood,constant_rate_shaping,malicious_obfuscated,malicious_obfuscated,1,0.0444,0.0260,0.9296
785,brute_force,none,malicious_plain,malicious_plain,1,0.0236,0.9290,0.0474
786,web_browsing,none,benign,benign,1,0.9731,0.0159,0.0110
787,web_browsing,none,benign,benign,1,0.9756,0.0142,0.0103
788,c2_beacon,fragmentation,malicious_obfuscated,malicious_obfuscated,1,0.0138,0.0165,0.9697
789,c2_beacon,none,malicious_plain,malicious_plain,1,0.0178,0.9401,0.0421
790,port_scan,constant_rate_shaping+tunnel_encapsulation,malicious_obfuscated,malicious_obfuscated,1,0.0568,0.0199,0.9232
791,reverse_shell,none,malicious_plain,malicious_plain,1,0.0189,0.9517,0.0295
792,port_scan,none,malicious_plain,malicious_plain,1,0.0143,0.9541,0.0316
793,c2_beacon,block_padding+tunnel_encapsulation,malicious_obfuscated,malicious_obfuscated,1,0.0121,0.0094,0.9785
794,data_exfiltration,none,malicious_plain,malicious_plain,1,0.0263,0.9422,0.0316
795,brute_force,none,malicious_plain,malicious_plain,1,0.0227,0.9239,0.0535
796,c2_beacon,none,malicious_plain,malicious_plain,1,0.0242,0.9266,0.0492
797,ddos_flood,timing_jitter,malicious_obfuscated,malicious_obfuscated,1,0.0241,0.0441,0.9318
798,ssh_interactive,none,benign,benign,1,0.9687,0.0179,0.0134
799,ddos_flood,fragmentation+timing_jitter+tunnel_encapsulation,malicious_obfuscated,malicious_obfuscated,1,0.0115,0.0219,0.9665
800,ssh_interactive,fragmentation,benign,benign,1,0.9578,0.0212,0.0210
801,c2_beacon,block_padding+random_padding,malicious_obfuscated,malicious_obfuscated,1,0.0169,0.0241,0.9590
802,c2_beacon,protocol_mimicry+dummy_injection,malicious_obfuscated,malicious_obfuscated,1,0.0688,0.0308,0.9003
803,ddos_flood,dummy_injection+constant_rate_shaping,malicious_obfuscated,malicious_obfuscated,1,0.0379,0.0247,0.9375
804,data_exfiltration,none,malicious_plain,malicious_plain,1,0.0206,0.9652,0.0142
805,c2_beacon,fragmentation+timing_jitter,malicious_obfuscated,malicious_obfuscated,1,0.0097,0.0267,0.9636
806,web_browsing,block_padding,benign,benign,1,0.9555,0.0245,0.0199
807,ssh_interactive,none,benign,benign,1,0.9612,0.0252,0.0136
808,brute_force,none,malicious_plain,malicious_plain,1,0.0180,0.9568,0.0252
809,video_streaming,none,benign,benign,1,0.9491,0.0280,0.0229
810,ddos_flood,none,malicious_plain,malicious_plain,1,0.0267,0.9333,0.0399
811,ssh_interactive,none,benign,benign,1,0.9632,0.0236,0.0132
812,voip,none,benign,benign,1,0.9681,0.0187,0.0132
813,port_scan,none,malicious_plain,malicious_plain,1,0.0275,0.9022,0.0703
814,port_scan,dummy_injection+constant_rate_shaping+tunnel_encapsulation,malicious_obfuscated,malicious_obfuscated,1,0.0456,0.0096,0.9448
815,brute_force,none,malicious_plain,malicious_plain,1,0.0180,0.9491,0.0330
816,voip,none,benign,benign,1,0.9690,0.0200,0.0109
817,video_streaming,none,benign,benign,1,0.9332,0.0346,0.0322
818,port_scan,none,malicious_plain,malicious_plain,1,0.0241,0.8962,0.0797
819,file_download,none,benign,benign,1,0.9460,0.0269,0.0271
820,port_scan,none,malicious_plain,malicious_plain,1,0.0154,0.9356,0.0490
821,c2_beacon,none,malicious_plain,malicious_plain,1,0.0171,0.9538,0.0291
822,voip,none,benign,benign,1,0.9694,0.0182,0.0124
823,port_scan,none,malicious_plain,malicious_plain,1,0.0278,0.8852,0.0870
824,brute_force,none,malicious_plain,malicious_plain,1,0.0185,0.9565,0.0249
825,ddos_flood,none,malicious_plain,malicious_plain,1,0.0279,0.9360,0.0362
826,brute_force,none,malicious_plain,malicious_plain,1,0.0226,0.8886,0.0888
827,reverse_shell,none,malicious_plain,malicious_plain,1,0.0047,0.9888,0.0066
828,video_streaming,none,benign,benign,1,0.9707,0.0169,0.0124
829,web_browsing,fragmentation+dummy_injection+timing_jitter,benign,benign,1,0.6356,0.0419,0.3225
830,data_exfiltration,dummy_injection,malicious_obfuscated,malicious_obfuscated,1,0.0098,0.0111,0.9791
831,reverse_shell,protocol_mimicry+fragmentation,malicious_obfuscated,malicious_obfuscated,1,0.0125,0.0274,0.9600
832,port_scan,fragmentation,malicious_obfuscated,malicious_plain,0,0.0220,0.9400,0.0379
833,file_download,protocol_mimicry+block_padding+tunnel_encapsulation,benign,benign,1,0.9698,0.0197,0.0105
834,reverse_shell,none,malicious_plain,malicious_plain,1,0.0170,0.9472,0.0358
835,reverse_shell,tunnel_encapsulation,malicious_obfuscated,malicious_obfuscated,1,0.0802,0.1128,0.8071
836,c2_beacon,protocol_mimicry+tunnel_encapsulation,malicious_obfuscated,malicious_obfuscated,1,0.2533,0.0772,0.6694
837,reverse_shell,fragmentation+timing_jitter+tunnel_encapsulation,malicious_obfuscated,malicious_obfuscated,1,0.0212,0.0157,0.9631
838,reverse_shell,none,malicious_plain,malicious_plain,1,0.0125,0.9749,0.0127
839,data_exfiltration,none,malicious_plain,malicious_plain,1,0.0245,0.9603,0.0153
840,voip,random_padding,benign,benign,1,0.9709,0.0195,0.0096
841,port_scan,none,malicious_plain,malicious_plain,1,0.0196,0.9372,0.0432
842,port_scan,constant_rate_shaping,malicious_obfuscated,malicious_obfuscated,1,0.0415,0.0506,0.9079
843,file_download,none,benign,benign,1,0.9290,0.0341,0.0368
844,ddos_flood,protocol_mimicry+timing_jitter,malicious_obfuscated,malicious_obfuscated,1,0.0091,0.0125,0.9785
845,file_download,block_padding+dummy_injection,benign,benign,1,0.9471,0.0239,0.0290
846,video_streaming,random_padding+timing_jitter+tunnel_encapsulation,benign,benign,1,0.9530,0.0328,0.0141
847,reverse_shell,fragmentation+dummy_injection+constant_rate_shaping,malicious_obfuscated,malicious_obfuscated,1,0.3367,0.0381,0.6251
848,ddos_flood,fragmentation+block_padding,malicious_obfuscated,malicious_obfuscated,1,0.0383,0.0486,0.9131
849,ddos_flood,none,malicious_plain,malicious_plain,1,0.0177,0.9429,0.0394
850,video_streaming,none,benign,benign,1,0.9355,0.0355,0.0290
851,c2_beacon,block_padding+timing_jitter+tunnel_encapsulation,malicious_obfuscated,malicious_obfuscated,1,0.0139,0.0085,0.9775
852,brute_force,fragmentation+block_padding+timing_jitter,malicious_obfuscated,malicious_obfuscated,1,0.0278,0.0181,0.9541
853,ssh_interactive,none,benign,benign,1,0.9664,0.0200,0.0136
854,c2_beacon,protocol_mimicry+fragmentation+block_padding,malicious_obfuscated,malicious_obfuscated,1,0.2289,0.0311,0.7400
855,web_browsing,random_padding+timing_jitter+constant_rate_shaping,benign,malicious_obfuscated,0,0.0594,0.0089,0.9317
856,c2_beacon,random_padding+constant_rate_shaping+tunnel_encapsulation,malicious_obfuscated,malicious_obfuscated,1,0.0538,0.0112,0.9350
857,voip,random_padding,benign,benign,1,0.9511,0.0193,0.0296
858,reverse_shell,block_padding+timing_jitter,malicious_obfuscated,malicious_obfuscated,1,0.0127,0.0101,0.9772
859,data_exfiltration,dummy_injection+constant_rate_shaping+tunnel_encapsulation,malicious_obfuscated,malicious_obfuscated,1,0.1349,0.0391,0.8260
860,reverse_shell,protocol_mimicry+block_padding+dummy_injection,malicious_obfuscated,malicious_obfuscated,1,0.1352,0.0169,0.8479
861,data_exfiltration,protocol_mimicry+block_padding+constant_rate_shaping,malicious_obfuscated,malicious_obfuscated,1,0.0074,0.0073,0.9853
862,port_scan,none,malicious_plain,malicious_plain,1,0.0291,0.8922,0.0786
863,data_exfiltration,constant_rate_shaping,malicious_obfuscated,malicious_obfuscated,1,0.0321,0.0269,0.9410
864,brute_force,none,malicious_plain,malicious_plain,1,0.0180,0.9456,0.0364
865,ddos_flood,none,malicious_plain,malicious_plain,1,0.0234,0.9384,0.0383
866,ddos_flood,dummy_injection,malicious_obfuscated,malicious_obfuscated,1,0.0130,0.0526,0.9344
867,video_streaming,none,benign,benign,1,0.9503,0.0262,0.0235
868,file_download,none,benign,benign,1,0.9458,0.0252,0.0290
869,voip,none,benign,benign,1,0.9638,0.0168,0.0194
870,port_scan,constant_rate_shaping,malicious_obfuscated,malicious_obfuscated,1,0.0277,0.0193,0.9530
871,video_streaming,protocol_mimicry+fragmentation+dummy_injection,benign,benign,1,0.9095,0.0275,0.0630
872,c2_beacon,fragmentation+block_padding+random_padding,malicious_obfuscated,malicious_obfuscated,1,0.0104,0.0206,0.9690
873,ddos_flood,none,malicious_plain,malicious_plain,1,0.0198,0.9241,0.0561
874,reverse_shell,none,malicious_plain,malicious_plain,1,0.1235,0.7546,0.1220
875,data_exfiltration,protocol_mimicry+block_padding+dummy_injection,malicious_obfuscated,malicious_obfuscated,1,0.2660,0.0434,0.6906
876,web_browsing,none,benign,benign,1,0.9723,0.0176,0.0101
877,ddos_flood,fragmentation+block_padding,malicious_obfuscated,malicious_obfuscated,1,0.0271,0.0453,0.9275
878,web_browsing,none,benign,benign,1,0.8359,0.0779,0.0862
879,ddos_flood,none,malicious_plain,malicious_plain,1,0.0246,0.9394,0.0361
880,data_exfiltration,none,malicious_plain,malicious_plain,1,0.0269,0.9525,0.0206
881,reverse_shell,none,malicious_plain,malicious_plain,1,0.0132,0.9690,0.0178
882,reverse_shell,none,malicious_plain,malicious_plain,1,0.0120,0.9755,0.0125
883,video_streaming,random_padding+dummy_injection,benign,benign,1,0.9773,0.0132,0.0095
884,brute_force,none,malicious_plain,malicious_plain,1,0.0200,0.9396,0.0404
885,data_exfiltration,protocol_mimicry+fragmentation,malicious_obfuscated,malicious_obfuscated,1,0.0064,0.0145,0.9790
886,file_download,fragmentation+timing_jitter,benign,benign,1,0.7080,0.0555,0.2365
887,port_scan,protocol_mimicry+block_padding+constant_rate_shaping,malicious_obfuscated,malicious_obfuscated,1,0.0243,0.0215,0.9542
888,voip,none,benign,benign,1,0.9599,0.0193,0.0208
889,web_browsing,block_padding,benign,benign,1,0.9386,0.0377,0.0237
890,ssh_interactive,none,benign,benign,1,0.9606,0.0250,0.0144
891,brute_force,none,malicious_plain,malicious_plain,1,0.0178,0.9472,0.0350
892,voip,fragmentation+block_padding+timing_jitter,benign,benign,1,0.8822,0.0219,0.0959
893,reverse_shell,protocol_mimicry+block_padding,malicious_obfuscated,malicious_obfuscated,1,0.1399,0.0242,0.8359
894,ssh_interactive,none,benign,benign,1,0.9534,0.0275,0.0191
895,port_scan,fragmentation+random_padding+constant_rate_shaping,malicious_obfuscated,malicious_obfuscated,1,0.0436,0.0156,0.9408
896,brute_force,none,malicious_plain,malicious_plain,1,0.0166,0.9528,0.0306
897,brute_force,none,malicious_plain,malicious_plain,1,0.0176,0.9485,0.0339
898,c2_beacon,none,malicious_plain,malicious_plain,1,0.0191,0.9487,0.0321
899,brute_force,fragmentation+random_padding+dummy_injection,malicious_obfuscated,malicious_obfuscated,1,0.0204,0.0184,0.9612
900,port_scan,timing_jitter,malicious_obfuscated,malicious_obfuscated,1,0.0164,0.0198,0.9638
901,reverse_shell,protocol_mimicry+random_padding+tunnel_encapsulation,malicious_obfuscated,malicious_obfuscated,1,0.0935,0.0223,0.8843
902,c2_beacon,block_padding+random_padding,malicious_obfuscated,malicious_obfuscated,1,0.0155,0.0318,0.9526
903,port_scan,fragmentation+block_padding,malicious_obfuscated,malicious_obfuscated,1,0.0219,0.0259,0.9523
904,data_exfiltration,dummy_injection,malicious_obfuscated,malicious_obfuscated,1,0.0192,0.0219,0.9589
905,brute_force,none,malicious_plain,malicious_plain,1,0.0182,0.9202,0.0616
906,data_exfiltration,fragmentation+dummy_injection,malicious_obfuscated,malicious_obfuscated,1,0.0053,0.0069,0.9879
907,voip,none,benign,benign,1,0.9713,0.0193,0.0093
908,brute_force,fragmentation,malicious_obfuscated,malicious_obfuscated,1,0.1180,0.0398,0.8422
909,ddos_flood,none,malicious_plain,malicious_plain,1,0.0219,0.9350,0.0431
910,c2_beacon,fragmentation,malicious_obfuscated,malicious_obfuscated,1,0.0324,0.3454,0.6222
911,web_browsing,none,benign,benign,1,0.9647,0.0187,0.0166
912,port_scan,none,malicious_plain,malicious_plain,1,0.0130,0.9558,0.0312
913,brute_force,none,malicious_plain,malicious_plain,1,0.0180,0.9418,0.0403
914,brute_force,block_padding+random_padding,malicious_obfuscated,malicious_obfuscated,1,0.0213,0.0244,0.9543
915,c2_beacon,fragmentation+random_padding+timing_jitter,malicious_obfuscated,malicious_obfuscated,1,0.0183,0.0173,0.9643
916,voip,fragmentation+block_padding+dummy_injection,benign,benign,1,0.9700,0.0118,0.0183
917,port_scan,none,malicious_plain,malicious_plain,1,0.0295,0.9084,0.0621
918,data_exfiltration,protocol_mimicry+fragmentation+tunnel_encapsulation,malicious_obfuscated,malicious_obfuscated,1,0.0442,0.0212,0.9346
919,port_scan,none,malicious_plain,malicious_plain,1,0.0245,0.8866,0.0889
920,video_streaming,protocol_mimicry+constant_rate_shaping,benign,benign,1,0.5111,0.0420,0.4469
921,voip,fragmentation+timing_jitter+constant_rate_shaping,benign,benign,1,0.6237,0.0404,0.3359
922,reverse_shell,protocol_mimicry+timing_jitter+tunnel_encapsulation,malicious_obfuscated,malicious_obfuscated,1,0.0442,0.0231,0.9326
923,reverse_shell,block_padding,malicious_obfuscated,malicious_obfuscated,1,0.0258,0.0256,0.9486
924,port_scan,none,malicious_plain,malicious_plain,1,0.0116,0.9643,0.0241
925,c2_beacon,dummy_injection,malicious_obfuscated,malicious_obfuscated,1,0.0097,0.0133,0.9770
926,brute_force,none,malicious_plain,malicious_plain,1,0.0206,0.9367,0.0428
927,c2_beacon,block_padding+dummy_injection,malicious_obfuscated,malicious_obfuscated,1,0.0062,0.0062,0.9876
928,video_streaming,none,benign,benign,1,0.9460,0.0315,0.0225
929,port_scan,none,malicious_plain,malicious_plain,1,0.0134,0.9576,0.0291
930,ssh_interactive,none,benign,benign,1,0.9626,0.0200,0.0174
931,video_streaming,none,benign,benign,1,0.9489,0.0282,0.0229
932,brute_force,random_padding+timing_jitter,malicious_obfuscated,malicious_obfuscated,1,0.0192,0.0208,0.9600
933,reverse_shell,protocol_mimicry+fragmentation+block_padding,malicious_obfuscated,malicious_obfuscated,1,0.0288,0.0080,0.9632
934,voip,none,benign,benign,1,0.9635,0.0221,0.0144
935,ddos_flood,tunnel_encapsulation,malicious_obfuscated,malicious_obfuscated,1,0.0218,0.0309,0.9474
936,video_streaming,random_padding,benign,benign,1,0.9352,0.0336,0.0312
937,video_streaming,none,benign,benign,1,0.9486,0.0275,0.0239
938,port_scan,fragmentation+timing_jitter,malicious_obfuscated,malicious_obfuscated,1,0.0125,0.0204,0.9671
939,c2_beacon,none,malicious_plain,malicious_plain,1,0.0183,0.9386,0.0431
940,data_exfiltration,none,malicious_plain,malicious_plain,1,0.0278,0.9508,0.0214
941,port_scan,none,malicious_plain,malicious_plain,1,0.0248,0.9283,0.0469
942,reverse_shell,dummy_injection,malicious_obfuscated,malicious_obfuscated,1,0.0519,0.0693,0.8788
943,c2_beacon,dummy_injection,malicious_obfuscated,malicious_obfuscated,1,0.0107,0.0142,0.9750
944,ddos_flood,none,malicious_plain,malicious_plain,1,0.0250,0.9431,0.0319
945,c2_beacon,none,malicious_plain,malicious_plain,1,0.0083,0.9742,0.0176
946,c2_beacon,none,malicious_plain,malicious_plain,1,0.0164,0.9524,0.0311
947,c2_beacon,block_padding+dummy_injection+timing_jitter,malicious_obfuscated,malicious_obfuscated,1,0.0072,0.0052,0.9876
948,c2_beacon,protocol_mimicry,malicious_obfuscated,malicious_obfuscated,1,0.0223,0.0167,0.9610
949,reverse_shell,none,malicious_plain,malicious_plain,1,0.1975,0.7241,0.0784
950,ddos_flood,none,malicious_plain,malicious_plain,1,0.0259,0.9286,0.0454
951,brute_force,none,malicious_plain,malicious_plain,1,0.0153,0.9468,0.0379
952,video_streaming,none,benign,benign,1,0.9518,0.0266,0.0216
953,web_browsing,none,benign,benign,1,0.9481,0.0276,0.0243
954,data_exfiltration,protocol_mimicry+constant_rate_shaping+tunnel_encapsulation,malicious_obfuscated,malicious_obfuscated,1,0.0144,0.0081,0.9774
955,dns_query,protocol_mimicry+block_padding+tunnel_encapsulation,benign,benign,1,0.8304,0.0166,0.1530
956,port_scan,none,malicious_plain,malicious_plain,1,0.0151,0.9392,0.0457
957,web_browsing,none,benign,benign,1,0.9513,0.0241,0.0246
958,web_browsing,none,benign,benign,1,0.9638,0.0199,0.0164
959,c2_beacon,timing_jitter+constant_rate_shaping,malicious_obfuscated,malicious_obfuscated,1,0.0896,0.0139,0.8965
960,voip,none,benign,benign,1,0.9662,0.0216,0.0123
961,brute_force,none,malicious_plain,malicious_plain,1,0.0282,0.9269,0.0449
962,brute_force,protocol_mimicry,malicious_obfuscated,malicious_obfuscated,1,0.0308,0.0120,0.9572
963,c2_beacon,protocol_mimicry,malicious_obfuscated,malicious_obfuscated,1,0.0909,0.0350,0.8741
964,reverse_shell,random_padding,malicious_obfuscated,malicious_obfuscated,1,0.0422,0.0872,0.8705
965,video_streaming,none,benign,benign,1,0.9523,0.0265,0.0212
966,data_exfiltration,random_padding+constant_rate_shaping,malicious_obfuscated,malicious_obfuscated,1,0.0201,0.0234,0.9565
967,file_download,dummy_injection,benign,benign,1,0.9720,0.0136,0.0144
968,data_exfiltration,constant_rate_shaping,malicious_obfuscated,malicious_obfuscated,1,0.0267,0.0285,0.9448
969,port_scan,none,malicious_plain,malicious_plain,1,0.0196,0.9344,0.0460
970,reverse_shell,none,malicious_plain,malicious_plain,1,0.0058,0.9877,0.0065
971,voip,protocol_mimicry+fragmentation+dummy_injection,benign,benign,1,0.8868,0.0372,0.0760
972,data_exfiltration,none,malicious_plain,malicious_plain,1,0.0179,0.9707,0.0114
973,web_browsing,none,benign,benign,1,0.9284,0.0321,0.0395
974,ddos_flood,protocol_mimicry+timing_jitter+constant_rate_shaping,malicious_obfuscated,malicious_obfuscated,1,0.0153,0.0101,0.9745
975,c2_beacon,protocol_mimicry+fragmentation+tunnel_encapsulation,malicious_obfuscated,malicious_obfuscated,1,0.0600,0.0136,0.9264
976,file_download,none,benign,benign,1,0.9088,0.0472,0.0440
977,dns_query,protocol_mimicry+tunnel_encapsulation,benign,benign,1,0.9798,0.0058,0.0144
978,ssh_interactive,random_padding+constant_rate_shaping+tunnel_encapsulation,benign,benign,1,0.8925,0.0160,0.0915
979,voip,tunnel_encapsulation,benign,benign,1,0.9647,0.0238,0.0116
980,data_exfiltration,protocol_mimicry+block_padding+random_padding,malicious_obfuscated,malicious_obfuscated,1,0.0179,0.0169,0.9652
981,file_download,none,benign,benign,1,0.9434,0.0273,0.0294
982,ddos_flood,none,malicious_plain,malicious_plain,1,0.0202,0.9462,0.0336
983,web_browsing,none,benign,benign,1,0.8401,0.1105,0.0495
984,c2_beacon,fragmentation+constant_rate_shaping+tunnel_encapsulation,malicious_obfuscated,malicious_obfuscated,1,0.2764,0.0262,0.6974
985,ddos_flood,none,malicious_plain,malicious_plain,1,0.0190,0.9301,0.0509
986,port_scan,block_padding+random_padding+dummy_injection,malicious_obfuscated,malicious_obfuscated,1,0.0236,0.0226,0.9538
987,voip,random_padding+dummy_injection+tunnel_encapsulation,benign,benign,1,0.9479,0.0182,0.0338
988,brute_force,fragmentation,malicious_obfuscated,malicious_obfuscated,1,0.0542,0.0462,0.8995
989,c2_beacon,none,malicious_plain,malicious_plain,1,0.0134,0.9642,0.0224
990,brute_force,none,malicious_plain,malicious_plain,1,0.0207,0.9282,0.0511
991,web_browsing,none,benign,benign,1,0.9467,0.0302,0.0231
992,file_download,none,benign,benign,1,0.9443,0.0288,0.0269
993,reverse_shell,fragmentation,malicious_obfuscated,malicious_obfuscated,1,0.0113,0.0207,0.9679
994,port_scan,fragmentation+tunnel_encapsulation,malicious_obfuscated,malicious_obfuscated,1,0.0100,0.0120,0.9780
995,video_streaming,none,benign,benign,1,0.9564,0.0247,0.0189
996,reverse_shell,block_padding+random_padding+constant_rate_shaping,malicious_obfuscated,malicious_obfuscated,1,0.1533,0.0196,0.8271
997,reverse_shell,none,malicious_plain,malicious_plain,1,0.0185,0.9750,0.0065
998,reverse_shell,block_padding+dummy_injection,malicious_obfuscated,malicious_obfuscated,1,0.0149,0.0224,0.9626
999,port_scan,random_padding+dummy_injection+tunnel_encapsulation,malicious_obfuscated,malicious_obfuscated,1,0.0200,0.0133,0.9667
1000,ddos_flood,none,malicious_plain,malicious_plain,1,0.0146,0.9504,0.0350
1001,ssh_interactive,none,benign,benign,1,0.9660,0.0234,0.0106
1002,data_exfiltration,protocol_mimicry,malicious_obfuscated,malicious_obfuscated,1,0.0135,0.0121,0.9744
1003,file_download,none,benign,benign,1,0.9535,0.0242,0.0223
1004,voip,none,benign,benign,1,0.9728,0.0173,0.0099
1005,c2_beacon,none,malicious_plain,malicious_plain,1,0.0168,0.9575,0.0257
1006,ddos_flood,dummy_injection,malicious_obfuscated,malicious_obfuscated,1,0.0170,0.0298,0.9532
1007,ssh_interactive,fragmentation+timing_jitter,benign,benign,1,0.9546,0.0222,0.0232
1008,data_exfiltration,protocol_mimicry+dummy_injection+tunnel_encapsulation,malicious_obfuscated,malicious_obfuscated,1,0.0513,0.0210,0.9276
1009,ddos_flood,none,malicious_plain,malicious_plain,1,0.0221,0.9290,0.0489
1010,port_scan,block_padding+tunnel_encapsulation,malicious_obfuscated,malicious_obfuscated,1,0.0119,0.0148,0.9732
1011,data_exfiltration,none,malicious_plain,malicious_plain,1,0.0182,0.9671,0.0146
1012,video_streaming,protocol_mimicry+constant_rate_shaping,benign,malicious_obfuscated,0,0.4623,0.0303,0.5074
1013,brute_force,none,malicious_plain,malicious_plain,1,0.0193,0.9477,0.0330
1014,port_scan,protocol_mimicry+random_padding,malicious_obfuscated,malicious_obfuscated,1,0.0199,0.0196,0.9605
1015,c2_beacon,none,malicious_plain,malicious_plain,1,0.0246,0.9154,0.0600
1016,voip,none,benign,benign,1,0.9727,0.0172,0.0101
1017,reverse_shell,none,malicious_plain,malicious_plain,1,0.0137,0.9744,0.0120
1018,port_scan,none,malicious_plain,malicious_plain,1,0.0256,0.9043,0.0701
1019,port_scan,fragmentation+block_padding+constant_rate_shaping,malicious_obfuscated,malicious_obfuscated,1,0.0153,0.0137,0.9710
1020,port_scan,none,malicious_plain,malicious_plain,1,0.0159,0.9534,0.0307
1021,voip,none,benign,benign,1,0.9709,0.0198,0.0094
1022,data_exfiltration,none,malicious_plain,malicious_plain,1,0.0186,0.9692,0.0122
1023,ddos_flood,protocol_mimicry+block_padding+tunnel_encapsulation,malicious_obfuscated,malicious_obfuscated,1,0.0170,0.0133,0.9697
1024,ddos_flood,none,malicious_plain,malicious_plain,1,0.0210,0.9382,0.0408
1025,ddos_flood,none,malicious_plain,malicious_plain,1,0.0148,0.9528,0.0324
1026,reverse_shell,fragmentation+random_padding+constant_rate_shaping,malicious_obfuscated,malicious_obfuscated,1,0.0810,0.0160,0.9029
1027,file_download,block_padding,benign,benign,1,0.9595,0.0242,0.0163
1028,data_exfiltration,protocol_mimicry+block_padding+tunnel_encapsulation,malicious_obfuscated,malicious_obfuscated,1,0.0266,0.0183,0.9551
1029,web_browsing,none,benign,benign,1,0.9663,0.0184,0.0153
1030,brute_force,none,malicious_plain,malicious_plain,1,0.0274,0.9301,0.0426
1031,data_exfiltration,timing_jitter+constant_rate_shaping,malicious_obfuscated,malicious_obfuscated,1,0.0880,0.0202,0.8917
1032,ssh_interactive,none,benign,benign,1,0.9720,0.0187,0.0093
1033,brute_force,fragmentation+block_padding+constant_rate_shaping,malicious_obfuscated,malicious_obfuscated,1,0.1482,0.0288,0.8230
1034,file_download,none,benign,benign,1,0.9353,0.0305,0.0343
1035,ddos_flood,none,malicious_plain,malicious_plain,1,0.0231,0.9340,0.0428
1036,reverse_shell,none,malicious_plain,malicious_plain,1,0.0114,0.9392,0.0494
1037,port_scan,none,malicious_plain,malicious_plain,1,0.0157,0.9586,0.0257
1038,ssh_interactive,none,benign,benign,1,0.9610,0.0203,0.0187
1039,ssh_interactive,fragmentation+timing_jitter+constant_rate_shaping,benign,benign,1,0.5742,0.0331,0.3927
1040,file_download,protocol_mimicry+random_padding+tunnel_encapsulation,benign,benign,1,0.9525,0.0183,0.0293
1041,brute_force,none,malicious_plain,malicious_plain,1,0.0169,0.9376,0.0454
1042,video_streaming,none,benign,benign,1,0.9387,0.0346,0.0267
1043,video_streaming,none,benign,benign,1,0.9372,0.0341,0.0287
1044,reverse_shell,protocol_mimicry+dummy_injection+timing_jitter,malicious_obfuscated,malicious_obfuscated,1,0.1602,0.0270,0.8128
1045,brute_force,none,malicious_plain,malicious_plain,1,0.0184,0.9498,0.0318
1046,c2_beacon,random_padding+timing_jitter+constant_rate_shaping,malicious_obfuscated,malicious_obfuscated,1,0.0601,0.0184,0.9215
1047,c2_beacon,none,malicious_plain,malicious_plain,1,0.0165,0.9354,0.0481
1048,reverse_shell,none,malicious_plain,malicious_plain,1,0.0154,0.9327,0.0519
1049,web_browsing,none,benign,benign,1,0.9563,0.0247,0.0190
1050,port_scan,none,malicious_plain,malicious_plain,1,0.0166,0.9407,0.0427
1051,ddos_flood,none,malicious_plain,malicious_plain,1,0.0252,0.9293,0.0455
1052,data_exfiltration,block_padding+tunnel_encapsulation,malicious_obfuscated,malicious_obfuscated,1,0.0430,0.0447,0.9123
1053,reverse_shell,dummy_injection+timing_jitter+constant_rate_shaping,malicious_obfuscated,malicious_obfuscated,1,0.1226,0.0119,0.8655
1054,reverse_shell,none,malicious_plain,malicious_plain,1,0.0142,0.9771,0.0087
1055,ddos_flood,none,malicious_plain,malicious_plain,1,0.0207,0.9378,0.0415
1056,ssh_interactive,none,benign,benign,1,0.9584,0.0267,0.0149
1057,brute_force,fragmentation+timing_jitter,malicious_obfuscated,malicious_obfuscated,1,0.0716,0.0541,0.8743
1058,ddos_flood,tunnel_encapsulation,malicious_obfuscated,malicious_obfuscated,1,0.0169,0.0274,0.9557
1059,port_scan,none,malicious_plain,malicious_plain,1,0.0256,0.8689,0.1055
1060,web_browsing,protocol_mimicry+block_padding+constant_rate_shaping,benign,benign,1,0.9240,0.0296,0.0465
1061,brute_force,protocol_mimicry,malicious_obfuscated,malicious_obfuscated,1,0.0149,0.0131,0.9720
1062,reverse_shell,none,malicious_plain,malicious_plain,1,0.0070,0.9826,0.0103
1063,brute_force,fragmentation+timing_jitter+constant_rate_shaping,malicious_obfuscated,malicious_obfuscated,1,0.0721,0.0178,0.9102
1064,ddos_flood,block_padding,malicious_obfuscated,malicious_obfuscated,1,0.0154,0.0174,0.9671
1065,file_download,none,benign,benign,1,0.9482,0.0269,0.0249
1066,voip,fragmentation,benign,benign,1,0.9637,0.0206,0.0156
1067,brute_force,constant_rate_shaping+tunnel_encapsulation,malicious_obfuscated,malicious_obfuscated,1,0.2716,0.0270,0.7014
1068,port_scan,none,malicious_plain,malicious_plain,1,0.0213,0.9144,0.0643
1069,reverse_shell,protocol_mimicry+fragmentation+timing_jitter,malicious_obfuscated,malicious_obfuscated,1,0.0113,0.0071,0.9816
1070,reverse_shell,none,malicious_plain,malicious_plain,1,0.0039,0.9928,0.0033
1071,brute_force,fragmentation+tunnel_encapsulation,malicious_obfuscated,malicious_obfuscated,1,0.0328,0.0414,0.9258
1072,port_scan,none,malicious_plain,malicious_plain,1,0.0129,0.9555,0.0316
1073,voip,block_padding+random_padding+tunnel_encapsulation,benign,benign,1,0.9540,0.0129,0.0330
1074,web_browsing,none,benign,benign,1,0.9505,0.0265,0.0230
1075,ssh_interactive,block_padding+timing_jitter+constant_rate_shaping,benign,benign,1,0.9507,0.0243,0.0250
1076,voip,none,benign,benign,1,0.9661,0.0208,0.0131
1077,port_scan,none,malicious_plain,malicious_plain,1,0.0157,0.9386,0.0457
1078,file_download,none,benign,benign,1,0.9459,0.0273,0.0268
1079,voip,none,benign,benign,1,0.9648,0.0217,0.0135
1080,port_scan,none,malicious_plain,malicious_plain,1,0.0161,0.9415,0.0424
1081,port_scan,none,malicious_plain,malicious_plain,1,0.0133,0.9517,0.0350
1082,brute_force,random_padding,malicious_obfuscated,malicious_obfuscated,1,0.0279,0.0345,0.9376
1083,file_download,none,benign,benign,1,0.9612,0.0196,0.0192
1084,voip,none,benign,benign,1,0.9697,0.0185,0.0117
1085,data_exfiltration,block_padding+timing_jitter+constant_rate_shaping,malicious_obfuscated,malicious_obfuscated,1,0.0787,0.0256,0.8957
1086,brute_force,none,malicious_plain,malicious_plain,1,0.0187,0.9395,0.0418
1087,brute_force,random_padding,malicious_obfuscated,malicious_obfuscated,1,0.0213,0.0298,0.9489
1088,data_exfiltration,block_padding,malicious_obfuscated,malicious_obfuscated,1,0.0318,0.0442,0.9240
1089,ddos_flood,block_padding+random_padding+timing_jitter,malicious_obfuscated,malicious_obfuscated,1,0.0212,0.0310,0.9477
1090,brute_force,none,malicious_plain,malicious_plain,1,0.0220,0.9375,0.0406
1091,port_scan,none,malicious_plain,malicious_plain,1,0.0146,0.9429,0.0425
1092,ssh_interactive,none,benign,benign,1,0.9629,0.0243,0.0127
1093,ddos_flood,none,malicious_plain,malicious_plain,1,0.0228,0.9435,0.0337
1094,voip,none,benign,benign,1,0.9663,0.0192,0.0145
1095,port_scan,none,malicious_plain,malicious_plain,1,0.0166,0.9367,0.0467
1096,data_exfiltration,none,malicious_plain,malicious_plain,1,0.0246,0.9600,0.0154
1097,ssh_interactive,none,benign,benign,1,0.9635,0.0221,0.0144
1098,ssh_interactive,protocol_mimicry+fragmentation+tunnel_encapsulation,benign,benign,1,0.7649,0.0213,0.2138
1099,data_exfiltration,none,malicious_plain,malicious_plain,1,0.0198,0.9679,0.0123
1100,brute_force,none,malicious_plain,malicious_plain,1,0.0173,0.9419,0.0409
1101,c2_beacon,none,malicious_plain,malicious_plain,1,0.0137,0.9620,0.0243
1102,data_exfiltration,block_padding+tunnel_encapsulation,malicious_obfuscated,malicious_obfuscated,1,0.0294,0.0400,0.9306
1103,ssh_interactive,none,benign,benign,1,0.9533,0.0288,0.0179
1104,ddos_flood,none,malicious_plain,malicious_plain,1,0.0215,0.9350,0.0435
1105,data_exfiltration,none,malicious_plain,malicious_plain,1,0.0234,0.9604,0.0163
1106,data_exfiltration,random_padding,malicious_obfuscated,malicious_obfuscated,1,0.0289,0.0276,0.9435
1107,brute_force,timing_jitter,malicious_obfuscated,malicious_obfuscated,1,0.0363,0.2313,0.7323
1108,ssh_interactive,block_padding+timing_jitter,benign,benign,1,0.7450,0.0446,0.2104
1109,web_browsing,none,benign,benign,1,0.9692,0.0156,0.0152
1110,brute_force,block_padding,malicious_obfuscated,malicious_obfuscated,1,0.0264,0.0269,0.9468
1111,port_scan,tunnel_encapsulation,malicious_obfuscated,malicious_obfuscated,1,0.0190,0.0439,0.9370
1112,port_scan,dummy_injection+constant_rate_shaping,malicious_obfuscated,malicious_obfuscated,1,0.1774,0.0384,0.7842
1113,data_exfiltration,none,malicious_plain,malicious_plain,1,0.0218,0.9663,0.0119
1114,voip,none,benign,benign,1,0.9659,0.0229,0.0112
1115,reverse_shell,none,malicious_plain,malicious_plain,1,0.0093,0.9762,0.0144
1116,reverse_shell,none,malicious_plain,malicious_plain,1,0.0208,0.9023,0.0769
1117,reverse_shell,none,malicious_plain,malicious_plain,1,0.0073,0.9706,0.0221
1118,port_scan,random_padding+tunnel_encapsulation,malicious_obfuscated,malicious_obfuscated,1,0.0181,0.0168,0.9651
1119,voip,none,benign,benign,1,0.9728,0.0184,0.0088
1120,ssh_interactive,none,benign,benign,1,0.9536,0.0267,0.0197
1121,ssh_interactive,constant_rate_shaping,benign,benign,1,0.9761,0.0080,0.0159
1122,brute_force,none,malicious_plain,malicious_plain,1,0.0178,0.9317,0.0505
1123,data_exfiltration,none,malicious_plain,malicious_plain,1,0.0249,0.9615,0.0136
1124,data_exfiltration,none,malicious_plain,malicious_plain,1,0.0214,0.9642,0.0144
1125,c2_beacon,none,malicious_plain,malicious_plain,1,0.0153,0.9590,0.0257
1126,data_exfiltration,fragmentation+tunnel_encapsulation,malicious_obfuscated,malicious_obfuscated,1,0.0162,0.0191,0.9647
1127,brute_force,none,malicious_plain,malicious_plain,1,0.0184,0.9406,0.0410
1128,web_browsing,none,benign,benign,1,0.9208,0.0349,0.0443
1129,port_scan,none,malicious_plain,malicious_plain,1,0.0236,0.9015,0.0749
1130,port_scan,none,malicious_plain,malicious_plain,1,0.0160,0.9571,0.0270
1131,data_exfiltration,none,malicious_plain,malicious_plain,1,0.0281,0.9533,0.0186
1132,port_scan,fragmentation+timing_jitter,malicious_obfuscated,malicious_obfuscated,1,0.0133,0.0238,0.9629
1133,data_exfiltration,none,malicious_plain,malicious_plain,1,0.0245,0.9583,0.0172
1134,ddos_flood,protocol_mimicry+dummy_injection+constant_rate_shaping,malicious_obfuscated,benign,0,0.5387,0.0363,0.4250
1135,ddos_flood,none,malicious_plain,malicious_plain,1,0.0236,0.9437,0.0327
1136,ddos_flood,fragmentation+block_padding,malicious_obfuscated,malicious_obfuscated,1,0.0209,0.0356,0.9434
1137,port_scan,none,malicious_plain,malicious_plain,1,0.0176,0.9335,0.0490
1138,ddos_flood,block_padding+tunnel_encapsulation,malicious_obfuscated,malicious_obfuscated,1,0.0179,0.0175,0.9645
1139,c2_beacon,none,malicious_plain,malicious_plain,1,0.0198,0.9301,0.0501
1140,file_download,protocol_mimicry+block_padding+dummy_injection,benign,benign,1,0.8594,0.0383,0.1023
1141,file_download,protocol_mimicry,benign,benign,1,0.9733,0.0174,0.0092
1142,ssh_interactive,none,benign,benign,1,0.9633,0.0226,0.0141
1143,reverse_shell,protocol_mimicry,malicious_obfuscated,malicious_obfuscated,1,0.0355,0.0129,0.9517
1144,web_browsing,none,benign,benign,1,0.9636,0.0207,0.0157
1145,port_scan,fragmentation+random_padding,malicious_obfuscated,malicious_obfuscated,1,0.0202,0.0269,0.9530
1146,c2_beacon,protocol_mimicry,malicious_obfuscated,malicious_obfuscated,1,0.0492,0.0168,0.9339
1147,file_download,random_padding,benign,benign,1,0.9592,0.0217,0.0191
1148,ddos_flood,protocol_mimicry+random_padding+constant_rate_shaping,malicious_obfuscated,malicious_obfuscated,1,0.0271,0.0262,0.9466
1149,brute_force,block_padding+dummy_injection+constant_rate_shaping,malicious_obfuscated,malicious_obfuscated,1,0.1553,0.0292,0.8155
1150,voip,fragmentation+random_padding+dummy_injection,benign,benign,1,0.9869,0.0066,0.0065
1151,brute_force,protocol_mimicry+fragmentation+constant_rate_shaping,malicious_obfuscated,malicious_obfuscated,1,0.0092,0.0064,0.9845
1152,reverse_shell,fragmentation+tunnel_encapsulation,malicious_obfuscated,malicious_obfuscated,1,0.0236,0.0123,0.9641
1153,web_browsing,none,benign,benign,1,0.9594,0.0223,0.0183
1154,c2_beacon,none,malicious_plain,malicious_plain,1,0.0212,0.9450,0.0337
1155,ssh_interactive,none,benign,benign,1,0.9431,0.0339,0.0230
1156,c2_beacon,protocol_mimicry+block_padding,malicious_obfuscated,malicious_obfuscated,1,0.0209,0.0073,0.9718
1157,reverse_shell,random_padding+timing_jitter,malicious_obfuscated,malicious_obfuscated,1,0.0118,0.0317,0.9566
1158,file_download,none,benign,benign,1,0.9398,0.0275,0.0326
1159,reverse_shell,none,malicious_plain,malicious_plain,1,0.0151,0.9615,0.0234
1160,ssh_interactive,none,benign,benign,1,0.9591,0.0252,0.0157
1161,voip,none,benign,benign,1,0.9702,0.0177,0.0121
1162,web_browsing,tunnel_encapsulation,benign,benign,1,0.9318,0.0311,0.0371
1163,file_download,fragmentation+random_padding+tunnel_encapsulation,benign,benign,1,0.9672,0.0224,0.0104
1164,ddos_flood,protocol_mimicry+fragmentation+random_padding,malicious_obfuscated,malicious_obfuscated,1,0.0193,0.0205,0.9602
1165,reverse_shell,none,malicious_plain,malicious_plain,1,0.0161,0.9627,0.0211
1166,data_exfiltration,none,malicious_plain,malicious_plain,1,0.0259,0.9560,0.0181
1167,data_exfiltration,none,malicious_plain,malicious_plain,1,0.0277,0.9556,0.0167
1168,port_scan,protocol_mimicry+tunnel_encapsulation,malicious_obfuscated,malicious_obfuscated,1,0.0137,0.0263,0.9600
1169,brute_force,none,malicious_plain,malicious_plain,1,0.0323,0.8427,0.1250
1170,voip,none,benign,benign,1,0.9732,0.0173,0.0095
1171,reverse_shell,tunnel_encapsulation,malicious_obfuscated,malicious_obfuscated,1,0.1954,0.0958,0.7088
1172,ddos_flood,block_padding,malicious_obfuscated,malicious_obfuscated,1,0.0302,0.0434,0.9264
1173,data_exfiltration,none,malicious_plain,malicious_plain,1,0.0232,0.9617,0.0151
1174,voip,none,benign,benign,1,0.9636,0.0223,0.0140
1175,web_browsing,protocol_mimicry+block_padding+random_padding,benign,benign,1,0.9384,0.0266,0.0351
1176,reverse_shell,dummy_injection+timing_jitter+constant_rate_shaping,malicious_obfuscated,malicious_obfuscated,1,0.1418,0.0420,0.8162
1177,video_streaming,none,benign,benign,1,0.9594,0.0230,0.0176
1178,c2_beacon,none,malicious_plain,malicious_plain,1,0.0160,0.9611,0.0228
1179,data_exfiltration,none,malicious_plain,malicious_plain,1,0.0178,0.9698,0.0124
1180,c2_beacon,constant_rate_shaping,malicious_obfuscated,malicious_obfuscated,1,0.1440,0.0383,0.8177
1181,data_exfiltration,none,malicious_plain,malicious_plain,1,0.0185,0.9666,0.0150
1182,ssh_interactive,random_padding,benign,benign,1,0.9701,0.0207,0.0092
1183,data_exfiltration,none,malicious_plain,malicious_plain,1,0.0266,0.9533,0.0201
1184,file_download,none,benign,benign,1,0.9443,0.0280,0.0277
1185,c2_beacon,none,malicious_plain,malicious_plain,1,0.0135,0.9615,0.0250
1186,data_exfiltration,none,malicious_plain,malicious_plain,1,0.0196,0.9675,0.0129
1187,reverse_shell,random_padding+timing_jitter,malicious_obfuscated,malicious_obfuscated,1,0.0159,0.0130,0.9711
1188,ddos_flood,tunnel_encapsulation,malicious_obfuscated,malicious_obfuscated,1,0.0225,0.0333,0.9442
1189,data_exfiltration,none,malicious_plain,malicious_plain,1,0.0198,0.9650,0.0151
1190,brute_force,dummy_injection+tunnel_encapsulation,malicious_obfuscated,malicious_obfuscated,1,0.0292,0.0356,0.9352
1191,reverse_shell,none,malicious_plain,malicious_plain,1,0.0111,0.9704,0.0185
1192,ssh_interactive,none,benign,benign,1,0.9514,0.0309,0.0176
1193,ssh_interactive,fragmentation+dummy_injection,benign,benign,1,0.9654,0.0137,0.0209
1194,brute_force,none,malicious_plain,malicious_plain,1,0.0241,0.9494,0.0265
1195,data_exfiltration,none,malicious_plain,malicious_plain,1,0.0244,0.9552,0.0204
1196,ddos_flood,none,malicious_plain,malicious_plain,1,0.0294,0.9275,0.0431
1197,file_download,none,benign,benign,1,0.9122,0.0446,0.0432
1198,c2_beacon,none,malicious_plain,malicious_plain,1,0.0171,0.9573,0.0256
1199,ssh_interactive,none,benign,benign,1,0.9616,0.0228,0.0156
1200,c2_beacon,block_padding+timing_jitter,malicious_obfuscated,malicious_obfuscated,1,0.0154,0.0171,0.9675
1201,reverse_shell,fragmentation+dummy_injection,malicious_obfuscated,malicious_obfuscated,1,0.0139,0.0221,0.9641
1202,ssh_interactive,fragmentation+timing_jitter+constant_rate_shaping,benign,malicious_obfuscated,0,0.2078,0.0288,0.7634
1203,port_scan,none,malicious_plain,malicious_plain,1,0.0152,0.9471,0.0378
1204,c2_beacon,none,malicious_plain,malicious_plain,1,0.0154,0.9615,0.0231
1205,video_streaming,none,benign,benign,1,0.9426,0.0328,0.0246
1206,voip,none,benign,benign,1,0.9663,0.0178,0.0159
1207,reverse_shell,random_padding+constant_rate_shaping,malicious_obfuscated,malicious_obfuscated,1,0.0653,0.0198,0.9148
1208,port_scan,none,malicious_plain,malicious_plain,1,0.0145,0.9526,0.0329
1209,brute_force,fragmentation+constant_rate_shaping,malicious_obfuscated,malicious_obfuscated,1,0.0397,0.0119,0.9484
1210,reverse_shell,none,malicious_plain,malicious_plain,1,0.0140,0.9453,0.0407
1211,ddos_flood,none,malicious_plain,malicious_plain,1,0.0261,0.9131,0.0607
1212,brute_force,none,malicious_plain,malicious_plain,1,0.0169,0.9379,0.0452
1213,ssh_interactive,tunnel_encapsulation,benign,benign,1,0.9553,0.0221,0.0226
1214,ddos_flood,random_padding+tunnel_encapsulation,malicious_obfuscated,malicious_obfuscated,1,0.0109,0.0117,0.9775
1215,data_exfiltration,fragmentation,malicious_obfuscated,malicious_obfuscated,1,0.0238,0.0253,0.9509
1216,data_exfiltration,none,malicious_plain,malicious_plain,1,0.0216,0.9617,0.0168
1217,ssh_interactive,none,benign,benign,1,0.9351,0.0368,0.0281
1218,voip,none,benign,benign,1,0.9643,0.0197,0.0160
1219,c2_beacon,fragmentation+timing_jitter+tunnel_encapsulation,malicious_obfuscated,malicious_obfuscated,1,0.0112,0.0128,0.9760
1220,data_exfiltration,none,malicious_plain,malicious_plain,1,0.0181,0.9714,0.0105
1221,reverse_shell,none,malicious_plain,malicious_plain,1,0.0114,0.9711,0.0175
1222,voip,none,benign,benign,1,0.9708,0.0190,0.0102
1223,data_exfiltration,block_padding+random_padding,malicious_obfuscated,malicious_obfuscated,1,0.0134,0.0132,0.9734
1224,file_download,none,benign,benign,1,0.9021,0.0506,0.0473
1225,c2_beacon,none,malicious_plain,malicious_plain,1,0.0174,0.9547,0.0279
1226,ssh_interactive,none,benign,benign,1,0.9633,0.0226,0.0141
1227,web_browsing,none,benign,benign,1,0.9282,0.0349,0.0369
1228,brute_force,none,malicious_plain,malicious_plain,1,0.0172,0.9466,0.0361
1229,brute_force,protocol_mimicry+random_padding+tunnel_encapsulation,malicious_obfuscated,malicious_obfuscated,1,0.0874,0.0160,0.8966
1230,reverse_shell,constant_rate_shaping,malicious_obfuscated,benign,0,0.6101,0.0353,0.3547
1231,reverse_shell,fragmentation+dummy_injection,malicious_obfuscated,malicious_obfuscated,1,0.0240,0.0174,0.9586
1232,port_scan,fragmentation+timing_jitter,malicious_obfuscated,malicious_obfuscated,1,0.0130,0.0206,0.9664
1233,brute_force,none,malicious_plain,malicious_plain,1,0.0185,0.9358,0.0456
1234,c2_beacon,none,malicious_plain,malicious_plain,1,0.0198,0.9474,0.0328
1235,c2_beacon,none,malicious_plain,malicious_plain,1,0.0182,0.9487,0.0332
1236,web_browsing,none,benign,benign,1,0.9482,0.0343,0.0176
1237,data_exfiltration,none,malicious_plain,malicious_plain,1,0.0268,0.9568,0.0164
1238,voip,none,benign,benign,1,0.9660,0.0189,0.0151
1239,port_scan,protocol_mimicry+timing_jitter,malicious_obfuscated,malicious_obfuscated,1,0.0062,0.0084,0.9854
1240,video_streaming,none,benign,benign,1,0.9503,0.0293,0.0205
1241,ddos_flood,none,malicious_plain,malicious_plain,1,0.0172,0.9453,0.0374
1242,ddos_flood,protocol_mimicry+block_padding+random_padding,malicious_obfuscated,malicious_obfuscated,1,0.0135,0.0242,0.9624
1243,ddos_flood,none,malicious_plain,malicious_plain,1,0.0256,0.9394,0.0350
1244,ssh_interactive,fragmentation+random_padding+tunnel_encapsulation,benign,benign,1,0.9702,0.0124,0.0173
1245,c2_beacon,none,malicious_plain,malicious_plain,1,0.0143,0.9620,0.0237
1246,ddos_flood,protocol_mimicry+dummy_injection,malicious_obfuscated,malicious_obfuscated,1,0.0122,0.0256,0.9623
1247,data_exfiltration,timing_jitter,malicious_obfuscated,malicious_obfuscated,1,0.0216,0.0496,0.9287
1248,reverse_shell,fragmentation,malicious_obfuscated,malicious_obfuscated,1,0.0160,0.0190,0.9649
1249,brute_force,none,malicious_plain,malicious_plain,1,0.0168,0.9543,0.0289
1250,c2_beacon,none,malicious_plain,malicious_plain,1,0.0158,0.9132,0.0710
1251,web_browsing,block_padding+random_padding+constant_rate_shaping,benign,benign,1,0.8332,0.0306,0.1362
1252,data_exfiltration,fragmentation+random_padding+constant_rate_shaping,malicious_obfuscated,malicious_obfuscated,1,0.0331,0.0140,0.9529
1253,port_scan,tunnel_encapsulation,malicious_obfuscated,malicious_obfuscated,1,0.0260,0.0544,0.9196
1254,video_streaming,tunnel_encapsulation,benign,benign,1,0.9294,0.0384,0.0323
1255,reverse_shell,protocol_mimicry+timing_jitter,malicious_obfuscated,malicious_obfuscated,1,0.0307,0.0107,0.9587
1256,dns_query,protocol_mimicry+block_padding+dummy_injection,benign,benign,1,0.9158,0.0185,0.0658
1257,c2_beacon,none,malicious_plain,malicious_plain,1,0.0208,0.9294,0.0498
1258,reverse_shell,none,malicious_plain,malicious_plain,1,0.0132,0.9693,0.0175
1259,web_browsing,none,benign,benign,1,0.9635,0.0194,0.0171
1260,file_download,none,benign,benign,1,0.9481,0.0261,0.0258
1261,data_exfiltration,timing_jitter+tunnel_encapsulation,malicious_obfuscated,malicious_obfuscated,1,0.0103,0.0251,0.9646
1262,file_download,random_padding+timing_jitter,benign,benign,1,0.9602,0.0243,0.0155
1263,web_browsing,none,benign,benign,1,0.9529,0.0218,0.0253
1264,web_browsing,none,benign,benign,1,0.9590,0.0236,0.0174
1265,c2_beacon,none,malicious_plain,malicious_plain,1,0.0168,0.9373,0.0459
1266,video_streaming,none,benign,benign,1,0.9487,0.0283,0.0231
1267,ddos_flood,protocol_mimicry+block_padding+random_padding,malicious_obfuscated,malicious_obfuscated,1,0.0112,0.0230,0.9658
1268,c2_beacon,none,malicious_plain,malicious_plain,1,0.0221,0.8987,0.0792
1269,ssh_interactive,none,benign,benign,1,0.9523,0.0297,0.0180
1270,data_exfiltration,protocol_mimicry+random_padding+constant_rate_shaping,malicious_obfuscated,malicious_obfuscated,1,0.0237,0.0177,0.9586
1271,c2_beacon,protocol_mimicry+block_padding+random_padding,malicious_obfuscated,malicious_obfuscated,1,0.0202,0.0142,0.9656
1272,ddos_flood,none,malicious_plain,malicious_plain,1,0.0267,0.9339,0.0394
1273,data_exfiltration,tunnel_encapsulation,malicious_obfuscated,malicious_obfuscated,1,0.0187,0.0309,0.9504
1274,ssh_interactive,none,benign,benign,1,0.9575,0.0265,0.0160
1275,web_browsing,random_padding+dummy_injection+timing_jitter,benign,benign,1,0.8568,0.0380,0.1052
1276,data_exfiltration,none,malicious_plain,malicious_plain,1,0.0206,0.9626,0.0167
1277,c2_beacon,fragmentation+block_padding,malicious_obfuscated,malicious_obfuscated,1,0.0144,0.0185,0.9671
1278,c2_beacon,protocol_mimicry+fragmentation+constant_rate_shaping,malicious_obfuscated,malicious_obfuscated,1,0.0251,0.0139,0.9610
1279,ddos_flood,protocol_mimicry+dummy_injection+tunnel_encapsulation,malicious_obfuscated,malicious_obfuscated,1,0.0118,0.0116,0.9767
1280,video_streaming,block_padding+random_padding+constant_rate_shaping,benign,benign,1,0.9391,0.0340,0.0269
1281,reverse_shell,none,malicious_plain,malicious_plain,1,0.0122,0.9266,0.0611
1282,video_streaming,none,benign,benign,1,0.9340,0.0371,0.0289
1283,c2_beacon,none,malicious_plain,malicious_plain,1,0.0166,0.9590,0.0245
1284,brute_force,none,malicious_plain,malicious_plain,1,0.0166,0.9384,0.0450
1285,ddos_flood,none,malicious_plain,malicious_plain,1,0.0239,0.9420,0.0341
1286,voip,constant_rate_shaping,benign,benign,1,0.7319,0.0246,0.2435
1287,ddos_flood,none,malicious_plain,malicious_plain,1,0.0259,0.9399,0.0342
1288,brute_force,fragmentation,malicious_obfuscated,malicious_plain,0,0.0211,0.9472,0.0317
1289,c2_beacon,none,malicious_plain,malicious_plain,1,0.0172,0.9287,0.0542
1290,port_scan,none,malicious_plain,malicious_plain,1,0.0247,0.9276,0.0476
1291,voip,block_padding,benign,benign,1,0.9599,0.0178,0.0223
1292,web_browsing,none,benign,benign,1,0.9387,0.0351,0.0262
1293,ssh_interactive,none,benign,benign,1,0.9585,0.0284,0.0130
1294,voip,none,benign,benign,1,0.9663,0.0220,0.0117
1295,ddos_flood,fragmentation,malicious_obfuscated,malicious_plain,0,0.0193,0.9357,0.0451
1296,brute_force,protocol_mimicry+tunnel_encapsulation,malicious_obfuscated,benign,0,0.8043,0.0289,0.1668
1297,brute_force,none,malicious_plain,malicious_plain,1,0.0184,0.9512,0.0305
1298,c2_beacon,none,malicious_plain,malicious_plain,1,0.0129,0.9489,0.0382
1299,c2_beacon,none,malicious_plain,malicious_plain,1,0.0163,0.9471,0.0366
1300,ddos_flood,none,malicious_plain,malicious_plain,1,0.0213,0.9432,0.0355
1301,brute_force,block_padding+dummy_injection+timing_jitter,malicious_obfuscated,malicious_obfuscated,1,0.0401,0.0218,0.9381
1302,dns_query,protocol_mimicry+constant_rate_shaping,benign,benign,1,0.9699,0.0100,0.0201
1303,c2_beacon,none,malicious_plain,malicious_plain,1,0.0186,0.9462,0.0352
1304,reverse_shell,fragmentation+random_padding,malicious_obfuscated,malicious_obfuscated,1,0.0283,0.0219,0.9498
1305,brute_force,tunnel_encapsulation,malicious_obfuscated,malicious_obfuscated,1,0.0459,0.0523,0.9018
1306,file_download,none,benign,benign,1,0.9411,0.0283,0.0306
1307,reverse_shell,none,malicious_plain,malicious_plain,1,0.0112,0.9609,0.0278
1308,reverse_shell,none,malicious_plain,malicious_plain,1,0.0142,0.9657,0.0201
1309,data_exfiltration,random_padding+constant_rate_shaping,malicious_obfuscated,malicious_obfuscated,1,0.0382,0.0369,0.9249
1310,reverse_shell,fragmentation+dummy_injection,malicious_obfuscated,malicious_obfuscated,1,0.0103,0.0115,0.9782
1311,c2_beacon,random_padding+dummy_injection+timing_jitter,malicious_obfuscated,malicious_obfuscated,1,0.0087,0.0107,0.9806
1312,data_exfiltration,fragmentation+constant_rate_shaping,malicious_obfuscated,malicious_obfuscated,1,0.0385,0.0214,0.9402
1313,brute_force,timing_jitter,malicious_obfuscated,malicious_plain,0,0.0188,0.9557,0.0255
1314,port_scan,none,malicious_plain,malicious_plain,1,0.0258,0.9163,0.0578
1315,reverse_shell,none,malicious_plain,malicious_plain,1,0.0120,0.9354,0.0526
1316,file_download,none,benign,benign,1,0.9371,0.0317,0.0313
1317,c2_beacon,none,malicious_plain,malicious_plain,1,0.0184,0.9347,0.0470
1318,brute_force,none,malicious_plain,malicious_plain,1,0.0202,0.9493,0.0305
1319,port_scan,random_padding+tunnel_encapsulation,malicious_obfuscated,malicious_obfuscated,1,0.0324,0.0313,0.9363
1320,c2_beacon,block_padding+timing_jitter,malicious_obfuscated,malicious_obfuscated,1,0.0118,0.0107,0.9775
1321,web_browsing,block_padding+random_padding+tunnel_encapsulation,benign,benign,1,0.9522,0.0234,0.0244
1322,file_download,constant_rate_shaping,benign,benign,1,0.9168,0.0217,0.0615
1323,web_browsing,none,benign,benign,1,0.9571,0.0251,0.0178
1324,ssh_interactive,dummy_injection+timing_jitter+constant_rate_shaping,benign,malicious_obfuscated,0,0.0398,0.0177,0.9424
1325,c2_beacon,random_padding+dummy_injection,malicious_obfuscated,malicious_obfuscated,1,0.0076,0.0096,0.9828
1326,reverse_shell,none,malicious_plain,malicious_plain,1,0.0555,0.9205,0.0240
1327,c2_beacon,none,malicious_plain,malicious_plain,1,0.0218,0.9318,0.0463
1328,ddos_flood,random_padding+constant_rate_shaping,malicious_obfuscated,malicious_obfuscated,1,0.0156,0.0227,0.9616
1329,web_browsing,none,benign,benign,1,0.9621,0.0231,0.0149
1330,c2_beacon,none,malicious_plain,malicious_plain,1,0.0163,0.9432,0.0405
1331,voip,none,benign,benign,1,0.9685,0.0181,0.0134
1332,c2_beacon,random_padding+constant_rate_shaping+tunnel_encapsulation,malicious_obfuscated,malicious_obfuscated,1,0.0732,0.0088,0.9180
1333,ssh_interactive,none,benign,benign,1,0.9364,0.0313,0.0323
1334,web_browsing,none,benign,benign,1,0.8995,0.0577,0.0428
1335,c2_beacon,none,malicious_plain,malicious_plain,1,0.0146,0.9456,0.0399
1336,voip,protocol_mimicry+fragmentation+block_padding,benign,benign,1,0.9222,0.0130,0.0648
1337,reverse_shell,none,malicious_plain,malicious_plain,1,0.0057,0.9864,0.0080
1338,web_browsing,none,benign,benign,1,0.9352,0.0352,0.0296
1339,ssh_interactive,none,benign,benign,1,0.9338,0.0373,0.0290
1340,data_exfiltration,none,malicious_plain,malicious_plain,1,0.0233,0.9604,0.0163
1341,data_exfiltration,none,malicious_plain,malicious_plain,1,0.0198,0.9644,0.0158
1342,reverse_shell,protocol_mimicry+random_padding+tunnel_encapsulation,malicious_obfuscated,malicious_obfuscated,1,0.0632,0.0313,0.9055
1343,c2_beacon,tunnel_encapsulation,malicious_obfuscated,malicious_obfuscated,1,0.0174,0.0215,0.9611
1344,web_browsing,none,benign,benign,1,0.9601,0.0232,0.0167
1345,reverse_shell,none,malicious_plain,malicious_plain,1,0.0041,0.9904,0.0055
1346,brute_force,protocol_mimicry+fragmentation+timing_jitter,malicious_obfuscated,malicious_obfuscated,1,0.0383,0.0188,0.9429
1347,web_browsing,none,benign,benign,1,0.9598,0.0232,0.0170
1348,reverse_shell,protocol_mimicry+tunnel_encapsulation,malicious_obfuscated,benign,0,0.7545,0.0338,0.2117
1349,ddos_flood,protocol_mimicry+timing_jitter,malicious_obfuscated,malicious_obfuscated,1,0.0167,0.0229,0.9603
1350,video_streaming,none,benign,benign,1,0.9501,0.0268,0.0231
1351,brute_force,none,malicious_plain,malicious_plain,1,0.0216,0.9276,0.0508
1352,reverse_shell,random_padding,malicious_obfuscated,malicious_obfuscated,1,0.0720,0.0500,0.8781
1353,ssh_interactive,none,benign,benign,1,0.9495,0.0307,0.0198
1354,port_scan,none,malicious_plain,malicious_plain,1,0.0160,0.9541,0.0299
1355,web_browsing,none,benign,benign,1,0.8883,0.0574,0.0543
1356,voip,none,benign,benign,1,0.9705,0.0188,0.0107
1357,brute_force,protocol_mimicry,malicious_obfuscated,malicious_obfuscated,1,0.0127,0.0111,0.9763
1358,ddos_flood,none,malicious_plain,malicious_plain,1,0.0213,0.9499,0.0288
1359,reverse_shell,none,malicious_plain,malicious_plain,1,0.0187,0.9497,0.0316
1360,voip,none,benign,benign,1,0.9627,0.0232,0.0141
1361,file_download,protocol_mimicry,benign,benign,1,0.9059,0.0423,0.0518
1362,c2_beacon,none,malicious_plain,malicious_plain,1,0.0144,0.9592,0.0264
1363,dns_query,constant_rate_shaping,benign,benign,1,0.9834,0.0049,0.0116
1364,file_download,none,benign,benign,1,0.9221,0.0346,0.0432
1365,brute_force,protocol_mimicry,malicious_obfuscated,malicious_obfuscated,1,0.0264,0.0141,0.9595
1366,video_streaming,none,benign,benign,1,0.9444,0.0304,0.0252
1367,web_browsing,none,benign,benign,1,0.9125,0.0351,0.0524
1368,ddos_flood,protocol_mimicry+constant_rate_shaping,malicious_obfuscated,malicious_obfuscated,1,0.0538,0.0435,0.9026
1369,ssh_interactive,tunnel_encapsulation,benign,benign,1,0.9747,0.0157,0.0096
1370,file_download,none,benign,benign,1,0.9546,0.0237,0.0217
1371,video_streaming,fragmentation+random_padding+constant_rate_shaping,benign,benign,1,0.8941,0.0500,0.0559
1372,ddos_flood,fragmentation,malicious_obfuscated,malicious_plain,0,0.0203,0.9512,0.0286
1373,data_exfiltration,none,malicious_plain,malicious_plain,1,0.0252,0.9590,0.0159
1374,c2_beacon,protocol_mimicry+block_padding,malicious_obfuscated,malicious_obfuscated,1,0.0227,0.0108,0.9665
1375,port_scan,none,malicious_plain,malicious_plain,1,0.0167,0.9405,0.0428
1376,c2_beacon,constant_rate_shaping,malicious_obfuscated,malicious_obfuscated,1,0.0421,0.0097,0.9482
1377,video_streaming,none,benign,benign,1,0.9359,0.0352,0.0290
1378,brute_force,protocol_mimicry+timing_jitter+constant_rate_shaping,malicious_obfuscated,malicious_obfuscated,1,0.0157,0.0127,0.9716
1379,port_scan,none,malicious_plain,malicious_plain,1,0.0185,0.9407,0.0408
1380,port_scan,none,malicious_plain,malicious_plain,1,0.0225,0.9188,0.0587
1381,voip,none,benign,benign,1,0.9676,0.0188,0.0137
1382,video_streaming,none,benign,benign,1,0.9600,0.0222,0.0178
1383,ddos_flood,protocol_mimicry+random_padding+constant_rate_shaping,malicious_obfuscated,malicious_obfuscated,1,0.0126,0.0249,0.9625
1384,ddos_flood,none,malicious_plain,malicious_plain,1,0.0244,0.9384,0.0372
1385,web_browsing,none,benign,benign,1,0.9530,0.0269,0.0201
1386,brute_force,protocol_mimicry+random_padding+timing_jitter,malicious_obfuscated,malicious_obfuscated,1,0.0377,0.0183,0.9441
1387,video_streaming,none,benign,benign,1,0.9267,0.0385,0.0348
1388,voip,none,benign,benign,1,0.9717,0.0192,0.0091
1389,ddos_flood,none,malicious_plain,malicious_plain,1,0.0229,0.9472,0.0299
1390,voip,protocol_mimicry,benign,malicious_obfuscated,0,0.2839,0.0400,0.6761
1391,reverse_shell,none,malicious_plain,malicious_plain,1,0.0209,0.9585,0.0206
1392,reverse_shell,protocol_mimicry+timing_jitter+constant_rate_shaping,malicious_obfuscated,malicious_obfuscated,1,0.2536,0.0253,0.7210
1393,brute_force,none,malicious_plain,malicious_plain,1,0.0295,0.9150,0.0556
1394,brute_force,none,malicious_plain,malicious_plain,1,0.0180,0.9424,0.0396
1395,ssh_interactive,none,benign,benign,1,0.9626,0.0233,0.0141
1396,data_exfiltration,none,malicious_plain,malicious_plain,1,0.0204,0.9654,0.0142
1397,file_download,none,benign,benign,1,0.9607,0.0204,0.0189
1398,ddos_flood,none,malicious_plain,malicious_plain,1,0.0206,0.9477,0.0316
1399,brute_force,none,malicious_plain,malicious_plain,1,0.0178,0.9438,0.0383
1400,ssh_interactive,none,benign,benign,1,0.9630,0.0232,0.0138
1401,video_streaming,protocol_mimicry,benign,benign,1,0.9324,0.0314,0.0362
1402,reverse_shell,none,malicious_plain,malicious_plain,1,0.0071,0.9787,0.0142
1403,voip,none,benign,benign,1,0.9663,0.0188,0.0149
1404,web_browsing,none,benign,benign,1,0.7293,0.1669,0.1038
1405,c2_beacon,none,malicious_plain,malicious_plain,1,0.0159,0.9491,0.0350
1406,brute_force,dummy_injection+timing_jitter,malicious_obfuscated,malicious_obfuscated,1,0.2070,0.0560,0.7370
1407,file_download,none,benign,benign,1,0.9316,0.0337,0.0347
1408,ddos_flood,none,malicious_plain,malicious_plain,1,0.0211,0.9087,0.0702
1409,port_scan,tunnel_encapsulation,malicious_obfuscated,malicious_obfuscated,1,0.0053,0.0085,0.9862
1410,ddos_flood,fragmentation+timing_jitter,malicious_obfuscated,malicious_obfuscated,1,0.0088,0.0284,0.9628
1411,voip,none,benign,benign,1,0.9625,0.0214,0.0162
1412,ssh_interactive,protocol_mimicry,benign,benign,1,0.8507,0.0221,0.1273
1413,port_scan,random_padding,malicious_obfuscated,malicious_obfuscated,1,0.0180,0.0170,0.9650
1414,video_streaming,none,benign,benign,1,0.9429,0.0321,0.0250
1415,ssh_interactive,protocol_mimicry+fragmentation+dummy_injection,benign,malicious_obfuscated,0,0.0251,0.0126,0.9623
1416,dns_query,protocol_mimicry+block_padding+tunnel_encapsulation,benign,benign,1,0.9278,0.0203,0.0519
1417,video_streaming,fragmentation+random_padding,benign,benign,1,0.9566,0.0297,0.0137
1418,ddos_flood,none,malicious_plain,malicious_plain,1,0.0333,0.9291,0.0375
1419,brute_force,protocol_mimicry,malicious_obfuscated,malicious_obfuscated,1,0.0860,0.0194,0.8946
1420,brute_force,fragmentation+block_padding+constant_rate_shaping,malicious_obfuscated,malicious_obfuscated,1,0.3984,0.0268,0.5748
1421,c2_beacon,none,malicious_plain,malicious_plain,1,0.0211,0.9444,0.0346
1422,video_streaming,none,benign,benign,1,0.9284,0.0369,0.0347
1423,data_exfiltration,fragmentation+random_padding+timing_jitter,malicious_obfuscated,malicious_obfuscated,1,0.0225,0.0277,0.9498
1424,web_browsing,block_padding+dummy_injection,benign,benign,1,0.9309,0.0252,0.0439
1425,data_exfiltration,none,malicious_plain,malicious_plain,1,0.0217,0.9658,0.0125
1426,data_exfiltration,block_padding+timing_jitter,malicious_obfuscated,malicious_obfuscated,1,0.0159,0.0158,0.9683
1427,ddos_flood,none,malicious_plain,malicious_plain,1,0.0199,0.9432,0.0369
1428,port_scan,none,malicious_plain,malicious_plain,1,0.0200,0.9253,0.0548
1429,web_browsing,none,benign,benign,1,0.9597,0.0215,0.0188
1430,port_scan,none,malicious_plain,malicious_plain,1,0.0301,0.9197,0.0502
1431,c2_beacon,fragmentation,malicious_obfuscated,malicious_obfuscated,1,0.0103,0.0399,0.9498
1432,web_browsing,none,benign,benign,1,0.9620,0.0200,0.0180
1433,c2_beacon,none,malicious_plain,malicious_plain,1,0.0182,0.8926,0.0893
1434,ddos_flood,none,malicious_plain,malicious_plain,1,0.0197,0.9429,0.0374
1435,reverse_shell,none,malicious_plain,malicious_plain,1,0.0124,0.9776,0.0100
1436,port_scan,block_padding+random_padding,malicious_obfuscated,malicious_obfuscated,1,0.0212,0.0222,0.9566
1437,brute_force,none,malicious_plain,malicious_plain,1,0.0205,0.9335,0.0461
1438,video_streaming,random_padding,benign,benign,1,0.9443,0.0309,0.0247
1439,web_browsing,fragmentation+dummy_injection+tunnel_encapsulation,benign,benign,1,0.9621,0.0204,0.0175
1440,data_exfiltration,none,malicious_plain,malicious_plain,1,0.0215,0.9638,0.0147
1441,reverse_shell,none,malicious_plain,malicious_obfuscated,0,0.0543,0.4353,0.5105
1442,reverse_shell,constant_rate_shaping,malicious_obfuscated,malicious_obfuscated,1,0.1381,0.0251,0.8367
1443,data_exfiltration,dummy_injection+tunnel_encapsulation,malicious_obfuscated,malicious_obfuscated,1,0.0320,0.0100,0.9580
1444,brute_force,block_padding+constant_rate_shaping,malicious_obfuscated,malicious_obfuscated,1,0.1220,0.0402,0.8378
1445,file_download,none,benign,benign,1,0.9621,0.0189,0.0190
1446,c2_beacon,none,malicious_plain,malicious_plain,1,0.0155,0.9537,0.0308
1447,c2_beacon,none,malicious_plain,malicious_plain,1,0.0165,0.9510,0.0325
1448,file_download,none,benign,benign,1,0.9346,0.0320,0.0334
1449,brute_force,fragmentation+block_padding+random_padding,malicious_obfuscated,malicious_obfuscated,1,0.0255,0.0288,0.9457
1450,brute_force,none,malicious_plain,malicious_plain,1,0.0164,0.9289,0.0547
1451,file_download,none,benign,benign,1,0.9164,0.0381,0.0455
1452,video_streaming,none,benign,benign,1,0.9128,0.0434,0.0438
1453,video_streaming,random_padding+timing_jitter,benign,benign,1,0.9639,0.0250,0.0111
1454,brute_force,none,malicious_plain,malicious_plain,1,0.0199,0.9256,0.0545
1455,web_browsing,none,benign,benign,1,0.9449,0.0237,0.0314
1456,brute_force,constant_rate_shaping,malicious_obfuscated,malicious_obfuscated,1,0.2535,0.0241,0.7224
1457,ddos_flood,random_padding,malicious_obfuscated,malicious_obfuscated,1,0.0229,0.0242,0.9529
1458,reverse_shell,dummy_injection,malicious_obfuscated,malicious_obfuscated,1,0.0571,0.0617,0.8812
1459,data_exfiltration,protocol_mimicry+constant_rate_shaping,malicious_obfuscated,malicious_obfuscated,1,0.0876,0.0296,0.8828
1460,video_streaming,none,benign,benign,1,0.9546,0.0256,0.0198
1461,data_exfiltration,block_padding+random_padding,malicious_obfuscated,malicious_obfuscated,1,0.0373,0.0387,0.9241
1462,reverse_shell,none,malicious_plain,malicious_plain,1,0.0130,0.9547,0.0323
1463,web_browsing,fragmentation+timing_jitter,benign,benign,1,0.8622,0.0354,0.1024
1464,ssh_interactive,none,benign,benign,1,0.9591,0.0262,0.0147
1465,ddos_flood,none,malicious_plain,malicious_plain,1,0.0231,0.9340,0.0429
1466,c2_beacon,none,malicious_plain,malicious_plain,1,0.0201,0.9376,0.0423
1467,ddos_flood,fragmentation+dummy_injection,malicious_obfuscated,malicious_obfuscated,1,0.0173,0.0472,0.9356
1468,port_scan,fragmentation+block_padding+timing_jitter,malicious_obfuscated,malicious_obfuscated,1,0.0102,0.0114,0.9784
1469,ddos_flood,none,malicious_plain,malicious_plain,1,0.0220,0.9360,0.0420
1470,c2_beacon,block_padding+random_padding,malicious_obfuscated,malicious_obfuscated,1,0.0146,0.0239,0.9615
1471,port_scan,timing_jitter+constant_rate_shaping,malicious_obfuscated,malicious_obfuscated,1,0.1073,0.0140,0.8787
1472,reverse_shell,none,malicious_plain,malicious_plain,1,0.0111,0.9716,0.0172
1473,file_download,dummy_injection+timing_jitter+tunnel_encapsulation,benign,benign,1,0.9752,0.0139,0.0109
1474,data_exfiltration,fragmentation+block_padding,malicious_obfuscated,malicious_obfuscated,1,0.0308,0.0209,0.9483
1475,reverse_shell,fragmentation+random_padding+tunnel_encapsulation,malicious_obfuscated,malicious_obfuscated,1,0.0172,0.0206,0.9622
1476,c2_beacon,random_padding+timing_jitter+tunnel_encapsulation,malicious_obfuscated,malicious_obfuscated,1,0.0112,0.0081,0.9807
1477,port_scan,block_padding+timing_jitter+tunnel_encapsulation,malicious_obfuscated,malicious_obfuscated,1,0.0100,0.0106,0.9794
1478,video_streaming,timing_jitter,benign,benign,1,0.9544,0.0279,0.0177
1479,ssh_interactive,none,benign,benign,1,0.9613,0.0205,0.0182
1480,data_exfiltration,random_padding+timing_jitter+constant_rate_shaping,malicious_obfuscated,malicious_obfuscated,1,0.1914,0.0419,0.7667
1481,video_streaming,none,benign,benign,1,0.9278,0.0394,0.0328
1482,port_scan,none,malicious_plain,malicious_plain,1,0.0166,0.9273,0.0561
1483,ddos_flood,none,malicious_plain,malicious_plain,1,0.0244,0.9419,0.0337
1484,web_browsing,none,benign,benign,1,0.9775,0.0136,0.0089
1485,ddos_flood,fragmentation,malicious_obfuscated,malicious_plain,0,0.0201,0.9439,0.0359
1486,voip,none,benign,benign,1,0.9703,0.0194,0.0103
1487,c2_beacon,fragmentation+block_padding+tunnel_encapsulation,malicious_obfuscated,malicious_obfuscated,1,0.0264,0.0408,0.9327
1488,brute_force,none,malicious_plain,malicious_plain,1,0.0201,0.9353,0.0446
1489,ddos_flood,block_padding+dummy_injection+timing_jitter,malicious_obfuscated,malicious_obfuscated,1,0.0110,0.0164,0.9727
1490,data_exfiltration,none,malicious_plain,malicious_plain,1,0.0214,0.9638,0.0147
1491,port_scan,none,malicious_plain,malicious_plain,1,0.0228,0.9095,0.0678
1492,ddos_flood,random_padding+timing_jitter+tunnel_encapsulation,malicious_obfuscated,malicious_obfuscated,1,0.0108,0.0256,0.9636
1493,c2_beacon,random_padding+tunnel_encapsulation,malicious_obfuscated,malicious_obfuscated,1,0.0114,0.0272,0.9614
1494,voip,none,benign,benign,1,0.9680,0.0189,0.0131
1495,voip,none,benign,benign,1,0.9699,0.0190,0.0111
1496,file_download,protocol_mimicry+fragmentation,benign,benign,1,0.9379,0.0243,0.0378
1497,ddos_flood,timing_jitter+constant_rate_shaping,malicious_obfuscated,malicious_obfuscated,1,0.0873,0.0222,0.8905
1498,reverse_shell,none,malicious_plain,malicious_plain,1,0.0081,0.9801,0.0118
1499,web_browsing,none,benign,benign,1,0.9521,0.0269,0.0210
1500,reverse_shell,protocol_mimicry+dummy_injection+tunnel_encapsulation,malicious_obfuscated,malicious_obfuscated,1,0.4747,0.0364,0.4889
1501,file_download,none,benign,benign,1,0.9460,0.0252,0.0288
1502,data_exfiltration,none,malicious_plain,malicious_plain,1,0.0224,0.9636,0.0140
1503,reverse_shell,dummy_injection+timing_jitter+tunnel_encapsulation,malicious_obfuscated,malicious_obfuscated,1,0.0259,0.0130,0.9611
1504,port_scan,none,malicious_plain,malicious_plain,1,0.0168,0.9511,0.0321
1505,data_exfiltration,random_padding,malicious_obfuscated,malicious_obfuscated,1,0.0243,0.0392,0.9364
1506,ddos_flood,dummy_injection,malicious_obfuscated,malicious_obfuscated,1,0.0321,0.0635,0.9044
1507,brute_force,block_padding,malicious_obfuscated,malicious_obfuscated,1,0.0146,0.0177,0.9677
1508,data_exfiltration,fragmentation+constant_rate_shaping,malicious_obfuscated,malicious_obfuscated,1,0.0317,0.0146,0.9538
1509,file_download,none,benign,benign,1,0.9486,0.0263,0.0252
1510,video_streaming,none,benign,benign,1,0.9539,0.0253,0.0208
1511,voip,none,benign,benign,1,0.9673,0.0204,0.0123
1512,ssh_interactive,none,benign,benign,1,0.9649,0.0227,0.0124
1513,brute_force,none,malicious_plain,malicious_plain,1,0.0201,0.9206,0.0593
1514,port_scan,none,malicious_plain,malicious_plain,1,0.0185,0.9325,0.0491
1515,c2_beacon,none,malicious_plain,malicious_plain,1,0.0142,0.9675,0.0183
1516,video_streaming,timing_jitter+constant_rate_shaping,benign,benign,1,0.8471,0.0379,0.1151
1517,ddos_flood,tunnel_encapsulation,malicious_obfuscated,malicious_obfuscated,1,0.0268,0.0400,0.9332
1518,ssh_interactive,protocol_mimicry,benign,malicious_obfuscated,0,0.2028,0.0308,0.7664
1519,brute_force,none,malicious_plain,malicious_plain,1,0.0211,0.9252,0.0537
1520,file_download,none,benign,benign,1,0.9484,0.0260,0.0256
1521,port_scan,dummy_injection,malicious_obfuscated,malicious_obfuscated,1,0.0235,0.0443,0.9322
1522,ddos_flood,block_padding,malicious_obfuscated,malicious_obfuscated,1,0.0416,0.0276,0.9308
1523,web_browsing,none,benign,benign,1,0.9603,0.0201,0.0196
1524,c2_beacon,timing_jitter,malicious_obfuscated,malicious_plain,0,0.0178,0.9496,0.0327
1525,c2_beacon,block_padding+random_padding+tunnel_encapsulation,malicious_obfuscated,malicious_obfuscated,1,0.0142,0.0198,0.9659
1526,voip,none,benign,benign,1,0.9683,0.0194,0.0123
1527,brute_force,fragmentation+constant_rate_shaping,malicious_obfuscated,benign,0,0.5719,0.0356,0.3925
1528,c2_beacon,fragmentation+block_padding+timing_jitter,malicious_obfuscated,malicious_obfuscated,1,0.0096,0.0093,0.9810
1529,reverse_shell,none,malicious_plain,malicious_plain,1,0.0385,0.8524,0.1092
1530,c2_beacon,block_padding+timing_jitter+constant_rate_shaping,malicious_obfuscated,malicious_obfuscated,1,0.0678,0.0154,0.9169
1531,reverse_shell,none,malicious_plain,malicious_plain,1,0.0107,0.9645,0.0247
1532,video_streaming,none,benign,benign,1,0.9172,0.0415,0.0413
1533,c2_beacon,none,malicious_plain,malicious_plain,1,0.0171,0.9515,0.0314
1534,ddos_flood,protocol_mimicry+timing_jitter+tunnel_encapsulation,malicious_obfuscated,malicious_obfuscated,1,0.0108,0.0161,0.9730
1535,brute_force,constant_rate_shaping,malicious_obfuscated,malicious_obfuscated,1,0.1800,0.0213,0.7987
1536,data_exfiltration,none,malicious_plain,malicious_plain,1,0.0219,0.9625,0.0156
1537,ddos_flood,none,malicious_plain,malicious_plain,1,0.0262,0.9329,0.0409
1538,ssh_interactive,none,benign,benign,1,0.9589,0.0203,0.0209
1539,brute_force,none,malicious_plain,malicious_plain,1,0.0255,0.9418,0.0327
1540,web_browsing,none,benign,benign,1,0.9234,0.0343,0.0423
1541,video_streaming,none,benign,benign,1,0.9540,0.0257,0.0203
1542,video_streaming,protocol_mimicry+random_padding+timing_jitter,benign,benign,1,0.9398,0.0256,0.0346
1543,file_download,none,benign,benign,1,0.9190,0.0364,0.0446
1544,reverse_shell,protocol_mimicry,malicious_obfuscated,malicious_obfuscated,1,0.4610,0.0419,0.4971
1545,file_download,fragmentation+block_padding,benign,benign,1,0.9480,0.0265,0.0255
1546,ssh_interactive,block_padding+timing_jitter+tunnel_encapsulation,benign,benign,1,0.8759,0.0295,0.0946
1547,voip,protocol_mimicry,benign,benign,1,0.9521,0.0225,0.0255
1548,port_scan,protocol_mimicry+timing_jitter+tunnel_encapsulation,malicious_obfuscated,malicious_obfuscated,1,0.0152,0.0215,0.9634
1549,file_download,none,benign,benign,1,0.9256,0.0390,0.0354
1550,reverse_shell,protocol_mimicry+block_padding+dummy_injection,malicious_obfuscated,malicious_obfuscated,1,0.4204,0.0249,0.5547
1551,data_exfiltration,protocol_mimicry+block_padding+tunnel_encapsulation,malicious_obfuscated,malicious_obfuscated,1,0.0090,0.0072,0.9839
1552,c2_beacon,fragmentation+dummy_injection+constant_rate_shaping,malicious_obfuscated,malicious_obfuscated,1,0.1689,0.0268,0.8043
1553,web_browsing,protocol_mimicry+constant_rate_shaping+tunnel_encapsulation,benign,malicious_obfuscated,0,0.2218,0.0277,0.7505
1554,file_download,protocol_mimicry+constant_rate_shaping+tunnel_encapsulation,benign,benign,1,0.9555,0.0287,0.0158
1555,voip,none,benign,benign,1,0.9688,0.0197,0.0115
1556,brute_force,none,malicious_plain,malicious_plain,1,0.0184,0.9301,0.0515
1557,c2_beacon,fragmentation,malicious_obfuscated,malicious_obfuscated,1,0.0213,0.0614,0.9172
1558,c2_beacon,none,malicious_plain,malicious_plain,1,0.0159,0.9603,0.0238
1559,brute_force,none,malicious_plain,malicious_plain,1,0.0179,0.9560,0.0260
1560,data_exfiltration,random_padding+dummy_injection+constant_rate_shaping,malicious_obfuscated,malicious_obfuscated,1,0.1925,0.0349,0.7727
1561,brute_force,constant_rate_shaping,malicious_obfuscated,malicious_obfuscated,1,0.0645,0.0209,0.9146
1562,reverse_shell,none,malicious_plain,malicious_plain,1,0.0585,0.9049,0.0366
1563,ddos_flood,none,malicious_plain,malicious_plain,1,0.0163,0.9490,0.0346
1564,brute_force,random_padding+constant_rate_shaping,malicious_obfuscated,malicious_obfuscated,1,0.1140,0.0210,0.8650
1565,brute_force,none,malicious_plain,malicious_plain,1,0.0181,0.9468,0.0351
1566,ddos_flood,random_padding,malicious_obfuscated,malicious_obfuscated,1,0.0115,0.0224,0.9661
1567,video_streaming,none,benign,benign,1,0.9591,0.0233,0.0176
1568,file_download,protocol_mimicry+constant_rate_shaping,benign,benign,1,0.9113,0.0408,0.0478
1569,voip,none,benign,benign,1,0.9635,0.0241,0.0124
1570,brute_force,dummy_injection+timing_jitter,malicious_obfuscated,malicious_obfuscated,1,0.0145,0.0214,0.9641
1571,web_browsing,none,benign,benign,1,0.9653,0.0204,0.0143
1572,brute_force,none,malicious_plain,malicious_plain,1,0.0162,0.9568,0.0270
1573,port_scan,none,malicious_plain,malicious_plain,1,0.0235,0.9196,0.0569
1574,ssh_interactive,none,benign,benign,1,0.9571,0.0231,0.0198
1575,voip,random_padding+tunnel_encapsulation,benign,benign,1,0.9130,0.0168,0.0702
1576,reverse_shell,none,malicious_plain,malicious_plain,1,0.0781,0.8644,0.0574
1577,port_scan,dummy_injection+constant_rate_shaping+tunnel_encapsulation,malicious_obfuscated,malicious_obfuscated,1,0.0265,0.0200,0.9535
1578,data_exfiltration,random_padding+constant_rate_shaping,malicious_obfuscated,malicious_obfuscated,1,0.0207,0.0235,0.9558
1579,data_exfiltration,random_padding+constant_rate_shaping,malicious_obfuscated,malicious_obfuscated,1,0.0384,0.0251,0.9365
1580,ssh_interactive,none,benign,benign,1,0.9432,0.0302,0.0266
1581,brute_force,block_padding+dummy_injection+tunnel_encapsulation,malicious_obfuscated,malicious_obfuscated,1,0.0704,0.0197,0.9099
1582,ddos_flood,none,malicious_plain,malicious_plain,1,0.0293,0.8043,0.1664
1583,ssh_interactive,protocol_mimicry+block_padding+dummy_injection,benign,benign,1,0.8202,0.0299,0.1499
1584,ssh_interactive,none,benign,benign,1,0.9255,0.0360,0.0385
1585,ddos_flood,dummy_injection+constant_rate_shaping,malicious_obfuscated,malicious_obfuscated,1,0.0314,0.0188,0.9497
1586,data_exfiltration,protocol_mimicry+block_padding,malicious_obfuscated,malicious_obfuscated,1,0.0172,0.0164,0.9664
1587,reverse_shell,none,malicious_plain,malicious_plain,1,0.0093,0.9652,0.0254
1588,ddos_flood,none,malicious_plain,malicious_plain,1,0.0194,0.9387,0.0418
1589,reverse_shell,none,malicious_plain,malicious_plain,1,0.0121,0.9744,0.0135
1590,brute_force,block_padding+dummy_injection,malicious_obfuscated,malicious_obfuscated,1,0.0195,0.0133,0.9672
1591,ddos_flood,none,malicious_plain,malicious_plain,1,0.0192,0.9420,0.0388
1592,port_scan,none,malicious_plain,malicious_plain,1,0.0224,0.9276,0.0500
1593,data_exfiltration,protocol_mimicry+dummy_injection+tunnel_encapsulation,malicious_obfuscated,malicious_obfuscated,1,0.0192,0.0163,0.9645
1594,c2_beacon,protocol_mimicry+random_padding+constant_rate_shaping,malicious_obfuscated,malicious_obfuscated,1,0.1648,0.0493,0.7859
1595,ddos_flood,none,malicious_plain,malicious_plain,1,0.0274,0.7986,0.1740
1596,brute_force,timing_jitter+constant_rate_shaping,malicious_obfuscated,malicious_obfuscated,1,0.0227,0.0070,0.9703
1597,port_scan,none,malicious_plain,malicious_plain,1,0.0166,0.9400,0.0434
1598,video_streaming,none,benign,benign,1,0.9237,0.0390,0.0373
1599,file_download,none,benign,benign,1,0.9467,0.0283,0.0250
1600,data_exfiltration,none,malicious_plain,malicious_plain,1,0.0218,0.9636,0.0146
1601,port_scan,block_padding+timing_jitter+constant_rate_shaping,malicious_obfuscated,malicious_obfuscated,1,0.1271,0.0159,0.8570
1602,port_scan,none,malicious_plain,malicious_plain,1,0.0180,0.9379,0.0441
1603,ssh_interactive,none,benign,benign,1,0.9548,0.0269,0.0183
1604,ssh_interactive,protocol_mimicry+constant_rate_shaping,benign,malicious_obfuscated,0,0.1770,0.0199,0.8031
1605,ddos_flood,protocol_mimicry+random_padding+dummy_injection,malicious_obfuscated,malicious_obfuscated,1,0.0132,0.0160,0.9708
1606,brute_force,none,malicious_plain,malicious_plain,1,0.0174,0.9553,0.0272
1607,port_scan,none,malicious_plain,malicious_plain,1,0.0226,0.9237,0.0537
1608,video_streaming,block_padding+constant_rate_shaping,benign,benign,1,0.8734,0.0415,0.0850
1609,video_streaming,none,benign,benign,1,0.9401,0.0341,0.0257
1610,web_browsing,none,benign,benign,1,0.9642,0.0196,0.0162
1611,port_scan,protocol_mimicry+timing_jitter,malicious_obfuscated,malicious_obfuscated,1,0.0049,0.0079,0.9872
1612,data_exfiltration,protocol_mimicry+fragmentation+constant_rate_shaping,malicious_obfuscated,malicious_obfuscated,1,0.0067,0.0089,0.9844
1613,web_browsing,none,benign,benign,1,0.9569,0.0234,0.0197
1614,c2_beacon,timing_jitter,malicious_obfuscated,malicious_plain,0,0.0217,0.9160,0.0623
1615,reverse_shell,none,malicious_plain,malicious_plain,1,0.0245,0.9587,0.0168
1616,video_streaming,protocol_mimicry+tunnel_encapsulation,benign,benign,1,0.9494,0.0302,0.0204
1617,voip,none,benign,benign,1,0.9720,0.0188,0.0092
1618,reverse_shell,protocol_mimicry+block_padding,malicious_obfuscated,malicious_obfuscated,1,0.0642,0.0148,0.9210
1619,ddos_flood,none,malicious_plain,malicious_plain,1,0.0244,0.9316,0.0440
1620,c2_beacon,random_padding+timing_jitter+tunnel_encapsulation,malicious_obfuscated,malicious_obfuscated,1,0.0159,0.0164,0.9677
1621,reverse_shell,timing_jitter+tunnel_encapsulation,malicious_obfuscated,malicious_obfuscated,1,0.0217,0.0126,0.9657
1622,port_scan,protocol_mimicry+block_padding+random_padding,malicious_obfuscated,malicious_obfuscated,1,0.0152,0.0196,0.9652
1623,voip,dummy_injection+timing_jitter+constant_rate_shaping,benign,malicious_obfuscated,0,0.1720,0.0388,0.7891
1624,video_streaming,none,benign,benign,1,0.9538,0.0257,0.0205
1625,ddos_flood,fragmentation+block_padding+dummy_injection,malicious_obfuscated,malicious_obfuscated,1,0.0098,0.0112,0.9790
1626,web_browsing,fragmentation+timing_jitter,benign,malicious_obfuscated,0,0.4632,0.0408,0.4960
1627,video_streaming,none,benign,benign,1,0.9447,0.0297,0.0257
1628,voip,random_padding,benign,benign,1,0.9674,0.0143,0.0183
1629,web_browsing,none,benign,benign,1,0.9339,0.0323,0.0338
1630,voip,protocol_mimicry+random_padding+dummy_injection,benign,benign,1,0.5084,0.0325,0.4590
1631,web_browsing,none,benign,benign,1,0.9729,0.0161,0.0111
1632,brute_force,random_padding+dummy_injection+constant_rate_shaping,malicious_obfuscated,malicious_obfuscated,1,0.0827,0.0327,0.8846
1633,ddos_flood,none,malicious_plain,malicious_plain,1,0.0189,0.9412,0.0399
1634,voip,block_padding+timing_jitter+tunnel_encapsulation,benign,malicious_obfuscated,0,0.2277,0.0366,0.7356
1635,reverse_shell,tunnel_encapsulation,malicious_obfuscated,malicious_obfuscated,1,0.0194,0.0613,0.9194
1636,ssh_interactive,none,benign,benign,1,0.9391,0.0300,0.0309
1637,ddos_flood,random_padding,malicious_obfuscated,malicious_obfuscated,1,0.0457,0.1134,0.8409
1638,reverse_shell,protocol_mimicry+tunnel_encapsulation,malicious_obfuscated,malicious_obfuscated,1,0.1705,0.0293,0.8002
1639,file_download,none,benign,benign,1,0.9380,0.0307,0.0312
1640,port_scan,dummy_injection+timing_jitter,malicious_obfuscated,malicious_obfuscated,1,0.0271,0.0189,0.9540
1641,port_scan,tunnel_encapsulation,malicious_obfuscated,malicious_obfuscated,1,0.0099,0.0184,0.9716
1642,ddos_flood,fragmentation+random_padding+dummy_injection,malicious_obfuscated,malicious_obfuscated,1,0.0233,0.0342,0.9426
1643,data_exfiltration,dummy_injection+timing_jitter,malicious_obfuscated,malicious_obfuscated,1,0.0337,0.0243,0.9420
1644,port_scan,none,malicious_plain,malicious_plain,1,0.0268,0.9183,0.0549
1645,brute_force,fragmentation+constant_rate_shaping,malicious_obfuscated,malicious_obfuscated,1,0.0638,0.0142,0.9221
1646,video_streaming,none,benign,benign,1,0.9623,0.0210,0.0167
1647,ddos_flood,none,malicious_plain,malicious_plain,1,0.0242,0.9364,0.0394
1648,port_scan,timing_jitter+constant_rate_shaping,malicious_obfuscated,malicious_obfuscated,1,0.0218,0.0192,0.9590
1649,brute_force,none,malicious_plain,malicious_plain,1,0.0152,0.9516,0.0332
1650,ddos_flood,none,malicious_plain,malicious_plain,1,0.0249,0.9380,0.0371
1651,reverse_shell,dummy_injection,malicious_obfuscated,malicious_obfuscated,1,0.0108,0.0121,0.9771
1652,file_download,none,benign,benign,1,0.9451,0.0270,0.0278
1653,data_exfiltration,none,malicious_plain,malicious_plain,1,0.0230,0.9612,0.0158
1654,c2_beacon,none,malicious_plain,malicious_plain,1,0.0186,0.9338,0.0476
1655,video_streaming,fragmentation+dummy_injection,benign,benign,1,0.9409,0.0245,0.0346
1656,data_exfiltration,none,malicious_plain,malicious_plain,1,0.0237,0.9595,0.0168
1657,reverse_shell,protocol_mimicry+dummy_injection+tunnel_encapsulation,malicious_obfuscated,malicious_obfuscated,1,0.0622,0.0207,0.9170
1658,c2_beacon,none,malicious_plain,malicious_plain,1,0.0126,0.9693,0.0181
1659,data_exfiltration,none,malicious_plain,malicious_plain,1,0.0267,0.9574,0.0159
1660,voip,none,benign,benign,1,0.9691,0.0190,0.0119
1661,c2_beacon,fragmentation+block_padding+timing_jitter,malicious_obfuscated,malicious_obfuscated,1,0.0138,0.0102,0.9760
1662,video_streaming,none,benign,benign,1,0.9649,0.0199,0.0152
1663,data_exfiltration,timing_jitter,malicious_obfuscated,malicious_obfuscated,1,0.0164,0.0300,0.9536
1664,brute_force,protocol_mimicry+block_padding+constant_rate_shaping,malicious_obfuscated,malicious_obfuscated,1,0.0278,0.0147,0.9575
1665,brute_force,tunnel_encapsulation,malicious_obfuscated,malicious_obfuscated,1,0.0332,0.0360,0.9308
1666,file_download,none,benign,benign,1,0.9587,0.0221,0.0192
1667,video_streaming,protocol_mimicry+block_padding,benign,benign,1,0.9790,0.0121,0.0089
1668,ssh_interactive,none,benign,benign,1,0.9487,0.0299,0.0214
1669,brute_force,none,malicious_plain,malicious_plain,1,0.0210,0.9359,0.0431
1670,brute_force,none,malicious_plain,malicious_plain,1,0.0226,0.9503,0.0270
1671,c2_beacon,none,malicious_plain,malicious_plain,1,0.0170,0.9571,0.0259
1672,c2_beacon,none,malicious_plain,malicious_plain,1,0.0089,0.9708,0.0203
1673,c2_beacon,none,malicious_plain,malicious_plain,1,0.0159,0.9528,0.0313
1674,web_browsing,none,benign,benign,1,0.9730,0.0143,0.0127
1675,ddos_flood,none,malicious_plain,malicious_plain,1,0.0162,0.9539,0.0300
1676,port_scan,none,malicious_plain,malicious_plain,1,0.0167,0.9344,0.0489
1677,data_exfiltration,none,malicious_plain,malicious_plain,1,0.0226,0.9616,0.0158
1678,ddos_flood,none,malicious_plain,malicious_plain,1,0.0166,0.9498,0.0336
1679,port_scan,none,malicious_plain,malicious_plain,1,0.0223,0.9430,0.0347
1680,data_exfiltration,none,malicious_plain,malicious_plain,1,0.0229,0.9606,0.0165
1681,reverse_shell,block_padding+dummy_injection+constant_rate_shaping,malicious_obfuscated,malicious_obfuscated,1,0.2295,0.0207,0.7497
1682,file_download,fragmentation+block_padding,benign,benign,1,0.9747,0.0173,0.0079
1683,file_download,none,benign,benign,1,0.9531,0.0243,0.0226
1684,video_streaming,none,benign,benign,1,0.9418,0.0307,0.0275
1685,data_exfiltration,none,malicious_plain,malicious_plain,1,0.0222,0.9646,0.0132
1686,video_streaming,none,benign,benign,1,0.9396,0.0333,0.0271
1687,c2_beacon,fragmentation+dummy_injection,malicious_obfuscated,malicious_obfuscated,1,0.0088,0.0126,0.9786
1688,brute_force,none,malicious_plain,malicious_plain,1,0.0221,0.9438,0.0341
1689,data_exfiltration,none,malicious_plain,malicious_plain,1,0.0217,0.9625,0.0158
1690,ssh_interactive,fragmentation+random_padding+dummy_injection,benign,benign,1,0.9562,0.0131,0.0307
1691,ssh_interactive,fragmentation+dummy_injection+timing_jitter,benign,benign,1,0.9218,0.0238,0.0544
1692,web_browsing,random_padding+timing_jitter+constant_rate_shaping,benign,malicious_obfuscated,0,0.3045,0.0455,0.6500
1693,ddos_flood,protocol_mimicry,malicious_obfuscated,malicious_obfuscated,1,0.0194,0.0227,0.9579
1694,c2_beacon,none,malicious_plain,malicious_plain,1,0.0199,0.9371,0.0430
1695,web_browsing,block_padding,benign,benign,1,0.8747,0.0398,0.0854
1696,ddos_flood,none,malicious_plain,malicious_plain,1,0.0222,0.9428,0.0350
1697,file_download,none,benign,benign,1,0.9164,0.0435,0.0400
1698,data_exfiltration,none,malicious_plain,malicious_plain,1,0.0191,0.9688,0.0121
1699,ddos_flood,block_padding+constant_rate_shaping,malicious_obfuscated,malicious_obfuscated,1,0.0331,0.0299,0.9370
1700,ddos_flood,protocol_mimicry+timing_jitter,malicious_obfuscated,malicious_obfuscated,1,0.0127,0.0164,0.9709
1701,brute_force,none,malicious_plain,malicious_plain,1,0.0178,0.9481,0.0342
1702,port_scan,protocol_mimicry+fragmentation+timing_jitter,malicious_obfuscated,malicious_obfuscated,1,0.0189,0.0199,0.9612
1703,port_scan,constant_rate_shaping+tunnel_encapsulation,malicious_obfuscated,malicious_obfuscated,1,0.0254,0.0149,0.9597
1704,voip,protocol_mimicry,benign,benign,1,0.8828,0.0344,0.0829
1705,port_scan,none,malicious_plain,malicious_plain,1,0.0154,0.9463,0.0384
1706,c2_beacon,none,malicious_plain,malicious_plain,1,0.0153,0.9401,0.0446
1707,c2_beacon,fragmentation+random_padding+timing_jitter,malicious_obfuscated,malicious_obfuscated,1,0.0063,0.0074,0.9864
1708,data_exfiltration,none,malicious_plain,malicious_plain,1,0.0234,0.9621,0.0145
1709,file_download,constant_rate_shaping,benign,benign,1,0.9223,0.0385,0.0392
1710,video_streaming,tunnel_encapsulation,benign,benign,1,0.9697,0.0190,0.0113
1711,voip,none,benign,benign,1,0.9676,0.0176,0.0147
1712,brute_force,timing_jitter+constant_rate_shaping,malicious_obfuscated,malicious_obfuscated,1,0.3181,0.0315,0.6504
1713,file_download,none,benign,benign,1,0.9434,0.0282,0.0285
1714,brute_force,block_padding+constant_rate_shaping,malicious_obfuscated,malicious_obfuscated,1,0.0305,0.0080,0.9616
1715,ddos_flood,none,malicious_plain,malicious_plain,1,0.0178,0.9418,0.0404
1716,data_exfiltration,random_padding+dummy_injection+tunnel_encapsulation,malicious_obfuscated,malicious_obfuscated,1,0.0236,0.0153,0.9611
1717,ddos_flood,none,malicious_plain,malicious_plain,1,0.0221,0.9368,0.0411
1718,file_download,none,benign,benign,1,0.9374,0.0328,0.0297
1719,port_scan,none,malicious_plain,malicious_plain,1,0.0157,0.9483,0.0360
1720,ddos_flood,none,malicious_plain,malicious_plain,1,0.0319,0.9160,0.0521
1721,ssh_interactive,none,benign,benign,1,0.9625,0.0194,0.0181
1722,brute_force,none,malicious_plain,malicious_plain,1,0.0180,0.9489,0.0331
1723,ddos_flood,protocol_mimicry+block_padding+timing_jitter,malicious_obfuscated,malicious_obfuscated,1,0.0201,0.0194,0.9605
1724,reverse_shell,dummy_injection+timing_jitter,malicious_obfuscated,malicious_obfuscated,1,0.0236,0.0235,0.9529
1725,video_streaming,tunnel_encapsulation,benign,benign,1,0.9649,0.0220,0.0132
1726,port_scan,block_padding+random_padding+dummy_injection,malicious_obfuscated,malicious_obfuscated,1,0.0228,0.0202,0.9570
1727,file_download,none,benign,benign,1,0.9399,0.0268,0.0333
1728,brute_force,none,malicious_plain,malicious_plain,1,0.0183,0.9475,0.0342
1729,c2_beacon,protocol_mimicry+timing_jitter+tunnel_encapsulation,malicious_obfuscated,malicious_obfuscated,1,0.0302,0.0185,0.9513
1730,web_browsing,none,benign,benign,1,0.9626,0.0208,0.0167
1731,reverse_shell,block_padding+random_padding,malicious_obfuscated,malicious_obfuscated,1,0.0163,0.0236,0.9601
1732,c2_beacon,none,malicious_plain,malicious_plain,1,0.0154,0.9555,0.0290
1733,web_browsing,none,benign,benign,1,0.8521,0.0689,0.0790
1734,brute_force,fragmentation+constant_rate_shaping,malicious_obfuscated,malicious_obfuscated,1,0.2288,0.0291,0.7421
1735,file_download,protocol_mimicry+random_padding+timing_jitter,benign,benign,1,0.9790,0.0141,0.0069
1736,brute_force,none,malicious_plain,malicious_plain,1,0.0172,0.9529,0.0299
1737,port_scan,dummy_injection+constant_rate_shaping+tunnel_encapsulation,malicious_obfuscated,malicious_obfuscated,1,0.0334,0.0201,0.9465
1738,ssh_interactive,none,benign,benign,1,0.9680,0.0223,0.0097
1739,port_scan,block_padding+random_padding+dummy_injection,malicious_obfuscated,malicious_obfuscated,1,0.0361,0.0150,0.9490
1740,file_download,none,benign,benign,1,0.9408,0.0314,0.0278
1741,reverse_shell,none,malicious_plain,malicious_plain,1,0.0083,0.9634,0.0283
1742,reverse_shell,none,malicious_plain,malicious_plain,1,0.0394,0.9449,0.0157
1743,ddos_flood,fragmentation+random_padding+dummy_injection,malicious_obfuscated,malicious_obfuscated,1,0.0081,0.0122,0.9797
1744,ssh_interactive,fragmentation+dummy_injection+tunnel_encapsulation,benign,benign,1,0.9522,0.0107,0.0371
1745,file_download,protocol_mimicry+dummy_injection+timing_jitter,benign,benign,1,0.8397,0.0258,0.1345
1746,web_browsing,block_padding+random_padding+tunnel_encapsulation,benign,benign,1,0.9383,0.0230,0.0387
1747,reverse_shell,none,malicious_plain,malicious_plain,1,0.0120,0.9795,0.0086
1748,reverse_shell,fragmentation+block_padding+random_padding,malicious_obfuscated,malicious_obfuscated,1,0.0209,0.0228,0.9563
1749,port_scan,dummy_injection+constant_rate_shaping,malicious_obfuscated,malicious_obfuscated,1,0.2159,0.0259,0.7582
1750,c2_beacon,none,malicious_plain,malicious_plain,1,0.0147,0.9517,0.0337
1751,data_exfiltration,none,malicious_plain,malicious_plain,1,0.0232,0.9596,0.0172
1752,brute_force,random_padding,malicious_obfuscated,malicious_obfuscated,1,0.0208,0.0398,0.9394
1753,c2_beacon,protocol_mimicry+dummy_injection,malicious_obfuscated,benign,0,0.7257,0.0217,0.2527
1754,data_exfiltration,random_padding,malicious_obfuscated,malicious_obfuscated,1,0.0246,0.0282,0.9472
1755,video_streaming,none,benign,benign,1,0.9504,0.0276,0.0220
1756,brute_force,none,malicious_plain,malicious_plain,1,0.0211,0.9401,0.0388
1757,video_streaming,none,benign,benign,1,0.9447,0.0293,0.0260
1758,video_streaming,none,benign,benign,1,0.9146,0.0444,0.0410
1759,ssh_interactive,dummy_injection,benign,benign,1,0.8499,0.0433,0.1068
1760,web_browsing,none,benign,benign,1,0.9509,0.0275,0.0215
1761,voip,protocol_mimicry+timing_jitter,benign,benign,1,0.6958,0.0371,0.2671
1762,ddos_flood,none,malicious_plain,malicious_plain,1,0.0251,0.9312,0.0437
1763,data_exfiltration,none,malicious_plain,malicious_plain,1,0.0187,0.9678,0.0135
1764,port_scan,none,malicious_plain,malicious_plain,1,0.0199,0.9123,0.0678
1765,data_exfiltration,none,malicious_plain,malicious_plain,1,0.0167,0.9706,0.0127
1766,port_scan,protocol_mimicry+fragmentation,malicious_obfuscated,malicious_obfuscated,1,0.0090,0.0160,0.9751
1767,ddos_flood,random_padding,malicious_obfuscated,malicious_obfuscated,1,0.0214,0.0191,0.9594
1768,voip,timing_jitter+constant_rate_shaping,benign,malicious_obfuscated,0,0.1706,0.0185,0.8109
1769,brute_force,none,malicious_plain,malicious_plain,1,0.0189,0.9480,0.0332
1770,ddos_flood,random_padding+constant_rate_shaping,malicious_obfuscated,malicious_obfuscated,1,0.0150,0.0198,0.9652
1771,ddos_flood,random_padding+dummy_injection,malicious_obfuscated,malicious_obfuscated,1,0.0186,0.0244,0.9570
1772,web_browsing,none,benign,benign,1,0.9481,0.0286,0.0233
1773,data_exfiltration,none,malicious_plain,malicious_plain,1,0.0209,0.9662,0.0129
1774,data_exfiltration,block_padding+dummy_injection,malicious_obfuscated,malicious_obfuscated,1,0.0122,0.0133,0.9745
1775,c2_beacon,none,malicious_plain,malicious_plain,1,0.0203,0.9285,0.0512
1776,c2_beacon,timing_jitter,malicious_obfuscated,malicious_plain,0,0.0243,0.8513,0.1244
1777,port_scan,random_padding+constant_rate_shaping,malicious_obfuscated,malicious_obfuscated,1,0.0172,0.0200,0.9629
1778,brute_force,none,malicious_plain,malicious_plain,1,0.0138,0.9533,0.0329
1779,ddos_flood,none,malicious_plain,malicious_plain,1,0.0243,0.9418,0.0340
1780,voip,protocol_mimicry,benign,benign,1,0.9463,0.0176,0.0361
1781,video_streaming,none,benign,benign,1,0.9548,0.0257,0.0195
1782,file_download,none,benign,benign,1,0.9496,0.0250,0.0254
1783,ddos_flood,none,malicious_plain,malicious_plain,1,0.0242,0.9282,0.0476
1784,ddos_flood,block_padding,malicious_obfuscated,malicious_obfuscated,1,0.0127,0.0271,0.9602
1785,voip,none,benign,benign,1,0.9663,0.0174,0.0164
1786,web_browsing,none,benign,benign,1,0.9662,0.0202,0.0136
1787,c2_beacon,none,malicious_plain,malicious_plain,1,0.0135,0.9497,0.0368
1788,web_browsing,none,benign,benign,1,0.9433,0.0301,0.0266
1789,web_browsing,protocol_mimicry,benign,benign,1,0.6333,0.0589,0.3078
1790,reverse_shell,dummy_injection,malicious_obfuscated,malicious_obfuscated,1,0.4428,0.0662,0.4910
1791,ssh_interactive,none,benign,benign,1,0.9595,0.0246,0.0159
1792,c2_beacon,fragmentation+tunnel_encapsulation,malicious_obfuscated,malicious_obfuscated,1,0.0100,0.0121,0.9779
1793,port_scan,none,malicious_plain,malicious_plain,1,0.0206,0.9186,0.0608
1794,reverse_shell,tunnel_encapsulation,malicious_obfuscated,malicious_obfuscated,1,0.0131,0.0143,0.9726
1795,ssh_interactive,none,benign,benign,1,0.9625,0.0239,0.0136
1796,file_download,protocol_mimicry+block_padding,benign,benign,1,0.9509,0.0197,0.0294
1797,ssh_interactive,none,benign,benign,1,0.9442,0.0329,0.0230
1798,reverse_shell,none,malicious_plain,malicious_plain,1,0.0068,0.9850,0.0082
1799,reverse_shell,tunnel_encapsulation,malicious_obfuscated,malicious_obfuscated,1,0.2183,0.0465,0.7352
1800,c2_beacon,none,malicious_plain,malicious_plain,1,0.0223,0.9170,0.0607
1801,c2_beacon,none,malicious_plain,malicious_plain,1,0.0183,0.9620,0.0197
1802,data_exfiltration,none,malicious_plain,malicious_plain,1,0.0215,0.9635,0.0150
1803,c2_beacon,none,malicious_plain,malicious_plain,1,0.0153,0.9563,0.0285
1804,voip,block_padding,benign,benign,1,0.9097,0.0189,0.0714
1805,brute_force,none,malicious_plain,malicious_plain,1,0.0243,0.9346,0.0411
1806,voip,none,benign,benign,1,0.9732,0.0178,0.0090
1807,c2_beacon,none,malicious_plain,malicious_plain,1,0.0242,0.9333,0.0425
1808,web_browsing,protocol_mimicry+fragmentation+dummy_injection,benign,benign,1,0.9589,0.0157,0.0253
1809,brute_force,dummy_injection,malicious_obfuscated,malicious_obfuscated,1,0.0197,0.0234,0.9569
1810,video_streaming,protocol_mimicry+tunnel_encapsulation,benign,benign,1,0.9795,0.0142,0.0063
1811,c2_beacon,none,malicious_plain,malicious_plain,1,0.0276,0.9193,0.0531
1812,voip,none,benign,benign,1,0.9660,0.0216,0.0124
1813,reverse_shell,block_padding,malicious_obfuscated,malicious_obfuscated,1,0.0266,0.0274,0.9460
1814,reverse_shell,tunnel_encapsulation,malicious_obfuscated,malicious_obfuscated,1,0.0346,0.0236,0.9418
1815,port_scan,dummy_injection,malicious_obfuscated,malicious_obfuscated,1,0.0195,0.0995,0.8810
1816,video_streaming,none,benign,benign,1,0.9225,0.0405,0.0370
1817,voip,none,benign,benign,1,0.9638,0.0233,0.0129
1818,ddos_flood,dummy_injection+timing_jitter+constant_rate_shaping,malicious_obfuscated,malicious_obfuscated,1,0.0923,0.0166,0.8911
1819,port_scan,none,malicious_plain,malicious_plain,1,0.0123,0.9594,0.0284
1820,file_download,none,benign,benign,1,0.9513,0.0247,0.0241
1821,brute_force,none,malicious_plain,malicious_plain,1,0.0167,0.9508,0.0325
1822,brute_force,block_padding+constant_rate_shaping,malicious_obfuscated,malicious_obfuscated,1,0.2046,0.0368,0.7586
1823,port_scan,block_padding+dummy_injection,malicious_obfuscated,malicious_obfuscated,1,0.0222,0.0292,0.9486
1824,data_exfiltration,none,malicious_plain,malicious_plain,1,0.0213,0.9638,0.0149
1825,file_download,none,benign,benign,1,0.9300,0.0333,0.0367
1826,ddos_flood,dummy_injection,malicious_obfuscated,malicious_obfuscated,1,0.0215,0.0643,0.9143
1827,reverse_shell,random_padding+timing_jitter+constant_rate_shaping,malicious_obfuscated,malicious_obfuscated,1,0.2480,0.0305,0.7214
1828,ddos_flood,block_padding+tunnel_encapsulation,malicious_obfuscated,malicious_obfuscated,1,0.0137,0.0194,0.9670
1829,data_exfiltration,block_padding+dummy_injection+constant_rate_shaping,malicious_obfuscated,malicious_obfuscated,1,0.1421,0.0308,0.8271
1830,port_scan,timing_jitter+tunnel_encapsulation,malicious_obfuscated,malicious_obfuscated,1,0.0067,0.0182,0.9752
1831,c2_beacon,protocol_mimicry,malicious_obfuscated,malicious_obfuscated,1,0.0248,0.0104,0.9647
1832,brute_force,fragmentation+timing_jitter+constant_rate_shaping,malicious_obfuscated,malicious_obfuscated,1,0.2442,0.0286,0.7272
1833,file_download,block_padding+random_padding,benign,benign,1,0.9486,0.0283,0.0231
1834,data_exfiltration,none,malicious_plain,malicious_plain,1,0.0242,0.9595,0.0163
1835,ddos_flood,none,malicious_plain,malicious_plain,1,0.0180,0.9446,0.0373
1836,port_scan,none,malicious_plain,malicious_plain,1,0.0143,0.9391,0.0466
1837,c2_beacon,none,malicious_plain,malicious_plain,1,0.0158,0.9521,0.0321
1838,brute_force,none,malicious_plain,malicious_plain,1,0.0146,0.9504,0.0350
1839,c2_beacon,none,malicious_plain,malicious_plain,1,0.0176,0.9523,0.0301
1840,video_streaming,none,benign,benign,1,0.9435,0.0288,0.0276
1841,web_browsing,none,benign,benign,1,0.9561,0.0227,0.0212
1842,data_exfiltration,none,malicious_plain,malicious_plain,1,0.0265,0.9573,0.0162
1843,video_streaming,none,benign,benign,1,0.9368,0.0341,0.0291
1844,c2_beacon,none,malicious_plain,malicious_plain,1,0.0174,0.9481,0.0345
1845,ddos_flood,dummy_injection,malicious_obfuscated,malicious_obfuscated,1,0.0273,0.0295,0.9432
1846,file_download,fragmentation+random_padding,benign,benign,1,0.9724,0.0206,0.0070
1847,ddos_flood,protocol_mimicry+random_padding,malicious_obfuscated,malicious_obfuscated,1,0.0224,0.0206,0.9570
1848,c2_beacon,fragmentation+block_padding+tunnel_encapsulation,malicious_obfuscated,malicious_obfuscated,1,0.0460,0.0164,0.9376
1849,ssh_interactive,none,benign,benign,1,0.9694,0.0196,0.0110
1850,c2_beacon,none,malicious_plain,malicious_plain,1,0.0163,0.9523,0.0314
1851,reverse_shell,none,malicious_plain,malicious_plain,1,0.0103,0.9708,0.0188
1852,data_exfiltration,none,malicious_plain,malicious_plain,1,0.0210,0.9642,0.0148
1853,port_scan,timing_jitter+constant_rate_shaping+tunnel_encapsulation,malicious_obfuscated,malicious_obfuscated,1,0.0788,0.0207,0.9005
1854,reverse_shell,dummy_injection,malicious_obfuscated,malicious_obfuscated,1,0.1007,0.0299,0.8694
1855,data_exfiltration,constant_rate_shaping,malicious_obfuscated,malicious_obfuscated,1,0.0341,0.0262,0.9397
1856,data_exfiltration,none,malicious_plain,malicious_plain,1,0.0237,0.9611,0.0152
1857,web_browsing,none,benign,benign,1,0.9656,0.0196,0.0148
1858,voip,none,benign,benign,1,0.9680,0.0195,0.0125
1859,video_streaming,none,benign,benign,1,0.9395,0.0316,0.0289
1860,reverse_shell,dummy_injection+tunnel_encapsulation,malicious_obfuscated,malicious_obfuscated,1,0.0318,0.0254,0.9428
1861,data_exfiltration,none,malicious_plain,malicious_plain,1,0.0207,0.9661,0.0132
1862,data_exfiltration,none,malicious_plain,malicious_plain,1,0.0210,0.9657,0.0133
1863,reverse_shell,protocol_mimicry+timing_jitter+tunnel_encapsulation,malicious_obfuscated,malicious_obfuscated,1,0.2668,0.0245,0.7087
1864,reverse_shell,none,malicious_plain,malicious_plain,1,0.0127,0.9676,0.0198
1865,data_exfiltration,none,malicious_plain,malicious_plain,1,0.0195,0.9667,0.0138
1866,c2_beacon,protocol_mimicry+fragmentation+random_padding,malicious_obfuscated,benign,0,0.4853,0.0508,0.4639
1867,port_scan,none,malicious_plain,malicious_plain,1,0.0137,0.9533,0.0330
1868,file_download,none,benign,benign,1,0.9472,0.0268,0.0260
1869,web_browsing,none,benign,benign,1,0.9522,0.0277,0.0201
1870,voip,none,benign,benign,1,0.9726,0.0189,0.0086
1871,reverse_shell,none,malicious_plain,malicious_plain,1,0.0106,0.9722,0.0172
1872,video_streaming,none,benign,benign,1,0.9055,0.0474,0.0471
1873,ddos_flood,none,malicious_plain,malicious_plain,1,0.0339,0.7691,0.1970
1874,video_streaming,fragmentation,benign,benign,1,0.9476,0.0265,0.0258
1875,file_download,none,benign,benign,1,0.9325,0.0332,0.0343
1876,voip,none,benign,benign,1,0.9671,0.0203,0.0126
1877,voip,block_padding+tunnel_encapsulation,benign,benign,1,0.8970,0.0244,0.0786
1878,web_browsing,none,benign,benign,1,0.9648,0.0200,0.0152
1879,port_scan,random_padding,malicious_obfuscated,malicious_obfuscated,1,0.0190,0.0180,0.9630
1880,brute_force,none,malicious_plain,malicious_plain,1,0.0186,0.9499,0.0316
1881,ddos_flood,protocol_mimicry+block_padding+dummy_injection,malicious_obfuscated,malicious_obfuscated,1,0.0326,0.0208,0.9466
1882,brute_force,timing_jitter,malicious_obfuscated,malicious_plain,0,0.0367,0.7799,0.1834
1883,video_streaming,none,benign,benign,1,0.9513,0.0266,0.0222
1884,c2_beacon,none,malicious_plain,malicious_plain,1,0.0153,0.9338,0.0509
1885,port_scan,protocol_mimicry+tunnel_encapsulation,malicious_obfuscated,malicious_obfuscated,1,0.0211,0.0273,0.9516
1886,c2_beacon,none,malicious_plain,malicious_plain,1,0.0128,0.9612,0.0260
1887,reverse_shell,tunnel_encapsulation,malicious_obfuscated,malicious_obfuscated,1,0.0318,0.0442,0.9240
1888,video_streaming,none,benign,benign,1,0.9372,0.0360,0.0268
1889,ssh_interactive,random_padding+constant_rate_shaping,benign,benign,1,0.8123,0.0225,0.1652
1890,ddos_flood,random_padding,malicious_obfuscated,malicious_obfuscated,1,0.0157,0.0168,0.9676
1891,port_scan,dummy_injection,malicious_obfuscated,malicious_obfuscated,1,0.0169,0.0264,0.9568
1892,ddos_flood,block_padding+dummy_injection,malicious_obfuscated,malicious_obfuscated,1,0.0098,0.0263,0.9639
1893,ssh_interactive,none,benign,benign,1,0.9607,0.0264,0.0130
1894,c2_beacon,none,malicious_plain,malicious_plain,1,0.0140,0.9634,0.0225
1895,data_exfiltration,none,malicious_plain,malicious_plain,1,0.0213,0.9630,0.0158
1896,brute_force,protocol_mimicry+timing_jitter,malicious_obfuscated,malicious_obfuscated,1,0.0166,0.0187,0.9648
1897,port_scan,protocol_mimicry,malicious_obfuscated,malicious_obfuscated,1,0.0322,0.0838,0.8840
1898,reverse_shell,protocol_mimicry+random_padding+tunnel_encapsulation,malicious_obfuscated,malicious_obfuscated,1,0.3794,0.0301,0.5906
1899,file_download,none,benign,benign,1,0.9122,0.0409,0.0468
1900,port_scan,none,malicious_plain,malicious_plain,1,0.0165,0.9553,0.0283
1901,data_exfiltration,none,malicious_plain,malicious_plain,1,0.0261,0.9577,0.0162
1902,c2_beacon,protocol_mimicry,malicious_obfuscated,malicious_obfuscated,1,0.0449,0.0222,0.9329
1903,data_exfiltration,block_padding+random_padding+dummy_injection,malicious_obfuscated,malicious_obfuscated,1,0.0124,0.0119,0.9757
1904,video_streaming,protocol_mimicry+block_padding+random_padding,benign,benign,1,0.9766,0.0147,0.0086
1905,brute_force,none,malicious_plain,malicious_plain,1,0.0187,0.9394,0.0418
1906,web_browsing,none,benign,benign,1,0.9756,0.0141,0.0103
1907,port_scan,none,malicious_plain,malicious_plain,1,0.0187,0.9439,0.0374
1908,data_exfiltration,protocol_mimicry,malicious_obfuscated,malicious_obfuscated,1,0.0092,0.0172,0.9736
1909,data_exfiltration,none,malicious_plain,malicious_plain,1,0.0258,0.9576,0.0167
1910,data_exfiltration,none,malicious_plain,malicious_plain,1,0.0211,0.9656,0.0133
1911,ddos_flood,tunnel_encapsulation,malicious_obfuscated,malicious_obfuscated,1,0.0203,0.0299,0.9498
1912,port_scan,none,malicious_plain,malicious_plain,1,0.0231,0.9460,0.0309
1913,data_exfiltration,protocol_mimicry+fragmentation,malicious_obfuscated,malicious_obfuscated,1,0.0166,0.0167,0.9667
1914,brute_force,constant_rate_shaping,malicious_obfuscated,malicious_obfuscated,1,0.1290,0.0258,0.8452
1915,ddos_flood,protocol_mimicry+fragmentation,malicious_obfuscated,malicious_obfuscated,1,0.0130,0.0176,0.9694
1916,video_streaming,none,benign,benign,1,0.9556,0.0236,0.0208
1917,data_exfiltration,none,malicious_plain,malicious_plain,1,0.0239,0.9625,0.0137
1918,ddos_flood,fragmentation+block_padding+dummy_injection,malicious_obfuscated,malicious_obfuscated,1,0.0143,0.0225,0.9632
1919,brute_force,none,malicious_plain,malicious_plain,1,0.0185,0.9350,0.0465
1920,data_exfiltration,none,malicious_plain,malicious_plain,1,0.0225,0.9635,0.0140
1921,ssh_interactive,timing_jitter,benign,benign,1,0.9507,0.0250,0.0242
1922,voip,none,benign,benign,1,0.9669,0.0218,0.0113
1923,file_download,none,benign,benign,1,0.9343,0.0306,0.0351
1924,reverse_shell,protocol_mimicry+timing_jitter+tunnel_encapsulation,malicious_obfuscated,benign,0,0.6975,0.0508,0.2517
1925,c2_beacon,constant_rate_shaping,malicious_obfuscated,malicious_obfuscated,1,0.0448,0.0147,0.9405
1926,reverse_shell,none,malicious_plain,malicious_plain,1,0.0197,0.9254,0.0550
1927,brute_force,none,malicious_plain,malicious_plain,1,0.0159,0.9442,0.0399
1928,brute_force,none,malicious_plain,malicious_plain,1,0.0196,0.9570,0.0234
1929,reverse_shell,none,malicious_plain,malicious_plain,1,0.0057,0.9779,0.0163
1930,port_scan,dummy_injection+tunnel_encapsulation,malicious_obfuscated,malicious_obfuscated,1,0.0299,0.0310,0.9390
1931,brute_force,fragmentation+constant_rate_shaping,malicious_obfuscated,malicious_obfuscated,1,0.0545,0.0227,0.9228
1932,file_download,fragmentation+block_padding,benign,benign,1,0.9787,0.0150,0.0063
1933,brute_force,none,malicious_plain,malicious_plain,1,0.0177,0.9470,0.0352
1934,c2_beacon,protocol_mimicry,malicious_obfuscated,malicious_obfuscated,1,0.0936,0.0419,0.8644
1935,web_browsing,none,benign,benign,1,0.9622,0.0226,0.0152
1936,brute_force,none,malicious_plain,malicious_plain,1,0.0172,0.9551,0.0277
1937,ddos_flood,none,malicious_plain,malicious_plain,1,0.0211,0.9086,0.0703
1938,reverse_shell,none,malicious_plain,malicious_plain,1,0.3881,0.4771,0.1348
1939,ddos_flood,none,malicious_plain,malicious_plain,1,0.0232,0.9175,0.0593
1940,file_download,none,benign,benign,1,0.9429,0.0288,0.0283
1941,port_scan,protocol_mimicry+block_padding,malicious_obfuscated,malicious_obfuscated,1,0.0084,0.0107,0.9809
1942,video_streaming,random_padding,benign,benign,1,0.9246,0.0380,0.0374
1943,brute_force,none,malicious_plain,malicious_plain,1,0.0199,0.9374,0.0427
1944,video_streaming,none,benign,benign,1,0.9471,0.0308,0.0221
1945,ssh_interactive,block_padding+tunnel_encapsulation,benign,benign,1,0.9626,0.0162,0.0213
1946,reverse_shell,none,malicious_plain,malicious_plain,1,0.0120,0.9765,0.0115
1947,data_exfiltration,none,malicious_plain,malicious_plain,1,0.0239,0.9583,0.0178
1948,data_exfiltration,none,malicious_plain,malicious_plain,1,0.0192,0.9677,0.0131
1949,ddos_flood,constant_rate_shaping,malicious_obfuscated,malicious_obfuscated,1,0.0224,0.0178,0.9598
1950,ddos_flood,none,malicious_plain,malicious_plain,1,0.0200,0.9448,0.0352
1951,reverse_shell,none,malicious_plain,malicious_plain,1,0.0091,0.9754,0.0155
1952,reverse_shell,none,malicious_plain,malicious_plain,1,0.0104,0.9637,0.0258
1953,file_download,none,benign,benign,1,0.9539,0.0237,0.0224
1954,video_streaming,none,benign,benign,1,0.9401,0.0311,0.0288
1955,video_streaming,none,benign,benign,1,0.9461,0.0290,0.0248
1956,c2_beacon,random_padding+constant_rate_shaping+tunnel_encapsulation,malicious_obfuscated,malicious_obfuscated,1,0.0764,0.0221,0.9014
1957,brute_force,protocol_mimicry+tunnel_encapsulation,malicious_obfuscated,malicious_obfuscated,1,0.0226,0.0284,0.9490
1958,brute_force,fragmentation+timing_jitter+tunnel_encapsulation,malicious_obfuscated,malicious_obfuscated,1,0.0237,0.0310,0.9453
1959,ssh_interactive,timing_jitter,benign,benign,1,0.9620,0.0230,0.0150
1960,voip,tunnel_encapsulation,benign,benign,1,0.9578,0.0141,0.0280
1961,brute_force,none,malicious_plain,malicious_plain,1,0.0186,0.9428,0.0386
1962,brute_force,protocol_mimicry+dummy_injection+timing_jitter,malicious_obfuscated,benign,0,0.5975,0.0622,0.3403
1963,voip,fragmentation+timing_jitter+constant_rate_shaping,benign,benign,1,0.7714,0.0280,0.2006
1964,data_exfiltration,random_padding+constant_rate_shaping+tunnel_encapsulation,malicious_obfuscated,malicious_obfuscated,1,0.0614,0.0526,0.8860
1965,c2_beacon,protocol_mimicry+random_padding,malicious_obfuscated,malicious_obfuscated,1,0.2348,0.0255,0.7397
1966,file_download,none,benign,benign,1,0.9463,0.0267,0.0270
1967,video_streaming,random_padding+constant_rate_shaping,benign,benign,1,0.9375,0.0350,0.0275
1968,port_scan,none,malicious_plain,malicious_plain,1,0.0159,0.9289,0.0551
1969,c2_beacon,protocol_mimicry,malicious_obfuscated,malicious_obfuscated,1,0.0194,0.0109,0.9697
1970,reverse_shell,block_padding+dummy_injection,malicious_obfuscated,malicious_obfuscated,1,0.0875,0.0384,0.8741
1971,data_exfiltration,none,malicious_plain,malicious_plain,1,0.0244,0.9581,0.0175
1972,c2_beacon,dummy_injection+constant_rate_shaping+tunnel_encapsulation,malicious_obfuscated,malicious_obfuscated,1,0.1255,0.0215,0.8530
1973,brute_force,none,malicious_plain,malicious_plain,1,0.0200,0.9256,0.0544
1974,brute_force,none,malicious_plain,malicious_plain,1,0.0180,0.9470,0.0351
1975,data_exfiltration,protocol_mimicry+block_padding,malicious_obfuscated,malicious_obfuscated,1,0.0309,0.0169,0.9522
1976,file_download,none,benign,benign,1,0.9538,0.0232,0.0230
1977,file_download,none,benign,benign,1,0.9340,0.0322,0.0338
1978,ddos_flood,none,malicious_plain,malicious_plain,1,0.0223,0.9287,0.0490
1979,web_browsing,none,benign,benign,1,0.9658,0.0199,0.0143
1980,reverse_shell,protocol_mimicry+fragmentation+dummy_injection,malicious_obfuscated,malicious_obfuscated,1,0.4485,0.0350,0.5165
1981,voip,protocol_mimicry+random_padding,benign,benign,1,0.9398,0.0261,0.0341
1982,data_exfiltration,fragmentation+block_padding+dummy_injection,malicious_obfuscated,malicious_obfuscated,1,0.0181,0.0132,0.9687
1983,voip,none,benign,benign,1,0.9641,0.0209,0.0150
1984,c2_beacon,constant_rate_shaping,malicious_obfuscated,malicious_obfuscated,1,0.1763,0.0335,0.7902
1985,c2_beacon,none,malicious_plain,malicious_plain,1,0.0189,0.9511,0.0301
1986,reverse_shell,dummy_injection,malicious_obfuscated,malicious_obfuscated,1,0.0460,0.0960,0.8580
1987,brute_force,none,malicious_plain,malicious_plain,1,0.0187,0.9433,0.0380
1988,voip,protocol_mimicry+dummy_injection+timing_jitter,benign,benign,1,0.7739,0.0387,0.1874
1989,ddos_flood,random_padding,malicious_obfuscated,malicious_obfuscated,1,0.0200,0.0185,0.9615
1990,brute_force,block_padding+tunnel_encapsulation,malicious_obfuscated,malicious_obfuscated,1,0.0243,0.0252,0.9505
1991,file_download,dummy_injection+constant_rate_shaping+tunnel_encapsulation,benign,benign,1,0.9685,0.0213,0.0103
1992,data_exfiltration,timing_jitter,malicious_obfuscated,malicious_obfuscated,1,0.0154,0.0259,0.9587
1993,data_exfiltration,none,malicious_plain,malicious_plain,1,0.0199,0.9661,0.0140
1994,ddos_flood,fragmentation,malicious_obfuscated,malicious_plain,0,0.0202,0.9490,0.0308
1995,port_scan,none,malicious_plain,malicious_plain,1,0.0233,0.9153,0.0614
1996,port_scan,timing_jitter,malicious_obfuscated,malicious_obfuscated,1,0.0083,0.0195,0.9722
1997,voip,constant_rate_shaping,benign,benign,1,0.8371,0.0242,0.1386
1998,brute_force,none,malicious_plain,malicious_plain,1,0.0176,0.9536,0.0288
1999,port_scan,none,malicious_plain,malicious_plain,1,0.0249,0.9159,0.0592
2000,reverse_shell,fragmentation,malicious_obfuscated,malicious_obfuscated,1,0.0218,0.0211,0.9571
2001,ddos_flood,none,malicious_plain,malicious_plain,1,0.0197,0.9347,0.0456
2002,c2_beacon,none,malicious_plain,malicious_plain,1,0.0154,0.9559,0.0287
2003,ddos_flood,fragmentation+constant_rate_shaping+tunnel_encapsulation,malicious_obfuscated,malicious_obfuscated,1,0.0360,0.0224,0.9417
2004,port_scan,none,malicious_plain,malicious_plain,1,0.0147,0.9453,0.0400
2005,video_streaming,none,benign,benign,1,0.9319,0.0354,0.0327
2006,ddos_flood,block_padding+constant_rate_shaping,malicious_obfuscated,malicious_obfuscated,1,0.0437,0.0269,0.9294
2007,video_streaming,none,benign,benign,1,0.9656,0.0200,0.0144
2008,data_exfiltration,protocol_mimicry+fragmentation+timing_jitter,malicious_obfuscated,malicious_obfuscated,1,0.0148,0.0174,0.9678
2009,ssh_interactive,random_padding,benign,benign,1,0.9486,0.0227,0.0287
2010,ddos_flood,timing_jitter,malicious_obfuscated,malicious_obfuscated,1,0.0187,0.0413,0.9400
2011,web_browsing,fragmentation+block_padding+tunnel_encapsulation,benign,benign,1,0.8643,0.0240,0.1117
2012,port_scan,none,malicious_plain,malicious_plain,1,0.0258,0.8687,0.1054
2013,data_exfiltration,none,malicious_plain,malicious_plain,1,0.0289,0.9545,0.0167
2014,brute_force,fragmentation+block_padding+tunnel_encapsulation,malicious_obfuscated,malicious_obfuscated,1,0.0380,0.0301,0.9319
2015,port_scan,none,malicious_plain,malicious_plain,1,0.0337,0.8480,0.1184
2016,data_exfiltration,none,malicious_plain,malicious_plain,1,0.0343,0.9443,0.0214
2017,data_exfiltration,random_padding+dummy_injection+constant_rate_shaping,malicious_obfuscated,malicious_obfuscated,1,0.0390,0.0262,0.9349
2018,data_exfiltration,none,malicious_plain,malicious_plain,1,0.0231,0.9640,0.0129
2019,file_download,none,benign,benign,1,0.9516,0.0241,0.0242
2020,reverse_shell,none,malicious_plain,malicious_plain,1,0.0085,0.9803,0.0112
2021,port_scan,random_padding,malicious_obfuscated,malicious_obfuscated,1,0.0177,0.0259,0.9564
2022,ssh_interactive,block_padding+timing_jitter,benign,benign,1,0.9282,0.0239,0.0478
2023,reverse_shell,protocol_mimicry,malicious_obfuscated,malicious_obfuscated,1,0.0809,0.0191,0.9000
2024,data_exfiltration,none,malicious_plain,malicious_plain,1,0.0193,0.9688,0.0120
2025,data_exfiltration,random_padding+timing_jitter+constant_rate_shaping,malicious_obfuscated,malicious_obfuscated,1,0.0246,0.0110,0.9644
2026,ddos_flood,none,malicious_plain,malicious_plain,1,0.0208,0.9426,0.0365
2027,c2_beacon,fragmentation+dummy_injection,malicious_obfuscated,malicious_obfuscated,1,0.0194,0.0150,0.9656
2028,video_streaming,random_padding,benign,benign,1,0.9610,0.0241,0.0148
2029,reverse_shell,none,malicious_plain,malicious_plain,1,0.0094,0.9690,0.0216
2030,file_download,none,benign,benign,1,0.9450,0.0281,0.0270
2031,reverse_shell,none,malicious_plain,malicious_plain,1,0.0104,0.9670,0.0226
2032,video_streaming,none,benign,benign,1,0.9275,0.0391,0.0334
2033,video_streaming,none,benign,benign,1,0.9576,0.0248,0.0176
2034,file_download,timing_jitter,benign,benign,1,0.9413,0.0312,0.0274
2035,port_scan,none,malicious_plain,malicious_plain,1,0.0138,0.9588,0.0274
2036,voip,none,benign,benign,1,0.9715,0.0191,0.0094
2037,data_exfiltration,constant_rate_shaping,malicious_obfuscated,malicious_obfuscated,1,0.0399,0.0309,0.9292
2038,reverse_shell,tunnel_encapsulation,malicious_obfuscated,malicious_obfuscated,1,0.0159,0.0122,0.9718
2039,data_exfiltration,protocol_mimicry+fragmentation+dummy_injection,malicious_obfuscated,malicious_obfuscated,1,0.0586,0.0245,0.9169
2040,port_scan,none,malicious_plain,malicious_plain,1,0.0175,0.9464,0.0361
2041,voip,none,benign,benign,1,0.9718,0.0183,0.0099
2042,ssh_interactive,none,benign,benign,1,0.9680,0.0200,0.0120
2043,web_browsing,none,benign,benign,1,0.9336,0.0382,0.0282
2044,data_exfiltration,none,malicious_plain,malicious_plain,1,0.0225,0.9639,0.0136
2045,port_scan,none,malicious_plain,malicious_plain,1,0.0170,0.9399,0.0431
2046,brute_force,none,malicious_plain,malicious_plain,1,0.0195,0.9490,0.0316
2047,reverse_shell,protocol_mimicry+block_padding,malicious_obfuscated,malicious_obfuscated,1,0.4320,0.0267,0.5413
2048,c2_beacon,none,malicious_plain,malicious_plain,1,0.0185,0.9587,0.0229
2049,c2_beacon,none,malicious_plain,malicious_plain,1,0.0169,0.9543,0.0288
2050,c2_beacon,block_padding+random_padding,malicious_obfuscated,malicious_obfuscated,1,0.0168,0.0223,0.9608
2051,data_exfiltration,none,malicious_plain,malicious_plain,1,0.0221,0.9636,0.0143
2052,c2_beacon,fragmentation+dummy_injection+constant_rate_shaping,malicious_obfuscated,malicious_obfuscated,1,0.3460,0.0400,0.6141
2053,voip,none,benign,benign,1,0.9720,0.0192,0.0088
2054,voip,block_padding+dummy_injection+constant_rate_shaping,benign,benign,1,0.8615,0.0186,0.1199
2055,data_exfiltration,none,malicious_plain,malicious_plain,1,0.0254,0.9594,0.0152
2056,file_download,none,benign,benign,1,0.9198,0.0368,0.0434
2057,reverse_shell,none,malicious_plain,malicious_plain,1,0.0118,0.9496,0.0386
2058,ddos_flood,protocol_mimicry+tunnel_encapsulation,malicious_obfuscated,malicious_obfuscated,1,0.0135,0.0220,0.9644
2059,video_streaming,dummy_injection+constant_rate_shaping,benign,benign,1,0.9347,0.0317,0.0336
2060,file_download,none,benign,benign,1,0.9493,0.0250,0.0257
2061,ssh_interactive,protocol_mimicry+fragmentation+dummy_injection,benign,benign,1,0.8186,0.0577,0.1237
2062,reverse_shell,fragmentation+tunnel_encapsulation,malicious_obfuscated,malicious_obfuscated,1,0.0212,0.0158,0.9631
2063,reverse_shell,none,malicious_plain,malicious_plain,1,0.0398,0.9307,0.0295
2064,ddos_flood,none,malicious_plain,malicious_plain,1,0.0217,0.9363,0.0420
2065,c2_beacon,fragmentation,malicious_obfuscated,malicious_obfuscated,1,0.0171,0.0636,0.9193
2066,video_streaming,none,benign,benign,1,0.9569,0.0247,0.0184
2067,c2_beacon,timing_jitter+tunnel_encapsulation,malicious_obfuscated,malicious_obfuscated,1,0.0141,0.0140,0.9719
2068,c2_beacon,fragmentation+random_padding,malicious_obfuscated,malicious_obfuscated,1,0.0186,0.0154,0.9660
2069,reverse_shell,block_padding+timing_jitter,malicious_obfuscated,malicious_obfuscated,1,0.0173,0.0259,0.9569
2070,brute_force,none,malicious_plain,malicious_plain,1,0.0185,0.9397,0.0419
2071,web_browsing,block_padding+tunnel_encapsulation,benign,benign,1,0.9164,0.0356,0.0480
2072,port_scan,tunnel_encapsulation,malicious_obfuscated,malicious_obfuscated,1,0.0270,0.0478,0.9253
2073,c2_beacon,block_padding+timing_jitter,malicious_obfuscated,malicious_obfuscated,1,0.0161,0.0183,0.9656
2074,voip,none,benign,benign,1,0.9710,0.0187,0.0103
2075,c2_beacon,none,malicious_plain,malicious_plain,1,0.0158,0.9567,0.0275
2076,voip,none,benign,benign,1,0.9707,0.0191,0.0103
2077,data_exfiltration,dummy_injection,malicious_obfuscated,malicious_obfuscated,1,0.0277,0.0227,0.9495
2078,file_download,none,benign,benign,1,0.9499,0.0258,0.0243
2079,data_exfiltration,none,malicious_plain,malicious_plain,1,0.0193,0.9670,0.0137
2080,c2_beacon,timing_jitter,malicious_obfuscated,malicious_obfuscated,1,0.0283,0.0303,0.9414
2081,port_scan,block_padding+random_padding+timing_jitter,malicious_obfuscated,malicious_obfuscated,1,0.0102,0.0220,0.9678
2082,port_scan,protocol_mimicry+fragmentation+constant_rate_shaping,malicious_obfuscated,malicious_obfuscated,1,0.0288,0.0315,0.9397
2083,reverse_shell,none,malicious_plain,malicious_plain,1,0.0094,0.9788,0.0118
2084,ddos_flood,none,malicious_plain,malicious_plain,1,0.0192,0.9451,0.0356
2085,data_exfiltration,tunnel_encapsulation,malicious_obfuscated,malicious_obfuscated,1,0.0161,0.0230,0.9609
2086,c2_beacon,none,malicious_plain,malicious_plain,1,0.0172,0.9505,0.0323
2087,reverse_shell,none,malicious_plain,malicious_plain,1,0.0261,0.8668,0.1071
2088,ddos_flood,none,malicious_plain,malicious_plain,1,0.0217,0.8924,0.0859
2089,ddos_flood,protocol_mimicry+timing_jitter+tunnel_encapsulation,malicious_obfuscated,malicious_obfuscated,1,0.0372,0.0247,0.9381
2090,brute_force,random_padding+timing_jitter,malicious_obfuscated,malicious_obfuscated,1,0.0201,0.0194,0.9605
2091,reverse_shell,none,malicious_plain,malicious_plain,1,0.0282,0.9520,0.0198
2092,port_scan,none,malicious_plain,malicious_plain,1,0.0163,0.9469,0.0368
2093,brute_force,protocol_mimicry,malicious_obfuscated,malicious_obfuscated,1,0.0081,0.0130,0.9789
2094,voip,protocol_mimicry+block_padding,benign,benign,1,0.7105,0.0458,0.2437
2095,reverse_shell,none,malicious_plain,malicious_plain,1,0.0159,0.9112,0.0729
2096,data_exfiltration,block_padding+tunnel_encapsulation,malicious_obfuscated,malicious_obfuscated,1,0.0118,0.0173,0.9709
2097,file_download,none,benign,benign,1,0.9345,0.0304,0.0351
2098,data_exfiltration,random_padding,malicious_obfuscated,malicious_obfuscated,1,0.0248,0.0302,0.9449
2099,dns_query,fragmentation+block_padding+tunnel_encapsulation,benign,benign,1,0.9282,0.0295,0.0423
2100,ddos_flood,none,malicious_plain,malicious_plain,1,0.0247,0.9331,0.0422
2101,port_scan,none,malicious_plain,malicious_plain,1,0.0226,0.9003,0.0771
2102,ssh_interactive,none,benign,benign,1,0.9494,0.0290,0.0215
2103,voip,timing_jitter+constant_rate_shaping+tunnel_encapsulation,benign,malicious_obfuscated,0,0.1958,0.0178,0.7863
2104,port_scan,fragmentation+random_padding+tunnel_encapsulation,malicious_obfuscated,malicious_obfuscated,1,0.0185,0.0235,0.9580
2105,c2_beacon,fragmentation+timing_jitter+tunnel_encapsulation,malicious_obfuscated,malicious_obfuscated,1,0.0105,0.0081,0.9814
2106,ddos_flood,none,malicious_plain,malicious_plain,1,0.0209,0.9355,0.0436
2107,video_streaming,none,benign,benign,1,0.9267,0.0418,0.0314
2108,c2_beacon,none,malicious_plain,malicious_plain,1,0.0194,0.9356,0.0450
2109,ssh_interactive,none,benign,benign,1,0.9664,0.0207,0.0130
2110,data_exfiltration,fragmentation,malicious_obfuscated,malicious_obfuscated,1,0.0195,0.0258,0.9547
2111,data_exfiltration,fragmentation+timing_jitter,malicious_obfuscated,malicious_obfuscated,1,0.0136,0.0256,0.9608
2112,reverse_shell,block_padding+dummy_injection+constant_rate_shaping,malicious_obfuscated,malicious_obfuscated,1,0.0937,0.0088,0.8974
2113,voip,constant_rate_shaping,benign,benign,1,0.7544,0.0236,0.2220
2114,voip,block_padding+dummy_injection,benign,benign,1,0.9694,0.0098,0.0208
2115,file_download,none,benign,benign,1,0.9224,0.0360,0.0416
2116,ssh_interactive,block_padding+timing_jitter,benign,benign,1,0.8422,0.0452,0.1126
2117,ddos_flood,none,malicious_plain,malicious_plain,1,0.0189,0.9473,0.0338
2118,web_browsing,random_padding+timing_jitter,benign,benign,1,0.9528,0.0264,0.0208
2119,ssh_interactive,none,benign,benign,1,0.9630,0.0207,0.0163
2120,ddos_flood,dummy_injection+tunnel_encapsulation,malicious_obfuscated,malicious_obfuscated,1,0.0051,0.0085,0.9865
2121,brute_force,none,malicious_plain,malicious_plain,1,0.0177,0.9546,0.0277
2122,port_scan,none,malicious_plain,malicious_plain,1,0.0228,0.9277,0.0494
2123,port_scan,protocol_mimicry+fragmentation+block_padding,malicious_obfuscated,malicious_obfuscated,1,0.0252,0.0225,0.9523
2124,data_exfiltration,none,malicious_plain,malicious_plain,1,0.0215,0.9651,0.0135
2125,c2_beacon,none,malicious_plain,malicious_plain,1,0.0147,0.9486,0.0367
2126,reverse_shell,fragmentation+dummy_injection+timing_jitter,malicious_obfuscated,malicious_obfuscated,1,0.2243,0.0406,0.7351
2127,port_scan,dummy_injection+tunnel_encapsulation,malicious_obfuscated,malicious_obfuscated,1,0.0086,0.0099,0.9814
2128,c2_beacon,none,malicious_plain,malicious_plain,1,0.0172,0.9521,0.0307
2129,c2_beacon,none,malicious_plain,malicious_plain,1,0.0175,0.9521,0.0304
2130,voip,none,benign,benign,1,0.9633,0.0226,0.0141
2131,voip,none,benign,benign,1,0.9657,0.0196,0.0147
2132,port_scan,fragmentation+block_padding+tunnel_encapsulation,malicious_obfuscated,malicious_obfuscated,1,0.0078,0.0148,0.9774
2133,brute_force,constant_rate_shaping,malicious_obfuscated,malicious_obfuscated,1,0.0297,0.0094,0.9609
2134,data_exfiltration,protocol_mimicry+fragmentation+random_padding,malicious_obfuscated,malicious_obfuscated,1,0.0388,0.0291,0.9321
2135,ssh_interactive,random_padding+timing_jitter+tunnel_encapsulation,benign,benign,1,0.8216,0.0389,0.1395
2136,ssh_interactive,none,benign,benign,1,0.9668,0.0220,0.0112
2137,brute_force,none,malicious_plain,malicious_plain,1,0.0192,0.9285,0.0523
2138,c2_beacon,none,malicious_plain,malicious_plain,1,0.0336,0.8491,0.1173
2139,video_streaming,none,benign,benign,1,0.9517,0.0271,0.0212
2140,data_exfiltration,fragmentation+timing_jitter,malicious_obfuscated,malicious_obfuscated,1,0.0159,0.0264,0.9578
2141,port_scan,none,malicious_plain,malicious_plain,1,0.0271,0.9011,0.0718
2142,port_scan,none,malicious_plain,malicious_plain,1,0.0127,0.9579,0.0295
2143,brute_force,timing_jitter+tunnel_encapsulation,malicious_obfuscated,malicious_obfuscated,1,0.0187,0.0234,0.9579
2144,web_browsing,none,benign,benign,1,0.8046,0.1007,0.0947
2145,ddos_flood,none,malicious_plain,malicious_plain,1,0.0234,0.9432,0.0334
2146,reverse_shell,fragmentation,malicious_obfuscated,malicious_obfuscated,1,0.0218,0.0160,0.9622
2147,video_streaming,none,benign,benign,1,0.9202,0.0420,0.0378
2148,ddos_flood,none,malicious_plain,malicious_plain,1,0.0175,0.9513,0.0312
2149,data_exfiltration,tunnel_encapsulation,malicious_obfuscated,malicious_obfuscated,1,0.0139,0.0248,0.9613
2150,ddos_flood,none,malicious_plain,malicious_plain,1,0.0241,0.9396,0.0363
2151,video_streaming,block_padding,benign,benign,1,0.9650,0.0237,0.0112
2152,c2_beacon,none,malicious_plain,malicious_plain,1,0.0193,0.9521,0.0286
2153,c2_beacon,random_padding+constant_rate_shaping,malicious_obfuscated,malicious_obfuscated,1,0.0314,0.0094,0.9592
2154,reverse_shell,block_padding,malicious_obfuscated,malicious_obfuscated,1,0.0327,0.0461,0.9212
2155,port_scan,protocol_mimicry+block_padding+random_padding,malicious_obfuscated,malicious_obfuscated,1,0.0343,0.0274,0.9383
2156,brute_force,protocol_mimicry+block_padding+constant_rate_shaping,malicious_obfuscated,malicious_obfuscated,1,0.0125,0.0182,0.9694
2157,data_exfiltration,none,malicious_plain,malicious_plain,1,0.0281,0.9543,0.0177
2158,ssh_interactive,none,benign,benign,1,0.9539,0.0279,0.0182
2159,c2_beacon,random_padding+dummy_injection+constant_rate_shaping,malicious_obfuscated,malicious_obfuscated,1,0.0484,0.0123,0.9393
2160,c2_beacon,protocol_mimicry+timing_jitter+tunnel_encapsulation,malicious_obfuscated,malicious_obfuscated,1,0.2702,0.0271,0.7027
2161,ddos_flood,block_padding+timing_jitter+tunnel_encapsulation,malicious_obfuscated,malicious_obfuscated,1,0.0104,0.0188,0.9708
2162,brute_force,fragmentation+random_padding+tunnel_encapsulation,malicious_obfuscated,malicious_obfuscated,1,0.0173,0.0157,0.9670
2163,c2_beacon,timing_jitter,malicious_obfuscated,malicious_obfuscated,1,0.0172,0.0314,0.9513
2164,reverse_shell,fragmentation+block_padding,malicious_obfuscated,malicious_obfuscated,1,0.4310,0.0443,0.5248
2165,ddos_flood,timing_jitter+constant_rate_shaping+tunnel_encapsulation,malicious_obfuscated,malicious_obfuscated,1,0.0371,0.0130,0.9499
2166,ddos_flood,block_padding+timing_jitter+tunnel_encapsulation,malicious_obfuscated,malicious_obfuscated,1,0.0155,0.0185,0.9660
2167,c2_beacon,none,malicious_plain,malicious_plain,1,0.0203,0.9505,0.0292
2168,port_scan,random_padding,malicious_obfuscated,malicious_obfuscated,1,0.0183,0.0184,0.9632
2169,ddos_flood,fragmentation+random_padding,malicious_obfuscated,malicious_obfuscated,1,0.0354,0.0464,0.9182
2170,file_download,none,benign,benign,1,0.9439,0.0280,0.0281
2171,ssh_interactive,none,benign,benign,1,0.8799,0.0701,0.0500
2172,brute_force,none,malicious_plain,malicious_plain,1,0.0177,0.9450,0.0373
2173,brute_force,none,malicious_plain,malicious_plain,1,0.0152,0.9558,0.0290
2174,data_exfiltration,protocol_mimicry+timing_jitter,malicious_obfuscated,malicious_obfuscated,1,0.0121,0.0102,0.9777
2175,data_exfiltration,none,malicious_plain,malicious_plain,1,0.0268,0.9392,0.0340
2176,brute_force,none,malicious_plain,malicious_plain,1,0.0197,0.9377,0.0426
2177,data_exfiltration,none,malicious_plain,malicious_plain,1,0.0217,0.9669,0.0114
2178,c2_beacon,random_padding,malicious_obfuscated,malicious_obfuscated,1,0.0123,0.0242,0.9635
2179,ddos_flood,timing_jitter+constant_rate_shaping,malicious_obfuscated,malicious_obfuscated,1,0.1034,0.0278,0.8688
2180,ddos_flood,dummy_injection,malicious_obfuscated,malicious_obfuscated,1,0.0195,0.0272,0.9533
2181,reverse_shell,dummy_injection,malicious_obfuscated,malicious_plain,0,0.0265,0.8702,0.1033
2182,brute_force,none,malicious_plain,malicious_plain,1,0.0181,0.9386,0.0433
2183,video_streaming,none,benign,benign,1,0.9379,0.0349,0.0272
2184,ddos_flood,random_padding+constant_rate_shaping+tunnel_encapsulation,malicious_obfuscated,malicious_obfuscated,1,0.0215,0.0168,0.9617
2185,reverse_shell,timing_jitter+tunnel_encapsulation,malicious_obfuscated,malicious_obfuscated,1,0.3035,0.0839,0.6126
2186,voip,dummy_injection+timing_jitter+tunnel_encapsulation,benign,benign,1,0.9802,0.0078,0.0120
2187,voip,block_padding+random_padding,benign,benign,1,0.9648,0.0187,0.0165
2188,reverse_shell,random_padding+dummy_injection,malicious_obfuscated,malicious_obfuscated,1,0.0889,0.0295,0.8816
2189,data_exfiltration,none,malicious_plain,malicious_plain,1,0.0235,0.9595,0.0170
2190,data_exfiltration,none,malicious_plain,malicious_plain,1,0.0227,0.9633,0.0139
2191,reverse_shell,block_padding+constant_rate_shaping,malicious_obfuscated,malicious_obfuscated,1,0.0756,0.0168,0.9077
2192,ssh_interactive,protocol_mimicry+block_padding+timing_jitter,benign,malicious_obfuscated,0,0.2648,0.0252,0.7100
2193,ddos_flood,protocol_mimicry+block_padding+timing_jitter,malicious_obfuscated,malicious_obfuscated,1,0.0146,0.0195,0.9659
2194,ssh_interactive,protocol_mimicry+dummy_injection,benign,benign,1,0.9142,0.0288,0.0569
2195,c2_beacon,protocol_mimicry,malicious_obfuscated,malicious_obfuscated,1,0.1069,0.0292,0.8639
2196,ddos_flood,none,malicious_plain,malicious_plain,1,0.0179,0.9291,0.0530
2197,data_exfiltration,block_padding+random_padding+constant_rate_shaping,malicious_obfuscated,malicious_obfuscated,1,0.0265,0.0232,0.9503
2198,data_exfiltration,none,malicious_plain,malicious_plain,1,0.0236,0.9602,0.0162
2199,ddos_flood,fragmentation+block_padding,malicious_obfuscated,malicious_obfuscated,1,0.0313,0.0375,0.9312
2200,port_scan,none,malicious_plain,malicious_plain,1,0.0316,0.8904,0.0781
2201,c2_beacon,block_padding+constant_rate_shaping,malicious_obfuscated,malicious_obfuscated,1,0.0763,0.0162,0.9075
2202,c2_beacon,protocol_mimicry+fragmentation+constant_rate_shaping,malicious_obfuscated,malicious_obfuscated,1,0.0282,0.0102,0.9615
2203,reverse_shell,tunnel_encapsulation,malicious_obfuscated,malicious_obfuscated,1,0.0232,0.0244,0.9524
2204,file_download,none,benign,benign,1,0.9386,0.0312,0.0302
2205,video_streaming,none,benign,benign,1,0.9412,0.0321,0.0267
2206,reverse_shell,protocol_mimicry+constant_rate_shaping+tunnel_encapsulation,malicious_obfuscated,malicious_obfuscated,1,0.1685,0.0232,0.8083
2207,brute_force,fragmentation+random_padding,malicious_obfuscated,malicious_obfuscated,1,0.0350,0.0574,0.9076
2208,port_scan,protocol_mimicry,malicious_obfuscated,malicious_obfuscated,1,0.0093,0.0158,0.9750
2209,port_scan,protocol_mimicry,malicious_obfuscated,malicious_obfuscated,1,0.0088,0.0147,0.9766
2210,reverse_shell,constant_rate_shaping,malicious_obfuscated,malicious_obfuscated,1,0.1060,0.0210,0.8730
2211,reverse_shell,none,malicious_plain,malicious_plain,1,0.0121,0.9846,0.0033
2212,data_exfiltration,none,malicious_plain,malicious_plain,1,0.0218,0.9650,0.0132
2213,video_streaming,none,benign,benign,1,0.9169,0.0440,0.0390
2214,reverse_shell,block_padding+random_padding+tunnel_encapsulation,malicious_obfuscated,malicious_obfuscated,1,0.0259,0.0216,0.9525
2215,data_exfiltration,protocol_mimicry+fragmentation+timing_jitter,malicious_obfuscated,malicious_obfuscated,1,0.0218,0.0270,0.9513
2216,ddos_flood,none,malicious_plain,malicious_plain,1,0.0203,0.9396,0.0401
2217,ddos_flood,protocol_mimicry,malicious_obfuscated,malicious_obfuscated,1,0.0094,0.0234,0.9673
2218,brute_force,none,malicious_plain,malicious_plain,1,0.0165,0.9433,0.0403
2219,file_download,protocol_mimicry+fragmentation+timing_jitter,benign,benign,1,0.9609,0.0226,0.0164
2220,brute_force,none,malicious_plain,malicious_plain,1,0.0161,0.9496,0.0344
2221,c2_beacon,none,malicious_plain,malicious_plain,1,0.0192,0.9460,0.0349
2222,file_download,none,benign,benign,1,0.9644,0.0189,0.0168
2223,reverse_shell,protocol_mimicry+tunnel_encapsulation,malicious_obfuscated,benign,0,0.5763,0.0376,0.3861
2224,c2_beacon,none,malicious_plain,malicious_plain,1,0.0139,0.9550,0.0310
2225,data_exfiltration,constant_rate_shaping+tunnel_encapsulation,malicious_obfuscated,malicious_obfuscated,1,0.0724,0.0507,0.8770
2226,port_scan,fragmentation+tunnel_encapsulation,malicious_obfuscated,malicious_plain,0,0.0298,0.6817,0.2885
2227,video_streaming,block_padding+dummy_injection+constant_rate_shaping,benign,benign,1,0.9173,0.0397,0.0431
2228,web_browsing,block_padding+timing_jitter+constant_rate_shaping,benign,benign,1,0.6333,0.0367,0.3300
2229,port_scan,none,malicious_plain,malicious_plain,1,0.0198,0.9371,0.0431
2230,brute_force,block_padding,malicious_obfuscated,malicious_obfuscated,1,0.0199,0.0236,0.9565
2231,data_exfiltration,none,malicious_plain,malicious_plain,1,0.0230,0.9611,0.0159
2232,voip,tunnel_encapsulation,benign,benign,1,0.9544,0.0160,0.0296
2233,brute_force,fragmentation+timing_jitter+tunnel_encapsulation,malicious_obfuscated,malicious_obfuscated,1,0.0094,0.0266,0.9640
2234,c2_beacon,none,malicious_plain,malicious_plain,1,0.0215,0.9341,0.0444
2235,ddos_flood,none,malicious_plain,malicious_plain,1,0.0243,0.9398,0.0359
2236,video_streaming,none,benign,benign,1,0.9473,0.0274,0.0252
2237,port_scan,random_padding,malicious_obfuscated,malicious_obfuscated,1,0.0184,0.0203,0.9614
2238,ddos_flood,block_padding,malicious_obfuscated,malicious_obfuscated,1,0.0411,0.0536,0.9053
2239,reverse_shell,protocol_mimicry+timing_jitter,malicious_obfuscated,malicious_obfuscated,1,0.1139,0.0250,0.8611
2240,file_download,none,benign,benign,1,0.9175,0.0375,0.0450
2241,web_browsing,fragmentation+constant_rate_shaping+tunnel_encapsulation,benign,malicious_obfuscated,0,0.4541,0.0355,0.5104
2242,video_streaming,none,benign,benign,1,0.9622,0.0214,0.0164
2243,ssh_interactive,fragmentation+random_padding,benign,benign,1,0.9208,0.0201,0.0591
2244,ddos_flood,timing_jitter+tunnel_encapsulation,malicious_obfuscated,malicious_obfuscated,1,0.0134,0.0210,0.9656
2245,reverse_shell,none,malicious_plain,malicious_plain,1,0.0111,0.9590,0.0299
2246,video_streaming,none,benign,benign,1,0.9431,0.0309,0.0260
2247,reverse_shell,fragmentation+block_padding+constant_rate_shaping,malicious_obfuscated,malicious_obfuscated,1,0.2227,0.0272,0.7501
2248,c2_beacon,none,malicious_plain,malicious_plain,1,0.0211,0.9514,0.0275
2249,ssh_interactive,none,benign,benign,1,0.9355,0.0334,0.0311
2250,web_browsing,none,benign,benign,1,0.9371,0.0363,0.0266
2251,ddos_flood,none,malicious_plain,malicious_plain,1,0.0224,0.9410,0.0366
2252,ddos_flood,fragmentation,malicious_obfuscated,malicious_plain,0,0.0177,0.9489,0.0334
2253,port_scan,none,malicious_plain,malicious_plain,1,0.0157,0.9448,0.0395
2254,c2_beacon,protocol_mimicry+fragmentation+block_padding,malicious_obfuscated,malicious_obfuscated,1,0.0292,0.0111,0.9597
2255,voip,block_padding+random_padding+timing_jitter,benign,benign,1,0.9271,0.0214,0.0515
2256,data_exfiltration,none,malicious_plain,malicious_plain,1,0.0220,0.9636,0.0145
2257,brute_force,none,malicious_plain,malicious_plain,1,0.0186,0.9412,0.0402
2258,voip,none,benign,benign,1,0.9723,0.0187,0.0090
2259,ddos_flood,none,malicious_plain,malicious_plain,1,0.0208,0.9422,0.0369
2260,reverse_shell,random_padding+dummy_injection+constant_rate_shaping,malicious_obfuscated,malicious_obfuscated,1,0.0685,0.0121,0.9195
2261,voip,none,benign,benign,1,0.9667,0.0190,0.0143
2262,brute_force,protocol_mimicry+fragmentation,malicious_obfuscated,malicious_obfuscated,1,0.0173,0.0173,0.9654
2263,data_exfiltration,none,malicious_plain,malicious_plain,1,0.0243,0.9601,0.0155
2264,voip,fragmentation+dummy_injection+tunnel_encapsulation,benign,benign,1,0.7845,0.0443,0.1712
2265,reverse_shell,protocol_mimicry,malicious_obfuscated,malicious_obfuscated,1,0.3013,0.0329,0.6658
2266,web_browsing,none,benign,benign,1,0.9652,0.0207,0.0141
2267,c2_beacon,none,malicious_plain,malicious_plain,1,0.0201,0.9495,0.0304
2268,ddos_flood,none,malicious_plain,malicious_plain,1,0.0228,0.9331,0.0441
2269,port_scan,fragmentation+dummy_injection+timing_jitter,malicious_obfuscated,malicious_obfuscated,1,0.0246,0.0133,0.9621
2270,reverse_shell,none,malicious_plain,malicious_plain,1,0.0076,0.9806,0.0118
2271,ddos_flood,protocol_mimicry+dummy_injection,malicious_obfuscated,malicious_obfuscated,1,0.0219,0.0155,0.9627
2272,reverse_shell,none,malicious_plain,malicious_plain,1,0.0251,0.9508,0.0241
2273,brute_force,constant_rate_shaping,malicious_obfuscated,malicious_obfuscated,1,0.0239,0.0102,0.9659
2274,voip,none,benign,benign,1,0.9710,0.0191,0.0099
2275,ddos_flood,none,malicious_plain,malicious_plain,1,0.0215,0.9468,0.0317
2276,dns_query,constant_rate_shaping,benign,malicious_obfuscated,0,0.2273,0.0246,0.7481
2277,ssh_interactive,tunnel_encapsulation,benign,benign,1,0.9711,0.0168,0.0121
2278,data_exfiltration,fragmentation+block_padding,malicious_obfuscated,malicious_obfuscated,1,0.0220,0.0143,0.9636
2279,ssh_interactive,random_padding+timing_jitter+tunnel_encapsulation,benign,benign,1,0.9799,0.0132,0.0069
2280,ssh_interactive,none,benign,benign,1,0.9681,0.0217,0.0102
2281,c2_beacon,random_padding+timing_jitter,malicious_obfuscated,malicious_obfuscated,1,0.0152,0.0504,0.9344
2282,reverse_shell,none,malicious_plain,malicious_plain,1,0.0253,0.9071,0.0676
2283,port_scan,none,malicious_plain,malicious_plain,1,0.0178,0.9340,0.0481
2284,web_browsing,none,benign,benign,1,0.5967,0.3193,0.0840
2285,port_scan,constant_rate_shaping,malicious_obfuscated,malicious_obfuscated,1,0.0256,0.0181,0.9562
2286,web_browsing,protocol_mimicry+random_padding+tunnel_encapsulation,benign,benign,1,0.5988,0.0713,0.3298
2287,data_exfiltration,protocol_mimicry+fragmentation+timing_jitter,malicious_obfuscated,malicious_obfuscated,1,0.0214,0.0203,0.9582
2288,voip,none,benign,benign,1,0.9647,0.0233,0.0120
2289,reverse_shell,none,malicious_plain,malicious_plain,1,0.0194,0.9671,0.0134
2290,file_download,none,benign,benign,1,0.9462,0.0269,0.0269
2291,port_scan,block_padding+timing_jitter+constant_rate_shaping,malicious_obfuscated,malicious_obfuscated,1,0.1860,0.0247,0.7893
2292,brute_force,protocol_mimicry,malicious_obfuscated,benign,0,0.6753,0.0687,0.2560
2293,port_scan,none,malicious_plain,malicious_plain,1,0.0225,0.9218,0.0557
2294,port_scan,none,malicious_plain,malicious_plain,1,0.0264,0.9092,0.0644
2295,ssh_interactive,none,benign,benign,1,0.9660,0.0195,0.0145
2296,data_exfiltration,none,malicious_plain,malicious_plain,1,0.0204,0.9655,0.0141
2297,ddos_flood,none,malicious_plain,malicious_plain,1,0.0206,0.9092,0.0702
2298,file_download,none,benign,benign,1,0.9329,0.0287,0.0383
2299,ssh_interactive,none,benign,benign,1,0.9550,0.0259,0.0191
2300,brute_force,block_padding,malicious_obfuscated,malicious_obfuscated,1,0.0440,0.0353,0.9206
2301,video_streaming,none,benign,benign,1,0.9472,0.0300,0.0227
2302,port_scan,none,malicious_plain,malicious_plain,1,0.0243,0.8970,0.0787
2303,ddos_flood,dummy_injection,malicious_obfuscated,malicious_obfuscated,1,0.0149,0.0249,0.9602
2304,port_scan,fragmentation+random_padding+timing_jitter,malicious_obfuscated,malicious_obfuscated,1,0.0099,0.0216,0.9685
2305,file_download,dummy_injection,benign,benign,1,0.9747,0.0128,0.0125
2306,voip,none,benign,benign,1,0.9708,0.0179,0.0113
2307,ssh_interactive,none,benign,benign,1,0.9714,0.0188,0.0098
2308,port_scan,none,malicious_plain,malicious_plain,1,0.0270,0.9270,0.0461
2309,web_browsing,fragmentation+constant_rate_shaping,benign,malicious_obfuscated,0,0.2402,0.0358,0.7240
2310,brute_force,none,malicious_plain,malicious_plain,1,0.0161,0.9515,0.0324
2311,ssh_interactive,none,benign,benign,1,0.9447,0.0311,0.0242
2312,video_streaming,none,benign,benign,1,0.9423,0.0311,0.0266
2313,file_download,none,benign,benign,1,0.9426,0.0280,0.0294
2314,voip,none,benign,benign,1,0.9650,0.0189,0.0161
2315,port_scan,protocol_mimicry+block_padding,malicious_obfuscated,malicious_obfuscated,1,0.0150,0.0130,0.9720
2316,brute_force,constant_rate_shaping+tunnel_encapsulation,malicious_obfuscated,malicious_obfuscated,1,0.1719,0.0301,0.7981
2317,ddos_flood,constant_rate_shaping,malicious_obfuscated,malicious_obfuscated,1,0.0574,0.0275,0.9151
2318,brute_force,protocol_mimicry+fragmentation+block_padding,malicious_obfuscated,malicious_obfuscated,1,0.0088,0.0082,0.9830
2319,c2_beacon,protocol_mimicry+block_padding,malicious_obfuscated,malicious_obfuscated,1,0.0193,0.0105,0.9701
2320,reverse_shell,none,malicious_plain,malicious_plain,1,0.0254,0.9130,0.0617
2321,data_exfiltration,protocol_mimicry+dummy_injection+timing_jitter,malicious_obfuscated,malicious_obfuscated,1,0.1140,0.0388,0.8473
2322,port_scan,block_padding+timing_jitter+constant_rate_shaping,malicious_obfuscated,malicious_obfuscated,1,0.0409,0.0123,0.9468
2323,c2_beacon,tunnel_encapsulation,malicious_obfuscated,malicious_obfuscated,1,0.0385,0.0481,0.9134
2324,file_download,none,benign,benign,1,0.9461,0.0258,0.0280
2325,ssh_interactive,tunnel_encapsulation,benign,benign,1,0.9719,0.0189,0.0093
2326,c2_beacon,tunnel_encapsulation,malicious_obfuscated,malicious_obfuscated,1,0.0145,0.0182,0.9673
2327,file_download,none,benign,benign,1,0.9236,0.0391,0.0373
2328,dns_query,block_padding+random_padding+tunnel_encapsulation,benign,benign,1,0.6745,0.0913,0.2342
2329,brute_force,random_padding+constant_rate_shaping,malicious_obfuscated,malicious_obfuscated,1,0.0500,0.0299,0.9201
2330,reverse_shell,none,malicious_plain,malicious_plain,1,0.0092,0.9731,0.0177
2331,c2_beacon,fragmentation+random_padding+constant_rate_shaping,malicious_obfuscated,malicious_obfuscated,1,0.0869,0.0322,0.8808
2332,ssh_interactive,protocol_mimicry+fragmentation+timing_jitter,benign,malicious_obfuscated,0,0.0417,0.0205,0.9378
2333,port_scan,block_padding+random_padding+dummy_injection,malicious_obfuscated,malicious_obfuscated,1,0.0683,0.0275,0.9043
2334,port_scan,none,malicious_plain,malicious_plain,1,0.0150,0.9440,0.0409
2335,video_streaming,none,benign,benign,1,0.9496,0.0267,0.0237
2336,brute_force,none,malicious_plain,malicious_plain,1,0.0185,0.9401,0.0414
2337,data_exfiltration,none,malicious_plain,malicious_plain,1,0.0240,0.9596,0.0164
2338,ssh_interactive,constant_rate_shaping+tunnel_encapsulation,benign,benign,1,0.9262,0.0144,0.0594
2339,port_scan,fragmentation+dummy_injection+timing_jitter,malicious_obfuscated,malicious_obfuscated,1,0.0329,0.0228,0.9443
2340,brute_force,none,malicious_plain,malicious_plain,1,0.0200,0.9371,0.0429
2341,file_download,none,benign,benign,1,0.9242,0.0364,0.0394
2342,port_scan,block_padding,malicious_obfuscated,malicious_obfuscated,1,0.0176,0.0316,0.9508
2343,file_download,random_padding+timing_jitter,benign,benign,1,0.9551,0.0263,0.0185
2344,ddos_flood,timing_jitter,malicious_obfuscated,malicious_obfuscated,1,0.0083,0.0260,0.9656
2345,brute_force,none,malicious_plain,malicious_plain,1,0.0193,0.9588,0.0219
2346,ssh_interactive,none,benign,benign,1,0.9613,0.0216,0.0171
2347,web_browsing,none,benign,benign,1,0.9711,0.0191,0.0097
2348,ddos_flood,none,malicious_plain,malicious_plain,1,0.0231,0.9350,0.0419
2349,file_download,none,benign,benign,1,0.9446,0.0275,0.0279
2350,reverse_shell,dummy_injection+timing_jitter,malicious_obfuscated,benign,0,0.5979,0.0640,0.3381
2351,ddos_flood,fragmentation+block_padding+random_padding,malicious_obfuscated,malicious_obfuscated,1,0.0222,0.0204,0.9573
2352,brute_force,dummy_injection+tunnel_encapsulation,malicious_obfuscated,malicious_obfuscated,1,0.0708,0.0390,0.8901
2353,reverse_shell,fragmentation+tunnel_encapsulation,malicious_obfuscated,malicious_obfuscated,1,0.0139,0.0122,0.9739
2354,video_streaming,none,benign,benign,1,0.9435,0.0304,0.0261
2355,file_download,random_padding+tunnel_encapsulation,benign,benign,1,0.9623,0.0238,0.0140
2356,ssh_interactive,fragmentation+dummy_injection+timing_jitter,benign,benign,1,0.8614,0.0400,0.0986
2357,ddos_flood,protocol_mimicry+dummy_injection,malicious_obfuscated,malicious_obfuscated,1,0.0098,0.0184,0.9718
2358,brute_force,none,malicious_plain,malicious_plain,1,0.0163,0.9558,0.0279
2359,c2_beacon,protocol_mimicry+tunnel_encapsulation,malicious_obfuscated,malicious_obfuscated,1,0.3924,0.0430,0.5646
2360,file_download,protocol_mimicry+constant_rate_shaping,benign,benign,1,0.9391,0.0283,0.0326
2361,voip,none,benign,benign,1,0.9689,0.0196,0.0115
2362,data_exfiltration,none,malicious_plain,malicious_plain,1,0.0205,0.9663,0.0132
2363,data_exfiltration,protocol_mimicry,malicious_obfuscated,malicious_obfuscated,1,0.0114,0.0133,0.9753
2364,data_exfiltration,none,malicious_plain,malicious_plain,1,0.0234,0.9624,0.0142
2365,ssh_interactive,none,benign,benign,1,0.9578,0.0274,0.0148
2366,data_exfiltration,none,malicious_plain,malicious_plain,1,0.0236,0.9590,0.0174
2367,port_scan,none,malicious_plain,malicious_plain,1,0.0113,0.9549,0.0338
2368,file_download,none,benign,benign,1,0.8920,0.0479,0.0601
2369,reverse_shell,none,malicious_plain,malicious_plain,1,0.0103,0.9247,0.0650
2370,ddos_flood,none,malicious_plain,malicious_plain,1,0.0184,0.9410,0.0406
2371,voip,protocol_mimicry+constant_rate_shaping,benign,malicious_obfuscated,0,0.4099,0.0395,0.5506
2372,ssh_interactive,none,benign,benign,1,0.9563,0.0266,0.0171
2373,voip,none,benign,benign,1,0.9698,0.0184,0.0118
2374,ssh_interactive,block_padding+constant_rate_shaping,benign,benign,1,0.9003,0.0196,0.0801
2375,reverse_shell,none,malicious_plain,malicious_plain,1,0.0103,0.9541,0.0357
2376,reverse_shell,none,malicious_plain,malicious_plain,1,0.0261,0.8952,0.0788
2377,data_exfiltration,none,malicious_plain,malicious_plain,1,0.0215,0.9630,0.0156
2378,c2_beacon,dummy_injection+timing_jitter,malicious_obfuscated,malicious_obfuscated,1,0.0079,0.0067,0.9854
2379,brute_force,fragmentation,malicious_obfuscated,malicious_obfuscated,1,0.0936,0.0758,0.8306
2380,port_scan,protocol_mimicry,malicious_obfuscated,malicious_obfuscated,1,0.0260,0.0518,0.9222
2381,reverse_shell,none,malicious_plain,malicious_plain,1,0.0129,0.9373,0.0497
2382,web_browsing,none,benign,benign,1,0.9351,0.0346,0.0303
2383,ssh_interactive,constant_rate_shaping,benign,benign,1,0.9596,0.0178,0.0226
2384,web_browsing,random_padding,benign,benign,1,0.8962,0.0264,0.0774
2385,brute_force,protocol_mimicry+dummy_injection,malicious_obfuscated,malicious_obfuscated,1,0.1869,0.0311,0.7820
2386,reverse_shell,block_padding+timing_jitter+constant_rate_shaping,malicious_obfuscated,benign,0,0.5462,0.0403,0.4135
2387,port_scan,none,malicious_plain,malicious_plain,1,0.0247,0.9455,0.0298
2388,reverse_shell,random_padding,malicious_obfuscated,malicious_obfuscated,1,0.0247,0.0934,0.8819
2389,port_scan,fragmentation+timing_jitter+tunnel_encapsulation,malicious_obfuscated,malicious_obfuscated,1,0.0161,0.0224,0.9615
2390,ddos_flood,fragmentation+block_padding+timing_jitter,malicious_obfuscated,malicious_obfuscated,1,0.0153,0.0263,0.9584
2391,ssh_interactive,none,benign,benign,1,0.9644,0.0227,0.0129
2392,ddos_flood,none,malicious_plain,malicious_plain,1,0.0164,0.9466,0.0370
2393,ssh_interactive,none,benign,benign,1,0.9530,0.0282,0.0188
2394,voip,none,benign,benign,1,0.9666,0.0220,0.0114
2395,ddos_flood,dummy_injection,malicious_obfuscated,malicious_obfuscated,1,0.0183,0.0773,0.9044
2396,voip,none,benign,benign,1,0.9723,0.0191,0.0087
2397,file_download,none,benign,benign,1,0.9364,0.0303,0.0332
2398,port_scan,none,malicious_plain,malicious_plain,1,0.0255,0.8671,0.1074
2399,c2_beacon,protocol_mimicry+random_padding,malicious_obfuscated,malicious_obfuscated,1,0.1805,0.0370,0.7825
2400,voip,none,benign,benign,1,0.9619,0.0203,0.0178
2401,ddos_flood,none,malicious_plain,malicious_plain,1,0.0202,0.9421,0.0377
2402,port_scan,none,malicious_plain,malicious_plain,1,0.0174,0.9513,0.0314
2403,file_download,none,benign,benign,1,0.9198,0.0430,0.0372
2404,web_browsing,none,benign,benign,1,0.9191,0.0410,0.0399
2405,c2_beacon,protocol_mimicry+tunnel_encapsulation,malicious_obfuscated,benign,0,0.5575,0.0388,0.4037
2406,c2_beacon,none,malicious_plain,malicious_plain,1,0.0190,0.9456,0.0353
2407,port_scan,none,malicious_plain,malicious_plain,1,0.0182,0.9338,0.0480
2408,ddos_flood,none,malicious_plain,malicious_plain,1,0.0211,0.9455,0.0334
2409,reverse_shell,block_padding+dummy_injection+constant_rate_shaping,malicious_obfuscated,malicious_obfuscated,1,0.1838,0.0158,0.8004
2410,brute_force,none,malicious_plain,malicious_plain,1,0.0179,0.9403,0.0417
2411,port_scan,none,malicious_plain,malicious_plain,1,0.0171,0.9208,0.0622
2412,data_exfiltration,none,malicious_plain,malicious_plain,1,0.0192,0.9660,0.0148
2413,reverse_shell,random_padding+timing_jitter,malicious_obfuscated,malicious_obfuscated,1,0.0254,0.0397,0.9349
2414,brute_force,none,malicious_plain,malicious_plain,1,0.0156,0.9517,0.0326
2415,video_streaming,timing_jitter,benign,benign,1,0.9560,0.0277,0.0164
2416,web_browsing,fragmentation+block_padding+random_padding,benign,benign,1,0.9677,0.0170,0.0153
2417,reverse_shell,constant_rate_shaping,malicious_obfuscated,malicious_obfuscated,1,0.1323,0.0196,0.8481
2418,voip,fragmentation+tunnel_encapsulation,benign,benign,1,0.8433,0.0278,0.1289
2419,port_scan,none,malicious_plain,malicious_plain,1,0.0120,0.9512,0.0368
2420,file_download,none,benign,benign,1,0.8846,0.0522,0.0632
2421,c2_beacon,random_padding,malicious_obfuscated,malicious_obfuscated,1,0.0162,0.0297,0.9540
2422,data_exfiltration,none,malicious_plain,malicious_plain,1,0.0224,0.9624,0.0152
2423,reverse_shell,none,malicious_plain,malicious_plain,1,0.0092,0.9764,0.0144
2424,video_streaming,fragmentation,benign,benign,1,0.9446,0.0312,0.0242
2425,data_exfiltration,block_padding+random_padding+tunnel_encapsulation,malicious_obfuscated,malicious_obfuscated,1,0.0129,0.0191,0.9680
2426,port_scan,none,malicious_plain,malicious_plain,1,0.0169,0.9275,0.0556
2427,web_browsing,protocol_mimicry,benign,benign,1,0.9363,0.0192,0.0445
2428,port_scan,none,malicious_plain,malicious_plain,1,0.0186,0.9237,0.0577
2429,port_scan,block_padding+dummy_injection+timing_jitter,malicious_obfuscated,malicious_obfuscated,1,0.0813,0.0223,0.8965
2430,brute_force,constant_rate_shaping,malicious_obfuscated,malicious_obfuscated,1,0.1734,0.0200,0.8066
2431,brute_force,none,malicious_plain,malicious_plain,1,0.0239,0.9401,0.0360
2432,voip,none,benign,benign,1,0.9676,0.0195,0.0129
2433,web_browsing,fragmentation+timing_jitter+tunnel_encapsulation,benign,benign,1,0.7550,0.0523,0.1927
2434,voip,none,benign,benign,1,0.9702,0.0197,0.0100
2435,voip,none,benign,benign,1,0.9617,0.0213,0.0170
2436,reverse_shell,none,malicious_plain,malicious_plain,1,0.0523,0.9233,0.0245
2437,file_download,none,benign,benign,1,0.9138,0.0419,0.0443
2438,ssh_interactive,none,benign,benign,1,0.9672,0.0194,0.0135
2439,ddos_flood,none,malicious_plain,malicious_plain,1,0.0167,0.9357,0.0476
2440,c2_beacon,none,malicious_plain,malicious_plain,1,0.0162,0.9534,0.0304
2441,voip,none,benign,benign,1,0.9599,0.0238,0.0163
2442,voip,timing_jitter,benign,benign,1,0.9444,0.0306,0.0251
2443,ddos_flood,protocol_mimicry+timing_jitter,malicious_obfuscated,malicious_obfuscated,1,0.0104,0.0180,0.9716
2444,web_browsing,none,benign,benign,1,0.9441,0.0315,0.0243
2445,web_browsing,none,benign,benign,1,0.9614,0.0216,0.0170
2446,port_scan,dummy_injection+timing_jitter,malicious_obfuscated,malicious_obfuscated,1,0.0213,0.0166,0.9621
2447,video_streaming,none,benign,benign,1,0.9561,0.0248,0.0191
2448,web_browsing,block_padding+tunnel_encapsulation,benign,benign,1,0.5744,0.0298,0.3958
2449,port_scan,none,malicious_plain,malicious_plain,1,0.0157,0.9486,0.0357
2450,file_download,none,benign,benign,1,0.9329,0.0333,0.0339
2451,c2_beacon,protocol_mimicry+block_padding+timing_jitter,malicious_obfuscated,malicious_obfuscated,1,0.0491,0.0128,0.9381
2452,c2_beacon,timing_jitter,malicious_obfuscated,malicious_plain,0,0.0134,0.9377,0.0489
2453,brute_force,protocol_mimicry+block_padding+dummy_injection,malicious_obfuscated,benign,0,0.5749,0.0365,0.3886
2454,web_browsing,none,benign,benign,1,0.8189,0.0944,0.0867
2455,file_download,constant_rate_shaping,benign,benign,1,0.8943,0.0475,0.0582
2456,data_exfiltration,none,malicious_plain,malicious_plain,1,0.0207,0.9671,0.0123
2457,reverse_shell,none,malicious_plain,malicious_plain,1,0.0089,0.9806,0.0106
2458,brute_force,none,malicious_plain,malicious_plain,1,0.0168,0.9268,0.0564
2459,video_streaming,fragmentation,benign,benign,1,0.9517,0.0245,0.0238
2460,web_browsing,none,benign,benign,1,0.9158,0.0468,0.0375
2461,ddos_flood,block_padding+dummy_injection+tunnel_encapsulation,malicious_obfuscated,malicious_obfuscated,1,0.0051,0.0088,0.9861
2462,brute_force,none,malicious_plain,malicious_plain,1,0.0196,0.9513,0.0291
2463,web_browsing,none,benign,benign,1,0.9801,0.0125,0.0074
2464,ddos_flood,constant_rate_shaping,malicious_obfuscated,malicious_obfuscated,1,0.0271,0.0187,0.9542
2465,brute_force,none,malicious_plain,malicious_plain,1,0.0286,0.9000,0.0714
2466,port_scan,protocol_mimicry+random_padding,malicious_obfuscated,malicious_obfuscated,1,0.0379,0.0204,0.9417
2467,brute_force,none,malicious_plain,malicious_plain,1,0.0161,0.9481,0.0358
2468,port_scan,none,malicious_plain,malicious_plain,1,0.0160,0.9518,0.0322
2469,ddos_flood,fragmentation,malicious_obfuscated,malicious_plain,0,0.0187,0.9372,0.0441
2470,ddos_flood,random_padding,malicious_obfuscated,malicious_obfuscated,1,0.0266,0.0531,0.9203
2471,c2_beacon,none,malicious_plain,malicious_plain,1,0.0261,0.9100,0.0639
2472,reverse_shell,protocol_mimicry+tunnel_encapsulation,malicious_obfuscated,malicious_obfuscated,1,0.0562,0.0141,0.9296
2473,brute_force,none,malicious_plain,malicious_plain,1,0.0184,0.9350,0.0466
2474,video_streaming,none,benign,benign,1,0.9507,0.0272,0.0221
2475,port_scan,protocol_mimicry+fragmentation,malicious_obfuscated,malicious_obfuscated,1,0.0100,0.0227,0.9674
2476,c2_beacon,block_padding+random_padding+timing_jitter,malicious_obfuscated,malicious_obfuscated,1,0.0111,0.0141,0.9749
2477,voip,protocol_mimicry+dummy_injection+timing_jitter,benign,benign,1,0.9122,0.0326,0.0551
2478,data_exfiltration,none,malicious_plain,malicious_plain,1,0.0222,0.9631,0.0147
2479,c2_beacon,none,malicious_plain,malicious_plain,1,0.0154,0.9552,0.0294
2480,reverse_shell,none,malicious_plain,malicious_plain,1,0.0126,0.9795,0.0079
2481,web_browsing,none,benign,benign,1,0.9503,0.0264,0.0233
2482,brute_force,block_padding+random_padding,malicious_obfuscated,malicious_obfuscated,1,0.0242,0.0391,0.9367
2483,brute_force,none,malicious_plain,malicious_plain,1,0.0181,0.9404,0.0415
2484,c2_beacon,none,malicious_plain,malicious_plain,1,0.0222,0.9418,0.0359
2485,c2_beacon,none,malicious_plain,malicious_plain,1,0.0175,0.9422,0.0404
2486,port_scan,none,malicious_plain,malicious_plain,1,0.0185,0.9323,0.0492
2487,voip,timing_jitter+constant_rate_shaping,benign,malicious_obfuscated,0,0.1944,0.0232,0.7824
2488,ddos_flood,protocol_mimicry+fragmentation,malicious_obfuscated,malicious_obfuscated,1,0.0089,0.0187,0.9724
2489,video_streaming,block_padding,benign,benign,1,0.9383,0.0383,0.0234
2490,port_scan,constant_rate_shaping,malicious_obfuscated,malicious_obfuscated,1,0.0873,0.0305,0.8822
2491,brute_force,none,malicious_plain,malicious_plain,1,0.0183,0.9482,0.0335
2492,data_exfiltration,none,malicious_plain,malicious_plain,1,0.0197,0.9635,0.0168
2493,data_exfiltration,tunnel_encapsulation,malicious_obfuscated,malicious_obfuscated,1,0.0165,0.0318,0.9517
2494,data_exfiltration,block_padding+random_padding+tunnel_encapsulation,malicious_obfuscated,malicious_obfuscated,1,0.0102,0.0172,0.9727
2495,file_download,timing_jitter,benign,benign,1,0.9345,0.0338,0.0317
2496,brute_force,tunnel_encapsulation,malicious_obfuscated,malicious_obfuscated,1,0.0263,0.0454,0.9283
2497,ssh_interactive,none,benign,benign,1,0.9668,0.0232,0.0100
2498,port_scan,protocol_mimicry+block_padding+constant_rate_shaping,malicious_obfuscated,malicious_obfuscated,1,0.0527,0.0455,0.9018
2499,port_scan,none,malicious_plain,malicious_plain,1,0.0170,0.9472,0.0358
2500,brute_force,none,malicious_plain,malicious_plain,1,0.0159,0.9560,0.0281
2501,ssh_interactive,none,benign,benign,1,0.9500,0.0290,0.0210
2502,port_scan,protocol_mimicry+dummy_injection+constant_rate_shaping,malicious_obfuscated,malicious_obfuscated,1,0.0164,0.0120,0.9716
2503,data_exfiltration,none,malicious_plain,malicious_plain,1,0.0265,0.9559,0.0176
2504,ddos_flood,protocol_mimicry+constant_rate_shaping+tunnel_encapsulation,malicious_obfuscated,malicious_obfuscated,1,0.0165,0.0167,0.9668
2505,port_scan,protocol_mimicry+constant_rate_shaping,malicious_obfuscated,malicious_obfuscated,1,0.4097,0.0273,0.5630
2506,video_streaming,none,benign,benign,1,0.9447,0.0293,0.0260
2507,ssh_interactive,protocol_mimicry+tunnel_encapsulation,benign,benign,1,0.7987,0.0217,0.1796
2508,reverse_shell,random_padding,malicious_obfuscated,malicious_obfuscated,1,0.0204,0.0416,0.9380
2509,port_scan,dummy_injection,malicious_obfuscated,malicious_obfuscated,1,0.0211,0.0312,0.9477
2510,voip,none,benign,benign,1,0.9672,0.0211,0.0117
2511,c2_beacon,none,malicious_plain,malicious_plain,1,0.0156,0.9570,0.0274
2512,file_download,dummy_injection+constant_rate_shaping,benign,benign,1,0.8387,0.0290,0.1324
2513,reverse_shell,none,malicious_plain,malicious_plain,1,0.0105,0.9557,0.0338
2514,voip,none,benign,benign,1,0.9716,0.0196,0.0088
2515,voip,fragmentation+block_padding+tunnel_encapsulation,benign,benign,1,0.9443,0.0129,0.0428
2516,port_scan,constant_rate_shaping,malicious_obfuscated,malicious_obfuscated,1,0.0205,0.0209,0.9586
2517,brute_force,timing_jitter+constant_rate_shaping,malicious_obfuscated,malicious_obfuscated,1,0.2467,0.0281,0.7251
2518,reverse_shell,timing_jitter,malicious_obfuscated,malicious_obfuscated,1,0.0180,0.0211,0.9609
2519,voip,none,benign,benign,1,0.9701,0.0203,0.0096
2520,brute_force,none,malicious_plain,malicious_plain,1,0.0253,0.9376,0.0371
2521,web_browsing,fragmentation+constant_rate_shaping,benign,benign,1,0.8644,0.0495,0.0860
2522,brute_force,none,malicious_plain,malicious_plain,1,0.0151,0.9582,0.0268
2523,port_scan,none,malicious_plain,malicious_plain,1,0.0171,0.9240,0.0589
2524,reverse_shell,block_padding+timing_jitter+constant_rate_shaping,malicious_obfuscated,malicious_obfuscated,1,0.0671,0.0173,0.9156
2525,data_exfiltration,none,malicious_plain,malicious_plain,1,0.0237,0.9615,0.0148
2526,web_browsing,none,benign,benign,1,0.9394,0.0360,0.0246
2527,ddos_flood,protocol_mimicry+block_padding+random_padding,malicious_obfuscated,malicious_obfuscated,1,0.0264,0.0267,0.9469
2528,reverse_shell,random_padding+timing_jitter+constant_rate_shaping,malicious_obfuscated,malicious_obfuscated,1,0.0458,0.0178,0.9363
2529,ddos_flood,none,malicious_plain,malicious_plain,1,0.0184,0.9423,0.0393
2530,file_download,none,benign,benign,1,0.9470,0.0262,0.0268
2531,brute_force,none,malicious_plain,malicious_plain,1,0.0161,0.9436,0.0403
2532,voip,none,benign,benign,1,0.9701,0.0195,0.0103
2533,brute_force,none,malicious_plain,malicious_plain,1,0.0192,0.9556,0.0252
2534,port_scan,protocol_mimicry+timing_jitter+tunnel_encapsulation,malicious_obfuscated,malicious_obfuscated,1,0.0080,0.0110,0.9810
2535,c2_beacon,none,malicious_plain,malicious_plain,1,0.0255,0.9225,0.0520
2536,file_download,none,benign,benign,1,0.9448,0.0274,0.0279
2537,ssh_interactive,none,benign,benign,1,0.9551,0.0305,0.0144
2538,ddos_flood,none,malicious_plain,malicious_plain,1,0.0211,0.9410,0.0379
2539,data_exfiltration,none,malicious_plain,malicious_plain,1,0.0253,0.9583,0.0164
2540,brute_force,none,malicious_plain,malicious_plain,1,0.0186,0.9266,0.0549
2541,file_download,none,benign,benign,1,0.9426,0.0292,0.0282
2542,data_exfiltration,none,malicious_plain,malicious_plain,1,0.0214,0.9642,0.0144
2543,file_download,none,benign,benign,1,0.9594,0.0204,0.0202
2544,file_download,none,benign,benign,1,0.8985,0.0470,0.0545
2545,c2_beacon,dummy_injection,malicious_obfuscated,malicious_obfuscated,1,0.0138,0.0160,0.9702
2546,port_scan,protocol_mimicry+fragmentation+constant_rate_shaping,malicious_obfuscated,malicious_obfuscated,1,0.1197,0.0241,0.8562
2547,reverse_shell,none,malicious_plain,malicious_plain,1,0.0993,0.8654,0.0353
2548,dns_query,random_padding+dummy_injection,benign,malicious_obfuscated,0,0.3134,0.0824,0.6042
2549,data_exfiltration,none,malicious_plain,malicious_plain,1,0.0200,0.9636,0.0164
2550,brute_force,fragmentation+timing_jitter+tunnel_encapsulation,malicious_obfuscated,malicious_obfuscated,1,0.0192,0.0232,0.9576
2551,c2_beacon,none,malicious_plain,malicious_plain,1,0.0218,0.9479,0.0303
2552,voip,block_padding+timing_jitter,benign,benign,1,0.6255,0.0695,0.3050
2553,ddos_flood,random_padding+timing_jitter,malicious_obfuscated,malicious_obfuscated,1,0.0242,0.0237,0.9521
2554,data_exfiltration,protocol_mimicry+random_padding+timing_jitter,malicious_obfuscated,malicious_obfuscated,1,0.0160,0.0122,0.9719
2555,c2_beacon,tunnel_encapsulation,malicious_obfuscated,malicious_obfuscated,1,0.0295,0.0505,0.9200
2556,reverse_shell,none,malicious_plain,malicious_plain,1,0.0078,0.9666,0.0256
2557,port_scan,fragmentation+random_padding,malicious_obfuscated,malicious_obfuscated,1,0.0181,0.0176,0.9643
2558,video_streaming,none,benign,benign,1,0.9525,0.0261,0.0215
2559,port_scan,none,malicious_plain,malicious_plain,1,0.0206,0.9503,0.0292
2560,reverse_shell,none,malicious_plain,malicious_plain,1,0.0381,0.9513,0.0106
2561,brute_force,none,malicious_plain,malicious_plain,1,0.0161,0.9538,0.0301
2562,video_streaming,none,benign,benign,1,0.9620,0.0219,0.0161
2563,voip,none,benign,benign,1,0.9631,0.0227,0.0142
2564,port_scan,none,malicious_plain,malicious_plain,1,0.0144,0.9525,0.0331
2565,brute_force,dummy_injection+constant_rate_shaping,malicious_obfuscated,malicious_obfuscated,1,0.3268,0.0243,0.6490
2566,data_exfiltration,none,malicious_plain,malicious_plain,1,0.0261,0.9593,0.0146
2567,brute_force,none,malicious_plain,malicious_plain,1,0.0157,0.9434,0.0409
2568,file_download,none,benign,benign,1,0.9274,0.0330,0.0396
2569,video_streaming,protocol_mimicry+fragmentation+timing_jitter,benign,benign,1,0.9682,0.0170,0.0148
2570,ddos_flood,none,malicious_plain,malicious_plain,1,0.0262,0.9024,0.0714
2571,voip,none,benign,benign,1,0.9682,0.0212,0.0106
2572,brute_force,none,malicious_plain,malicious_plain,1,0.0186,0.9349,0.0465
2573,port_scan,block_padding,malicious_obfuscated,malicious_obfuscated,1,0.0261,0.0253,0.9486
2574,reverse_shell,timing_jitter,malicious_obfuscated,malicious_obfuscated,1,0.0232,0.0343,0.9425
2575,ddos_flood,none,malicious_plain,malicious_plain,1,0.0193,0.9250,0.0557
2576,video_streaming,none,benign,benign,1,0.9495,0.0276,0.0229
2577,c2_beacon,none,malicious_plain,malicious_plain,1,0.0182,0.9491,0.0327
2578,port_scan,protocol_mimicry+timing_jitter+tunnel_encapsulation,malicious_obfuscated,malicious_obfuscated,1,0.0081,0.0144,0.9775
2579,voip,protocol_mimicry+fragmentation,benign,malicious_obfuscated,0,0.3921,0.0527,0.5553
2580,voip,fragmentation+dummy_injection+timing_jitter,benign,benign,1,0.9811,0.0116,0.0072
2581,ddos_flood,none,malicious_plain,malicious_plain,1,0.0251,0.9286,0.0463
2582,port_scan,none,malicious_plain,malicious_plain,1,0.0225,0.9344,0.0431
2583,ssh_interactive,none,benign,benign,1,0.9578,0.0271,0.0152
2584,data_exfiltration,none,malicious_plain,malicious_plain,1,0.0245,0.9597,0.0158
2585,reverse_shell,block_padding,malicious_obfuscated,malicious_obfuscated,1,0.1759,0.0514,0.7727
2586,web_browsing,none,benign,benign,1,0.9620,0.0207,0.0173
2587,data_exfiltration,none,malicious_plain,malicious_plain,1,0.0246,0.9615,0.0139
2588,file_download,none,benign,benign,1,0.9328,0.0318,0.0354
2589,video_streaming,none,benign,benign,1,0.9455,0.0301,0.0245
2590,ddos_flood,none,malicious_plain,malicious_plain,1,0.0232,0.9415,0.0353
2591,ddos_flood,fragmentation+dummy_injection,malicious_obfuscated,malicious_plain,0,0.0321,0.5048,0.4631
2592,voip,none,benign,benign,1,0.9702,0.0193,0.0105
2593,ddos_flood,fragmentation+random_padding+constant_rate_shaping,malicious_obfuscated,malicious_obfuscated,1,0.0183,0.0161,0.9656
2594,video_streaming,block_padding,benign,benign,1,0.9317,0.0411,0.0272
2595,c2_beacon,none,malicious_plain,malicious_plain,1,0.0170,0.9535,0.0295
2596,file_download,none,benign,benign,1,0.9437,0.0276,0.0287
2597,ddos_flood,none,malicious_plain,malicious_plain,1,0.0214,0.7986,0.1800
2598,port_scan,block_padding,malicious_obfuscated,malicious_obfuscated,1,0.0192,0.0354,0.9454
2599,ssh_interactive,constant_rate_shaping,benign,benign,1,0.8215,0.0204,0.1580
2600,reverse_shell,none,malicious_plain,malicious_plain,1,0.0078,0.9777,0.0145
2601,reverse_shell,protocol_mimicry+random_padding,malicious_obfuscated,malicious_obfuscated,1,0.0312,0.0142,0.9546
2602,video_streaming,fragmentation+dummy_injection,benign,benign,1,0.9557,0.0216,0.0228
2603,video_streaming,none,benign,benign,1,0.9522,0.0275,0.0203
2604,reverse_shell,dummy_injection+tunnel_encapsulation,malicious_obfuscated,malicious_obfuscated,1,0.0149,0.0149,0.9702
2605,video_streaming,protocol_mimicry+fragmentation+constant_rate_shaping,benign,benign,1,0.8568,0.0399,0.1033
2606,web_browsing,timing_jitter,benign,benign,1,0.9405,0.0323,0.0272
2607,file_download,none,benign,benign,1,0.9568,0.0228,0.0204
2608,reverse_shell,none,malicious_plain,benign,0,0.8682,0.0768,0.0551
2609,voip,none,benign,benign,1,0.9639,0.0227,0.0134
2610,data_exfiltration,block_padding+tunnel_encapsulation,malicious_obfuscated,malicious_obfuscated,1,0.0205,0.0353,0.9442
2611,reverse_shell,protocol_mimicry+random_padding+dummy_injection,malicious_obfuscated,benign,0,0.8911,0.0308,0.0781
2612,port_scan,none,malicious_plain,malicious_plain,1,0.0249,0.9017,0.0734
2613,web_browsing,none,benign,benign,1,0.9246,0.0405,0.0349
2614,c2_beacon,random_padding+dummy_injection+tunnel_encapsulation,malicious_obfuscated,malicious_obfuscated,1,0.0103,0.0092,0.9805
2615,voip,fragmentation,benign,benign,1,0.9698,0.0112,0.0191
2616,c2_beacon,constant_rate_shaping,malicious_obfuscated,malicious_obfuscated,1,0.0482,0.0087,0.9432
2617,port_scan,none,malicious_plain,malicious_plain,1,0.0201,0.9403,0.0395
2618,c2_beacon,none,malicious_plain,malicious_plain,1,0.0173,0.9555,0.0273
2619,ddos_flood,none,malicious_plain,malicious_plain,1,0.0197,0.9216,0.0587
2620,dns_query,constant_rate_shaping,benign,benign,1,0.8402,0.0363,0.1234
2621,data_exfiltration,protocol_mimicry+fragmentation+dummy_injection,malicious_obfuscated,malicious_obfuscated,1,0.2167,0.0361,0.7472
2622,port_scan,none,malicious_plain,malicious_plain,1,0.0170,0.9509,0.0321
2623,brute_force,block_padding,malicious_obfuscated,malicious_obfuscated,1,0.0303,0.0331,0.9366
2624,file_download,none,benign,benign,1,0.9341,0.0291,0.0368
2625,web_browsing,none,benign,benign,1,0.9627,0.0208,0.0165
2626,c2_beacon,protocol_mimicry+random_padding,malicious_obfuscated,malicious_obfuscated,1,0.0327,0.0124,0.9549
2627,c2_beacon,block_padding+random_padding+constant_rate_shaping,malicious_obfuscated,malicious_obfuscated,1,0.0412,0.0111,0.9477
2628,file_download,fragmentation+block_padding+tunnel_encapsulation,benign,benign,1,0.8801,0.0356,0.0843
2629,file_download,none,benign,benign,1,0.9416,0.0289,0.0295
2630,data_exfiltration,fragmentation+timing_jitter,malicious_obfuscated,malicious_obfuscated,1,0.0201,0.0301,0.9498
2631,video_streaming,fragmentation+block_padding,benign,benign,1,0.9441,0.0343,0.0216
2632,reverse_shell,protocol_mimicry,malicious_obfuscated,malicious_obfuscated,1,0.0418,0.0138,0.9445
2633,data_exfiltration,protocol_mimicry+block_padding+random_padding,malicious_obfuscated,malicious_obfuscated,1,0.0191,0.0165,0.9645
2634,reverse_shell,none,malicious_plain,malicious_plain,1,0.0097,0.9736,0.0167
2635,brute_force,none,malicious_plain,malicious_plain,1,0.0218,0.9059,0.0723
2636,ssh_interactive,fragmentation+dummy_injection+timing_jitter,benign,benign,1,0.9684,0.0142,0.0174
2637,video_streaming,random_padding+dummy_injection,benign,benign,1,0.9388,0.0375,0.0236
2638,c2_beacon,none,malicious_plain,malicious_plain,1,0.0185,0.9292,0.0523
2639,brute_force,timing_jitter,malicious_obfuscated,malicious_obfuscated,1,0.0229,0.0289,0.9482
2640,ddos_flood,none,malicious_plain,malicious_plain,1,0.0172,0.9399,0.0429
2641,ssh_interactive,none,benign,benign,1,0.9667,0.0191,0.0142
2642,ddos_flood,none,malicious_plain,malicious_plain,1,0.0215,0.9436,0.0349
2643,file_download,block_padding,benign,benign,1,0.9630,0.0227,0.0143
2644,brute_force,none,malicious_plain,malicious_plain,1,0.0180,0.9534,0.0285
2645,voip,fragmentation,benign,benign,1,0.9680,0.0187,0.0133
2646,reverse_shell,protocol_mimicry+block_padding+dummy_injection,malicious_obfuscated,malicious_obfuscated,1,0.0579,0.0194,0.9227
2647,reverse_shell,fragmentation+tunnel_encapsulation,malicious_obfuscated,malicious_obfuscated,1,0.0294,0.0099,0.9608
2648,reverse_shell,block_padding+random_padding+timing_jitter,malicious_obfuscated,malicious_obfuscated,1,0.0187,0.0246,0.9567
2649,voip,none,benign,benign,1,0.9726,0.0175,0.0099
2650,data_exfiltration,block_padding+dummy_injection+tunnel_encapsulation,malicious_obfuscated,malicious_obfuscated,1,0.0448,0.0239,0.9313
2651,brute_force,constant_rate_shaping,malicious_obfuscated,malicious_obfuscated,1,0.1457,0.0170,0.8372
2652,voip,block_padding+timing_jitter,benign,benign,1,0.9530,0.0162,0.0308
2653,reverse_shell,timing_jitter,malicious_obfuscated,malicious_obfuscated,1,0.0377,0.0438,0.9185
2654,data_exfiltration,none,malicious_plain,malicious_plain,1,0.0249,0.9564,0.0188
2655,data_exfiltration,none,malicious_plain,malicious_plain,1,0.0216,0.9628,0.0156
2656,ddos_flood,random_padding,malicious_obfuscated,malicious_obfuscated,1,0.0234,0.0205,0.9561
2657,web_browsing,none,benign,benign,1,0.7850,0.0782,0.1368
2658,ddos_flood,none,malicious_plain,malicious_plain,1,0.0194,0.9232,0.0574
2659,port_scan,fragmentation+dummy_injection+constant_rate_shaping,malicious_obfuscated,benign,0,0.5179,0.0231,0.4590
2660,reverse_shell,none,malicious_plain,malicious_plain,1,0.0112,0.9686,0.0201
2661,c2_beacon,block_padding,malicious_obfuscated,malicious_obfuscated,1,0.0119,0.0150,0.9732
2662,data_exfiltration,block_padding+timing_jitter,malicious_obfuscated,malicious_obfuscated,1,0.0135,0.0194,0.9671
2663,web_browsing,none,benign,benign,1,0.9737,0.0161,0.0102
2664,reverse_shell,none,malicious_plain,malicious_plain,1,0.0076,0.9767,0.0157
2665,file_download,timing_jitter,benign,benign,1,0.9137,0.0413,0.0450
2666,port_scan,none,malicious_plain,malicious_plain,1,0.0144,0.9520,0.0336
2667,brute_force,protocol_mimicry+block_padding,malicious_obfuscated,malicious_obfuscated,1,0.0628,0.0137,0.9234
2668,voip,none,benign,benign,1,0.9702,0.0173,0.0125
2669,data_exfiltration,fragmentation+block_padding+tunnel_encapsulation,malicious_obfuscated,malicious_obfuscated,1,0.0109,0.0117,0.9773
2670,file_download,none,benign,benign,1,0.9286,0.0358,0.0355
2671,reverse_shell,protocol_mimicry+dummy_injection,malicious_obfuscated,benign,0,0.8944,0.0354,0.0702
2672,c2_beacon,none,malicious_plain,malicious_plain,1,0.0136,0.9555,0.0309
2673,port_scan,protocol_mimicry+random_padding+tunnel_encapsulation,malicious_obfuscated,malicious_obfuscated,1,0.0267,0.0183,0.9550
2674,brute_force,dummy_injection+constant_rate_shaping,malicious_obfuscated,malicious_obfuscated,1,0.0807,0.0155,0.9038
2675,brute_force,protocol_mimicry+dummy_injection,malicious_obfuscated,malicious_obfuscated,1,0.3199,0.0444,0.6357
2676,video_streaming,none,benign,benign,1,0.9549,0.0251,0.0201
2677,brute_force,protocol_mimicry+tunnel_encapsulation,malicious_obfuscated,malicious_obfuscated,1,0.0116,0.0137,0.9747
2678,ssh_interactive,none,benign,benign,1,0.9579,0.0233,0.0189
2679,voip,none,benign,benign,1,0.9636,0.0189,0.0174
2680,reverse_shell,dummy_injection+timing_jitter+constant_rate_shaping,malicious_obfuscated,malicious_obfuscated,1,0.0545,0.0107,0.9348
2681,ddos_flood,fragmentation+block_padding+random_padding,malicious_obfuscated,malicious_obfuscated,1,0.0187,0.0157,0.9656
2682,port_scan,block_padding+constant_rate_shaping+tunnel_encapsulation,malicious_obfuscated,malicious_obfuscated,1,0.0417,0.0233,0.9350
2683,voip,none,benign,benign,1,0.9593,0.0221,0.0186
2684,video_streaming,none,benign,benign,1,0.9432,0.0316,0.0252
2685,reverse_shell,none,malicious_plain,malicious_plain,1,0.0083,0.9654,0.0263
2686,voip,protocol_mimicry+block_padding+constant_rate_shaping,benign,malicious_obfuscated,0,0.4089,0.0263,0.5648
2687,video_streaming,block_padding+random_padding,benign,benign,1,0.9464,0.0299,0.0237
2688,reverse_shell,constant_rate_shaping+tunnel_encapsulation,malicious_obfuscated,malicious_obfuscated,1,0.2010,0.0264,0.7726
2689,data_exfiltration,none,malicious_plain,malicious_plain,1,0.0210,0.9634,0.0156
2690,data_exfiltration,none,malicious_plain,malicious_plain,1,0.0240,0.9613,0.0147
2691,video_streaming,none,benign,benign,1,0.9486,0.0271,0.0242
2692,ddos_flood,timing_jitter+constant_rate_shaping,malicious_obfuscated,malicious_obfuscated,1,0.2096,0.0475,0.7429
2693,video_streaming,none,benign,benign,1,0.9706,0.0172,0.0122
2694,ssh_interactive,none,benign,benign,1,0.9544,0.0268,0.0188
2695,ddos_flood,fragmentation+block_padding+tunnel_encapsulation,malicious_obfuscated,malicious_obfuscated,1,0.0152,0.0144,0.9703
2696,data_exfiltration,none,malicious_plain,malicious_plain,1,0.0204,0.9642,0.0154
2697,file_download,none,benign,benign,1,0.9537,0.0235,0.0229
2698,video_streaming,none,benign,benign,1,0.9540,0.0249,0.0212
2699,brute_force,timing_jitter,malicious_obfuscated,malicious_obfuscated,1,0.0206,0.0320,0.9474
2700,c2_beacon,dummy_injection+constant_rate_shaping,malicious_obfuscated,malicious_obfuscated,1,0.1054,0.0149,0.8797
2701,ssh_interactive,fragmentation,benign,benign,1,0.9714,0.0171,0.0115
2702,port_scan,timing_jitter,malicious_obfuscated,malicious_obfuscated,1,0.0101,0.0186,0.9713
2703,data_exfiltration,none,malicious_plain,malicious_plain,1,0.0186,0.9690,0.0123
2704,data_exfiltration,none,malicious_plain,malicious_plain,1,0.0173,0.9712,0.0114
2705,ddos_flood,none,malicious_plain,malicious_plain,1,0.0266,0.9390,0.0345
2706,data_exfiltration,none,malicious_plain,malicious_plain,1,0.0184,0.9690,0.0126
2707,reverse_shell,none,malicious_plain,malicious_plain,1,0.0124,0.9588,0.0289
2708,port_scan,none,malicious_plain,malicious_plain,1,0.0136,0.9535,0.0329
2709,file_download,none,benign,benign,1,0.9672,0.0181,0.0147
2710,c2_beacon,none,malicious_plain,malicious_plain,1,0.0256,0.8963,0.0780
2711,ssh_interactive,protocol_mimicry+block_padding+constant_rate_shaping,benign,benign,1,0.8923,0.0218,0.0859
2712,ddos_flood,none,malicious_plain,malicious_plain,1,0.0208,0.9405,0.0387
2713,brute_force,random_padding+tunnel_encapsulation,malicious_obfuscated,malicious_obfuscated,1,0.0206,0.0191,0.9603
2714,brute_force,random_padding+dummy_injection+timing_jitter,malicious_obfuscated,malicious_obfuscated,1,0.0407,0.0236,0.9358
2715,ddos_flood,none,malicious_plain,malicious_plain,1,0.0223,0.9205,0.0573
2716,port_scan,dummy_injection,malicious_obfuscated,malicious_obfuscated,1,0.0289,0.0525,0.9186
2717,reverse_shell,none,malicious_plain,malicious_plain,1,0.0178,0.9450,0.0373
2718,file_download,block_padding,benign,benign,1,0.9670,0.0221,0.0110
2719,web_browsing,none,benign,benign,1,0.9781,0.0132,0.0087
2720,ddos_flood,none,malicious_plain,malicious_plain,1,0.0201,0.9315,0.0484
2721,brute_force,none,malicious_plain,malicious_plain,1,0.0193,0.9423,0.0384
2722,ddos_flood,block_padding+constant_rate_shaping+tunnel_encapsulation,malicious_obfuscated,malicious_obfuscated,1,0.0170,0.0302,0.9528
2723,ssh_interactive,constant_rate_shaping,benign,benign,1,0.9673,0.0158,0.0169
2724,data_exfiltration,block_padding+random_padding,malicious_obfuscated,malicious_obfuscated,1,0.0179,0.0175,0.9647
2725,file_download,protocol_mimicry+dummy_injection+constant_rate_shaping,benign,malicious_obfuscated,0,0.1529,0.0220,0.8252
2726,video_streaming,none,benign,benign,1,0.9504,0.0265,0.0231
2727,voip,none,benign,benign,1,0.9629,0.0191,0.0180
2728,data_exfiltration,protocol_mimicry+dummy_injection+constant_rate_shaping,malicious_obfuscated,malicious_obfuscated,1,0.0647,0.0112,0.9241
2729,ssh_interactive,block_padding+timing_jitter+tunnel_encapsulation,benign,benign,1,0.8636,0.0286,0.1079
2730,video_streaming,none,benign,benign,1,0.9480,0.0311,0.0209
2731,c2_beacon,none,malicious_plain,malicious_plain,1,0.0182,0.9477,0.0341
2732,voip,none,benign,benign,1,0.9658,0.0201,0.0141
2733,file_download,none,benign,benign,1,0.9121,0.0380,0.0498
2734,file_download,none,benign,benign,1,0.9596,0.0212,0.0193
2735,reverse_shell,none,malicious_plain,malicious_plain,1,0.0065,0.9883,0.0051
2736,ddos_flood,protocol_mimicry+timing_jitter,malicious_obfuscated,malicious_obfuscated,1,0.0192,0.0246,0.9562
2737,web_browsing,none,benign,benign,1,0.9747,0.0146,0.0106
2738,video_streaming,none,benign,benign,1,0.9475,0.0286,0.0239
2739,video_streaming,none,benign,benign,1,0.9395,0.0343,0.0262
2740,dns_query,fragmentation+dummy_injection,benign,benign,1,0.9414,0.0331,0.0254
2741,port_scan,protocol_mimicry,malicious_obfuscated,malicious_obfuscated,1,0.0128,0.0151,0.9721
2742,port_scan,constant_rate_shaping,malicious_obfuscated,malicious_obfuscated,1,0.0210,0.0127,0.9663
2743,ddos_flood,fragmentation+timing_jitter,malicious_obfuscated,malicious_obfuscated,1,0.0071,0.0214,0.9715
2744,port_scan,none,malicious_plain,malicious_plain,1,0.0111,0.9623,0.0265
2745,ddos_flood,none,malicious_plain,malicious_plain,1,0.0243,0.9321,0.0436
2746,c2_beacon,protocol_mimicry+fragmentation,malicious_obfuscated,malicious_obfuscated,1,0.0185,0.0093,0.9722
2747,voip,none,benign,benign,1,0.9604,0.0240,0.0157
2748,ddos_flood,none,malicious_plain,malicious_plain,1,0.0135,0.9585,0.0279
2749,brute_force,none,malicious_plain,malicious_plain,1,0.0170,0.9441,0.0389
2750,web_browsing,none,benign,benign,1,0.9719,0.0161,0.0120
2751,data_exfiltration,protocol_mimicry,malicious_obfuscated,malicious_obfuscated,1,0.0091,0.0115,0.9795
2752,brute_force,none,malicious_plain,malicious_plain,1,0.0199,0.9339,0.0463
2753,data_exfiltration,none,malicious_plain,malicious_plain,1,0.0295,0.9533,0.0172
2754,file_download,none,benign,benign,1,0.9433,0.0289,0.0278
2755,web_browsing,none,benign,benign,1,0.9499,0.0284,0.0217
2756,reverse_shell,protocol_mimicry+fragmentation,malicious_obfuscated,malicious_obfuscated,1,0.0496,0.0147,0.9357
2757,web_browsing,none,benign,benign,1,0.9680,0.0184,0.0136
2758,brute_force,fragmentation,malicious_obfuscated,malicious_plain,0,0.0204,0.9284,0.0512
2759,reverse_shell,block_padding+random_padding,malicious_obfuscated,malicious_obfuscated,1,0.0347,0.1850,0.7803
2760,data_exfiltration,dummy_injection+timing_jitter+constant_rate_shaping,malicious_obfuscated,malicious_obfuscated,1,0.0184,0.0157,0.9659
2761,brute_force,protocol_mimicry+fragmentation+constant_rate_shaping,malicious_obfuscated,malicious_obfuscated,1,0.0198,0.0194,0.9608
2762,data_exfiltration,none,malicious_plain,malicious_plain,1,0.0205,0.9650,0.0144
2763,reverse_shell,none,malicious_plain,malicious_plain,1,0.0098,0.9755,0.0148
2764,voip,protocol_mimicry+fragmentation+dummy_injection,benign,benign,1,0.6870,0.0595,0.2535
2765,brute_force,fragmentation+constant_rate_shaping+tunnel_encapsulation,malicious_obfuscated,malicious_obfuscated,1,0.1258,0.0298,0.8444
2766,c2_beacon,none,malicious_plain,malicious_plain,1,0.0118,0.9698,0.0183
2767,voip,none,benign,benign,1,0.9724,0.0189,0.0087
2768,data_exfiltration,protocol_mimicry+block_padding+timing_jitter,malicious_obfuscated,malicious_obfuscated,1,0.0129,0.0151,0.9720
2769,data_exfiltration,none,malicious_plain,malicious_plain,1,0.0200,0.9672,0.0128
2770,web_browsing,none,benign,benign,1,0.9611,0.0229,0.0160
2771,brute_force,none,malicious_plain,malicious_plain,1,0.0196,0.9543,0.0261
2772,file_download,none,benign,benign,1,0.9533,0.0246,0.0221
2773,data_exfiltration,random_padding+dummy_injection+timing_jitter,malicious_obfuscated,malicious_obfuscated,1,0.0046,0.0066,0.9887
2774,brute_force,random_padding+tunnel_encapsulation,malicious_obfuscated,malicious_obfuscated,1,0.0300,0.0222,0.9478
2775,data_exfiltration,none,malicious_plain,malicious_plain,1,0.0163,0.9716,0.0121
2776,reverse_shell,none,malicious_plain,malicious_plain,1,0.0085,0.9817,0.0099
2777,web_browsing,none,benign,benign,1,0.9651,0.0191,0.0158
2778,c2_beacon,none,malicious_plain,malicious_plain,1,0.0174,0.9519,0.0307
2779,port_scan,none,malicious_plain,malicious_plain,1,0.0188,0.9393,0.0418
2780,port_scan,fragmentation+random_padding,malicious_obfuscated,malicious_obfuscated,1,0.0304,0.0832,0.8864
2781,ssh_interactive,none,benign,benign,1,0.9155,0.0452,0.0394
2782,ddos_flood,timing_jitter+tunnel_encapsulation,malicious_obfuscated,malicious_obfuscated,1,0.0109,0.0286,0.9605
2783,port_scan,protocol_mimicry+block_padding+random_padding,malicious_obfuscated,malicious_obfuscated,1,0.0254,0.0140,0.9606
2784,data_exfiltration,none,malicious_plain,malicious_plain,1,0.0237,0.9592,0.0171
2785,voip,none,benign,benign,1,0.9687,0.0172,0.0141
2786,voip,block_padding+dummy_injection,benign,benign,1,0.9652,0.0112,0.0236
2787,reverse_shell,none,malicious_plain,malicious_plain,1,0.0069,0.9700,0.0231
2788,reverse_shell,none,malicious_plain,malicious_plain,1,0.0107,0.9764,0.0128
2789,video_streaming,none,benign,benign,1,0.9278,0.0377,0.0345
2790,ssh_interactive,none,benign,benign,1,0.9551,0.0287,0.0162
2791,reverse_shell,fragmentation+block_padding+tunnel_encapsulation,malicious_obfuscated,malicious_obfuscated,1,0.0371,0.0115,0.9514
2792,file_download,protocol_mimicry+block_padding,benign,benign,1,0.9081,0.0245,0.0674
2793,data_exfiltration,random_padding+tunnel_encapsulation,malicious_obfuscated,malicious_obfuscated,1,0.0088,0.0133,0.9779
2794,brute_force,none,malicious_plain,malicious_plain,1,0.0189,0.9436,0.0375
2795,brute_force,constant_rate_shaping,malicious_obfuscated,malicious_obfuscated,1,0.1402,0.0313,0.8285
2796,reverse_shell,block_padding+dummy_injection+tunnel_encapsulation,malicious_obfuscated,malicious_obfuscated,1,0.0250,0.0109,0.9641
2797,brute_force,fragmentation+dummy_injection+constant_rate_shaping,malicious_obfuscated,malicious_obfuscated,1,0.3422,0.0260,0.6318
2798,ssh_interactive,none,benign,benign,1,0.9555,0.0280,0.0165
2799,reverse_shell,fragmentation+block_padding+dummy_injection,malicious_obfuscated,malicious_obfuscated,1,0.0441,0.0150,0.9409
2800,c2_beacon,fragmentation+random_padding+dummy_injection,malicious_obfuscated,malicious_obfuscated,1,0.0188,0.0107,0.9705
2801,brute_force,none,malicious_plain,malicious_plain,1,0.0252,0.9319,0.0430
2802,data_exfiltration,protocol_mimicry+random_padding,malicious_obfuscated,malicious_obfuscated,1,0.0253,0.0227,0.9520
2803,web_browsing,none,benign,benign,1,0.9744,0.0152,0.0104
2804,ddos_flood,timing_jitter+constant_rate_shaping,malicious_obfuscated,malicious_obfuscated,1,0.0774,0.0180,0.9046
2805,port_scan,protocol_mimicry+random_padding+constant_rate_shaping,malicious_obfuscated,malicious_obfuscated,1,0.0240,0.0226,0.9534
2806,voip,block_padding+constant_rate_shaping,benign,benign,1,0.8145,0.0336,0.1520
2807,port_scan,protocol_mimicry+block_padding,malicious_obfuscated,malicious_obfuscated,1,0.0331,0.0231,0.9438
2808,video_streaming,none,benign,benign,1,0.9481,0.0286,0.0233
2809,reverse_shell,protocol_mimicry+random_padding+tunnel_encapsulation,malicious_obfuscated,malicious_obfuscated,1,0.0192,0.0120,0.9688
2810,reverse_shell,protocol_mimicry+block_padding+tunnel_encapsulation,malicious_obfuscated,malicious_obfuscated,1,0.0389,0.0097,0.9515
2811,video_streaming,none,benign,benign,1,0.9286,0.0377,0.0337
2812,reverse_shell,protocol_mimicry+random_padding,malicious_obfuscated,malicious_obfuscated,1,0.0186,0.0156,0.9659
2813,web_browsing,none,benign,benign,1,0.9612,0.0218,0.0170
2814,dns_query,protocol_mimicry+fragmentation+random_padding,benign,benign,1,0.9483,0.0183,0.0334
2815,video_streaming,none,benign,benign,1,0.9549,0.0252,0.0199
2816,file_download,protocol_mimicry+block_padding,benign,benign,1,0.9676,0.0168,0.0156
2817,file_download,constant_rate_shaping,benign,benign,1,0.9113,0.0359,0.0528
2818,ddos_flood,random_padding+constant_rate_shaping,malicious_obfuscated,malicious_obfuscated,1,0.0289,0.0259,0.9452
2819,reverse_shell,none,malicious_plain,malicious_plain,1,0.0054,0.9877,0.0068
2820,data_exfiltration,none,malicious_plain,malicious_plain,1,0.0196,0.9644,0.0161
2821,c2_beacon,none,malicious_plain,malicious_plain,1,0.0159,0.9601,0.0239
2822,file_download,fragmentation+block_padding+dummy_injection,benign,benign,1,0.9101,0.0263,0.0636
2823,voip,none,benign,benign,1,0.9705,0.0194,0.0101
2824,web_browsing,none,benign,benign,1,0.9687,0.0185,0.0128
2825,file_download,fragmentation,benign,benign,1,0.9344,0.0293,0.0363
2826,video_streaming,none,benign,benign,1,0.9257,0.0393,0.0350
2827,data_exfiltration,block_padding+timing_jitter,malicious_obfuscated,malicious_obfuscated,1,0.0191,0.0201,0.9607
2828,port_scan,none,malicious_plain,malicious_plain,1,0.0211,0.9359,0.0430
2829,reverse_shell,protocol_mimicry+fragmentation+timing_jitter,malicious_obfuscated,benign,0,0.6862,0.0340,0.2799
2830,video_streaming,block_padding+dummy_injection,benign,benign,1,0.9556,0.0287,0.0157
2831,brute_force,random_padding,malicious_obfuscated,malicious_obfuscated,1,0.0255,0.0682,0.9063
2832,reverse_shell,none,malicious_plain,malicious_plain,1,0.0172,0.9355,0.0473
2833,c2_beacon,none,malicious_plain,malicious_plain,1,0.0167,0.9563,0.0270
2834,brute_force,none,malicious_plain,malicious_plain,1,0.0188,0.9237,0.0576
2835,brute_force,timing_jitter,malicious_obfuscated,malicious_plain,0,0.0189,0.9306,0.0506
2836,file_download,protocol_mimicry+timing_jitter,benign,benign,1,0.9433,0.0279,0.0288
2837,c2_beacon,dummy_injection+timing_jitter+tunnel_encapsulation,malicious_obfuscated,malicious_obfuscated,1,0.0124,0.0163,0.9713
2838,c2_beacon,none,malicious_plain,malicious_plain,1,0.0226,0.9104,0.0669
2839,c2_beacon,none,malicious_plain,malicious_plain,1,0.0138,0.9482,0.0380
2840,file_download,timing_jitter,benign,benign,1,0.9196,0.0394,0.0410
2841,port_scan,none,malicious_plain,malicious_plain,1,0.0237,0.9196,0.0567
2842,video_streaming,none,benign,benign,1,0.9407,0.0317,0.0276
2843,c2_beacon,fragmentation+random_padding,malicious_obfuscated,malicious_obfuscated,1,0.0120,0.0348,0.9532
2844,reverse_shell,fragmentation+timing_jitter+tunnel_encapsulation,malicious_obfuscated,malicious_obfuscated,1,0.0521,0.0161,0.9318
2845,data_exfiltration,none,malicious_plain,malicious_plain,1,0.0226,0.9629,0.0145
2846,video_streaming,block_padding+random_padding,benign,benign,1,0.9447,0.0301,0.0252
2847,data_exfiltration,fragmentation+block_padding+timing_jitter,malicious_obfuscated,malicious_obfuscated,1,0.0258,0.0306,0.9437
2848,port_scan,timing_jitter+tunnel_encapsulation,malicious_obfuscated,malicious_obfuscated,1,0.0120,0.0156,0.9724
2849,reverse_shell,protocol_mimicry+timing_jitter+tunnel_encapsulation,malicious_obfuscated,malicious_obfuscated,1,0.0447,0.0142,0.9411
2850,c2_beacon,none,malicious_plain,malicious_plain,1,0.0223,0.9409,0.0368
2851,ssh_interactive,none,benign,benign,1,0.9572,0.0253,0.0175
2852,video_streaming,timing_jitter,benign,benign,1,0.9351,0.0395,0.0254
2853,ddos_flood,fragmentation,malicious_obfuscated,malicious_plain,0,0.0167,0.9448,0.0385
2854,file_download,protocol_mimicry+dummy_injection+constant_rate_shaping,benign,benign,1,0.8198,0.0539,0.1263
2855,brute_force,timing_jitter+tunnel_encapsulation,malicious_obfuscated,malicious_obfuscated,1,0.0209,0.0222,0.9569
2856,reverse_shell,fragmentation+constant_rate_shaping,malicious_obfuscated,malicious_obfuscated,1,0.2212,0.0254,0.7534
2857,ssh_interactive,none,benign,benign,1,0.9525,0.0290,0.0186
2858,ddos_flood,none,malicious_plain,malicious_plain,1,0.0186,0.9356,0.0459
2859,c2_beacon,dummy_injection,malicious_obfuscated,malicious_obfuscated,1,0.0178,0.0258,0.9565
2860,video_streaming,constant_rate_shaping,benign,benign,1,0.9197,0.0405,0.0397
2861,port_scan,block_padding+timing_jitter,malicious_obfuscated,malicious_obfuscated,1,0.0170,0.0164,0.9666
2862,data_exfiltration,tunnel_encapsulation,malicious_obfuscated,malicious_obfuscated,1,0.0109,0.0190,0.9701
2863,reverse_shell,none,malicious_plain,malicious_plain,1,0.0064,0.9855,0.0082
2864,data_exfiltration,none,malicious_plain,malicious_plain,1,0.0216,0.9623,0.0161
2865,port_scan,none,malicious_plain,malicious_plain,1,0.0179,0.9374,0.0447
2866,port_scan,none,malicious_plain,malicious_plain,1,0.0145,0.9465,0.0389
2867,brute_force,none,malicious_plain,malicious_plain,1,0.0171,0.9420,0.0408
2868,ddos_flood,protocol_mimicry+fragmentation+random_padding,malicious_obfuscated,malicious_obfuscated,1,0.0109,0.0224,0.9667
2869,ddos_flood,none,malicious_plain,malicious_plain,1,0.0225,0.9309,0.0465
2870,brute_force,tunnel_encapsulation,malicious_obfuscated,malicious_plain,0,0.0187,0.9385,0.0428
2871,reverse_shell,none,malicious_plain,malicious_plain,1,0.0424,0.9410,0.0166
2872,port_scan,none,malicious_plain,malicious_plain,1,0.0196,0.9524,0.0280
2873,ssh_interactive,none,benign,benign,1,0.9551,0.0247,0.0202
2874,video_streaming,random_padding+timing_jitter,benign,benign,1,0.9543,0.0296,0.0161
2875,port_scan,fragmentation+random_padding+timing_jitter,malicious_obfuscated,malicious_obfuscated,1,0.0205,0.0223,0.9572
2876,voip,none,benign,benign,1,0.9708,0.0180,0.0112
2877,file_download,none,benign,benign,1,0.9617,0.0201,0.0182
2878,reverse_shell,none,malicious_plain,malicious_plain,1,0.0074,0.9550,0.0376
2879,port_scan,protocol_mimicry+timing_jitter,malicious_obfuscated,malicious_obfuscated,1,0.0142,0.0171,0.9687
2880,brute_force,fragmentation+random_padding+constant_rate_shaping,malicious_obfuscated,malicious_obfuscated,1,0.0378,0.0156,0.9466
2881,data_exfiltration,none,malicious_plain,malicious_plain,1,0.0190,0.9688,0.0122
2882,file_download,fragmentation,benign,benign,1,0.9561,0.0267,0.0172
2883,ddos_flood,timing_jitter+tunnel_encapsulation,malicious_obfuscated,malicious_obfuscated,1,0.0074,0.0181,0.9746
2884,video_streaming,dummy_injection+timing_jitter,benign,benign,1,0.9596,0.0268,0.0136
2885,ddos_flood,protocol_mimicry+block_padding+constant_rate_shaping,malicious_obfuscated,malicious_obfuscated,1,0.0154,0.0245,0.9602
2886,reverse_shell,none,malicious_plain,malicious_plain,1,0.0203,0.9474,0.0324
2887,brute_force,protocol_mimicry+fragmentation+random_padding,malicious_obfuscated,malicious_obfuscated,1,0.0855,0.0291,0.8853
2888,data_exfiltration,none,malicious_plain,malicious_plain,1,0.0223,0.9609,0.0168
2889,c2_beacon,none,malicious_plain,malicious_plain,1,0.0253,0.7462,0.2285
2890,reverse_shell,none,malicious_plain,malicious_plain,1,0.0058,0.9843,0.0099
2891,video_streaming,none,benign,benign,1,0.9429,0.0291,0.0280
2892,brute_force,block_padding+tunnel_encapsulation,malicious_obfuscated,malicious_obfuscated,1,0.0288,0.0766,0.8946
2893,reverse_shell,none,malicious_plain,malicious_plain,1,0.0044,0.9917,0.0039
2894,c2_beacon,block_padding,malicious_obfuscated,malicious_obfuscated,1,0.0120,0.0179,0.9701
2895,c2_beacon,none,malicious_plain,malicious_plain,1,0.0125,0.9682,0.0193
2896,data_exfiltration,none,malicious_plain,malicious_plain,1,0.0185,0.9679,0.0137
2897,file_download,none,benign,benign,1,0.9508,0.0265,0.0226
2898,reverse_shell,none,malicious_plain,malicious_plain,1,0.0122,0.9243,0.0634
2899,c2_beacon,fragmentation+random_padding+tunnel_encapsulation,malicious_obfuscated,malicious_obfuscated,1,0.0156,0.0114,0.9729
2900,reverse_shell,none,malicious_plain,malicious_plain,1,0.0079,0.9717,0.0204
2901,ddos_flood,none,malicious_plain,malicious_plain,1,0.0224,0.9433,0.0342
2902,brute_force,none,malicious_plain,malicious_plain,1,0.0170,0.9395,0.0435
2903,web_browsing,block_padding,benign,benign,1,0.9407,0.0322,0.0271
2904,port_scan,none,malicious_plain,malicious_plain,1,0.0225,0.9187,0.0588
2905,ddos_flood,random_padding+timing_jitter,malicious_obfuscated,malicious_obfuscated,1,0.0131,0.0254,0.9614
2906,file_download,timing_jitter+tunnel_encapsulation,benign,benign,1,0.9686,0.0225,0.0089
2907,file_download,constant_rate_shaping,benign,benign,1,0.9365,0.0363,0.0272
2908,file_download,block_padding+dummy_injection+timing_jitter,benign,benign,1,0.9716,0.0136,0.0147
2909,ddos_flood,protocol_mimicry,malicious_obfuscated,malicious_obfuscated,1,0.0115,0.0248,0.9636
2910,web_browsing,none,benign,benign,1,0.8735,0.0723,0.0542
2911,data_exfiltration,tunnel_encapsulation,malicious_obfuscated,malicious_obfuscated,1,0.0160,0.0334,0.9506
2912,data_exfiltration,none,malicious_plain,malicious_plain,1,0.0180,0.9698,0.0122
2913,port_scan,block_padding+timing_jitter+tunnel_encapsulation,malicious_obfuscated,malicious_obfuscated,1,0.0090,0.0132,0.9778
2914,brute_force,fragmentation+dummy_injection,malicious_obfuscated,malicious_obfuscated,1,0.0167,0.0154,0.9680
2915,brute_force,none,malicious_plain,malicious_plain,1,0.0157,0.9460,0.0383
2916,reverse_shell,random_padding+dummy_injection+timing_jitter,malicious_obfuscated,malicious_obfuscated,1,0.0179,0.0227,0.9594
2917,file_download,block_padding+dummy_injection+timing_jitter,benign,benign,1,0.7906,0.0539,0.1555
2918,ssh_interactive,none,benign,benign,1,0.9708,0.0188,0.0104
2919,ssh_interactive,none,benign,benign,1,0.9670,0.0218,0.0111
2920,reverse_shell,none,malicious_plain,malicious_plain,1,0.0118,0.9563,0.0319
2921,web_browsing,none,benign,benign,1,0.9614,0.0218,0.0167
2922,reverse_shell,block_padding+dummy_injection+tunnel_encapsulation,malicious_obfuscated,malicious_obfuscated,1,0.0307,0.0155,0.9538
2923,voip,none,benign,benign,1,0.9620,0.0236,0.0145
2924,brute_force,none,malicious_plain,malicious_plain,1,0.0165,0.9369,0.0466
2925,c2_beacon,none,malicious_plain,malicious_plain,1,0.0121,0.9655,0.0224
2926,c2_beacon,none,malicious_plain,malicious_plain,1,0.0161,0.9558,0.0282
2927,ssh_interactive,none,benign,benign,1,0.9146,0.0316,0.0538
2928,voip,none,benign,benign,1,0.9705,0.0182,0.0112
2929,reverse_shell,none,malicious_plain,malicious_plain,1,0.0132,0.9390,0.0478
2930,file_download,fragmentation+block_padding+timing_jitter,benign,benign,1,0.9566,0.0212,0.0222
2931,data_exfiltration,fragmentation+block_padding+timing_jitter,malicious_obfuscated,malicious_obfuscated,1,0.0169,0.0243,0.9589
2932,brute_force,fragmentation,malicious_obfuscated,malicious_obfuscated,1,0.0119,0.0251,0.9630
2933,c2_beacon,none,malicious_plain,malicious_plain,1,0.0173,0.9501,0.0326
2934,file_download,none,benign,benign,1,0.9398,0.0291,0.0312
2935,port_scan,none,malicious_plain,malicious_plain,1,0.0144,0.9595,0.0261
2936,video_streaming,fragmentation+block_padding+constant_rate_shaping,benign,benign,1,0.9129,0.0333,0.0538
2937,port_scan,dummy_injection+constant_rate_shaping+tunnel_encapsulation,malicious_obfuscated,malicious_obfuscated,1,0.1974,0.0295,0.7732
2938,voip,none,benign,benign,1,0.9677,0.0185,0.0138
2939,ddos_flood,none,malicious_plain,malicious_plain,1,0.0245,0.9405,0.0350
2940,ddos_flood,fragmentation+block_padding,malicious_obfuscated,malicious_obfuscated,1,0.0251,0.0476,0.9273
2941,web_browsing,none,benign,benign,1,0.9331,0.0351,0.0318
2942,reverse_shell,fragmentation+tunnel_encapsulation,malicious_obfuscated,malicious_obfuscated,1,0.2104,0.0498,0.7398
2943,file_download,block_padding+constant_rate_shaping,benign,benign,1,0.9136,0.0448,0.0416
2944,voip,tunnel_encapsulation,benign,benign,1,0.9548,0.0113,0.0338
2945,data_exfiltration,block_padding+constant_rate_shaping+tunnel_encapsulation,malicious_obfuscated,malicious_obfuscated,1,0.0085,0.0156,0.9759
2946,port_scan,block_padding+random_padding,malicious_obfuscated,malicious_obfuscated,1,0.0188,0.0205,0.9606
2947,file_download,none,benign,benign,1,0.9510,0.0249,0.0241
2948,brute_force,none,malicious_plain,malicious_plain,1,0.0173,0.9443,0.0383
2949,video_streaming,none,benign,benign,1,0.9339,0.0373,0.0288
2950,ddos_flood,block_padding+timing_jitter+constant_rate_shaping,malicious_obfuscated,malicious_obfuscated,1,0.0763,0.0438,0.8798
2951,ssh_interactive,none,benign,benign,1,0.9501,0.0308,0.0191
2952,reverse_shell,none,malicious_plain,malicious_plain,1,0.0163,0.9506,0.0332
2953,data_exfiltration,none,malicious_plain,malicious_plain,1,0.0226,0.9623,0.0151
2954,brute_force,random_padding+timing_jitter,malicious_obfuscated,malicious_obfuscated,1,0.0207,0.0276,0.9517
2955,video_streaming,none,benign,benign,1,0.9565,0.0229,0.0206
2956,c2_beacon,block_padding+dummy_injection,malicious_obfuscated,malicious_obfuscated,1,0.0086,0.0073,0.9841
2957,port_scan,none,malicious_plain,malicious_plain,1,0.0211,0.9192,0.0597
2958,video_streaming,none,benign,benign,1,0.9445,0.0312,0.0243
2959,voip,none,benign,benign,1,0.9635,0.0205,0.0160
2960,port_scan,constant_rate_shaping,malicious_obfuscated,malicious_obfuscated,1,0.0253,0.0235,0.9512
2961,file_download,timing_jitter,benign,benign,1,0.9387,0.0339,0.0274
2962,ddos_flood,none,malicious_plain,malicious_plain,1,0.0225,0.9419,0.0356
2963,data_exfiltration,none,malicious_plain,malicious_plain,1,0.0209,0.9656,0.0135
2964,file_download,none,benign,benign,1,0.9265,0.0370,0.0366
2965,data_exfiltration,none,malicious_plain,malicious_plain,1,0.0257,0.9585,0.0158
2966,brute_force,none,malicious_plain,malicious_plain,1,0.0188,0.9466,0.0346
2967,video_streaming,none,benign,benign,1,0.9427,0.0320,0.0253
2968,c2_beacon,protocol_mimicry,malicious_obfuscated,malicious_obfuscated,1,0.0116,0.0141,0.9743
2969,voip,none,benign,benign,1,0.9663,0.0182,0.0154
2970,brute_force,fragmentation+timing_jitter+tunnel_encapsulation,malicious_obfuscated,malicious_obfuscated,1,0.0235,0.0382,0.9383
2971,ddos_flood,fragmentation,malicious_obfuscated,malicious_plain,0,0.0220,0.9310,0.0470
2972,c2_beacon,none,malicious_plain,malicious_plain,1,0.0150,0.9560,0.0290
2973,web_browsing,none,benign,benign,1,0.9395,0.0282,0.0322
2974,reverse_shell,none,malicious_plain,malicious_plain,1,0.0261,0.9083,0.0656
2975,c2_beacon,protocol_mimicry+fragmentation+tunnel_encapsulation,malicious_obfuscated,malicious_obfuscated,1,0.2489,0.0435,0.7077
2976,web_browsing,none,benign,benign,1,0.9680,0.0186,0.0135
2977,ddos_flood,none,malicious_plain,malicious_plain,1,0.0260,0.9406,0.0334
2978,reverse_shell,protocol_mimicry+dummy_injection+constant_rate_shaping,malicious_obfuscated,malicious_obfuscated,1,0.1302,0.0338,0.8360
2979,reverse_shell,protocol_mimicry+fragmentation+tunnel_encapsulation,malicious_obfuscated,benign,0,0.4883,0.0425,0.4691
2980,c2_beacon,none,malicious_plain,malicious_plain,1,0.0253,0.9247,0.0500
2981,video_streaming,fragmentation+random_padding+tunnel_encapsulation,benign,benign,1,0.9472,0.0325,0.0203
2982,web_browsing,none,benign,benign,1,0.9799,0.0125,0.0076
2983,port_scan,fragmentation+timing_jitter,malicious_obfuscated,malicious_obfuscated,1,0.0179,0.0222,0.9598
2984,port_scan,none,malicious_plain,malicious_plain,1,0.0126,0.9642,0.0232
2985,port_scan,random_padding+timing_jitter+tunnel_encapsulation,malicious_obfuscated,malicious_obfuscated,1,0.0123,0.0239,0.9637
2986,ssh_interactive,none,benign,benign,1,0.9485,0.0305,0.0210
2987,data_exfiltration,none,malicious_plain,malicious_plain,1,0.0221,0.9617,0.0161
2988,web_browsing,none,benign,benign,1,0.9433,0.0325,0.0242
2989,file_download,none,benign,benign,1,0.9466,0.0269,0.0265
2990,port_scan,block_padding,malicious_obfuscated,malicious_obfuscated,1,0.0173,0.0174,0.9653
2991,reverse_shell,block_padding+constant_rate_shaping,malicious_obfuscated,malicious_obfuscated,1,0.0301,0.0073,0.9626
2992,brute_force,none,malicious_plain,malicious_plain,1,0.0167,0.9517,0.0316
2993,file_download,dummy_injection+constant_rate_shaping,benign,benign,1,0.9478,0.0250,0.0272
2994,port_scan,none,malicious_plain,malicious_plain,1,0.0157,0.9451,0.0392
2995,data_exfiltration,none,malicious_plain,malicious_plain,1,0.0194,0.9673,0.0133
2996,brute_force,none,malicious_plain,malicious_plain,1,0.0200,0.9584,0.0216
2997,brute_force,fragmentation,malicious_obfuscated,malicious_plain,0,0.0186,0.9219,0.0594
2998,video_streaming,none,benign,benign,1,0.9398,0.0327,0.0275
2999,data_exfiltration,none,malicious_plain,malicious_plain,1,0.0199,0.9680,0.0120
3000,data_exfiltration,random_padding+timing_jitter,malicious_obfuscated,malicious_obfuscated,1,0.0158,0.0246,0.9596
3001,c2_beacon,protocol_mimicry+block_padding,malicious_obfuscated,malicious_obfuscated,1,0.0235,0.0120,0.9645
3002,port_scan,none,malicious_plain,malicious_plain,1,0.0265,0.9147,0.0589
3003,c2_beacon,protocol_mimicry+timing_jitter,malicious_obfuscated,malicious_obfuscated,1,0.0325,0.0136,0.9539
3004,ssh_interactive,none,benign,benign,1,0.9559,0.0247,0.0194
3005,web_browsing,none,benign,benign,1,0.9710,0.0171,0.0119
3006,file_download,none,benign,benign,1,0.9498,0.0262,0.0240
3007,video_streaming,none,benign,benign,1,0.9410,0.0314,0.0276
3008,data_exfiltration,timing_jitter,malicious_obfuscated,malicious_obfuscated,1,0.0198,0.0440,0.9362
3009,brute_force,protocol_mimicry+dummy_injection+tunnel_encapsulation,malicious_obfuscated,malicious_obfuscated,1,0.0247,0.0231,0.9522
3010,c2_beacon,none,malicious_plain,malicious_plain,1,0.0241,0.9395,0.0364
3011,ddos_flood,timing_jitter,malicious_obfuscated,malicious_obfuscated,1,0.0225,0.0516,0.9260
3012,ddos_flood,constant_rate_shaping,malicious_obfuscated,malicious_obfuscated,1,0.0151,0.0215,0.9634
3013,video_streaming,none,benign,benign,1,0.9496,0.0277,0.0227
3014,file_download,block_padding+random_padding+tunnel_encapsulation,benign,benign,1,0.9559,0.0233,0.0207
3015,ssh_interactive,none,benign,benign,1,0.9555,0.0283,0.0162
3016,data_exfiltration,none,malicious_plain,malicious_plain,1,0.0204,0.9653,0.0143
3017,ddos_flood,dummy_injection,malicious_obfuscated,malicious_obfuscated,1,0.0385,0.0426,0.9189
3018,voip,none,benign,benign,1,0.9669,0.0192,0.0139
3019,data_exfiltration,protocol_mimicry+timing_jitter,malicious_obfuscated,malicious_obfuscated,1,0.0697,0.0222,0.9081
3020,voip,none,benign,benign,1,0.9699,0.0187,0.0114
3021,ssh_interactive,none,benign,benign,1,0.9519,0.0268,0.0213
3022,video_streaming,none,benign,benign,1,0.9572,0.0232,0.0196
3023,web_browsing,none,benign,benign,1,0.9699,0.0171,0.0130
3024,file_download,none,benign,benign,1,0.9456,0.0279,0.0265
3025,port_scan,none,malicious_plain,malicious_plain,1,0.0140,0.9499,0.0361
3026,port_scan,none,malicious_plain,malicious_plain,1,0.0197,0.9414,0.0388
3027,data_exfiltration,protocol_mimicry+fragmentation+random_padding,malicious_obfuscated,malicious_obfuscated,1,0.0404,0.0334,0.9262
3028,c2_beacon,none,malicious_plain,malicious_plain,1,0.0141,0.9702,0.0157
3029,brute_force,block_padding,malicious_obfuscated,malicious_obfuscated,1,0.0356,0.0364,0.9281
3030,voip,dummy_injection+timing_jitter+constant_rate_shaping,benign,malicious_obfuscated,0,0.1210,0.0232,0.8559
3031,data_exfiltration,protocol_mimicry,malicious_obfuscated,malicious_obfuscated,1,0.0631,0.0424,0.8945
3032,brute_force,fragmentation+block_padding,malicious_obfuscated,malicious_obfuscated,1,0.0569,0.0284,0.9147
3033,brute_force,fragmentation+dummy_injection+constant_rate_shaping,malicious_obfuscated,malicious_obfuscated,1,0.1012,0.0361,0.8626
3034,reverse_shell,none,malicious_plain,malicious_plain,1,0.0152,0.9669,0.0179
3035,web_browsing,protocol_mimicry+timing_jitter,benign,benign,1,0.9197,0.0328,0.0474
3036,brute_force,fragmentation,malicious_obfuscated,malicious_obfuscated,1,0.0513,0.0332,0.9155
3037,port_scan,block_padding+random_padding,malicious_obfuscated,malicious_obfuscated,1,0.0164,0.0173,0.9663
3038,brute_force,tunnel_encapsulation,malicious_obfuscated,malicious_obfuscated,1,0.0237,0.0390,0.9373
3039,ddos_flood,none,malicious_plain,malicious_plain,1,0.0196,0.9353,0.0451
3040,data_exfiltration,none,malicious_plain,malicious_plain,1,0.0248,0.9564,0.0189
3041,data_exfiltration,protocol_mimicry+fragmentation+block_padding,malicious_obfuscated,malicious_obfuscated,1,0.0256,0.0215,0.9529
3042,reverse_shell,protocol_mimicry+random_padding+dummy_injection,malicious_obfuscated,benign,0,0.6811,0.0546,0.2643
3043,ddos_flood,random_padding,malicious_obfuscated,malicious_obfuscated,1,0.0355,0.0412,0.9233
3044,web_browsing,none,benign,benign,1,0.9571,0.0236,0.0193
3045,reverse_shell,none,malicious_plain,malicious_plain,1,0.0103,0.9668,0.0229
3046,voip,none,benign,benign,1,0.9719,0.0193,0.0088
3047,ssh_interactive,random_padding+timing_jitter,benign,benign,1,0.8236,0.0666,0.1097
3048,reverse_shell,none,malicious_plain,malicious_plain,1,0.0090,0.9817,0.0093
3049,data_exfiltration,protocol_mimicry+random_padding+tunnel_encapsulation,malicious_obfuscated,malicious_obfuscated,1,0.0155,0.0110,0.9735
3050,data_exfiltration,fragmentation+random_padding+tunnel_encapsulation,malicious_obfuscated,malicious_obfuscated,1,0.0200,0.0217,0.9583
3051,ssh_interactive,fragmentation+block_padding+dummy_injection,benign,benign,1,0.9618,0.0125,0.0257
3052,reverse_shell,none,malicious_plain,malicious_plain,1,0.0687,0.8917,0.0396
3053,file_download,none,benign,benign,1,0.9564,0.0231,0.0205
3054,file_download,none,benign,benign,1,0.9362,0.0299,0.0339
3055,file_download,none,benign,benign,1,0.9278,0.0329,0.0393
3056,reverse_shell,none,malicious_plain,malicious_plain,1,0.0234,0.8436,0.1330
3057,reverse_shell,none,malicious_plain,malicious_plain,1,0.0126,0.9659,0.0216
3058,web_browsing,none,benign,benign,1,0.9793,0.0122,0.0085
3059,ssh_interactive,none,benign,benign,1,0.9673,0.0200,0.0128
3060,ssh_interactive,none,benign,benign,1,0.9704,0.0209,0.0087
3061,port_scan,fragmentation+block_padding+timing_jitter,malicious_obfuscated,malicious_obfuscated,1,0.0117,0.0136,0.9747
3062,c2_beacon,none,malicious_plain,malicious_plain,1,0.0159,0.9486,0.0355
3063,voip,none,benign,benign,1,0.9681,0.0206,0.0113
3064,video_streaming,none,benign,benign,1,0.9282,0.0374,0.0344
3065,ssh_interactive,none,benign,benign,1,0.9366,0.0357,0.0277
3066,video_streaming,block_padding,benign,benign,1,0.9479,0.0330,0.0192
3067,video_streaming,dummy_injection,benign,benign,1,0.9528,0.0288,0.0184
3068,voip,none,benign,benign,1,0.9645,0.0231,0.0124
3069,ddos_flood,fragmentation+random_padding+timing_jitter,malicious_obfuscated,malicious_obfuscated,1,0.0128,0.0258,0.9614
3070,voip,none,benign,benign,1,0.9622,0.0195,0.0183
3071,data_exfiltration,dummy_injection+constant_rate_shaping+tunnel_encapsulation,malicious_obfuscated,malicious_obfuscated,1,0.0294,0.0181,0.9526
3072,data_exfiltration,none,malicious_plain,malicious_plain,1,0.0222,0.9611,0.0167
3073,ssh_interactive,none,benign,benign,1,0.9647,0.0227,0.0126
3074,port_scan,fragmentation+random_padding+timing_jitter,malicious_obfuscated,malicious_obfuscated,1,0.0113,0.0192,0.9695
3075,voip,none,benign,benign,1,0.9718,0.0179,0.0103
3076,reverse_shell,dummy_injection+timing_jitter,malicious_obfuscated,malicious_obfuscated,1,0.0670,0.0415,0.8915
3077,c2_beacon,random_padding,malicious_obfuscated,malicious_obfuscated,1,0.0186,0.0326,0.9488
3078,data_exfiltration,fragmentation,malicious_obfuscated,malicious_obfuscated,1,0.0180,0.0313,0.9507
3079,ssh_interactive,none,benign,benign,1,0.9478,0.0308,0.0215
3080,port_scan,block_padding+constant_rate_shaping,malicious_obfuscated,malicious_obfuscated,1,0.0262,0.0164,0.9573
3081,file_download,none,benign,benign,1,0.9385,0.0311,0.0304
3082,web_browsing,protocol_mimicry,benign,benign,1,0.8601,0.0203,0.1196
3083,reverse_shell,none,malicious_plain,malicious_plain,1,0.0123,0.9665,0.0212
3084,data_exfiltration,none,malicious_plain,malicious_plain,1,0.0288,0.9547,0.0165
3085,port_scan,none,malicious_plain,malicious_plain,1,0.0184,0.9493,0.0323
3086,reverse_shell,random_padding+timing_jitter+tunnel_encapsulation,malicious_obfuscated,malicious_obfuscated,1,0.0126,0.0115,0.9758
3087,port_scan,fragmentation+random_padding+dummy_injection,malicious_obfuscated,malicious_obfuscated,1,0.0106,0.0133,0.9760
3088,voip,none,benign,benign,1,0.9648,0.0217,0.0135
3089,brute_force,protocol_mimicry,malicious_obfuscated,malicious_obfuscated,1,0.0952,0.0397,0.8652
3090,data_exfiltration,protocol_mimicry+dummy_injection,malicious_obfuscated,malicious_obfuscated,1,0.0402,0.0218,0.9380
3091,brute_force,random_padding,malicious_obfuscated,malicious_obfuscated,1,0.0224,0.0318,0.9458
3092,video_streaming,none,benign,benign,1,0.9324,0.0375,0.0302
3093,voip,fragmentation,benign,benign,1,0.9660,0.0199,0.0141
3094,data_exfiltration,protocol_mimicry+fragmentation+random_padding,malicious_obfuscated,malicious_obfuscated,1,0.0181,0.0123,0.9696
3095,web_browsing,none,benign,benign,1,0.9706,0.0170,0.0124
3096,data_exfiltration,random_padding,malicious_obfuscated,malicious_obfuscated,1,0.0229,0.0234,0.9536
3097,file_download,protocol_mimicry+block_padding+dummy_injection,benign,benign,1,0.9233,0.0272,0.0495
3098,ssh_interactive,timing_jitter,benign,benign,1,0.9444,0.0308,0.0248
3099,brute_force,none,malicious_plain,malicious_plain,1,0.0173,0.9514,0.0313
3100,data_exfiltration,random_padding+dummy_injection,malicious_obfuscated,malicious_obfuscated,1,0.0119,0.0133,0.9748
3101,port_scan,protocol_mimicry+timing_jitter+tunnel_encapsulation,malicious_obfuscated,malicious_obfuscated,1,0.0274,0.0161,0.9565
3102,web_browsing,tunnel_encapsulation,benign,benign,1,0.9234,0.0356,0.0410
3103,c2_beacon,none,malicious_plain,malicious_plain,1,0.0229,0.9210,0.0561
3104,data_exfiltration,fragmentation+block_padding+timing_jitter,malicious_obfuscated,malicious_obfuscated,1,0.0162,0.0231,0.9607
3105,c2_beacon,none,malicious_plain,malicious_obfuscated,0,0.0285,0.3681,0.6034
3106,reverse_shell,none,malicious_plain,malicious_plain,1,0.0074,0.9733,0.0193
3107,ssh_interactive,block_padding+random_padding,benign,benign,1,0.9281,0.0354,0.0365
3108,data_exfiltration,none,malicious_plain,malicious_plain,1,0.0194,0.9666,0.0141
3109,data_exfiltration,fragmentation+random_padding+timing_jitter,malicious_obfuscated,malicious_obfuscated,1,0.0180,0.0262,0.9558
3110,data_exfiltration,none,malicious_plain,malicious_plain,1,0.0209,0.9668,0.0123
3111,web_browsing,none,benign,benign,1,0.9385,0.0342,0.0273
3112,brute_force,random_padding+dummy_injection+timing_jitter,malicious_obfuscated,malicious_obfuscated,1,0.0932,0.0353,0.8716
3113,c2_beacon,timing_jitter+constant_rate_shaping+tunnel_encapsulation,malicious_obfuscated,malicious_obfuscated,1,0.0436,0.0058,0.9506
3114,ddos_flood,protocol_mimicry+fragmentation+timing_jitter,malicious_obfuscated,malicious_obfuscated,1,0.0142,0.0111,0.9747
3115,ssh_interactive,none,benign,benign,1,0.9656,0.0228,0.0116
3116,ddos_flood,fragmentation+timing_jitter,malicious_obfuscated,malicious_obfuscated,1,0.0065,0.0201,0.9734
3117,brute_force,none,malicious_plain,malicious_plain,1,0.0204,0.9333,0.0463
3118,c2_beacon,protocol_mimicry,malicious_obfuscated,malicious_obfuscated,1,0.2049,0.0314,0.7637
3119,brute_force,protocol_mimicry+block_padding+constant_rate_shaping,malicious_obfuscated,malicious_obfuscated,1,0.0407,0.0126,0.9467
3120,ssh_interactive,dummy_injection,benign,benign,1,0.9514,0.0234,0.0252
3121,file_download,none,benign,benign,1,0.9504,0.0247,0.0249
3122,ddos_flood,none,malicious_plain,malicious_plain,1,0.0233,0.9407,0.0359
3123,data_exfiltration,none,malicious_plain,malicious_plain,1,0.0237,0.9596,0.0167
3124,c2_beacon,none,malicious_plain,malicious_plain,1,0.0197,0.9473,0.0329
3125,reverse_shell,random_padding+dummy_injection,malicious_obfuscated,malicious_obfuscated,1,0.0244,0.0200,0.9557
3126,voip,constant_rate_shaping+tunnel_encapsulation,benign,malicious_obfuscated,0,0.2353,0.0214,0.7433
3127,port_scan,timing_jitter,malicious_obfuscated,malicious_obfuscated,1,0.0244,0.0314,0.9442
3128,voip,none,benign,benign,1,0.9641,0.0216,0.0143
3129,file_download,none,benign,benign,1,0.9501,0.0258,0.0241
3130,data_exfiltration,none,malicious_plain,malicious_plain,1,0.0241,0.9607,0.0152
3131,port_scan,timing_jitter,malicious_obfuscated,malicious_obfuscated,1,0.0124,0.0196,0.9680
3132,voip,block_padding,benign,benign,1,0.9222,0.0166,0.0611
3133,ddos_flood,constant_rate_shaping,malicious_obfuscated,malicious_obfuscated,1,0.0112,0.0168,0.9720
3134,brute_force,timing_jitter,malicious_obfuscated,malicious_plain,0,0.0263,0.8151,0.1586
3135,file_download,none,benign,benign,1,0.9571,0.0231,0.0198
3136,brute_force,none,malicious_plain,malicious_plain,1,0.0202,0.9293,0.0505
3137,c2_beacon,block_padding+constant_rate_shaping,malicious_obfuscated,malicious_obfuscated,1,0.0557,0.0172,0.9272
3138,ssh_interactive,none,benign,benign,1,0.9619,0.0237,0.0144
3139,data_exfiltration,none,malicious_plain,malicious_plain,1,0.0177,0.9696,0.0127
3140,c2_beacon,fragmentation+block_padding+dummy_injection,malicious_obfuscated,malicious_obfuscated,1,0.0075,0.0071,0.9853
3141,ddos_flood,protocol_mimicry+random_padding,malicious_obfuscated,malicious_obfuscated,1,0.0089,0.0179,0.9731
3142,c2_beacon,none,malicious_plain,malicious_plain,1,0.0156,0.9365,0.0480
3143,port_scan,block_padding+random_padding,malicious_obfuscated,malicious_obfuscated,1,0.0207,0.0175,0.9618
3144,brute_force,dummy_injection,malicious_obfuscated,malicious_obfuscated,1,0.0481,0.0321,0.9199
3145,ssh_interactive,none,benign,benign,1,0.9533,0.0286,0.0181
3146,brute_force,none,malicious_plain,malicious_plain,1,0.0199,0.9331,0.0470
3147,reverse_shell,none,malicious_plain,malicious_plain,1,0.0102,0.9729,0.0169
3148,voip,random_padding+dummy_injection+constant_rate_shaping,benign,benign,1,0.7514,0.0488,0.1998
3149,video_streaming,none,benign,benign,1,0.9559,0.0246,0.0195
3150,reverse_shell,none,malicious_plain,malicious_plain,1,0.0184,0.9620,0.0197
3151,c2_beacon,none,malicious_plain,malicious_plain,1,0.0188,0.9419,0.0393
3152,ssh_interactive,none,benign,benign,1,0.9623,0.0256,0.0121
3153,c2_beacon,timing_jitter,malicious_obfuscated,malicious_obfuscated,1,0.0194,0.0302,0.9503
3154,c2_beacon,none,malicious_plain,malicious_plain,1,0.0128,0.9696,0.0176
3155,brute_force,protocol_mimicry+tunnel_encapsulation,malicious_obfuscated,malicious_obfuscated,1,0.0686,0.0180,0.9135
3156,c2_beacon,protocol_mimicry+block_padding+tunnel_encapsulation,malicious_obfuscated,malicious_obfuscated,1,0.0254,0.0101,0.9645
3157,brute_force,none,malicious_plain,malicious_plain,1,0.0192,0.9515,0.0293
3158,reverse_shell,none,malicious_plain,malicious_plain,1,0.0086,0.9829,0.0086
3159,c2_beacon,none,malicious_plain,malicious_plain,1,0.0122,0.9544,0.0333
3160,brute_force,dummy_injection+constant_rate_shaping,malicious_obfuscated,malicious_obfuscated,1,0.0903,0.0169,0.8928
3161,file_download,fragmentation,benign,benign,1,0.9697,0.0177,0.0126
3162,ssh_interactive,none,benign,benign,1,0.9489,0.0292,0.0220
3163,web_browsing,dummy_injection+timing_jitter,benign,benign,1,0.6045,0.0788,0.3167
3164,ssh_interactive,protocol_mimicry+fragmentation+dummy_injection,benign,benign,1,0.9847,0.0082,0.0071
3165,ssh_interactive,protocol_mimicry+fragmentation+block_padding,benign,benign,1,0.4959,0.0178,0.4862
3166,reverse_shell,constant_rate_shaping,malicious_obfuscated,malicious_obfuscated,1,0.0732,0.0136,0.9132
3167,port_scan,none,malicious_plain,malicious_plain,1,0.0180,0.9279,0.0541
3168,video_streaming,none,benign,benign,1,0.9317,0.0363,0.0320
3169,file_download,block_padding+random_padding,benign,benign,1,0.9643,0.0218,0.0139
3170,data_exfiltration,none,malicious_plain,malicious_plain,1,0.0208,0.9653,0.0140
3171,ddos_flood,none,malicious_plain,malicious_plain,1,0.0195,0.9333,0.0472
3172,file_download,none,benign,benign,1,0.9524,0.0250,0.0227
3173,port_scan,tunnel_encapsulation,malicious_obfuscated,malicious_obfuscated,1,0.0301,0.0926,0.8773
3174,video_streaming,none,benign,benign,1,0.9430,0.0317,0.0253
3175,file_download,none,benign,benign,1,0.9461,0.0274,0.0266
3176,c2_beacon,fragmentation+timing_jitter+constant_rate_shaping,malicious_obfuscated,malicious_obfuscated,1,0.1101,0.0197,0.8701
3177,data_exfiltration,protocol_mimicry+fragmentation+block_padding,malicious_obfuscated,malicious_obfuscated,1,0.0457,0.0147,0.9397
3178,video_streaming,none,benign,benign,1,0.9386,0.0318,0.0296
3179,reverse_shell,block_padding,malicious_obfuscated,malicious_obfuscated,1,0.0418,0.0494,0.9087
3180,web_browsing,none,benign,benign,1,0.9378,0.0335,0.0287
3181,data_exfiltration,dummy_injection+timing_jitter,malicious_obfuscated,malicious_obfuscated,1,0.0095,0.0116,0.9789
3182,port_scan,none,malicious_plain,malicious_plain,1,0.0153,0.9517,0.0330
3183,voip,random_padding+dummy_injection,benign,benign,1,0.9845,0.0080,0.0075
3184,port_scan,random_padding,malicious_obfuscated,malicious_obfuscated,1,0.0169,0.0169,0.9662
3185,file_download,none,benign,benign,1,0.9522,0.0257,0.0221
3186,port_scan,constant_rate_shaping+tunnel_encapsulation,malicious_obfuscated,malicious_obfuscated,1,0.0330,0.0121,0.9549
3187,brute_force,random_padding+timing_jitter+constant_rate_shaping,malicious_obfuscated,malicious_obfuscated,1,0.0401,0.0135,0.9465
3188,reverse_shell,none,malicious_plain,malicious_plain,1,0.0198,0.9330,0.0473
3189,file_download,none,benign,benign,1,0.9590,0.0215,0.0195
3190,brute_force,none,malicious_plain,malicious_plain,1,0.0161,0.9576,0.0263
3191,port_scan,none,malicious_plain,malicious_plain,1,0.0272,0.9037,0.0690
3192,voip,random_padding,benign,benign,1,0.9760,0.0162,0.0079
3193,video_streaming,none,benign,benign,1,0.9498,0.0253,0.0248
3194,ssh_interactive,fragmentation+tunnel_encapsulation,benign,benign,1,0.9533,0.0192,0.0275
3195,ddos_flood,none,malicious_plain,malicious_plain,1,0.0204,0.9373,0.0423
3196,web_browsing,none,benign,benign,1,0.8205,0.0858,0.0937
3197,ssh_interactive,none,benign,benign,1,0.9602,0.0263,0.0135
3198,file_download,protocol_mimicry+block_padding+dummy_injection,benign,benign,1,0.9733,0.0147,0.0120
3199,data_exfiltration,none,malicious_plain,malicious_plain,1,0.0264,0.9541,0.0195
3200,ssh_interactive,tunnel_encapsulation,benign,benign,1,0.9712,0.0156,0.0132
3201,brute_force,fragmentation+constant_rate_shaping,malicious_obfuscated,malicious_obfuscated,1,0.2126,0.0250,0.7624
3202,reverse_shell,none,malicious_plain,malicious_obfuscated,0,0.0351,0.4241,0.5408
3203,video_streaming,none,benign,benign,1,0.9545,0.0270,0.0185
3204,c2_beacon,none,malicious_plain,malicious_plain,1,0.0148,0.9457,0.0395
3205,voip,fragmentation,benign,benign,1,0.9591,0.0226,0.0182
3206,dns_query,protocol_mimicry+dummy_injection+tunnel_encapsulation,benign,benign,1,0.9123,0.0162,0.0714
3207,data_exfiltration,timing_jitter,malicious_obfuscated,malicious_obfuscated,1,0.0331,0.0894,0.8775
3208,c2_beacon,timing_jitter,malicious_obfuscated,malicious_obfuscated,1,0.0137,0.0220,0.9643
3209,c2_beacon,none,malicious_plain,malicious_plain,1,0.0193,0.9488,0.0319
3210,file_download,block_padding+tunnel_encapsulation,benign,benign,1,0.9763,0.0166,0.0070
3211,reverse_shell,none,malicious_plain,malicious_plain,1,0.0073,0.9863,0.0064
3212,data_exfiltration,none,malicious_plain,malicious_plain,1,0.0235,0.9605,0.0160
3213,c2_beacon,none,malicious_plain,malicious_plain,1,0.0249,0.9460,0.0290
3214,ssh_interactive,protocol_mimicry+fragmentation,benign,benign,1,0.4993,0.0661,0.4347
3215,data_exfiltration,fragmentation+block_padding+tunnel_encapsulation,malicious_obfuscated,malicious_obfuscated,1,0.0136,0.0186,0.9678
3216,ddos_flood,none,malicious_plain,malicious_plain,1,0.0202,0.9333,0.0465
3217,port_scan,fragmentation+random_padding+constant_rate_shaping,malicious_obfuscated,malicious_obfuscated,1,0.0898,0.0186,0.8916
3218,ssh_interactive,none,benign,benign,1,0.9615,0.0211,0.0174
3219,ssh_interactive,none,benign,benign,1,0.9651,0.0203,0.0146
3220,brute_force,block_padding,malicious_obfuscated,malicious_obfuscated,1,0.0359,0.0377,0.9264
3221,data_exfiltration,protocol_mimicry+fragmentation+dummy_injection,malicious_obfuscated,malicious_obfuscated,1,0.3951,0.0646,0.5403
3222,video_streaming,none,benign,benign,1,0.9188,0.0455,0.0357
3223,reverse_shell,none,malicious_plain,malicious_plain,1,0.0225,0.9367,0.0408
3224,c2_beacon,dummy_injection+tunnel_encapsulation,malicious_obfuscated,malicious_obfuscated,1,0.0150,0.0467,0.9384
3225,video_streaming,dummy_injection+timing_jitter+constant_rate_shaping,benign,benign,1,0.9030,0.0487,0.0483
3226,reverse_shell,block_padding+random_padding+dummy_injection,malicious_obfuscated,malicious_obfuscated,1,0.0345,0.0320,0.9335
3227,c2_beacon,none,malicious_plain,malicious_plain,1,0.0131,0.9578,0.0290
3228,ssh_interactive,protocol_mimicry+dummy_injection,benign,malicious_obfuscated,0,0.1150,0.0291,0.8559
3229,voip,timing_jitter,benign,benign,1,0.9122,0.0469,0.0409
3230,reverse_shell,tunnel_encapsulation,malicious_obfuscated,malicious_obfuscated,1,0.0357,0.1002,0.8640
3231,voip,none,benign,benign,1,0.9637,0.0194,0.0169
3232,port_scan,timing_jitter+tunnel_encapsulation,malicious_obfuscated,malicious_obfuscated,1,0.0170,0.0247,0.9582
3233,video_streaming,none,benign,benign,1,0.9400,0.0343,0.0257
3234,ssh_interactive,none,benign,benign,1,0.9703,0.0198,0.0098
3235,data_exfiltration,none,malicious_plain,malicious_plain,1,0.0211,0.9636,0.0153
3236,voip,dummy_injection,benign,benign,1,0.9719,0.0138,0.0142
3237,ssh_interactive,none,benign,benign,1,0.9546,0.0286,0.0168
3238,web_browsing,none,benign,benign,1,0.9743,0.0142,0.0115
3239,web_browsing,none,benign,benign,1,0.8791,0.0396,0.0813
3240,port_scan,none,malicious_plain,malicious_plain,1,0.0154,0.9464,0.0382
3241,voip,none,benign,benign,1,0.9663,0.0203,0.0134
3242,brute_force,fragmentation+constant_rate_shaping,malicious_obfuscated,benign,0,0.7827,0.0261,0.1912
3243,c2_beacon,none,malicious_plain,malicious_plain,1,0.0187,0.9224,0.0588
3244,ssh_interactive,none,benign,benign,1,0.9593,0.0243,0.0164
3245,c2_beacon,none,malicious_plain,malicious_plain,1,0.0163,0.9436,0.0402
3246,port_scan,fragmentation+dummy_injection+constant_rate_shaping,malicious_obfuscated,malicious_obfuscated,1,0.1909,0.0293,0.7798
3247,voip,none,benign,benign,1,0.9708,0.0180,0.0112
3248,ddos_flood,tunnel_encapsulation,malicious_obfuscated,malicious_obfuscated,1,0.0267,0.0369,0.9364
3249,c2_beacon,protocol_mimicry+block_padding+tunnel_encapsulation,malicious_obfuscated,malicious_obfuscated,1,0.0586,0.0142,0.9273
3250,reverse_shell,none,malicious_plain,malicious_plain,1,0.0189,0.9567,0.0244
3251,c2_beacon,random_padding,malicious_obfuscated,malicious_obfuscated,1,0.0180,0.0679,0.9141
3252,voip,dummy_injection+timing_jitter,benign,benign,1,0.9696,0.0167,0.0137
3253,data_exfiltration,timing_jitter+tunnel_encapsulation,malicious_obfuscated,malicious_obfuscated,1,0.0129,0.0316,0.9555
3254,c2_beacon,protocol_mimicry+fragmentation,malicious_obfuscated,benign,0,0.6035,0.0613,0.3352
3255,brute_force,protocol_mimicry+random_padding+constant_rate_shaping,malicious_obfuscated,malicious_obfuscated,1,0.0785,0.0249,0.8966
3256,c2_beacon,protocol_mimicry+block_padding+constant_rate_shaping,malicious_obfuscated,malicious_obfuscated,1,0.2481,0.0252,0.7266
3257,ssh_interactive,fragmentation+dummy_injection+timing_jitter,benign,benign,1,0.9262,0.0245,0.0493
3258,port_scan,none,malicious_plain,malicious_plain,1,0.0126,0.9587,0.0287
3259,brute_force,none,malicious_plain,malicious_plain,1,0.0183,0.9516,0.0301
3260,web_browsing,protocol_mimicry+random_padding+tunnel_encapsulation,benign,benign,1,0.7969,0.0303,0.1729
3261,reverse_shell,none,malicious_plain,malicious_plain,1,0.0157,0.9661,0.0182
3262,ddos_flood,none,malicious_plain,malicious_plain,1,0.0291,0.9310,0.0399
3263,reverse_shell,none,malicious_plain,malicious_plain,1,0.0071,0.9812,0.0116
3264,brute_force,none,malicious_plain,malicious_plain,1,0.0209,0.9215,0.0577
3265,ssh_interactive,none,benign,benign,1,0.9428,0.0343,0.0229
3266,c2_beacon,none,malicious_plain,malicious_plain,1,0.0138,0.9449,0.0412
3267,data_exfiltration,random_padding,malicious_obfuscated,malicious_obfuscated,1,0.0347,0.0532,0.9122
3268,port_scan,block_padding+timing_jitter+constant_rate_shaping,malicious_obfuscated,malicious_obfuscated,1,0.0498,0.0099,0.9403
3269,c2_beacon,random_padding+constant_rate_shaping+tunnel_encapsulation,malicious_obfuscated,malicious_obfuscated,1,0.0409,0.0123,0.9468
3270,c2_beacon,tunnel_encapsulation,malicious_obfuscated,malicious_plain,0,0.0160,0.9544,0.0296
3271,reverse_shell,protocol_mimicry,malicious_obfuscated,malicious_obfuscated,1,0.0446,0.0232,0.9322
3272,data_exfiltration,protocol_mimicry+random_padding,malicious_obfuscated,malicious_obfuscated,1,0.0643,0.0275,0.9082
3273,ddos_flood,none,malicious_plain,malicious_plain,1,0.0187,0.9409,0.0404
3274,brute_force,none,malicious_plain,malicious_plain,1,0.0211,0.9343,0.0447
3275,c2_beacon,none,malicious_plain,malicious_plain,1,0.0166,0.9478,0.0356
3276,reverse_shell,fragmentation+random_padding,malicious_obfuscated,malicious_obfuscated,1,0.0274,0.0173,0.9553
3277,brute_force,none,malicious_plain,malicious_plain,1,0.0177,0.9385,0.0438
3278,ddos_flood,protocol_mimicry,malicious_obfuscated,malicious_obfuscated,1,0.0225,0.0365,0.9410
3279,file_download,none,benign,benign,1,0.9560,0.0234,0.0206
3280,port_scan,none,malicious_plain,malicious_plain,1,0.0197,0.9299,0.0504
3281,video_streaming,protocol_mimicry+block_padding+dummy_injection,benign,benign,1,0.9884,0.0074,0.0042
3282,file_download,block_padding,benign,benign,1,0.9614,0.0238,0.0148
3283,c2_beacon,none,malicious_plain,malicious_plain,1,0.0182,0.9532,0.0286
3284,voip,none,benign,benign,1,0.9675,0.0187,0.0138
3285,reverse_shell,none,malicious_plain,malicious_plain,1,0.0214,0.8738,0.1048
3286,c2_beacon,random_padding+timing_jitter+tunnel_encapsulation,malicious_obfuscated,malicious_obfuscated,1,0.0126,0.0107,0.9766
3287,ssh_interactive,protocol_mimicry+timing_jitter+tunnel_encapsulation,benign,malicious_obfuscated,0,0.4533,0.0564,0.4903
3288,ddos_flood,none,malicious_plain,malicious_plain,1,0.0238,0.9344,0.0418
3289,data_exfiltration,block_padding,malicious_obfuscated,malicious_obfuscated,1,0.0365,0.0493,0.9142
3290,voip,none,benign,benign,1,0.9710,0.0178,0.0112
3291,reverse_shell,none,malicious_plain,malicious_plain,1,0.0120,0.9785,0.0096
3292,ddos_flood,fragmentation+block_padding,malicious_obfuscated,malicious_obfuscated,1,0.0326,0.0395,0.9279
3293,web_browsing,dummy_injection+constant_rate_shaping,benign,benign,1,0.6239,0.0391,0.3370
3294,data_exfiltration,protocol_mimicry+random_padding+constant_rate_shaping,malicious_obfuscated,malicious_obfuscated,1,0.0656,0.0191,0.9153
3295,brute_force,dummy_injection+timing_jitter,malicious_obfuscated,malicious_obfuscated,1,0.0264,0.0238,0.9498
3296,port_scan,none,malicious_plain,malicious_plain,1,0.0206,0.9080,0.0713
3297,c2_beacon,random_padding,malicious_obfuscated,malicious_obfuscated,1,0.0155,0.0327,0.9518
3298,data_exfiltration,none,malicious_plain,malicious_plain,1,0.0204,0.9643,0.0153
3299,c2_beacon,none,malicious_plain,malicious_plain,1,0.0204,0.9314,0.0482
3300,data_exfiltration,block_padding,malicious_obfuscated,malicious_obfuscated,1,0.0212,0.0172,0.9616
3301,web_browsing,none,benign,benign,1,0.9806,0.0119,0.0075
3302,ddos_flood,fragmentation+dummy_injection+tunnel_encapsulation,malicious_obfuscated,malicious_obfuscated,1,0.0074,0.0125,0.9801
3303,port_scan,none,malicious_plain,malicious_plain,1,0.0232,0.9294,0.0474
3304,port_scan,none,malicious_plain,malicious_plain,1,0.0145,0.9503,0.0352
3305,reverse_shell,constant_rate_shaping+tunnel_encapsulation,malicious_obfuscated,malicious_obfuscated,1,0.1891,0.0203,0.7906
3306,file_download,none,benign,benign,1,0.9401,0.0296,0.0303
3307,file_download,none,benign,benign,1,0.9436,0.0298,0.0266
3308,video_streaming,block_padding,benign,benign,1,0.9425,0.0331,0.0244
3309,port_scan,none,malicious_plain,malicious_plain,1,0.0214,0.9220,0.0566
3310,data_exfiltration,none,malicious_plain,malicious_plain,1,0.0266,0.9570,0.0164
3311,port_scan,dummy_injection,malicious_obfuscated,malicious_obfuscated,1,0.0461,0.0632,0.8907
3312,brute_force,random_padding+timing_jitter+constant_rate_shaping,malicious_obfuscated,malicious_obfuscated,1,0.0181,0.0098,0.9721
3313,web_browsing,none,benign,benign,1,0.9671,0.0189,0.0140
3314,c2_beacon,none,malicious_plain,malicious_plain,1,0.0181,0.9490,0.0329
3315,data_exfiltration,none,malicious_plain,malicious_plain,1,0.0176,0.9715,0.0109
3316,data_exfiltration,none,malicious_plain,malicious_plain,1,0.0228,0.9626,0.0146
3317,ssh_interactive,fragmentation+tunnel_encapsulation,benign,benign,1,0.9352,0.0225,0.0424
3318,port_scan,none,malicious_plain,malicious_plain,1,0.0235,0.9280,0.0485
3319,brute_force,dummy_injection+tunnel_encapsulation,malicious_obfuscated,malicious_obfuscated,1,0.0158,0.0256,0.9586
3320,data_exfiltration,block_padding+random_padding,malicious_obfuscated,malicious_obfuscated,1,0.0205,0.0298,0.9497
3321,brute_force,none,malicious_plain,malicious_plain,1,0.0182,0.9366,0.0452
3322,c2_beacon,random_padding,malicious_obfuscated,malicious_obfuscated,1,0.0166,0.0391,0.9443
3323,c2_beacon,none,malicious_plain,malicious_plain,1,0.0207,0.9360,0.0433
3324,c2_beacon,none,malicious_plain,malicious_plain,1,0.0148,0.9515,0.0337
3325,data_exfiltration,fragmentation,malicious_obfuscated,malicious_obfuscated,1,0.0311,0.0313,0.9376
3326,ddos_flood,dummy_injection+timing_jitter+tunnel_encapsulation,malicious_obfuscated,malicious_obfuscated,1,0.0087,0.0162,0.9751
3327,c2_beacon,none,malicious_plain,malicious_plain,1,0.0178,0.9413,0.0409
3328,reverse_shell,protocol_mimicry+fragmentation,malicious_obfuscated,malicious_obfuscated,1,0.2786,0.0549,0.6666
3329,data_exfiltration,none,malicious_plain,malicious_plain,1,0.0256,0.9579,0.0164
3330,c2_beacon,none,malicious_plain,malicious_plain,1,0.0142,0.9411,0.0447
3331,c2_beacon,none,malicious_plain,malicious_plain,1,0.0229,0.9327,0.0444
3332,voip,fragmentation+tunnel_encapsulation,benign,benign,1,0.9110,0.0164,0.0726
3333,ddos_flood,random_padding+constant_rate_shaping+tunnel_encapsulation,malicious_obfuscated,malicious_obfuscated,1,0.0168,0.0214,0.9617
3334,file_download,dummy_injection+constant_rate_shaping+tunnel_encapsulation,benign,benign,1,0.9277,0.0253,0.0470
3335,ddos_flood,none,malicious_plain,malicious_plain,1,0.0212,0.9449,0.0339
3336,c2_beacon,none,malicious_plain,malicious_plain,1,0.0169,0.9418,0.0413
3337,ssh_interactive,tunnel_encapsulation,benign,benign,1,0.9770,0.0118,0.0112
3338,dns_query,dummy_injection,benign,benign,1,0.9567,0.0166,0.0267
3339,file_download,none,benign,benign,1,0.9513,0.0244,0.0243
3340,brute_force,fragmentation,malicious_obfuscated,malicious_obfuscated,1,0.0109,0.0368,0.9523
3341,voip,none,benign,benign,1,0.9617,0.0170,0.0213
3342,c2_beacon,protocol_mimicry+dummy_injection+constant_rate_shaping,malicious_obfuscated,malicious_obfuscated,1,0.0173,0.0145,0.9682
3343,port_scan,none,malicious_plain,malicious_plain,1,0.0226,0.9320,0.0454
3344,port_scan,block_padding,malicious_obfuscated,malicious_obfuscated,1,0.0225,0.0220,0.9554
3345,c2_beacon,protocol_mimicry+fragmentation+random_padding,malicious_obfuscated,malicious_obfuscated,1,0.0284,0.0242,0.9474
3346,video_streaming,protocol_mimicry+tunnel_encapsulation,benign,benign,1,0.9828,0.0100,0.0072
3347,file_download,none,benign,benign,1,0.9517,0.0234,0.0249
3348,ddos_flood,none,malicious_plain,malicious_plain,1,0.0203,0.8629,0.1168
3349,video_streaming,block_padding+timing_jitter,benign,benign,1,0.9271,0.0417,0.0311
3350,c2_beacon,none,malicious_plain,malicious_plain,1,0.0157,0.9509,0.0335
3351,brute_force,protocol_mimicry+block_padding+tunnel_encapsulation,malicious_obfuscated,malicious_obfuscated,1,0.1314,0.0121,0.8565
3352,port_scan,none,malicious_plain,malicious_plain,1,0.0168,0.9380,0.0452
3353,port_scan,constant_rate_shaping,malicious_obfuscated,malicious_obfuscated,1,0.0302,0.0167,0.9530
3354,ssh_interactive,dummy_injection,benign,benign,1,0.9806,0.0107,0.0087
3355,brute_force,none,malicious_plain,malicious_plain,1,0.0180,0.9356,0.0464
3356,brute_force,none,malicious_plain,malicious_plain,1,0.0172,0.9478,0.0350
3357,brute_force,protocol_mimicry+fragmentation+tunnel_encapsulation,malicious_obfuscated,malicious_obfuscated,1,0.0722,0.0239,0.9039
3358,c2_beacon,protocol_mimicry+block_padding,malicious_obfuscated,malicious_obfuscated,1,0.0601,0.0143,0.9256
3359,voip,none,benign,benign,1,0.9698,0.0194,0.0108
3360,video_streaming,protocol_mimicry+fragmentation+constant_rate_shaping,benign,benign,1,0.7634,0.0522,0.1844
3361,reverse_shell,none,malicious_plain,malicious_plain,1,0.0164,0.9370,0.0466
3362,c2_beacon,protocol_mimicry+dummy_injection,malicious_obfuscated,malicious_obfuscated,1,0.0403,0.0130,0.9468
3363,data_exfiltration,none,malicious_plain,malicious_plain,1,0.0237,0.9616,0.0147
3364,video_streaming,protocol_mimicry,benign,benign,1,0.9485,0.0291,0.0224
3365,ddos_flood,none,malicious_plain,malicious_plain,1,0.0184,0.9452,0.0364
3366,voip,constant_rate_shaping,benign,benign,1,0.6555,0.0296,0.3150
3367,file_download,random_padding,benign,benign,1,0.9462,0.0276,0.0262
3368,port_scan,none,malicious_plain,malicious_plain,1,0.0207,0.9440,0.0353
3369,brute_force,none,malicious_plain,malicious_plain,1,0.0205,0.9429,0.0366
3370,web_browsing,none,benign,benign,1,0.9237,0.0446,0.0316
3371,web_browsing,none,benign,benign,1,0.7898,0.1685,0.0417
3372,port_scan,random_padding+tunnel_encapsulation,malicious_obfuscated,malicious_obfuscated,1,0.0173,0.0182,0.9645
3373,ssh_interactive,none,benign,benign,1,0.9652,0.0217,0.0130
3374,c2_beacon,random_padding,malicious_obfuscated,malicious_obfuscated,1,0.0188,0.0441,0.9371
3375,video_streaming,none,benign,benign,1,0.9469,0.0292,0.0239
3376,port_scan,none,malicious_plain,malicious_plain,1,0.0152,0.9544,0.0304
3377,brute_force,random_padding,malicious_obfuscated,malicious_obfuscated,1,0.0361,0.2061,0.7579
3378,ssh_interactive,none,benign,benign,1,0.9742,0.0175,0.0083
3379,brute_force,protocol_mimicry,malicious_obfuscated,malicious_obfuscated,1,0.0132,0.0105,0.9762
3380,brute_force,none,malicious_plain,malicious_plain,1,0.0165,0.9482,0.0353
3381,ssh_interactive,none,benign,benign,1,0.9662,0.0188,0.0150
3382,ddos_flood,timing_jitter+constant_rate_shaping+tunnel_encapsulation,malicious_obfuscated,malicious_obfuscated,1,0.0564,0.0148,0.9287
3383,c2_beacon,none,malicious_plain,malicious_plain,1,0.0198,0.9476,0.0326
3384,port_scan,block_padding,malicious_obfuscated,malicious_obfuscated,1,0.0285,0.0313,0.9402
3385,data_exfiltration,none,malicious_plain,malicious_plain,1,0.0196,0.9683,0.0121
3386,port_scan,none,malicious_plain,malicious_plain,1,0.0175,0.9447,0.0378
3387,port_scan,none,malicious_plain,malicious_plain,1,0.0183,0.9467,0.0350
3388,brute_force,none,malicious_plain,malicious_plain,1,0.0162,0.9490,0.0348
3389,ddos_flood,timing_jitter+constant_rate_shaping,malicious_obfuscated,malicious_obfuscated,1,0.0666,0.0251,0.9082
3390,ssh_interactive,none,benign,benign,1,0.9445,0.0322,0.0233
3391,voip,none,benign,benign,1,0.9732,0.0185,0.0083
3392,reverse_shell,protocol_mimicry+fragmentation+block_padding,malicious_obfuscated,malicious_obfuscated,1,0.4174,0.0216,0.5609
3393,ddos_flood,none,malicious_plain,malicious_plain,1,0.0217,0.9443,0.0341
3394,file_download,none,benign,benign,1,0.9298,0.0318,0.0384
3395,c2_beacon,none,malicious_plain,malicious_plain,1,0.0160,0.9624,0.0216
3396,reverse_shell,protocol_mimicry+block_padding+dummy_injection,malicious_obfuscated,malicious_obfuscated,1,0.1900,0.0198,0.7902
3397,ssh_interactive,none,benign,benign,1,0.9609,0.0252,0.0139
3398,data_exfiltration,none,malicious_plain,malicious_plain,1,0.0236,0.9622,0.0142
3399,ddos_flood,none,malicious_plain,malicious_plain,1,0.0199,0.9443,0.0358
3400,reverse_shell,protocol_mimicry,malicious_obfuscated,malicious_obfuscated,1,0.0634,0.0238,0.9128
3401,ssh_interactive,none,benign,benign,1,0.9576,0.0269,0.0155
3402,video_streaming,none,benign,benign,1,0.9519,0.0272,0.0209
3403,voip,none,benign,benign,1,0.9609,0.0209,0.0182
3404,reverse_shell,none,malicious_plain,malicious_plain,1,0.0090,0.9738,0.0172
3405,file_download,none,benign,benign,1,0.9479,0.0262,0.0258
3406,ddos_flood,protocol_mimicry+fragmentation,malicious_obfuscated,malicious_obfuscated,1,0.0191,0.0103,0.9707
3407,reverse_shell,protocol_mimicry+timing_jitter+constant_rate_shaping,malicious_obfuscated,malicious_obfuscated,1,0.2634,0.0114,0.7253
3408,brute_force,none,malicious_plain,malicious_plain,1,0.0187,0.9445,0.0368
3409,brute_force,protocol_mimicry+fragmentation+random_padding,malicious_obfuscated,malicious_obfuscated,1,0.0534,0.0260,0.9206
3410,c2_beacon,none,malicious_plain,malicious_plain,1,0.0211,0.9106,0.0682
3411,port_scan,protocol_mimicry+block_padding,malicious_obfuscated,malicious_obfuscated,1,0.0184,0.0177,0.9639
3412,ssh_interactive,none,benign,benign,1,0.9636,0.0210,0.0154
3413,file_download,none,benign,benign,1,0.9198,0.0377,0.0425
3414,ddos_flood,none,malicious_plain,malicious_plain,1,0.0151,0.9543,0.0305
3415,ddos_flood,protocol_mimicry+block_padding,malicious_obfuscated,malicious_obfuscated,1,0.0192,0.0268,0.9540
3416,ssh_interactive,none,benign,benign,1,0.9567,0.0268,0.0165
3417,c2_beacon,block_padding+timing_jitter,malicious_obfuscated,malicious_obfuscated,1,0.0187,0.0164,0.9650
3418,ddos_flood,none,malicious_plain,malicious_plain,1,0.0223,0.9389,0.0389
3419,file_download,fragmentation+dummy_injection,benign,benign,1,0.9619,0.0149,0.0233
3420,ddos_flood,random_padding+constant_rate_shaping,malicious_obfuscated,malicious_obfuscated,1,0.0308,0.0205,0.9487
3421,ddos_flood,none,malicious_plain,malicious_plain,1,0.0366,0.9174,0.0460
3422,port_scan,tunnel_encapsulation,malicious_obfuscated,malicious_obfuscated,1,0.0122,0.0328,0.9550
3423,ssh_interactive,protocol_mimicry,benign,benign,1,0.6265,0.0439,0.3296
3424,web_browsing,dummy_injection+tunnel_encapsulation,benign,benign,1,0.9664,0.0125,0.0211
3425,c2_beacon,timing_jitter+tunnel_encapsulation,malicious_obfuscated,malicious_obfuscated,1,0.0144,0.0196,0.9659
3426,data_exfiltration,none,malicious_plain,malicious_plain,1,0.0300,0.9481,0.0219
3427,c2_beacon,none,malicious_plain,malicious_plain,1,0.0191,0.9117,0.0692
3428,brute_force,protocol_mimicry+fragmentation+tunnel_encapsulation,malicious_obfuscated,benign,0,0.5542,0.0400,0.4058
3429,port_scan,dummy_injection,malicious_obfuscated,malicious_plain,0,0.0210,0.8962,0.0828
3430,c2_beacon,none,malicious_plain,malicious_plain,1,0.0160,0.9591,0.0248
3431,voip,protocol_mimicry,benign,benign,1,0.8736,0.0288,0.0977
3432,data_exfiltration,none,malicious_plain,malicious_plain,1,0.0217,0.9650,0.0133
3433,video_streaming,none,benign,benign,1,0.9138,0.0445,0.0417
3434,voip,protocol_mimicry,benign,benign,1,0.7864,0.0568,0.1568
3435,ddos_flood,none,malicious_plain,malicious_plain,1,0.0217,0.9353,0.0429
3436,data_exfiltration,none,malicious_plain,malicious_plain,1,0.0190,0.9685,0.0125
3437,port_scan,none,malicious_plain,malicious_plain,1,0.0200,0.9494,0.0306
3438,ddos_flood,none,malicious_plain,malicious_plain,1,0.0226,0.9433,0.0342
3439,c2_beacon,constant_rate_shaping,malicious_obfuscated,malicious_obfuscated,1,0.1828,0.0325,0.7846
3440,port_scan,none,malicious_plain,malicious_plain,1,0.0195,0.9299,0.0506
3441,web_browsing,none,benign,benign,1,0.9746,0.0149,0.0105
3442,web_browsing,none,benign,benign,1,0.9487,0.0282,0.0231
3443,voip,block_padding+dummy_injection+constant_rate_shaping,benign,benign,1,0.4979,0.0314,0.4706
3444,reverse_shell,none,malicious_plain,malicious_plain,1,0.0090,0.9656,0.0254
3445,brute_force,none,malicious_plain,malicious_plain,1,0.0160,0.9515,0.0326
3446,reverse_shell,none,malicious_plain,malicious_plain,1,0.0074,0.9814,0.0112
3447,data_exfiltration,protocol_mimicry+random_padding,malicious_obfuscated,malicious_obfuscated,1,0.0186,0.0135,0.9679
3448,web_browsing,protocol_mimicry+dummy_injection,benign,benign,1,0.8794,0.0287,0.0919
3449,ssh_interactive,protocol_mimicry,benign,benign,1,0.8756,0.0248,0.0996
3450,brute_force,none,malicious_plain,malicious_plain,1,0.0223,0.9416,0.0361
3451,ddos_flood,none,malicious_plain,malicious_plain,1,0.0159,0.9217,0.0624
3452,web_browsing,none,benign,benign,1,0.9658,0.0210,0.0132
3453,web_browsing,none,benign,benign,1,0.9636,0.0201,0.0164
3454,data_exfiltration,none,malicious_plain,malicious_plain,1,0.0240,0.9623,0.0137
3455,reverse_shell,none,malicious_plain,malicious_plain,1,0.0212,0.9414,0.0374
3456,voip,block_padding+dummy_injection+constant_rate_shaping,benign,benign,1,0.6584,0.0261,0.3155
3457,data_exfiltration,protocol_mimicry+tunnel_encapsulation,malicious_obfuscated,malicious_obfuscated,1,0.0093,0.0220,0.9686
3458,port_scan,none,malicious_plain,malicious_plain,1,0.0188,0.9365,0.0447
3459,file_download,block_padding+tunnel_encapsulation,benign,benign,1,0.9667,0.0225,0.0108
3460,brute_force,block_padding,malicious_obfuscated,malicious_obfuscated,1,0.0499,0.0406,0.9095
3461,brute_force,fragmentation+dummy_injection+constant_rate_shaping,malicious_obfuscated,malicious_obfuscated,1,0.2124,0.0281,0.7595
3462,ddos_flood,dummy_injection+timing_jitter+constant_rate_shaping,malicious_obfuscated,benign,0,0.5164,0.0460,0.4376
3463,ddos_flood,constant_rate_shaping,malicious_obfuscated,malicious_obfuscated,1,0.0132,0.0198,0.9670
3464,video_streaming,none,benign,benign,1,0.9648,0.0200,0.0152
3465,web_browsing,random_padding+timing_jitter,benign,benign,1,0.9206,0.0381,0.0412
3466,c2_beacon,none,malicious_plain,malicious_plain,1,0.0177,0.9474,0.0349
3467,web_browsing,none,benign,benign,1,0.9196,0.0372,0.0432
3468,ddos_flood,none,malicious_plain,malicious_plain,1,0.0173,0.9464,0.0363
3469,ddos_flood,none,malicious_plain,malicious_plain,1,0.0208,0.9443,0.0348
3470,video_streaming,none,benign,benign,1,0.9517,0.0275,0.0208
3471,brute_force,timing_jitter,malicious_obfuscated,malicious_obfuscated,1,0.0360,0.4794,0.4846
3472,voip,fragmentation,benign,benign,1,0.9390,0.0190,0.0420
3473,brute_force,timing_jitter+constant_rate_shaping+tunnel_encapsulation,malicious_obfuscated,malicious_obfuscated,1,0.0495,0.0096,0.9409
3474,c2_beacon,none,malicious_plain,malicious_plain,1,0.0192,0.9547,0.0261
3475,port_scan,constant_rate_shaping+tunnel_encapsulation,malicious_obfuscated,malicious_obfuscated,1,0.0282,0.0093,0.9624
3476,voip,random_padding+timing_jitter,benign,benign,1,0.7352,0.0655,0.1993
3477,reverse_shell,none,malicious_plain,malicious_plain,1,0.0098,0.9795,0.0107
3478,ddos_flood,protocol_mimicry+random_padding,malicious_obfuscated,malicious_obfuscated,1,0.0285,0.0278,0.9437
3479,port_scan,protocol_mimicry+timing_jitter+constant_rate_shaping,malicious_obfuscated,malicious_obfuscated,1,0.0238,0.0195,0.9567
3480,c2_beacon,fragmentation,malicious_obfuscated,malicious_obfuscated,1,0.0097,0.0240,0.9663
3481,reverse_shell,random_padding+timing_jitter,malicious_obfuscated,malicious_obfuscated,1,0.2032,0.0581,0.7387
3482,port_scan,dummy_injection,malicious_obfuscated,malicious_obfuscated,1,0.0252,0.0281,0.9467
3483,web_browsing,none,benign,benign,1,0.9617,0.0203,0.0180
3484,web_browsing,none,benign,benign,1,0.9593,0.0215,0.0192
3485,c2_beacon,fragmentation+dummy_injection+constant_rate_shaping,malicious_obfuscated,malicious_obfuscated,1,0.1162,0.0192,0.8646
3486,brute_force,none,malicious_plain,malicious_plain,1,0.0226,0.9386,0.0388
3487,voip,none,benign,benign,1,0.9650,0.0208,0.0142
3488,data_exfiltration,protocol_mimicry,malicious_obfuscated,malicious_obfuscated,1,0.0285,0.0252,0.9463
3489,reverse_shell,constant_rate_shaping,malicious_obfuscated,malicious_obfuscated,1,0.0282,0.0073,0.9645
3490,video_streaming,none,benign,benign,1,0.9657,0.0201,0.0142
3491,ssh_interactive,block_padding+constant_rate_shaping+tunnel_encapsulation,benign,benign,1,0.9023,0.0121,0.0856
3492,port_scan,none,malicious_plain,malicious_plain,1,0.0186,0.9409,0.0405
3493,reverse_shell,protocol_mimicry+random_padding+timing_jitter,malicious_obfuscated,malicious_obfuscated,1,0.0244,0.0140,0.9617
3494,ddos_flood,none,malicious_plain,malicious_plain,1,0.0179,0.9501,0.0320
3495,web_browsing,none,benign,benign,1,0.9611,0.0219,0.0170
3496,file_download,protocol_mimicry+constant_rate_shaping,benign,benign,1,0.9520,0.0220,0.0259
3497,brute_force,none,malicious_plain,malicious_plain,1,0.0234,0.9436,0.0330
3498,reverse_shell,none,malicious_plain,malicious_plain,1,0.0085,0.9755,0.0160
3499,ssh_interactive,protocol_mimicry+block_padding+timing_jitter,benign,benign,1,0.9330,0.0167,0.0503
3500,web_browsing,none,benign,benign,1,0.9694,0.0162,0.0144
3501,reverse_shell,none,malicious_plain,malicious_plain,1,0.0276,0.9387,0.0337
3502,c2_beacon,protocol_mimicry+fragmentation+tunnel_encapsulation,malicious_obfuscated,malicious_obfuscated,1,0.0256,0.0138,0.9607
3503,file_download,none,benign,benign,1,0.9438,0.0277,0.0285
3504,data_exfiltration,fragmentation+timing_jitter+tunnel_encapsulation,malicious_obfuscated,malicious_obfuscated,1,0.0106,0.0231,0.9663
3505,port_scan,protocol_mimicry+constant_rate_shaping,malicious_obfuscated,malicious_obfuscated,1,0.0302,0.0330,0.9367
3506,file_download,block_padding,benign,benign,1,0.9443,0.0334,0.0223
3507,c2_beacon,none,malicious_plain,malicious_plain,1,0.0148,0.9572,0.0280
3508,ssh_interactive,dummy_injection,benign,benign,1,0.9432,0.0190,0.0378
3509,ddos_flood,none,malicious_plain,malicious_plain,1,0.0254,0.9291,0.0455
3510,file_download,protocol_mimicry+fragmentation+block_padding,benign,benign,1,0.9690,0.0152,0.0158
3511,c2_beacon,random_padding+constant_rate_shaping,malicious_obfuscated,malicious_obfuscated,1,0.0318,0.0129,0.9553
3512,ssh_interactive,none,benign,benign,1,0.9485,0.0312,0.0203
3513,file_download,none,benign,benign,1,0.9179,0.0383,0.0438
3514,port_scan,none,malicious_plain,malicious_plain,1,0.0266,0.9364,0.0369
3515,c2_beacon,none,malicious_plain,malicious_plain,1,0.0155,0.9427,0.0417
3516,data_exfiltration,none,malicious_plain,malicious_plain,1,0.0258,0.9589,0.0153
3517,file_download,none,benign,benign,1,0.9472,0.0260,0.0268
3518,reverse_shell,protocol_mimicry,malicious_obfuscated,malicious_obfuscated,1,0.0909,0.0227,0.8864
3519,data_exfiltration,protocol_mimicry+fragmentation,malicious_obfuscated,malicious_obfuscated,1,0.0077,0.0157,0.9766
3520,web_browsing,none,benign,benign,1,0.9635,0.0149,0.0216
3521,data_exfiltration,none,malicious_plain,malicious_plain,1,0.0183,0.9687,0.0130
3522,ddos_flood,none,malicious_plain,malicious_plain,1,0.0260,0.9393,0.0346
3523,c2_beacon,none,malicious_plain,malicious_plain,1,0.0128,0.9580,0.0292
3524,reverse_shell,none,malicious_plain,malicious_plain,1,0.0109,0.9422,0.0469
3525,reverse_shell,protocol_mimicry+block_padding+constant_rate_shaping,malicious_obfuscated,malicious_obfuscated,1,0.2429,0.0398,0.7173
3526,reverse_shell,none,malicious_plain,malicious_plain,1,0.0177,0.9497,0.0325
3527,data_exfiltration,none,malicious_plain,malicious_plain,1,0.0204,0.9619,0.0176
3528,voip,none,benign,benign,1,0.9584,0.0240,0.0176
3529,reverse_shell,protocol_mimicry+dummy_injection+tunnel_encapsulation,malicious_obfuscated,benign,0,0.7205,0.0235,0.2560
3530,c2_beacon,block_padding+timing_jitter+constant_rate_shaping,malicious_obfuscated,malicious_obfuscated,1,0.0286,0.0114,0.9600
3531,ddos_flood,protocol_mimicry+fragmentation+dummy_injection,malicious_obfuscated,malicious_obfuscated,1,0.0258,0.0176,0.9565
3532,dns_query,block_padding+dummy_injection,benign,benign,1,0.9884,0.0042,0.0073
3533,reverse_shell,block_padding+constant_rate_shaping+tunnel_encapsulation,malicious_obfuscated,malicious_obfuscated,1,0.3156,0.0235,0.6609
3534,ddos_flood,none,malicious_plain,malicious_plain,1,0.0218,0.9507,0.0275
3535,data_exfiltration,none,malicious_plain,malicious_plain,1,0.0241,0.9586,0.0173
3536,brute_force,fragmentation,malicious_obfuscated,malicious_obfuscated,1,0.0194,0.0248,0.9557
3537,ddos_flood,timing_jitter+tunnel_encapsulation,malicious_obfuscated,malicious_obfuscated,1,0.0104,0.0239,0.9657
3538,data_exfiltration,none,malicious_plain,malicious_plain,1,0.0214,0.9653,0.0134
3539,web_browsing,none,benign,benign,1,0.9770,0.0148,0.0082
3540,brute_force,none,malicious_plain,malicious_plain,1,0.0184,0.9386,0.0430
3541,ssh_interactive,none,benign,benign,1,0.9493,0.0294,0.0213
3542,voip,random_padding+dummy_injection,benign,benign,1,0.9829,0.0080,0.0091
3543,port_scan,random_padding,malicious_obfuscated,malicious_obfuscated,1,0.0206,0.0390,0.9404
3544,port_scan,fragmentation,malicious_obfuscated,malicious_plain,0,0.0228,0.9372,0.0400
3545,video_streaming,none,benign,benign,1,0.9352,0.0339,0.0308
3546,reverse_shell,none,malicious_plain,malicious_plain,1,0.0061,0.9852,0.0087
3547,ddos_flood,none,malicious_plain,malicious_plain,1,0.0253,0.9347,0.0401
3548,ssh_interactive,none,benign,benign,1,0.9638,0.0245,0.0117
3549,port_scan,none,malicious_plain,malicious_plain,1,0.0192,0.9321,0.0487
3550,reverse_shell,none,malicious_plain,malicious_plain,1,0.0095,0.9783,0.0122
3551,data_exfiltration,protocol_mimicry,malicious_obfuscated,malicious_obfuscated,1,0.0254,0.0270,0.9475
3552,video_streaming,none,benign,benign,1,0.9505,0.0278,0.0217
3553,c2_beacon,none,malicious_plain,malicious_plain,1,0.0180,0.9548,0.0272
3554,data_exfiltration,block_padding,malicious_obfuscated,malicious_obfuscated,1,0.0378,0.0207,0.9415
3555,ssh_interactive,none,benign,benign,1,0.9623,0.0215,0.0162
3556,brute_force,constant_rate_shaping,malicious_obfuscated,malicious_obfuscated,1,0.1513,0.0287,0.8200
3557,reverse_shell,block_padding,malicious_obfuscated,malicious_obfuscated,1,0.2753,0.0764,0.6483
3558,web_browsing,block_padding,benign,benign,1,0.9442,0.0337,0.0222
3559,reverse_shell,random_padding+dummy_injection,malicious_obfuscated,malicious_obfuscated,1,0.0110,0.0162,0.9728
3560,web_browsing,block_padding+random_padding,benign,benign,1,0.7327,0.0325,0.2348
3561,brute_force,none,malicious_plain,malicious_plain,1,0.0176,0.9492,0.0332
3562,reverse_shell,none,malicious_plain,malicious_plain,1,0.0114,0.9546,0.0340
3563,brute_force,none,malicious_plain,malicious_plain,1,0.0178,0.9518,0.0304
3564,brute_force,fragmentation,malicious_obfuscated,malicious_obfuscated,1,0.0469,0.0343,0.9188
3565,c2_beacon,protocol_mimicry+fragmentation+tunnel_encapsulation,malicious_obfuscated,malicious_obfuscated,1,0.0274,0.0173,0.9553
3566,ddos_flood,none,malicious_plain,malicious_plain,1,0.0236,0.9449,0.0316
3567,data_exfiltration,random_padding+tunnel_encapsulation,malicious_obfuscated,malicious_obfuscated,1,0.0118,0.0239,0.9642
3568,web_browsing,block_padding+random_padding,benign,benign,1,0.9643,0.0208,0.0149
3569,ssh_interactive,none,benign,benign,1,0.9461,0.0288,0.0251
3570,port_scan,none,malicious_plain,malicious_plain,1,0.0139,0.9489,0.0373
3571,brute_force,fragmentation+timing_jitter+tunnel_encapsulation,malicious_obfuscated,malicious_obfuscated,1,0.0239,0.0324,0.9436
3572,brute_force,protocol_mimicry+constant_rate_shaping,malicious_obfuscated,malicious_obfuscated,1,0.1737,0.0284,0.7979
3573,voip,dummy_injection+constant_rate_shaping,benign,benign,1,0.7369,0.0232,0.2399
3574,web_browsing,none,benign,benign,1,0.9477,0.0289,0.0233
3575,brute_force,none,malicious_plain,malicious_plain,1,0.0199,0.9392,0.0409
3576,brute_force,timing_jitter,malicious_obfuscated,malicious_plain,0,0.0181,0.9382,0.0437
3577,port_scan,fragmentation+constant_rate_shaping,malicious_obfuscated,malicious_obfuscated,1,0.0200,0.0153,0.9647
3578,brute_force,none,malicious_plain,malicious_plain,1,0.0171,0.9453,0.0376
3579,data_exfiltration,none,malicious_plain,malicious_plain,1,0.0210,0.9650,0.0140
3580,reverse_shell,tunnel_encapsulation,malicious_obfuscated,malicious_obfuscated,1,0.0147,0.0235,0.9618
3581,reverse_shell,block_padding+timing_jitter,malicious_obfuscated,malicious_obfuscated,1,0.0192,0.0199,0.9609
3582,data_exfiltration,fragmentation+random_padding+constant_rate_shaping,malicious_obfuscated,malicious_obfuscated,1,0.0271,0.0186,0.9543
3583,reverse_shell,protocol_mimicry+constant_rate_shaping,malicious_obfuscated,malicious_obfuscated,1,0.2811,0.0224,0.6964
3584,port_scan,none,malicious_plain,malicious_plain,1,0.0169,0.9403,0.0428
3585,brute_force,block_padding+random_padding,malicious_obfuscated,malicious_obfuscated,1,0.0234,0.0237,0.9529
3586,data_exfiltration,none,malicious_plain,malicious_plain,1,0.0368,0.9375,0.0258
3587,ddos_flood,none,malicious_plain,malicious_plain,1,0.0246,0.9428,0.0326
3588,port_scan,none,malicious_plain,malicious_plain,1,0.0216,0.9413,0.0370
3589,reverse_shell,none,malicious_plain,malicious_plain,1,0.0344,0.9331,0.0325
3590,brute_force,none,malicious_plain,malicious_plain,1,0.0167,0.9344,0.0489
3591,reverse_shell,none,malicious_plain,malicious_plain,1,0.0449,0.9321,0.0230
3592,reverse_shell,block_padding+timing_jitter+constant_rate_shaping,malicious_obfuscated,malicious_obfuscated,1,0.0816,0.0133,0.9051
3593,video_streaming,none,benign,benign,1,0.9648,0.0209,0.0142
3594,ddos_flood,none,malicious_plain,malicious_plain,1,0.0230,0.9402,0.0367
3595,reverse_shell,protocol_mimicry+block_padding+random_padding,malicious_obfuscated,malicious_obfuscated,1,0.0935,0.0352,0.8713
3596,web_browsing,none,benign,benign,1,0.9573,0.0228,0.0198
3597,video_streaming,protocol_mimicry,benign,benign,1,0.9131,0.0400,0.0469
3598,data_exfiltration,protocol_mimicry+timing_jitter,malicious_obfuscated,malicious_obfuscated,1,0.0092,0.0066,0.9842
3599,dns_query,fragmentation+dummy_injection+tunnel_encapsulation,benign,benign,1,0.9889,0.0038,0.0073
3600,data_exfiltration,none,malicious_plain,malicious_plain,1,0.0185,0.9692,0.0123
3601,c2_beacon,random_padding+dummy_injection,malicious_obfuscated,malicious_obfuscated,1,0.0085,0.0116,0.9799
3602,reverse_shell,fragmentation+block_padding,malicious_obfuscated,malicious_obfuscated,1,0.0151,0.0141,0.9708
3603,data_exfiltration,none,malicious_plain,malicious_plain,1,0.0196,0.9673,0.0131
3604,file_download,none,benign,benign,1,0.9339,0.0301,0.0360
3605,c2_beacon,block_padding,malicious_obfuscated,malicious_obfuscated,1,0.0157,0.0200,0.9643
3606,brute_force,constant_rate_shaping,malicious_obfuscated,malicious_obfuscated,1,0.4776,0.0318,0.4906
3607,web_browsing,timing_jitter,benign,benign,1,0.8124,0.0453,0.1423
3608,data_exfiltration,none,malicious_plain,malicious_plain,1,0.0196,0.9669,0.0135
3609,ssh_interactive,none,benign,benign,1,0.9638,0.0209,0.0153
3610,reverse_shell,none,malicious_plain,malicious_plain,1,0.0170,0.9746,0.0084
3611,port_scan,none,malicious_plain,malicious_plain,1,0.0171,0.9286,0.0543
3612,port_scan,none,malicious_plain,malicious_plain,1,0.0197,0.9256,0.0547
3613,ddos_flood,none,malicious_plain,malicious_plain,1,0.0176,0.9476,0.0348
3614,data_exfiltration,none,malicious_plain,malicious_plain,1,0.0230,0.9615,0.0155
3615,port_scan,none,malicious_plain,malicious_plain,1,0.0177,0.9434,0.0389
3616,ssh_interactive,protocol_mimicry+timing_jitter,benign,benign,1,0.5584,0.0384,0.4033
3617,c2_beacon,none,malicious_plain,malicious_plain,1,0.0115,0.9686,0.0199
3618,c2_beacon,tunnel_encapsulation,malicious_obfuscated,malicious_obfuscated,1,0.0230,0.0388,0.9383
3619,ssh_interactive,none,benign,benign,1,0.9307,0.0271,0.0422
3620,video_streaming,none,benign,benign,1,0.9489,0.0262,0.0249
3621,ssh_interactive,timing_jitter+constant_rate_shaping,benign,benign,1,0.8898,0.0199,0.0903
3622,data_exfiltration,protocol_mimicry+dummy_injection+constant_rate_shaping,malicious_obfuscated,benign,0,0.7063,0.0359,0.2579
3623,data_exfiltration,protocol_mimicry+timing_jitter,malicious_obfuscated,malicious_obfuscated,1,0.0227,0.0224,0.9549
3624,data_exfiltration,none,malicious_plain,malicious_plain,1,0.0206,0.9672,0.0122
3625,brute_force,none,malicious_plain,malicious_plain,1,0.0173,0.9557,0.0269
3626,ddos_flood,protocol_mimicry+dummy_injection+tunnel_encapsulation,malicious_obfuscated,malicious_obfuscated,1,0.0114,0.0137,0.9750
3627,video_streaming,none,benign,benign,1,0.9455,0.0277,0.0268
3628,c2_beacon,none,malicious_plain,malicious_plain,1,0.0185,0.9583,0.0232
3629,reverse_shell,none,malicious_plain,malicious_plain,1,0.0082,0.9781,0.0137
3630,ssh_interactive,none,benign,benign,1,0.9715,0.0189,0.0096
3631,ddos_flood,none,malicious_plain,malicious_plain,1,0.0221,0.9435,0.0344
3632,web_browsing,none,benign,benign,1,0.9699,0.0164,0.0137
3633,c2_beacon,none,malicious_plain,malicious_plain,1,0.0196,0.9477,0.0328
3634,brute_force,none,malicious_plain,malicious_plain,1,0.0210,0.9273,0.0517
3635,data_exfiltration,none,malicious_plain,malicious_plain,1,0.0271,0.9576,0.0154
3636,voip,none,benign,benign,1,0.9633,0.0174,0.0193
3637,brute_force,none,malicious_plain,malicious_plain,1,0.0183,0.9503,0.0314
3638,voip,protocol_mimicry+random_padding+timing_jitter,benign,benign,1,0.9729,0.0148,0.0123
3639,reverse_shell,none,malicious_plain,malicious_plain,1,0.0074,0.9805,0.0121
3640,brute_force,none,malicious_plain,malicious_plain,1,0.0181,0.9493,0.0327
3641,port_scan,none,malicious_plain,malicious_plain,1,0.0185,0.9289,0.0526
3642,ddos_flood,constant_rate_shaping,malicious_obfuscated,malicious_obfuscated,1,0.0101,0.0164,0.9735
3643,voip,random_padding,benign,benign,1,0.9688,0.0169,0.0144
3644,file_download,fragmentation+block_padding+tunnel_encapsulation,benign,benign,1,0.9603,0.0233,0.0164
3645,ddos_flood,none,malicious_plain,malicious_plain,1,0.0210,0.9362,0.0428
3646,ssh_interactive,none,benign,benign,1,0.9698,0.0206,0.0096
3647,data_exfiltration,dummy_injection+timing_jitter,malicious_obfuscated,malicious_obfuscated,1,0.0126,0.0117,0.9758
3648,brute_force,none,malicious_plain,malicious_plain,1,0.0155,0.9517,0.0328
3649,c2_beacon,none,malicious_plain,malicious_plain,1,0.0306,0.8181,0.1514
3650,c2_beacon,random_padding+dummy_injection,malicious_obfuscated,malicious_obfuscated,1,0.0219,0.0167,0.9614
3651,data_exfiltration,none,malicious_plain,malicious_plain,1,0.0207,0.9661,0.0132
3652,port_scan,timing_jitter+constant_rate_shaping+tunnel_encapsulation,malicious_obfuscated,malicious_obfuscated,1,0.0248,0.0166,0.9586
3653,reverse_shell,none,malicious_plain,malicious_plain,1,0.0160,0.8542,0.1298
3654,ssh_interactive,none,benign,benign,1,0.9655,0.0227,0.0119
3655,ssh_interactive,fragmentation+block_padding+tunnel_encapsulation,benign,benign,1,0.9789,0.0079,0.0132
3656,port_scan,random_padding+constant_rate_shaping+tunnel_encapsulation,malicious_obfuscated,malicious_obfuscated,1,0.0134,0.0131,0.9735
3657,brute_force,none,malicious_plain,malicious_plain,1,0.0181,0.9449,0.0369
3658,brute_force,protocol_mimicry+dummy_injection+tunnel_encapsulation,malicious_obfuscated,malicious_obfuscated,1,0.0190,0.0143,0.9667
3659,brute_force,fragmentation+constant_rate_shaping,malicious_obfuscated,malicious_obfuscated,1,0.2620,0.0268,0.7112
3660,file_download,dummy_injection,benign,benign,1,0.9674,0.0136,0.0191
3661,data_exfiltration,none,malicious_plain,malicious_plain,1,0.0187,0.9694,0.0119
3662,web_browsing,none,benign,benign,1,0.9444,0.0266,0.0289
3663,port_scan,none,malicious_plain,malicious_plain,1,0.0274,0.8900,0.0826
3664,brute_force,protocol_mimicry+block_padding+random_padding,malicious_obfuscated,malicious_obfuscated,1,0.0300,0.0198,0.9502
3665,c2_beacon,none,malicious_plain,malicious_plain,1,0.0179,0.9214,0.0607
3666,c2_beacon,fragmentation+random_padding+constant_rate_shaping,malicious_obfuscated,malicious_obfuscated,1,0.0382,0.0195,0.9424
3667,voip,none,benign,benign,1,0.9628,0.0230,0.0142
3668,video_streaming,fragmentation+random_padding+dummy_injection,benign,benign,1,0.9355,0.0339,0.0307
3669,ddos_flood,none,malicious_plain,malicious_plain,1,0.0181,0.9301,0.0518
3670,ssh_interactive,random_padding+timing_jitter,benign,benign,1,0.9403,0.0284,0.0312
3671,c2_beacon,fragmentation+dummy_injection+tunnel_encapsulation,malicious_obfuscated,malicious_obfuscated,1,0.0097,0.0121,0.9781
3672,file_download,none,benign,benign,1,0.9299,0.0324,0.0376
3673,data_exfiltration,protocol_mimicry+block_padding+random_padding,malicious_obfuscated,malicious_obfuscated,1,0.0388,0.0201,0.9410
3674,port_scan,protocol_mimicry+fragmentation+dummy_injection,malicious_obfuscated,malicious_obfuscated,1,0.0077,0.0086,0.9837
3675,ssh_interactive,protocol_mimicry+constant_rate_shaping+tunnel_encapsulation,benign,malicious_obfuscated,0,0.0181,0.0093,0.9726
3676,web_browsing,fragmentation+block_padding+timing_jitter,benign,malicious_obfuscated,0,0.4754,0.0399,0.4847
3677,data_exfiltration,none,malicious_plain,malicious_plain,1,0.0247,0.9588,0.0164
3678,web_browsing,none,benign,benign,1,0.9657,0.0205,0.0139
3679,brute_force,constant_rate_shaping,malicious_obfuscated,malicious_obfuscated,1,0.3576,0.0353,0.6070
3680,file_download,random_padding+dummy_injection,benign,benign,1,0.9733,0.0120,0.0146
3681,reverse_shell,none,malicious_plain,malicious_plain,1,0.0142,0.9699,0.0159
3682,video_streaming,none,benign,benign,1,0.9467,0.0296,0.0237
3683,c2_beacon,protocol_mimicry+random_padding,malicious_obfuscated,malicious_obfuscated,1,0.1974,0.0372,0.7653
3684,reverse_shell,none,malicious_plain,malicious_plain,1,0.0070,0.9848,0.0082
3685,voip,fragmentation,benign,benign,1,0.9662,0.0171,0.0167
3686,ssh_interactive,none,benign,benign,1,0.9346,0.0392,0.0261
3687,reverse_shell,none,malicious_plain,malicious_plain,1,0.0107,0.9788,0.0106
3688,data_exfiltration,none,malicious_plain,malicious_plain,1,0.0277,0.9556,0.0166
3689,c2_beacon,protocol_mimicry,malicious_obfuscated,malicious_obfuscated,1,0.0510,0.0176,0.9314
3690,c2_beacon,none,malicious_plain,malicious_plain,1,0.0226,0.9418,0.0356
3691,voip,none,benign,benign,1,0.9610,0.0221,0.0168
3692,data_exfiltration,none,malicious_plain,malicious_plain,1,0.0236,0.9608,0.0156
3693,port_scan,none,malicious_plain,malicious_plain,1,0.0182,0.9290,0.0528
3694,brute_force,fragmentation+block_padding+timing_jitter,malicious_obfuscated,malicious_obfuscated,1,0.0134,0.0175,0.9691
3695,file_download,none,benign,benign,1,0.9421,0.0292,0.0287
3696,ddos_flood,none,malicious_plain,malicious_plain,1,0.0202,0.9452,0.0346
3697,reverse_shell,protocol_mimicry,malicious_obfuscated,benign,0,0.4848,0.0478,0.4675
3698,data_exfiltration,none,malicious_plain,malicious_plain,1,0.0240,0.9591,0.0169
3699,reverse_shell,none,malicious_plain,malicious_plain,1,0.0066,0.9849,0.0084
3700,c2_beacon,fragmentation+dummy_injection+tunnel_encapsulation,malicious_obfuscated,malicious_obfuscated,1,0.0088,0.0089,0.9823
3701,web_browsing,fragmentation+tunnel_encapsulation,benign,benign,1,0.6421,0.0236,0.3343
3702,data_exfiltration,block_padding+dummy_injection+tunnel_encapsulation,malicious_obfuscated,malicious_obfuscated,1,0.0153,0.0104,0.9743
3703,video_streaming,protocol_mimicry,benign,benign,1,0.8848,0.0432,0.0721
3704,ssh_interactive,random_padding,benign,benign,1,0.8647,0.0527,0.0826
3705,data_exfiltration,timing_jitter,malicious_obfuscated,malicious_obfuscated,1,0.0421,0.1014,0.8565
3706,ddos_flood,none,malicious_plain,malicious_plain,1,0.0216,0.9399,0.0384
3707,video_streaming,fragmentation+tunnel_encapsulation,benign,benign,1,0.9463,0.0301,0.0236
3708,ssh_interactive,block_padding+constant_rate_shaping,benign,benign,1,0.8826,0.0228,0.0947
3709,c2_beacon,fragmentation+block_padding+random_padding,malicious_obfuscated,malicious_obfuscated,1,0.0214,0.0667,0.9118
3710,data_exfiltration,protocol_mimicry,malicious_obfuscated,malicious_obfuscated,1,0.0135,0.0143,0.9722
3711,brute_force,protocol_mimicry+fragmentation,malicious_obfuscated,malicious_obfuscated,1,0.1301,0.0312,0.8388
3712,brute_force,none,malicious_plain,malicious_plain,1,0.0164,0.9436,0.0400
3713,c2_beacon,none,malicious_plain,malicious_plain,1,0.0218,0.9336,0.0446
3714,port_scan,protocol_mimicry,malicious_obfuscated,malicious_obfuscated,1,0.0254,0.0229,0.9517
3715,ddos_flood,none,malicious_plain,malicious_plain,1,0.0210,0.9413,0.0377
3716,data_exfiltration,random_padding,malicious_obfuscated,malicious_obfuscated,1,0.0194,0.0221,0.9585
3717,video_streaming,none,benign,benign,1,0.9468,0.0280,0.0252
3718,c2_beacon,none,malicious_plain,malicious_plain,1,0.0232,0.9406,0.0362
3719,reverse_shell,none,malicious_plain,malicious_plain,1,0.0083,0.9666,0.0251
3720,c2_beacon,none,malicious_plain,malicious_plain,1,0.0153,0.9568,0.0279
3721,ssh_interactive,protocol_mimicry+dummy_injection+tunnel_encapsulation,benign,malicious_obfuscated,0,0.1799,0.0246,0.7955
3722,data_exfiltration,none,malicious_plain,malicious_plain,1,0.0235,0.9620,0.0145
3723,brute_force,none,malicious_plain,malicious_plain,1,0.0196,0.9269,0.0535
3724,port_scan,dummy_injection+tunnel_encapsulation,malicious_obfuscated,malicious_obfuscated,1,0.0054,0.0039,0.9907
3725,file_download,none,benign,benign,1,0.9301,0.0328,0.0371
3726,video_streaming,random_padding+timing_jitter+tunnel_encapsulation,benign,benign,1,0.9630,0.0267,0.0103
3727,video_streaming,none,benign,benign,1,0.9525,0.0250,0.0225
3728,dns_query,dummy_injection,benign,benign,1,0.9643,0.0151,0.0206
3729,ssh_interactive,none,benign,benign,1,0.9491,0.0269,0.0240
3730,port_scan,none,malicious_plain,malicious_plain,1,0.0183,0.9349,0.0468
3731,reverse_shell,timing_jitter,malicious_obfuscated,malicious_plain,0,0.0111,0.9326,0.0563
3732,brute_force,none,malicious_plain,malicious_plain,1,0.0195,0.9402,0.0403
3733,data_exfiltration,none,malicious_plain,malicious_plain,1,0.0224,0.9625,0.0151
3734,reverse_shell,none,malicious_plain,malicious_plain,1,0.0084,0.9655,0.0260
3735,c2_beacon,constant_rate_shaping,malicious_obfuscated,malicious_obfuscated,1,0.1110,0.0185,0.8706
3736,port_scan,timing_jitter,malicious_obfuscated,malicious_obfuscated,1,0.0069,0.0182,0.9749
3737,ddos_flood,random_padding,malicious_obfuscated,malicious_obfuscated,1,0.0333,0.0353,0.9314
3738,ddos_flood,none,malicious_plain,malicious_plain,1,0.0214,0.9332,0.0454
3739,file_download,none,benign,benign,1,0.9321,0.0332,0.0347
3740,reverse_shell,none,malicious_plain,malicious_plain,1,0.0402,0.9395,0.0204
3741,c2_beacon,protocol_mimicry+timing_jitter,malicious_obfuscated,malicious_obfuscated,1,0.0346,0.0160,0.9494
3742,reverse_shell,protocol_mimicry+dummy_injection,malicious_obfuscated,malicious_obfuscated,1,0.1630,0.0328,0.8042
3743,c2_beacon,none,malicious_plain,malicious_plain,1,0.0149,0.9542,0.0309
3744,ssh_interactive,none,benign,benign,1,0.9565,0.0279,0.0156
3745,dns_query,protocol_mimicry+dummy_injection+tunnel_encapsulation,benign,benign,1,0.9706,0.0113,0.0182
3746,voip,none,benign,benign,1,0.9677,0.0181,0.0142
3747,file_download,none,benign,benign,1,0.9488,0.0259,0.0252
3748,port_scan,none,malicious_plain,malicious_plain,1,0.0149,0.9385,0.0466
3749,port_scan,none,malicious_plain,malicious_plain,1,0.0148,0.9549,0.0304
3750,c2_beacon,none,malicious_plain,malicious_plain,1,0.0191,0.9224,0.0586
3751,brute_force,none,malicious_plain,malicious_plain,1,0.0180,0.9482,0.0338
3752,web_browsing,timing_jitter+tunnel_encapsulation,benign,benign,1,0.9521,0.0259,0.0220
3753,data_exfiltration,dummy_injection,malicious_obfuscated,malicious_obfuscated,1,0.0170,0.0112,0.9718
3754,file_download,none,benign,benign,1,0.9525,0.0244,0.0231
3755,port_scan,none,malicious_plain,malicious_plain,1,0.0142,0.9483,0.0375
3756,ddos_flood,fragmentation,malicious_obfuscated,malicious_plain,0,0.0273,0.9273,0.0454
3757,port_scan,fragmentation+random_padding+dummy_injection,malicious_obfuscated,malicious_obfuscated,1,0.0105,0.0153,0.9742
3758,brute_force,timing_jitter,malicious_obfuscated,malicious_obfuscated,1,0.0424,0.4159,0.5417
3759,brute_force,none,malicious_plain,malicious_plain,1,0.0156,0.9439,0.0405
3760,voip,protocol_mimicry+block_padding+tunnel_encapsulation,benign,malicious_obfuscated,0,0.4078,0.0350,0.5573
3761,voip,block_padding+constant_rate_shaping+tunnel_encapsulation,benign,benign,1,0.5743,0.0367,0.3890
3762,ddos_flood,none,malicious_plain,malicious_plain,1,0.0263,0.9413,0.0324
3763,c2_beacon,dummy_injection+timing_jitter+tunnel_encapsulation,malicious_obfuscated,malicious_obfuscated,1,0.0112,0.0110,0.9778
3764,data_exfiltration,none,malicious_plain,malicious_plain,1,0.0196,0.9670,0.0134
3765,data_exfiltration,block_padding+timing_jitter+tunnel_encapsulation,malicious_obfuscated,malicious_obfuscated,1,0.0173,0.0361,0.9466
3766,reverse_shell,protocol_mimicry+dummy_injection+timing_jitter,malicious_obfuscated,malicious_obfuscated,1,0.0437,0.0138,0.9425
3767,reverse_shell,block_padding+dummy_injection+timing_jitter,malicious_obfuscated,malicious_obfuscated,1,0.0102,0.0093,0.9806
3768,file_download,none,benign,benign,1,0.9604,0.0200,0.0196
3769,dns_query,dummy_injection+timing_jitter+tunnel_encapsulation,benign,benign,1,0.9646,0.0106,0.0248
3770,voip,none,benign,benign,1,0.9705,0.0192,0.0103
3771,reverse_shell,tunnel_encapsulation,malicious_obfuscated,malicious_obfuscated,1,0.1038,0.0740,0.8222
3772,voip,none,benign,benign,1,0.9645,0.0205,0.0150
3773,voip,protocol_mimicry+timing_jitter+constant_rate_shaping,benign,malicious_obfuscated,0,0.0729,0.0158,0.9114
3774,video_streaming,none,benign,benign,1,0.9515,0.0253,0.0232
3775,port_scan,fragmentation+timing_jitter+constant_rate_shaping,malicious_obfuscated,malicious_obfuscated,1,0.1890,0.0164,0.7946
3776,data_exfiltration,none,malicious_plain,malicious_plain,1,0.0210,0.9627,0.0163
3777,c2_beacon,protocol_mimicry+random_padding+constant_rate_shaping,malicious_obfuscated,malicious_obfuscated,1,0.0162,0.0095,0.9743
3778,port_scan,none,malicious_plain,malicious_plain,1,0.0136,0.9415,0.0449
3779,port_scan,none,malicious_plain,malicious_plain,1,0.0173,0.9465,0.0362
3780,data_exfiltration,none,malicious_plain,malicious_plain,1,0.0197,0.9679,0.0124
3781,web_browsing,none,benign,benign,1,0.9377,0.0358,0.0265
3782,c2_beacon,fragmentation+block_padding,malicious_obfuscated,malicious_obfuscated,1,0.0082,0.0127,0.9791
3783,voip,none,benign,benign,1,0.9637,0.0201,0.0163
3784,port_scan,timing_jitter+constant_rate_shaping+tunnel_encapsulation,malicious_obfuscated,benign,0,0.6459,0.0222,0.3318
3785,brute_force,none,malicious_plain,malicious_plain,1,0.0257,0.9387,0.0356
3786,data_exfiltration,none,malicious_plain,malicious_plain,1,0.0248,0.9595,0.0157
3787,brute_force,tunnel_encapsulation,malicious_obfuscated,malicious_obfuscated,1,0.0328,0.0558,0.9113
3788,ddos_flood,tunnel_encapsulation,malicious_obfuscated,malicious_obfuscated,1,0.0257,0.0352,0.9391
3789,file_download,none,benign,benign,1,0.9560,0.0213,0.0226
3790,ssh_interactive,none,benign,benign,1,0.9603,0.0221,0.0176
3791,port_scan,protocol_mimicry+block_padding+constant_rate_shaping,malicious_obfuscated,malicious_obfuscated,1,0.0129,0.0213,0.9659
3792,ddos_flood,none,malicious_plain,malicious_plain,1,0.0265,0.9355,0.0380
3793,reverse_shell,none,malicious_plain,malicious_plain,1,0.0151,0.9199,0.0650
3794,brute_force,block_padding+random_padding,malicious_obfuscated,malicious_obfuscated,1,0.0244,0.0419,0.9337
3795,video_streaming,none,benign,benign,1,0.9522,0.0265,0.0213
3796,ddos_flood,dummy_injection+timing_jitter,malicious_obfuscated,malicious_obfuscated,1,0.0049,0.0164,0.9787
3797,reverse_shell,timing_jitter,malicious_obfuscated,malicious_obfuscated,1,0.0666,0.0578,0.8757
3798,web_browsing,fragmentation,benign,benign,1,0.9345,0.0235,0.0420
3799,reverse_shell,fragmentation+random_padding,malicious_obfuscated,malicious_obfuscated,1,0.0213,0.0257,0.9530
3800,brute_force,random_padding+constant_rate_shaping,malicious_obfuscated,malicious_obfuscated,1,0.2440,0.0236,0.7324
3801,file_download,none,benign,benign,1,0.9060,0.0441,0.0499
3802,web_browsing,dummy_injection+constant_rate_shaping+tunnel_encapsulation,benign,benign,1,0.6133,0.0371,0.3496
3803,c2_beacon,none,malicious_plain,malicious_plain,1,0.0144,0.9441,0.0414
3804,data_exfiltration,timing_jitter,malicious_obfuscated,malicious_obfuscated,1,0.0296,0.0582,0.9122
3805,reverse_shell,none,malicious_plain,malicious_plain,1,0.0216,0.9174,0.0609
3806,voip,none,benign,benign,1,0.9679,0.0193,0.0128
3807,video_streaming,none,benign,benign,1,0.9576,0.0241,0.0183
3808,video_streaming,dummy_injection,benign,benign,1,0.9716,0.0188,0.0096
3809,ssh_interactive,none,benign,benign,1,0.9617,0.0234,0.0149
3810,brute_force,none,malicious_plain,malicious_plain,1,0.0149,0.9481,0.0370
3811,c2_beacon,protocol_mimicry+random_padding,malicious_obfuscated,malicious_obfuscated,1,0.0351,0.0211,0.9438
3812,c2_beacon,block_padding+dummy_injection,malicious_obfuscated,malicious_obfuscated,1,0.0073,0.0094,0.9833
3813,brute_force,none,malicious_plain,malicious_plain,1,0.0148,0.9507,0.0345
3814,ssh_interactive,dummy_injection,benign,benign,1,0.9654,0.0164,0.0182
3815,data_exfiltration,timing_jitter,malicious_obfuscated,malicious_obfuscated,1,0.0293,0.0825,0.8882
3816,web_browsing,random_padding,benign,benign,1,0.9485,0.0287,0.0228
3817,port_scan,none,malicious_plain,malicious_plain,1,0.0192,0.9208,0.0600
3818,port_scan,none,malicious_plain,malicious_plain,1,0.0270,0.8976,0.0754
3819,video_streaming,dummy_injection+constant_rate_shaping,benign,benign,1,0.9313,0.0325,0.0363
3820,ddos_flood,none,malicious_plain,malicious_plain,1,0.0236,0.9429,0.0334
3821,brute_force,protocol_mimicry+block_padding+dummy_injection,malicious_obfuscated,benign,0,0.5908,0.0389,0.3703
3822,data_exfiltration,constant_rate_shaping,malicious_obfuscated,malicious_obfuscated,1,0.0287,0.0292,0.9421
3823,brute_force,none,malicious_plain,malicious_plain,1,0.0200,0.9442,0.0358
3824,web_browsing,none,benign,benign,1,0.9675,0.0180,0.0145
3825,ddos_flood,none,malicious_plain,malicious_plain,1,0.0146,0.9399,0.0455
3826,reverse_shell,none,malicious_plain,malicious_plain,1,0.0068,0.9885,0.0047
3827,voip,timing_jitter,benign,benign,1,0.9041,0.0474,0.0486
3828,port_scan,protocol_mimicry+dummy_injection,malicious_obfuscated,malicious_obfuscated,1,0.0273,0.0243,0.9484
3829,file_download,none,benign,benign,1,0.9580,0.0221,0.0199
3830,brute_force,protocol_mimicry,malicious_obfuscated,malicious_obfuscated,1,0.0118,0.0109,0.9774
3831,ssh_interactive,none,benign,benign,1,0.9693,0.0212,0.0095
3832,c2_beacon,timing_jitter+constant_rate_shaping,malicious_obfuscated,malicious_obfuscated,1,0.0785,0.0131,0.9084
3833,ssh_interactive,tunnel_encapsulation,benign,benign,1,0.9709,0.0158,0.0132
3834,ddos_flood,protocol_mimicry+random_padding+dummy_injection,malicious_obfuscated,malicious_obfuscated,1,0.0093,0.0180,0.9727
3835,c2_beacon,protocol_mimicry+random_padding,malicious_obfuscated,malicious_obfuscated,1,0.0963,0.0186,0.8851
3836,ddos_flood,none,malicious_plain,malicious_plain,1,0.0234,0.9403,0.0363
3837,reverse_shell,protocol_mimicry+random_padding+timing_jitter,malicious_obfuscated,benign,0,0.8797,0.0325,0.0877
3838,file_download,protocol_mimicry+dummy_injection+constant_rate_shaping,benign,benign,1,0.8314,0.0348,0.1337
3839,voip,protocol_mimicry+block_padding,benign,benign,1,0.5690,0.0458,0.3852
3840,file_download,none,benign,benign,1,0.9450,0.0265,0.0285
3841,ddos_flood,random_padding,malicious_obfuscated,malicious_obfuscated,1,0.0217,0.0209,0.9574
3842,video_streaming,none,benign,benign,1,0.9587,0.0236,0.0178
3843,port_scan,none,malicious_plain,malicious_plain,1,0.0160,0.9482,0.0359
3844,file_download,block_padding+tunnel_encapsulation,benign,benign,1,0.9674,0.0206,0.0120
3845,voip,none,benign,benign,1,0.9704,0.0174,0.0122
3846,c2_beacon,random_padding,malicious_obfuscated,malicious_obfuscated,1,0.0203,0.0429,0.9368
3847,video_streaming,none,benign,benign,1,0.9498,0.0264,0.0238
3848,voip,none,benign,benign,1,0.9636,0.0197,0.0167
3849,port_scan,fragmentation+constant_rate_shaping,malicious_obfuscated,malicious_obfuscated,1,0.0583,0.0105,0.9312
3850,c2_beacon,random_padding+dummy_injection+tunnel_encapsulation,malicious_obfuscated,malicious_obfuscated,1,0.0065,0.0084,0.9851
3851,video_streaming,none,benign,benign,1,0.9509,0.0275,0.0216
3852,ssh_interactive,none,benign,benign,1,0.9522,0.0291,0.0187
3853,reverse_shell,block_padding,malicious_obfuscated,malicious_obfuscated,1,0.0283,0.0444,0.9273
3854,port_scan,none,malicious_plain,malicious_plain,1,0.0157,0.9356,0.0487
3855,data_exfiltration,none,malicious_plain,malicious_plain,1,0.0229,0.9607,0.0164
3856,data_exfiltration,fragmentation+dummy_injection,malicious_obfuscated,malicious_obfuscated,1,0.0103,0.0125,0.9773
3857,brute_force,tunnel_encapsulation,malicious_obfuscated,malicious_obfuscated,1,0.0294,0.0594,0.9111
3858,c2_beacon,tunnel_encapsulation,malicious_obfuscated,malicious_obfuscated,1,0.0237,0.0261,0.9502
3859,ddos_flood,none,malicious_plain,malicious_plain,1,0.0218,0.9467,0.0315
3860,web_browsing,fragmentation+random_padding+tunnel_encapsulation,benign,benign,1,0.9149,0.0371,0.0481
3861,port_scan,none,malicious_plain,malicious_plain,1,0.0184,0.9408,0.0408
3862,data_exfiltration,block_padding+timing_jitter,malicious_obfuscated,malicious_obfuscated,1,0.0202,0.0178,0.9620
3863,reverse_shell,none,malicious_plain,malicious_plain,1,0.0118,0.9679,0.0203
3864,ssh_interactive,none,benign,benign,1,0.9620,0.0226,0.0155
3865,c2_beacon,none,malicious_plain,malicious_plain,1,0.0166,0.9305,0.0529
3866,brute_force,none,malicious_plain,malicious_plain,1,0.0197,0.9381,0.0422
3867,ddos_flood,dummy_injection,malicious_obfuscated,malicious_obfuscated,1,0.0127,0.0175,0.9698
3868,ddos_flood,none,malicious_plain,malicious_plain,1,0.0197,0.9260,0.0543
3869,data_exfiltration,fragmentation+constant_rate_shaping,malicious_obfuscated,malicious_obfuscated,1,0.0114,0.0094,0.9791
3870,voip,tunnel_encapsulation,benign,benign,1,0.9457,0.0270,0.0274
3871,ddos_flood,none,malicious_plain,malicious_plain,1,0.0162,0.9513,0.0326
3872,file_download,none,benign,benign,1,0.9471,0.0262,0.0267
3873,port_scan,none,malicious_plain,malicious_plain,1,0.0123,0.9602,0.0276
3874,c2_beacon,none,malicious_plain,malicious_plain,1,0.0218,0.9091,0.0691
3875,c2_beacon,fragmentation+random_padding,malicious_obfuscated,malicious_obfuscated,1,0.0127,0.0352,0.9520
3876,c2_beacon,block_padding+random_padding,malicious_obfuscated,malicious_obfuscated,1,0.0152,0.0427,0.9421
3877,ssh_interactive,none,benign,benign,1,0.9575,0.0278,0.0148
3878,web_browsing,none,benign,benign,1,0.9572,0.0227,0.0201
3879,data_exfiltration,fragmentation+dummy_injection+constant_rate_shaping,malicious_obfuscated,malicious_obfuscated,1,0.1012,0.0254,0.8734
3880,port_scan,protocol_mimicry+fragmentation,malicious_obfuscated,malicious_obfuscated,1,0.0117,0.0158,0.9725
3881,data_exfiltration,protocol_mimicry+dummy_injection+tunnel_encapsulation,malicious_obfuscated,malicious_obfuscated,1,0.0965,0.0225,0.8810
3882,port_scan,none,malicious_plain,malicious_plain,1,0.0187,0.9326,0.0487
3883,voip,none,benign,benign,1,0.9701,0.0199,0.0100
3884,ddos_flood,none,malicious_plain,malicious_plain,1,0.0231,0.9379,0.0390
3885,data_exfiltration,none,malicious_plain,malicious_plain,1,0.0406,0.9175,0.0419
3886,ddos_flood,none,malicious_plain,malicious_plain,1,0.0244,0.9404,0.0352
3887,ddos_flood,none,malicious_plain,malicious_plain,1,0.0204,0.9440,0.0356
3888,ddos_flood,none,malicious_plain,malicious_plain,1,0.0248,0.9314,0.0438
3889,web_browsing,none,benign,benign,1,0.9618,0.0220,0.0162
3890,ddos_flood,block_padding+dummy_injection,malicious_obfuscated,malicious_obfuscated,1,0.0110,0.0208,0.9682
3891,voip,none,benign,benign,1,0.9674,0.0195,0.0131
3892,brute_force,random_padding,malicious_obfuscated,malicious_obfuscated,1,0.0305,0.0434,0.9261
3893,voip,none,benign,benign,1,0.9551,0.0236,0.0213
3894,reverse_shell,fragmentation+timing_jitter+tunnel_encapsulation,malicious_obfuscated,malicious_obfuscated,1,0.0156,0.0077,0.9767
3895,video_streaming,protocol_mimicry+fragmentation+tunnel_encapsulation,benign,benign,1,0.9730,0.0149,0.0121
3896,port_scan,protocol_mimicry,malicious_obfuscated,malicious_obfuscated,1,0.0117,0.0167,0.9716
3897,data_exfiltration,none,malicious_plain,malicious_plain,1,0.0194,0.9667,0.0139
3898,dns_query,tunnel_encapsulation,benign,benign,1,0.8186,0.0483,0.1331
3899,reverse_shell,none,malicious_plain,malicious_plain,1,0.0088,0.9773,0.0139
3900,reverse_shell,none,malicious_plain,malicious_plain,1,0.0327,0.8593,0.1080
3901,data_exfiltration,constant_rate_shaping,malicious_obfuscated,malicious_obfuscated,1,0.0275,0.0264,0.9461
3902,reverse_shell,fragmentation+block_padding,malicious_obfuscated,malicious_obfuscated,1,0.0231,0.0192,0.9577
3903,ssh_interactive,constant_rate_shaping,benign,benign,1,0.9626,0.0122,0.0253
3904,ssh_interactive,none,benign,benign,1,0.9630,0.0241,0.0129
3905,reverse_shell,none,malicious_plain,malicious_plain,1,0.0176,0.9546,0.0278
3906,voip,none,benign,benign,1,0.9717,0.0187,0.0096
3907,c2_beacon,protocol_mimicry+tunnel_encapsulation,malicious_obfuscated,malicious_obfuscated,1,0.0338,0.0185,0.9477
3908,port_scan,none,malicious_plain,malicious_plain,1,0.0198,0.9228,0.0574
3909,ssh_interactive,none,benign,benign,1,0.9318,0.0371,0.0311
3910,file_download,none,benign,benign,1,0.9402,0.0294,0.0304
3911,c2_beacon,protocol_mimicry+constant_rate_shaping,malicious_obfuscated,malicious_obfuscated,1,0.0159,0.0216,0.9625
3912,data_exfiltration,fragmentation,malicious_obfuscated,malicious_obfuscated,1,0.0251,0.0306,0.9443
3913,data_exfiltration,protocol_mimicry,malicious_obfuscated,malicious_obfuscated,1,0.1027,0.0288,0.8685
3914,port_scan,random_padding+timing_jitter+tunnel_encapsulation,malicious_obfuscated,malicious_obfuscated,1,0.0108,0.0189,0.9703
3915,video_streaming,none,benign,benign,1,0.9146,0.0433,0.0421
3916,ssh_interactive,none,benign,benign,1,0.9636,0.0241,0.0123
3917,web_browsing,none,benign,benign,1,0.9741,0.0157,0.0101
3918,ddos_flood,tunnel_encapsulation,malicious_obfuscated,malicious_obfuscated,1,0.0225,0.0330,0.9445
3919,video_streaming,none,benign,benign,1,0.9582,0.0229,0.0189
3920,voip,none,benign,benign,1,0.9715,0.0170,0.0115
3921,ssh_interactive,none,benign,benign,1,0.9431,0.0361,0.0208
3922,brute_force,none,malicious_plain,malicious_plain,1,0.0168,0.9472,0.0360
3923,video_streaming,dummy_injection+tunnel_encapsulation,benign,benign,1,0.9733,0.0180,0.0086
3924,port_scan,protocol_mimicry,malicious_obfuscated,malicious_obfuscated,1,0.0430,0.0416,0.9154
3925,file_download,dummy_injection,benign,benign,1,0.9550,0.0161,0.0289
3926,reverse_shell,none,malicious_plain,malicious_plain,1,0.0299,0.9487,0.0214
3927,video_streaming,none,benign,benign,1,0.9501,0.0267,0.0231
3928,voip,none,benign,benign,1,0.9669,0.0196,0.0135
3929,data_exfiltration,none,malicious_plain,malicious_plain,1,0.0273,0.9546,0.0181
3930,file_download,none,benign,benign,1,0.9192,0.0433,0.0376
3931,reverse_shell,fragmentation+random_padding+timing_jitter,malicious_obfuscated,malicious_obfuscated,1,0.0289,0.0501,0.9210
3932,data_exfiltration,none,malicious_plain,malicious_plain,1,0.0254,0.9605,0.0141
3933,video_streaming,protocol_mimicry+block_padding+timing_jitter,benign,benign,1,0.9440,0.0272,0.0288
3934,voip,protocol_mimicry,benign,benign,1,0.5380,0.0419,0.4201
3935,reverse_shell,block_padding+random_padding+timing_jitter,malicious_obfuscated,malicious_obfuscated,1,0.0474,0.0348,0.9178
3936,file_download,none,benign,benign,1,0.9521,0.0246,0.0233
3937,reverse_shell,none,malicious_plain,malicious_plain,1,0.0170,0.9735,0.0095
3938,video_streaming,fragmentation+timing_jitter+tunnel_encapsulation,benign,benign,1,0.9646,0.0209,0.0145
3939,brute_force,none,malicious_plain,malicious_plain,1,0.0308,0.9017,0.0674
3940,dns_query,protocol_mimicry+dummy_injection,benign,benign,1,0.9807,0.0122,0.0071
3941,video_streaming,protocol_mimicry+fragmentation+tunnel_encapsulation,benign,benign,1,0.9666,0.0169,0.0165
3942,voip,none,benign,benign,1,0.9694,0.0195,0.0111
3943,data_exfiltration,none,malicious_plain,malicious_plain,1,0.0195,0.9677,0.0128
3944,web_browsing,none,benign,benign,1,0.9344,0.0354,0.0302
3945,brute_force,block_padding+random_padding,malicious_obfuscated,malicious_obfuscated,1,0.0218,0.0186,0.9597
3946,video_streaming,none,benign,benign,1,0.9221,0.0424,0.0355
3947,port_scan,none,malicious_plain,malicious_plain,1,0.0330,0.9218,0.0453
3948,ssh_interactive,none,benign,benign,1,0.9670,0.0197,0.0133
3949,video_streaming,none,benign,benign,1,0.9180,0.0428,0.0392
3950,c2_beacon,none,malicious_plain,malicious_plain,1,0.0172,0.9525,0.0303
3951,reverse_shell,none,malicious_plain,malicious_plain,1,0.0065,0.9842,0.0093
3952,ddos_flood,block_padding+timing_jitter+tunnel_encapsulation,malicious_obfuscated,malicious_obfuscated,1,0.0293,0.0234,0.9473
3953,brute_force,block_padding,malicious_obfuscated,malicious_obfuscated,1,0.0211,0.0281,0.9509
3954,reverse_shell,none,malicious_plain,malicious_plain,1,0.0874,0.8590,0.0536
3955,video_streaming,protocol_mimicry+block_padding+constant_rate_shaping,benign,benign,1,0.8223,0.0504,0.1273
3956,web_browsing,block_padding,benign,benign,1,0.9700,0.0153,0.0146
3957,file_download,protocol_mimicry+constant_rate_shaping+tunnel_encapsulation,benign,malicious_obfuscated,0,0.1301,0.0178,0.8521
3958,reverse_shell,none,malicious_plain,malicious_plain,1,0.0630,0.9058,0.0312
3959,reverse_shell,none,malicious_plain,malicious_plain,1,0.0134,0.9567,0.0299
3960,data_exfiltration,none,malicious_plain,malicious_plain,1,0.0221,0.9662,0.0117
3961,reverse_shell,dummy_injection+constant_rate_shaping,malicious_obfuscated,malicious_obfuscated,1,0.2149,0.0268,0.7583
3962,brute_force,none,malicious_plain,malicious_plain,1,0.0158,0.9530,0.0312
3963,reverse_shell,timing_jitter,malicious_obfuscated,malicious_obfuscated,1,0.0739,0.0739,0.8522
3964,video_streaming,none,benign,benign,1,0.9205,0.0397,0.0399
3965,web_browsing,none,benign,benign,1,0.9615,0.0237,0.0149
3966,reverse_shell,none,malicious_plain,malicious_plain,1,0.0071,0.9876,0.0053
3967,ssh_interactive,random_padding,benign,benign,1,0.8366,0.0544,0.1090
3968,c2_beacon,fragmentation+constant_rate_shaping+tunnel_encapsulation,malicious_obfuscated,malicious_obfuscated,1,0.1170,0.0177,0.8654
3969,file_download,timing_jitter+constant_rate_shaping,benign,benign,1,0.8130,0.0630,0.1239
3970,c2_beacon,protocol_mimicry+fragmentation+tunnel_encapsulation,malicious_obfuscated,malicious_obfuscated,1,0.0553,0.0136,0.9312
3971,data_exfiltration,none,malicious_plain,malicious_plain,1,0.0210,0.9660,0.0130
3972,ssh_interactive,none,benign,benign,1,0.9622,0.0192,0.0186
3973,c2_beacon,block_padding+timing_jitter,malicious_obfuscated,malicious_obfuscated,1,0.0160,0.0195,0.9645
3974,ssh_interactive,none,benign,benign,1,0.9631,0.0223,0.0146
3975,reverse_shell,fragmentation+dummy_injection+tunnel_encapsulation,malicious_obfuscated,malicious_obfuscated,1,0.0141,0.0108,0.9752
3976,port_scan,none,malicious_plain,malicious_plain,1,0.0173,0.9484,0.0343
3977,brute_force,block_padding+dummy_injection+timing_jitter,malicious_obfuscated,malicious_obfuscated,1,0.0276,0.0175,0.9549
3978,voip,timing_jitter+constant_rate_shaping,benign,benign,1,0.8034,0.0343,0.1623
3979,port_scan,protocol_mimicry+random_padding+dummy_injection,malicious_obfuscated,malicious_obfuscated,1,0.0190,0.0155,0.9655
3980,data_exfiltration,none,malicious_plain,malicious_plain,1,0.0327,0.9479,0.0194
3981,data_exfiltration,fragmentation+block_padding+tunnel_encapsulation,malicious_obfuscated,malicious_obfuscated,1,0.0191,0.0184,0.9625
3982,data_exfiltration,fragmentation+tunnel_encapsulation,malicious_obfuscated,malicious_obfuscated,1,0.0123,0.0151,0.9725
3983,data_exfiltration,none,malicious_plain,malicious_plain,1,0.0240,0.9610,0.0150
3984,reverse_shell,none,malicious_plain,malicious_plain,1,0.0238,0.9479,0.0284
3985,video_streaming,protocol_mimicry,benign,benign,1,0.9494,0.0248,0.0259
3986,video_streaming,block_padding+tunnel_encapsulation,benign,benign,1,0.9638,0.0234,0.0128
3987,file_download,none,benign,benign,1,0.9278,0.0350,0.0372
3988,ssh_interactive,none,benign,benign,1,0.9600,0.0258,0.0142
3989,ddos_flood,constant_rate_shaping,malicious_obfuscated,malicious_obfuscated,1,0.0156,0.0203,0.9641
3990,data_exfiltration,protocol_mimicry+fragmentation+tunnel_encapsulation,malicious_obfuscated,malicious_obfuscated,1,0.0110,0.0144,0.9746
3991,reverse_shell,fragmentation+random_padding+dummy_injection,malicious_obfuscated,benign,0,0.8050,0.0318,0.1632
3992,reverse_shell,block_padding+tunnel_encapsulation,malicious_obfuscated,malicious_obfuscated,1,0.0519,0.0331,0.9150
3993,data_exfiltration,none,malicious_plain,malicious_plain,1,0.0207,0.9673,0.0121
3994,data_exfiltration,none,malicious_plain,malicious_plain,1,0.0178,0.9693,0.0129
3995,data_exfiltration,none,malicious_plain,malicious_plain,1,0.0278,0.9550,0.0173
3996,c2_beacon,fragmentation+random_padding+timing_jitter,malicious_obfuscated,malicious_obfuscated,1,0.0152,0.0127,0.9721
3997,voip,none,benign,benign,1,0.9705,0.0191,0.0105
3998,c2_beacon,timing_jitter,malicious_obfuscated,malicious_obfuscated,1,0.0387,0.4347,0.5266
3999,video_streaming,fragmentation,benign,benign,1,0.9506,0.0282,0.0211
4000,port_scan,protocol_mimicry+dummy_injection+tunnel_encapsulation,malicious_obfuscated,malicious_obfuscated,1,0.0103,0.0166,0.9731
