index,profile,recipe,y_true,y_pred,correct,benign,malicious_plain,malicious_obfuscated
0,file_download,random_padding+timing_jitter+tunnel_encapsulation,benign,benign,1,0.9738,0.0154,0.0108
1,port_scan,none,malicious_plain,malicious_plain,1,0.0132,0.9310,0.0558
2,video_streaming,none,benign,benign,1,0.9674,0.0204,0.0122
3,brute_force,constant_rate_shaping+tunnel_encapsulation,malicious_obfuscated,malicious_obfuscated,1,0.2845,0.0134,0.7022
4,video_streaming,dummy_injection+timing_jitter,benign,benign,1,0.9666,0.0202,0.0132
5,data_exfiltration,none,malicious_plain,malicious_plain,1,0.0119,0.9786,0.0095
6,ddos_flood,none,malicious_plain,malicious_plain,1,0.0128,0.9314,0.0558
7,reverse_shell,none,malicious_plain,malicious_plain,1,0.0116,0.9734,0.0150
8,video_streaming,random_padding+timing_jitter,benign,benign,1,0.9780,0.0124,0.0096
9,brute_force,fragmentation+constant_rate_shaping,malicious_obfuscated,malicious_obfuscated,1,0.1963,0.0126,0.7911
10,video_streaming,none,benign,benign,1,0.9720,0.0159,0.0121
11,reverse_shell,none,malicious_plain,malicious_plain,1,0.0089,0.9771,0.0140
12,data_exfiltration,random_padding+constant_rate_shaping,malicious_obfuscated,malicious_obfuscated,1,0.0145,0.0122,0.9732
13,reverse_shell,none,malicious_plain,malicious_plain,1,0.0501,0.8875,0.0624
14,port_scan,none,malicious_plain,malicious_plain,1,0.0125,0.9540,0.0335
15,port_scan,none,malicious_plain,malicious_plain,1,0.0120,0.9441,0.0439
16,data_exfiltration,block_padding,malicious_obfuscated,malicious_obfuscated,1,0.0081,0.0169,0.9751
17,port_scan,constant_rate_shaping,malicious_obfuscated,malicious_obfuscated,1,0.0275,0.0120,0.9605
18,file_download,protocol_mimicry+random_padding,benign,benign,1,0.9775,0.0150,0.0075
19,brute_force,none,malicious_plain,malicious_plain,1,0.0138,0.9445,0.0417
20,data_exfiltration,random_padding+timing_jitter,malicious_obfuscated,malicious_obfuscated,1,0.0164,0.0093,0.9743
21,port_scan,block_padding+constant_rate_shaping,malicious_obfuscated,malicious_obfuscated,1,0.0169,0.0121,0.9710
22,ssh_interactive,none,benign,benign,1,0.9405,0.0263,0.0332
23,brute_force,none,malicious_plain,malicious_plain,1,0.0126,0.9538,0.0336
24,reverse_shell,constant_rate_shaping,malicious_obfuscated,malicious_obfuscated,1,0.2005,0.0123,0.7873
25,video_streaming,tunnel_encapsulation,benign,benign,1,0.9757,0.0131,0.0111
26,ddos_flood,constant_rate_shaping,malicious_obfuscated,malicious_obfuscated,1,0.0185,0.0101,0.9713
27,video_streaming,none,benign,benign,1,0.9713,0.0160,0.0127
28,port_scan,none,malicious_plain,malicious_plain,1,0.0176,0.9388,0.0436
29,file_download,none,benign,benign,1,0.9626,0.0206,0.0168
30,voip,none,benign,benign,1,0.9777,0.0139,0.0085
31,voip,fragmentation,benign,benign,1,0.9760,0.0124,0.0117
32,port_scan,none,malicious_plain,malicious_plain,1,0.0134,0.9323,0.0544
33,port_scan,none,malicious_plain,malicious_plain,1,0.0115,0.9476,0.0409
34,ssh_interactive,none,benign,benign,1,0.9723,0.0114,0.0163
35,file_download,block_padding+random_padding+tunnel_encapsulation,benign,benign,1,0.9761,0.0131,0.0108
36,reverse_shell,protocol_mimicry+random_padding+dummy_injection,malicious_obfuscated,benign,0,0.9486,0.0177,0.0338
37,brute_force,block_padding,malicious_obfuscated,malicious_obfuscated,1,0.0261,0.0131,0.9608
38,data_exfiltration,none,malicious_plain,malicious_plain,1,0.0147,0.9731,0.0123
39,web_browsing,none,benign,benign,1,0.9736,0.0105,0.0159
40,video_streaming,protocol_mimicry+tunnel_encapsulation,benign,benign,1,0.9796,0.0146,0.0058
41,ddos_flood,none,malicious_plain,malicious_plain,1,0.0144,0.9494,0.0362
42,reverse_shell,none,malicious_plain,malicious_plain,1,0.0364,0.9368,0.0268
43,brute_force,block_padding,malicious_obfuscated,malicious_obfuscated,1,0.0107,0.0096,0.9797
44,reverse_shell,none,malicious_plain,malicious_plain,1,0.0373,0.9520,0.0107
45,web_browsing,block_padding+dummy_injection+constant_rate_shaping,benign,benign,1,0.9549,0.0090,0.0360
46,reverse_shell,dummy_injection,malicious_obfuscated,benign,0,0.5619,0.0183,0.4199
47,video_streaming,none,benign,benign,1,0.9691,0.0190,0.0119
48,web_browsing,tunnel_encapsulation,benign,benign,1,0.9481,0.0107,0.0412
49,reverse_shell,none,malicious_plain,malicious_plain,1,0.0096,0.9700,0.0205
50,file_download,block_padding,benign,benign,1,0.9620,0.0100,0.0280
51,c2_beacon,none,malicious_plain,malicious_plain,1,0.0140,0.9659,0.0201
52,brute_force,none,malicious_plain,malicious_plain,1,0.0103,0.9686,0.0211
53,data_exfiltration,none,malicious_plain,malicious_plain,1,0.0103,0.9752,0.0144
54,video_streaming,none,benign,benign,1,0.9705,0.0170,0.0125
55,reverse_shell,none,malicious_plain,malicious_plain,1,0.0119,0.9519,0.0363
56,data_exfiltration,random_padding+tunnel_encapsulation,malicious_obfuscated,malicious_obfuscated,1,0.0058,0.0084,0.9858
57,ssh_interactive,none,benign,benign,1,0.9760,0.0131,0.0109
58,c2_beacon,timing_jitter,malicious_obfuscated,malicious_plain,0,0.0120,0.9575,0.0305
59,port_scan,none,malicious_plain,malicious_plain,1,0.0198,0.9054,0.0749
60,web_browsing,constant_rate_shaping,benign,benign,1,0.8103,0.0140,0.1757
61,reverse_shell,protocol_mimicry+fragmentation+random_padding,malicious_obfuscated,malicious_obfuscated,1,0.0254,0.0086,0.9660
62,c2_beacon,dummy_injection+timing_jitter+constant_rate_shaping,malicious_obfuscated,malicious_obfuscated,1,0.1024,0.0149,0.8827
63,c2_beacon,protocol_mimicry+fragmentation+constant_rate_shaping,malicious_obfuscated,benign,0,0.8444,0.0076,0.1480
64,brute_force,none,malicious_plain,malicious_plain,1,0.0102,0.9563,0.0335
65,reverse_shell,fragmentation+timing_jitter,malicious_obfuscated,malicious_obfuscated,1,0.0189,0.0086,0.9725
66,ddos_flood,constant_rate_shaping+tunnel_encapsulation,malicious_obfuscated,malicious_obfuscated,1,0.0507,0.0153,0.9340
67,web_browsing,tunnel_encapsulation,benign,benign,1,0.9731,0.0117,0.0152
68,c2_beacon,none,malicious_plain,malicious_plain,1,0.0143,0.9499,0.0357
69,video_streaming,fragmentation+random_padding+dummy_injection,benign,benign,1,0.9803,0.0136,0.0061
70,file_download,dummy_injection,benign,benign,1,0.9712,0.0109,0.0179
71,ddos_flood,random_padding+timing_jitter,malicious_obfuscated,malicious_obfuscated,1,0.0053,0.0113,0.9835
72,c2_beacon,none,malicious_plain,malicious_plain,1,0.0112,0.9694,0.0194
73,c2_beacon,block_padding+timing_jitter,malicious_obfuscated,malicious_obfuscated,1,0.0083,0.0117,0.9800
74,port_scan,protocol_mimicry+dummy_injection,malicious_obfuscated,malicious_obfuscated,1,0.0366,0.0560,0.9074
75,ddos_flood,timing_jitter+constant_rate_shaping+tunnel_encapsulation,malicious_obfuscated,malicious_obfuscated,1,0.2002,0.0123,0.7875
76,file_download,none,benign,benign,1,0.9716,0.0141,0.0144
77,port_scan,protocol_mimicry+dummy_injection,malicious_obfuscated,malicious_obfuscated,1,0.0079,0.0118,0.9802
78,ssh_interactive,none,benign,benign,1,0.9715,0.0101,0.0184
79,ddos_flood,protocol_mimicry+block_padding,malicious_obfuscated,malicious_obfuscated,1,0.0194,0.0109,0.9696
80,web_browsing,none,benign,benign,1,0.9762,0.0105,0.0133
81,voip,none,benign,benign,1,0.9758,0.0136,0.0106
82,web_browsing,none,benign,benign,1,0.9756,0.0129,0.0115
83,port_scan,dummy_injection+constant_rate_shaping+tunnel_encapsulation,malicious_obfuscated,malicious_obfuscated,1,0.0460,0.0123,0.9418
84,ssh_interactive,none,benign,benign,1,0.9771,0.0132,0.0096
85,data_exfiltration,protocol_mimicry+random_padding,malicious_obfuscated,malicious_obfuscated,1,0.0074,0.0077,0.9849
86,port_scan,dummy_injection,malicious_obfuscated,malicious_obfuscated,1,0.0156,0.0138,0.9706
87,video_streaming,fragmentation+random_padding,benign,benign,1,0.9830,0.0119,0.0050
88,ssh_interactive,random_padding+dummy_injection,benign,benign,1,0.9767,0.0110,0.0123
89,web_browsing,none,benign,benign,1,0.9675,0.0195,0.0130
90,port_scan,fragmentation+random_padding,malicious_obfuscated,malicious_obfuscated,1,0.0071,0.0102,0.9828
91,data_exfiltration,none,malicious_plain,malicious_plain,1,0.0129,0.9778,0.0093
92,reverse_shell,fragmentation,malicious_obfuscated,malicious_obfuscated,1,0.0134,0.0089,0.9777
93,data_exfiltration,constant_rate_shaping,malicious_obfuscated,malicious_obfuscated,1,0.0190,0.0133,0.9677
94,web_browsing,none,benign,benign,1,0.9792,0.0103,0.0105
95,data_exfiltration,protocol_mimicry+constant_rate_shaping,malicious_obfuscated,malicious_obfuscated,1,0.1074,0.0131,0.8794
96,c2_beacon,none,malicious_plain,malicious_plain,1,0.0107,0.9318,0.0575
97,ddos_flood,none,malicious_plain,malicious_plain,1,0.0125,0.9525,0.0350
98,ssh_interactive,fragmentation,benign,benign,1,0.8288,0.0117,0.1594
99,video_streaming,none,benign,benign,1,0.9699,0.0190,0.0111
100,c2_beacon,fragmentation+timing_jitter,malicious_obfuscated,malicious_obfuscated,1,0.0074,0.0103,0.9823
101,brute_force,fragmentation,malicious_obfuscated,malicious_plain,0,0.0101,0.9631,0.0267
102,reverse_shell,block_padding+timing_jitter+constant_rate_shaping,malicious_obfuscated,malicious_obfuscated,1,0.1862,0.0108,0.8030
103,brute_force,none,malicious_plain,malicious_plain,1,0.0103,0.9675,0.0222
104,c2_beacon,none,malicious_plain,malicious_plain,1,0.0092,0.9642,0.0266
105,web_browsing,timing_jitter+tunnel_encapsulation,benign,benign,1,0.6884,0.0147,0.2969
106,c2_beacon,random_padding+constant_rate_shaping,malicious_obfuscated,malicious_obfuscated,1,0.0576,0.0088,0.9335
107,data_exfiltration,none,malicious_plain,malicious_plain,1,0.0155,0.9630,0.0215
108,video_streaming,none,benign,benign,1,0.9652,0.0129,0.0219
109,reverse_shell,constant_rate_shaping,malicious_obfuscated,malicious_obfuscated,1,0.0925,0.0107,0.8968
110,web_browsing,protocol_mimicry+fragmentation+tunnel_encapsulation,benign,benign,1,0.8520,0.0149,0.1330
111,ssh_interactive,none,benign,benign,1,0.9758,0.0135,0.0108
112,ssh_interactive,none,benign,benign,1,0.9776,0.0139,0.0085
113,video_streaming,protocol_mimicry+timing_jitter+constant_rate_shaping,benign,benign,1,0.9287,0.0135,0.0579
114,ssh_interactive,fragmentation+dummy_injection,benign,benign,1,0.7715,0.0134,0.2151
115,video_streaming,none,benign,benign,1,0.9720,0.0167,0.0112
116,c2_beacon,none,malicious_plain,malicious_plain,1,0.0111,0.9587,0.0302
117,data_exfiltration,timing_jitter+tunnel_encapsulation,malicious_obfuscated,malicious_obfuscated,1,0.0057,0.0070,0.9873
118,reverse_shell,random_padding+tunnel_encapsulation,malicious_obfuscated,malicious_obfuscated,1,0.0189,0.1520,0.8291
119,voip,none,benign,benign,1,0.9755,0.0128,0.0117
120,data_exfiltration,none,malicious_plain,malicious_plain,1,0.0116,0.9805,0.0079
121,ddos_flood,constant_rate_shaping,malicious_obfuscated,malicious_obfuscated,1,0.0160,0.0096,0.9744
122,reverse_shell,none,malicious_plain,malicious_plain,1,0.0109,0.9480,0.0411
123,data_exfiltration,none,malicious_plain,malicious_plain,1,0.0153,0.9723,0.0124
124,file_download,none,benign,benign,1,0.9730,0.0132,0.0139
125,c2_beacon,none,malicious_plain,malicious_plain,1,0.0075,0.9726,0.0199
126,port_scan,none,malicious_plain,malicious_plain,1,0.0132,0.9284,0.0584
127,reverse_shell,timing_jitter+constant_rate_shaping,malicious_obfuscated,malicious_obfuscated,1,0.0961,0.0109,0.8930
128,video_streaming,none,benign,benign,1,0.9650,0.0189,0.0161
129,brute_force,protocol_mimicry+dummy_injection+constant_rate_shaping,malicious_obfuscated,malicious_obfuscated,1,0.0558,0.0101,0.9341
130,data_exfiltration,protocol_mimicry+dummy_injection,malicious_obfuscated,malicious_obfuscated,1,0.0175,0.0130,0.9696
131,file_download,none,benign,benign,1,0.9712,0.0148,0.0140
132,data_exfiltration,none,malicious_plain,malicious_plain,1,0.0124,0.9755,0.0121
133,file_download,protocol_mimicry+fragmentation+dummy_injection,benign,benign,1,0.9637,0.0141,0.0222
134,brute_force,fragmentation,malicious_obfuscated,malicious_obfuscated,1,0.0065,0.0124,0.9812
135,ssh_interactive,none,benign,benign,1,0.9638,0.0152,0.0210
136,reverse_shell,random_padding,malicious_obfuscated,malicious_obfuscated,1,0.1109,0.0201,0.8690
137,web_browsing,protocol_mimicry+constant_rate_shaping+tunnel_encapsulation,benign,benign,1,0.9637,0.0114,0.0249
138,ddos_flood,none,malicious_plain,malicious_plain,1,0.0125,0.9584,0.0291
139,c2_beacon,none,malicious_plain,malicious_plain,1,0.0086,0.9762,0.0152
140,brute_force,fragmentation+block_padding+tunnel_encapsulation,malicious_obfuscated,malicious_obfuscated,1,0.0097,0.0107,0.9796
141,ssh_interactive,none,benign,benign,1,0.9769,0.0121,0.0110
142,port_scan,block_padding,malicious_obfuscated,malicious_obfuscated,1,0.0191,0.0095,0.9713
143,ddos_flood,none,malicious_plain,malicious_plain,1,0.0122,0.9450,0.0428
144,ssh_interactive,none,benign,benign,1,0.9764,0.0128,0.0108
145,video_streaming,none,benign,benign,1,0.9663,0.0211,0.0127
146,file_download,none,benign,benign,1,0.9715,0.0152,0.0133
147,ssh_interactive,none,benign,benign,1,0.9681,0.0160,0.0159
148,video_streaming,none,benign,benign,1,0.9692,0.0172,0.0136
149,port_scan,none,malicious_plain,malicious_plain,1,0.0108,0.9466,0.0426
150,file_download,fragmentation+constant_rate_shaping,benign,benign,1,0.8507,0.0151,0.1342
151,video_streaming,protocol_mimicry+random_padding+constant_rate_shaping,benign,benign,1,0.9750,0.0115,0.0135
152,video_streaming,fragmentation+block_padding,benign,benign,1,0.9647,0.0115,0.0238
153,ddos_flood,protocol_mimicry+timing_jitter,malicious_obfuscated,malicious_obfuscated,1,0.0053,0.0097,0.9850
154,ssh_interactive,none,benign,benign,1,0.9776,0.0130,0.0094
155,voip,fragmentation+tunnel_encapsulation,benign,benign,1,0.9688,0.0114,0.0197
156,ssh_interactive,none,benign,benign,1,0.9714,0.0112,0.0174
157,voip,protocol_mimicry+fragmentation+dummy_injection,benign,benign,1,0.8899,0.0236,0.0865
158,video_streaming,none,benign,benign,1,0.9701,0.0153,0.0146
159,brute_force,block_padding+timing_jitter+constant_rate_shaping,malicious_obfuscated,malicious_obfuscated,1,0.0282,0.0116,0.9602
160,port_scan,none,malicious_plain,malicious_plain,1,0.0134,0.9369,0.0497
161,ddos_flood,none,malicious_plain,malicious_plain,1,0.0156,0.9429,0.0415
162,web_browsing,random_padding+dummy_injection+timing_jitter,benign,benign,1,0.9688,0.0106,0.0206
163,reverse_shell,none,malicious_plain,malicious_plain,1,0.0088,0.9803,0.0109
164,ssh_interactive,none,benign,benign,1,0.9724,0.0126,0.0150
165,c2_beacon,fragmentation+random_padding+constant_rate_shaping,malicious_obfuscated,malicious_obfuscated,1,0.2165,0.0223,0.7612
166,c2_beacon,none,malicious_plain,malicious_plain,1,0.0121,0.9569,0.0310
167,port_scan,protocol_mimicry+fragmentation+tunnel_encapsulation,malicious_obfuscated,malicious_obfuscated,1,0.0104,0.0123,0.9774
168,video_streaming,none,benign,benign,1,0.9722,0.0166,0.0112
169,voip,protocol_mimicry+random_padding+tunnel_encapsulation,benign,benign,1,0.9139,0.0100,0.0761
170,voip,fragmentation,benign,benign,1,0.9746,0.0134,0.0120
171,ssh_interactive,none,benign,benign,1,0.9709,0.0152,0.0139
172,brute_force,random_padding,malicious_obfuscated,malicious_obfuscated,1,0.0089,0.0120,0.9791
173,data_exfiltration,random_padding+tunnel_encapsulation,malicious_obfuscated,malicious_obfuscated,1,0.0138,0.0099,0.9763
174,brute_force,protocol_mimicry+timing_jitter+constant_rate_shaping,malicious_obfuscated,malicious_obfuscated,1,0.0828,0.0113,0.9059
175,port_scan,none,malicious_plain,malicious_plain,1,0.0147,0.9202,0.0651
176,reverse_shell,random_padding+timing_jitter+constant_rate_shaping,malicious_obfuscated,malicious_obfuscated,1,0.0546,0.0119,0.9335
177,ddos_flood,constant_rate_shaping,malicious_obfuscated,malicious_obfuscated,1,0.0170,0.0100,0.9730
178,port_scan,none,malicious_plain,malicious_plain,1,0.0131,0.9274,0.0595
179,file_download,timing_jitter,benign,benign,1,0.9625,0.0157,0.0218
180,reverse_shell,none,malicious_plain,malicious_plain,1,0.0072,0.9761,0.0167
181,voip,tunnel_encapsulation,benign,benign,1,0.9711,0.0118,0.0171
182,brute_force,none,malicious_plain,malicious_plain,1,0.0111,0.9648,0.0241
183,brute_force,none,malicious_plain,malicious_plain,1,0.0122,0.9352,0.0526
184,reverse_shell,none,malicious_plain,malicious_plain,1,0.0231,0.9423,0.0345
185,ssh_interactive,none,benign,benign,1,0.9702,0.0106,0.0191
186,ddos_flood,protocol_mimicry+random_padding+tunnel_encapsulation,malicious_obfuscated,malicious_obfuscated,1,0.0212,0.0116,0.9672
187,reverse_shell,timing_jitter,malicious_obfuscated,malicious_plain,0,0.0209,0.8603,0.1188
188,ddos_flood,none,malicious_plain,malicious_plain,1,0.0107,0.9514,0.0380
189,data_exfiltration,protocol_mimicry+timing_jitter,malicious_obfuscated,malicious_obfuscated,1,0.0188,0.0131,0.9681
190,data_exfiltration,none,malicious_plain,malicious_plain,1,0.0137,0.9758,0.0105
191,brute_force,random_padding+tunnel_encapsulation,malicious_obfuscated,malicious_obfuscated,1,0.0287,0.0141,0.9572
192,ddos_flood,none,malicious_plain,malicious_plain,1,0.0102,0.9560,0.0338
193,port_scan,none,malicious_plain,malicious_plain,1,0.0126,0.9291,0.0584
194,brute_force,none,malicious_plain,malicious_plain,1,0.0131,0.9206,0.0663
195,c2_beacon,block_padding+dummy_injection+timing_jitter,malicious_obfuscated,malicious_obfuscated,1,0.0152,0.0124,0.9725
196,reverse_shell,protocol_mimicry+dummy_injection+timing_jitter,malicious_obfuscated,malicious_obfuscated,1,0.0610,0.0102,0.9288
197,data_exfiltration,dummy_injection+constant_rate_shaping+tunnel_encapsulation,malicious_obfuscated,malicious_obfuscated,1,0.0157,0.0116,0.9727
198,reverse_shell,none,malicious_plain,malicious_plain,1,0.0094,0.9681,0.0225
199,data_exfiltration,none,malicious_plain,malicious_plain,1,0.0136,0.9714,0.0149
200,brute_force,protocol_mimicry+fragmentation+dummy_injection,malicious_obfuscated,malicious_obfuscated,1,0.0554,0.0146,0.9300
201,web_browsing,random_padding+timing_jitter+tunnel_encapsulation,benign,benign,1,0.8511,0.0140,0.1348
202,ddos_flood,protocol_mimicry+dummy_injection,malicious_obfuscated,malicious_obfuscated,1,0.0225,0.0115,0.9661
203,ddos_flood,random_padding,malicious_obfuscated,malicious_obfuscated,1,0.0100,0.0150,0.9750
204,ddos_flood,none,malicious_plain,malicious_plain,1,0.0143,0.9546,0.0311
205,ddos_flood,none,malicious_plain,malicious_plain,1,0.0150,0.9404,0.0446
206,ddos_flood,protocol_mimicry+block_padding+timing_jitter,malicious_obfuscated,malicious_obfuscated,1,0.0108,0.0132,0.9760
207,reverse_shell,timing_jitter+constant_rate_shaping+tunnel_encapsulation,malicious_obfuscated,malicious_obfuscated,1,0.2485,0.0126,0.7389
208,brute_force,tunnel_encapsulation,malicious_obfuscated,malicious_plain,0,0.0145,0.9398,0.0457
209,c2_beacon,none,malicious_plain,malicious_plain,1,0.0131,0.9269,0.0600
210,port_scan,none,malicious_plain,malicious_plain,1,0.0149,0.9110,0.0741
211,c2_beacon,protocol_mimicry,malicious_obfuscated,malicious_obfuscated,1,0.0201,0.0097,0.9702
212,ssh_interactive,block_padding+random_padding+dummy_injection,benign,benign,1,0.9727,0.0115,0.0157
213,reverse_shell,none,malicious_plain,malicious_plain,1,0.0112,0.9636,0.0252
214,data_exfiltration,none,malicious_plain,malicious_plain,1,0.0174,0.9528,0.0299
215,port_scan,none,malicious_plain,malicious_plain,1,0.0105,0.9489,0.0406
216,ddos_flood,none,malicious_plain,malicious_plain,1,0.0101,0.9663,0.0235
217,file_download,none,benign,benign,1,0.9739,0.0139,0.0122
218,reverse_shell,none,malicious_plain,malicious_plain,1,0.0128,0.8986,0.0885
219,ssh_interactive,none,benign,benign,1,0.9752,0.0129,0.0119
220,ssh_interactive,random_padding+timing_jitter,benign,benign,1,0.9648,0.0080,0.0272
221,voip,tunnel_encapsulation,benign,benign,1,0.9230,0.0139,0.0631
222,ddos_flood,random_padding+dummy_injection,malicious_obfuscated,malicious_obfuscated,1,0.0099,0.0096,0.9805
223,reverse_shell,none,malicious_plain,malicious_plain,1,0.0095,0.9678,0.0227
224,file_download,none,benign,benign,1,0.9692,0.0179,0.0130
225,file_download,none,benign,benign,1,0.9734,0.0135,0.0131
226,brute_force,none,malicious_plain,malicious_plain,1,0.0132,0.9584,0.0285
227,brute_force,timing_jitter+tunnel_encapsulation,malicious_obfuscated,malicious_obfuscated,1,0.0079,0.0126,0.9796
228,video_streaming,none,benign,benign,1,0.9635,0.0193,0.0172
229,c2_beacon,none,malicious_plain,malicious_plain,1,0.0102,0.9715,0.0183
230,video_streaming,protocol_mimicry+constant_rate_shaping,benign,benign,1,0.9604,0.0144,0.0252
231,c2_beacon,none,malicious_plain,malicious_plain,1,0.0082,0.9743,0.0175
232,ddos_flood,dummy_injection+tunnel_encapsulation,malicious_obfuscated,malicious_obfuscated,1,0.0132,0.0099,0.9769
233,ddos_flood,none,malicious_plain,malicious_plain,1,0.0120,0.9590,0.0291
234,port_scan,dummy_injection+timing_jitter+constant_rate_shaping,malicious_obfuscated,malicious_obfuscated,1,0.0642,0.0111,0.9247
235,ssh_interactive,dummy_injection,benign,benign,1,0.5851,0.0177,0.3972
236,ssh_interactive,none,benign,benign,1,0.9689,0.0097,0.0214
237,reverse_shell,dummy_injection+constant_rate_shaping,malicious_obfuscated,malicious_obfuscated,1,0.2367,0.0103,0.7530
238,brute_force,block_padding+dummy_injection,malicious_obfuscated,malicious_obfuscated,1,0.0126,0.0105,0.9768
239,port_scan,none,malicious_plain,malicious_plain,1,0.0133,0.9398,0.0469
240,brute_force,none,malicious_plain,malicious_plain,1,0.0116,0.9395,0.0489
241,ddos_flood,none,malicious_plain,malicious_plain,1,0.0104,0.9663,0.0233
242,ssh_interactive,none,benign,benign,1,0.9584,0.0194,0.0222
243,ssh_interactive,none,benign,benign,1,0.9772,0.0116,0.0112
244,voip,none,benign,benign,1,0.9745,0.0125,0.0130
245,brute_force,none,malicious_plain,malicious_plain,1,0.0092,0.9639,0.0269
246,data_exfiltration,none,malicious_plain,malicious_plain,1,0.0143,0.9735,0.0122
247,port_scan,constant_rate_shaping,malicious_obfuscated,malicious_obfuscated,1,0.0454,0.0109,0.9438
248,brute_force,protocol_mimicry+fragmentation+timing_jitter,malicious_obfuscated,malicious_obfuscated,1,0.0438,0.0114,0.9448
249,reverse_shell,constant_rate_shaping+tunnel_encapsulation,malicious_obfuscated,malicious_obfuscated,1,0.1609,0.0137,0.8254
250,web_browsing,random_padding+tunnel_encapsulation,benign,benign,1,0.9304,0.0140,0.0556
251,brute_force,none,malicious_plain,malicious_plain,1,0.0101,0.9647,0.0252
252,reverse_shell,fragmentation+random_padding,malicious_obfuscated,malicious_obfuscated,1,0.0169,0.0104,0.9727
253,c2_beacon,none,malicious_plain,malicious_plain,1,0.0167,0.9423,0.0410
254,ssh_interactive,none,benign,benign,1,0.9788,0.0122,0.0091
255,file_download,none,benign,benign,1,0.9664,0.0176,0.0160
256,ssh_interactive,random_padding+tunnel_encapsulation,benign,benign,1,0.9626,0.0111,0.0263
257,ddos_flood,fragmentation+random_padding,malicious_obfuscated,malicious_obfuscated,1,0.0076,0.0102,0.9822
258,port_scan,none,malicious_plain,malicious_plain,1,0.0122,0.9360,0.0518
259,data_exfiltration,timing_jitter,malicious_obfuscated,malicious_obfuscated,1,0.0114,0.0118,0.9768
260,ssh_interactive,none,benign,benign,1,0.9766,0.0126,0.0108
261,file_download,none,benign,benign,1,0.9738,0.0138,0.0124
262,video_streaming,random_padding+constant_rate_shaping+tunnel_encapsulation,benign,benign,1,0.9702,0.0189,0.0110
263,reverse_shell,none,malicious_plain,malicious_plain,1,0.0171,0.9744,0.0085
264,c2_beacon,protocol_mimicry+constant_rate_shaping+tunnel_encapsulation,malicious_obfuscated,malicious_obfuscated,1,0.0419,0.0107,0.9474
265,port_scan,random_padding+tunnel_encapsulation,malicious_obfuscated,malicious_obfuscated,1,0.0073,0.0098,0.9828
266,port_scan,none,malicious_plain,malicious_plain,1,0.0164,0.9074,0.0761
267,reverse_shell,protocol_mimicry+tunnel_encapsulation,malicious_obfuscated,malicious_obfuscated,1,0.0244,0.0100,0.9657
268,reverse_shell,protocol_mimicry+dummy_injection,malicious_obfuscated,malicious_obfuscated,1,0.1886,0.0173,0.7941
269,brute_force,none,malicious_plain,malicious_plain,1,0.0114,0.9652,0.0234
270,ddos_flood,none,malicious_plain,malicious_plain,1,0.0120,0.9565,0.0315
271,data_exfiltration,timing_jitter,malicious_obfuscated,malicious_obfuscated,1,0.0065,0.0136,0.9799
272,brute_force,dummy_injection,malicious_obfuscated,malicious_obfuscated,1,0.0124,0.0118,0.9758
273,video_streaming,none,benign,benign,1,0.9711,0.0171,0.0118
274,voip,none,benign,benign,1,0.9773,0.0130,0.0098
275,data_exfiltration,block_padding+dummy_injection+timing_jitter,malicious_obfuscated,malicious_obfuscated,1,0.0302,0.0164,0.9535
276,port_scan,none,malicious_plain,malicious_plain,1,0.0178,0.9015,0.0807
277,c2_beacon,fragmentation+timing_jitter,malicious_obfuscated,malicious_obfuscated,1,0.0076,0.0104,0.9820
278,ssh_interactive,random_padding+dummy_injection,benign,benign,1,0.9733,0.0116,0.0150
279,file_download,none,benign,benign,1,0.9714,0.0137,0.0149
280,brute_force,none,malicious_plain,malicious_plain,1,0.0105,0.9637,0.0258
281,reverse_shell,protocol_mimicry+block_padding+random_padding,malicious_obfuscated,malicious_obfuscated,1,0.0142,0.0095,0.9763
282,c2_beacon,none,malicious_plain,malicious_plain,1,0.0095,0.9653,0.0252
283,c2_beacon,none,malicious_plain,malicious_plain,1,0.0130,0.9215,0.0654
284,c2_beacon,none,malicious_plain,malicious_plain,1,0.0117,0.9445,0.0438
285,c2_beacon,none,malicious_plain,malicious_plain,1,0.0112,0.9676,0.0212
286,c2_beacon,none,malicious_plain,malicious_plain,1,0.0122,0.9665,0.0213
287,data_exfiltration,fragmentation,malicious_obfuscated,malicious_obfuscated,1,0.0104,0.0092,0.9805
288,ddos_flood,block_padding+timing_jitter+tunnel_encapsulation,malicious_obfuscated,malicious_obfuscated,1,0.0166,0.0092,0.9742
289,port_scan,none,malicious_plain,malicious_plain,1,0.0114,0.9423,0.0464
290,reverse_shell,timing_jitter+constant_rate_shaping+tunnel_encapsulation,malicious_obfuscated,malicious_obfuscated,1,0.2053,0.0104,0.7843
291,reverse_shell,protocol_mimicry+timing_jitter,malicious_obfuscated,malicious_obfuscated,1,0.0260,0.0114,0.9627
292,port_scan,dummy_injection,malicious_obfuscated,malicious_obfuscated,1,0.0225,0.0142,0.9634
293,port_scan,block_padding,malicious_obfuscated,malicious_obfuscated,1,0.0109,0.0101,0.9790
294,voip,none,benign,benign,1,0.9759,0.0128,0.0112
295,c2_beacon,none,malicious_plain,malicious_plain,1,0.0105,0.9697,0.0198
296,ssh_interactive,none,benign,benign,1,0.9767,0.0120,0.0114
297,data_exfiltration,none,malicious_plain,malicious_plain,1,0.0120,0.9791,0.0089
298,reverse_shell,dummy_injection,malicious_obfuscated,malicious_obfuscated,1,0.0099,0.0096,0.9805
299,port_scan,none,malicious_plain,malicious_plain,1,0.0125,0.9214,0.0661
300,reverse_shell,fragmentation+dummy_injection+timing_jitter,malicious_obfuscated,malicious_obfuscated,1,0.0202,0.0090,0.9708
301,port_scan,none,malicious_plain,malicious_plain,1,0.0108,0.9428,0.0465
302,brute_force,none,malicious_plain,malicious_plain,1,0.0127,0.9315,0.0558
303,data_exfiltration,none,malicious_plain,malicious_plain,1,0.0185,0.9604,0.0210
304,video_streaming,block_padding+timing_jitter,benign,benign,1,0.9776,0.0130,0.0094
305,port_scan,dummy_injection,malicious_obfuscated,malicious_obfuscated,1,0.0174,0.0144,0.9681
306,video_streaming,none,benign,benign,1,0.9691,0.0193,0.0117
307,voip,protocol_mimicry+block_padding+timing_jitter,benign,benign,1,0.9184,0.0106,0.0710
308,web_browsing,none,benign,benign,1,0.9750,0.0115,0.0135
309,ddos_flood,protocol_mimicry+block_padding+random_padding,malicious_obfuscated,malicious_obfuscated,1,0.0103,0.0131,0.9766
310,voip,constant_rate_shaping+tunnel_encapsulation,benign,malicious_obfuscated,0,0.1887,0.0185,0.7927
311,brute_force,fragmentation+tunnel_encapsulation,malicious_obfuscated,malicious_obfuscated,1,0.0113,0.0109,0.9777
312,ssh_interactive,none,benign,benign,1,0.9816,0.0125,0.0059
313,ddos_flood,fragmentation+constant_rate_shaping+tunnel_encapsulation,malicious_obfuscated,malicious_obfuscated,1,0.0322,0.0104,0.9575
314,brute_force,block_padding+random_padding,malicious_obfuscated,malicious_obfuscated,1,0.0141,0.0113,0.9746
315,reverse_shell,none,malicious_plain,malicious_plain,1,0.0148,0.9648,0.0204
316,voip,none,benign,benign,1,0.9738,0.0119,0.0143
317,brute_force,timing_jitter,malicious_obfuscated,malicious_plain,0,0.0113,0.9265,0.0622
318,file_download,none,benign,benign,1,0.9740,0.0154,0.0106
319,data_exfiltration,none,malicious_plain,malicious_plain,1,0.0142,0.9734,0.0124
320,c2_beacon,random_padding+constant_rate_shaping,malicious_obfuscated,malicious_obfuscated,1,0.0520,0.0114,0.9367
321,ssh_interactive,constant_rate_shaping,benign,benign,1,0.6564,0.0116,0.3320
322,voip,none,benign,benign,1,0.9742,0.0133,0.0125
323,web_browsing,none,benign,benign,1,0.9773,0.0103,0.0124
324,voip,none,benign,benign,1,0.9702,0.0157,0.0141
325,c2_beacon,fragmentation+block_padding+constant_rate_shaping,malicious_obfuscated,malicious_obfuscated,1,0.1027,0.0112,0.8861
326,c2_beacon,none,malicious_plain,malicious_plain,1,0.0092,0.9649,0.0259
327,c2_beacon,protocol_mimicry+fragmentation,malicious_obfuscated,malicious_obfuscated,1,0.0976,0.0121,0.8902
328,brute_force,none,malicious_plain,malicious_plain,1,0.0102,0.9574,0.0323
329,ssh_interactive,none,benign,benign,1,0.9790,0.0121,0.0088
330,file_download,none,benign,benign,1,0.9728,0.0123,0.0149
331,port_scan,timing_jitter,malicious_obfuscated,malicious_obfuscated,1,0.0091,0.0098,0.9811
332,c2_beacon,dummy_injection+timing_jitter,malicious_obfuscated,malicious_obfuscated,1,0.0079,0.0125,0.9796
333,data_exfiltration,none,malicious_plain,malicious_plain,1,0.0119,0.9786,0.0095
334,c2_beacon,none,malicious_plain,malicious_plain,1,0.0161,0.6808,0.3031
335,reverse_shell,none,malicious_plain,malicious_plain,1,0.0089,0.9779,0.0132
336,file_download,none,benign,benign,1,0.9673,0.0168,0.0159
337,reverse_shell,none,malicious_plain,malicious_plain,1,0.0134,0.9375,0.0492
338,voip,protocol_mimicry+fragmentation+random_padding,benign,benign,1,0.6822,0.0338,0.2840
339,ddos_flood,timing_jitter,malicious_obfuscated,malicious_obfuscated,1,0.0082,0.0115,0.9803
340,video_streaming,dummy_injection+constant_rate_shaping+tunnel_encapsulation,benign,benign,1,0.9590,0.0170,0.0240
341,ssh_interactive,none,benign,benign,1,0.9802,0.0124,0.0074
342,reverse_shell,none,malicious_plain,malicious_plain,1,0.0105,0.9652,0.0243
343,c2_beacon,protocol_mimicry,malicious_obfuscated,malicious_obfuscated,1,0.0631,0.0104,0.9265
344,data_exfiltration,none,malicious_plain,malicious_plain,1,0.0136,0.9764,0.0099
345,brute_force,block_padding+random_padding+constant_rate_shaping,malicious_obfuscated,malicious_obfuscated,1,0.1285,0.0154,0.8561
346,brute_force,fragmentation+block_padding,malicious_obfuscated,malicious_obfuscated,1,0.0071,0.0105,0.9824
347,data_exfiltration,block_padding+timing_jitter,malicious_obfuscated,malicious_obfuscated,1,0.0066,0.0115,0.9818
348,voip,none,benign,benign,1,0.9774,0.0126,0.0100
349,ddos_flood,none,malicious_plain,malicious_plain,1,0.0122,0.9519,0.0359
350,video_streaming,block_padding+dummy_injection+constant_rate_shaping,benign,benign,1,0.9810,0.0108,0.0082
351,reverse_shell,none,malicious_plain,malicious_plain,1,0.0091,0.9698,0.0211
352,c2_beacon,none,malicious_plain,malicious_plain,1,0.0110,0.9517,0.0373
353,brute_force,dummy_injection,malicious_obfuscated,malicious_obfuscated,1,0.0073,0.0109,0.9818
354,data_exfiltration,none,malicious_plain,malicious_plain,1,0.0134,0.9773,0.0094
355,data_exfiltration,block_padding,malicious_obfuscated,malicious_obfuscated,1,0.0088,0.0134,0.9778
356,reverse_shell,none,malicious_plain,malicious_plain,1,0.0193,0.9702,0.0105
357,ddos_flood,protocol_mimicry+block_padding+constant_rate_shaping,malicious_obfuscated,malicious_obfuscated,1,0.0145,0.0103,0.9753
358,video_streaming,none,benign,benign,1,0.9691,0.0185,0.0123
359,c2_beacon,block_padding+random_padding,malicious_obfuscated,malicious_obfuscated,1,0.0092,0.0126,0.9782
360,reverse_shell,none,malicious_plain,malicious_plain,1,0.0114,0.9714,0.0172
361,brute_force,none,malicious_plain,malicious_plain,1,0.0117,0.9606,0.0276
362,ssh_interactive,none,benign,benign,1,0.9751,0.0127,0.0122
363,port_scan,protocol_mimicry+dummy_injection,malicious_obfuscated,malicious_obfuscated,1,0.0088,0.0097,0.9815
364,brute_force,none,malicious_plain,malicious_plain,1,0.0160,0.9312,0.0528
365,data_exfiltration,none,malicious_plain,malicious_plain,1,0.0128,0.9772,0.0100
366,c2_beacon,block_padding+random_padding+dummy_injection,malicious_obfuscated,malicious_obfuscated,1,0.0059,0.0102,0.9838
367,data_exfiltration,timing_jitter,malicious_obfuscated,malicious_obfuscated,1,0.0110,0.0133,0.9756
368,voip,none,benign,benign,1,0.9751,0.0139,0.0110
369,c2_beacon,timing_jitter+constant_rate_shaping,malicious_obfuscated,malicious_obfuscated,1,0.2559,0.0111,0.7330
370,c2_beacon,none,malicious_plain,malicious_plain,1,0.0106,0.9452,0.0442
371,brute_force,none,malicious_plain,malicious_plain,1,0.0101,0.9640,0.0259
372,file_download,none,benign,benign,1,0.9736,0.0136,0.0128
373,data_exfiltration,none,malicious_plain,malicious_plain,1,0.0162,0.9607,0.0231
374,data_exfiltration,none,malicious_plain,malicious_plain,1,0.0118,0.9708,0.0174
375,ddos_flood,none,malicious_plain,malicious_plain,1,0.0115,0.9488,0.0396
376,brute_force,none,malicious_plain,malicious_plain,1,0.0085,0.9645,0.0270
377,ddos_flood,none,malicious_plain,malicious_plain,1,0.0115,0.9450,0.0436
378,video_streaming,none,benign,benign,1,0.9693,0.0192,0.0116
379,reverse_shell,none,malicious_plain,malicious_plain,1,0.0421,0.8491,0.1088
380,file_download,none,benign,benign,1,0.9669,0.0213,0.0118
381,port_scan,none,malicious_plain,malicious_plain,1,0.0120,0.9494,0.0386
382,ddos_flood,none,malicious_plain,malicious_plain,1,0.0110,0.9604,0.0285
383,port_scan,none,malicious_plain,malicious_plain,1,0.0139,0.9403,0.0457
384,ddos_flood,protocol_mimicry+random_padding+constant_rate_shaping,malicious_obfuscated,malicious_obfuscated,1,0.0305,0.0100,0.9595
385,data_exfiltration,protocol_mimicry,malicious_obfuscated,malicious_obfuscated,1,0.0182,0.0127,0.9690
386,port_scan,dummy_injection+timing_jitter,malicious_obfuscated,malicious_obfuscated,1,0.0121,0.0090,0.9789
387,reverse_shell,none,malicious_plain,malicious_plain,1,0.0153,0.9696,0.0151
388,c2_beacon,none,malicious_plain,malicious_plain,1,0.0102,0.9388,0.0509
389,c2_beacon,protocol_mimicry+constant_rate_shaping,malicious_obfuscated,malicious_obfuscated,1,0.1540,0.0133,0.8328
390,web_browsing,none,benign,benign,1,0.9795,0.0087,0.0118
391,data_exfiltration,fragmentation+tunnel_encapsulation,malicious_obfuscated,malicious_obfuscated,1,0.0095,0.0096,0.9808
392,brute_force,none,malicious_plain,malicious_plain,1,0.0133,0.9558,0.0309
393,web_browsing,none,benign,benign,1,0.9766,0.0113,0.0121
394,file_download,none,benign,benign,1,0.9716,0.0159,0.0125
395,ssh_interactive,none,benign,benign,1,0.9648,0.0101,0.0251
396,reverse_shell,none,malicious_plain,malicious_plain,1,0.0425,0.9444,0.0130
397,ssh_interactive,block_padding,benign,benign,1,0.9663,0.0121,0.0216
398,data_exfiltration,random_padding+tunnel_encapsulation,malicious_obfuscated,malicious_obfuscated,1,0.0121,0.0094,0.9784
399,brute_force,protocol_mimicry+block_padding+dummy_injection,malicious_obfuscated,malicious_obfuscated,1,0.0206,0.0121,0.9673
400,c2_beacon,none,malicious_plain,malicious_plain,1,0.0106,0.9616,0.0279
401,ssh_interactive,none,benign,benign,1,0.9742,0.0127,0.0131
402,port_scan,block_padding+dummy_injection,malicious_obfuscated,malicious_obfuscated,1,0.0313,0.0103,0.9584
403,brute_force,none,malicious_plain,malicious_plain,1,0.0097,0.9631,0.0272
404,data_exfiltration,none,malicious_plain,malicious_plain,1,0.0101,0.9747,0.0152
405,c2_beacon,none,malicious_plain,malicious_plain,1,0.0100,0.9609,0.0291
406,c2_beacon,block_padding+dummy_injection,malicious_obfuscated,malicious_obfuscated,1,0.0124,0.0119,0.9757
407,ddos_flood,protocol_mimicry+random_padding+constant_rate_shaping,malicious_obfuscated,malicious_obfuscated,1,0.0568,0.0114,0.9318
408,port_scan,tunnel_encapsulation,malicious_obfuscated,malicious_obfuscated,1,0.0125,0.0097,0.9778
409,ssh_interactive,none,benign,benign,1,0.9814,0.0120,0.0066
410,ddos_flood,fragmentation+random_padding+tunnel_encapsulation,malicious_obfuscated,malicious_obfuscated,1,0.0102,0.0123,0.9775
411,reverse_shell,constant_rate_shaping+tunnel_encapsulation,malicious_obfuscated,malicious_obfuscated,1,0.1202,0.0115,0.8683
412,reverse_shell,dummy_injection,malicious_obfuscated,malicious_obfuscated,1,0.0096,0.0106,0.9798
413,reverse_shell,tunnel_encapsulation,malicious_obfuscated,malicious_obfuscated,1,0.0486,0.0461,0.9053
414,reverse_shell,protocol_mimicry,malicious_obfuscated,malicious_obfuscated,1,0.0849,0.0229,0.8922
415,ddos_flood,protocol_mimicry+random_padding+dummy_injection,malicious_obfuscated,malicious_obfuscated,1,0.0619,0.0190,0.9191
416,ssh_interactive,fragmentation+timing_jitter,benign,benign,1,0.9656,0.0124,0.0220
417,ddos_flood,block_padding,malicious_obfuscated,malicious_obfuscated,1,0.0079,0.0133,0.9788
418,port_scan,none,malicious_plain,malicious_plain,1,0.0125,0.9483,0.0392
419,web_browsing,fragmentation,benign,benign,1,0.9537,0.0117,0.0345
420,voip,none,benign,benign,1,0.9770,0.0156,0.0074
421,voip,timing_jitter,benign,benign,1,0.9644,0.0133,0.0223
422,reverse_shell,none,malicious_plain,malicious_plain,1,0.0111,0.9680,0.0209
423,ddos_flood,protocol_mimicry+timing_jitter,malicious_obfuscated,malicious_obfuscated,1,0.0100,0.0133,0.9768
424,reverse_shell,dummy_injection,malicious_obfuscated,malicious_plain,0,0.0124,0.9687,0.0189
425,data_exfiltration,none,malicious_plain,malicious_plain,1,0.0133,0.9768,0.0099
426,ddos_flood,none,malicious_plain,malicious_plain,1,0.0136,0.9511,0.0353
427,c2_beacon,none,malicious_plain,malicious_plain,1,0.0094,0.9385,0.0521
428,ddos_flood,none,malicious_plain,malicious_plain,1,0.0100,0.9616,0.0284
429,video_streaming,protocol_mimicry+dummy_injection+tunnel_encapsulation,benign,benign,1,0.9829,0.0117,0.0053
430,brute_force,none,malicious_plain,malicious_plain,1,0.0114,0.9590,0.0296
431,port_scan,none,malicious_plain,malicious_plain,1,0.0120,0.9426,0.0454
432,web_browsing,none,benign,benign,1,0.9753,0.0099,0.0148
433,brute_force,protocol_mimicry+dummy_injection,malicious_obfuscated,malicious_obfuscated,1,0.0391,0.0122,0.9486
434,data_exfiltration,none,malicious_plain,malicious_plain,1,0.0112,0.9793,0.0095
435,data_exfiltration,none,malicious_plain,malicious_plain,1,0.0104,0.9796,0.0100
436,c2_beacon,block_padding+constant_rate_shaping+tunnel_encapsulation,malicious_obfuscated,malicious_obfuscated,1,0.1121,0.0102,0.8777
437,ssh_interactive,none,benign,benign,1,0.9739,0.0125,0.0136
438,dns_query,block_padding+constant_rate_shaping,benign,malicious_obfuscated,0,0.2095,0.0195,0.7710
439,reverse_shell,random_padding+dummy_injection+timing_jitter,malicious_obfuscated,malicious_obfuscated,1,0.0126,0.0097,0.9777
440,c2_beacon,none,malicious_plain,malicious_plain,1,0.0100,0.9751,0.0148
441,web_browsing,none,benign,benign,1,0.9749,0.0125,0.0126
442,port_scan,none,malicious_plain,malicious_plain,1,0.0133,0.9503,0.0364
443,reverse_shell,dummy_injection,malicious_obfuscated,malicious_obfuscated,1,0.1710,0.0184,0.8106
444,c2_beacon,none,malicious_plain,malicious_plain,1,0.0113,0.9648,0.0238
445,video_streaming,protocol_mimicry,benign,benign,1,0.9722,0.0162,0.0116
446,ssh_interactive,none,benign,benign,1,0.9750,0.0145,0.0105
447,brute_force,none,malicious_plain,malicious_plain,1,0.0112,0.9597,0.0291
448,brute_force,none,malicious_plain,malicious_plain,1,0.0163,0.9308,0.0529
449,c2_beacon,none,malicious_plain,malicious_plain,1,0.0079,0.9709,0.0212
450,file_download,block_padding+timing_jitter,benign,benign,1,0.9764,0.0114,0.0122
451,voip,protocol_mimicry,benign,malicious_obfuscated,0,0.4804,0.0195,0.5001
452,brute_force,none,malicious_plain,malicious_plain,1,0.0138,0.9377,0.0486
453,web_browsing,none,benign,benign,1,0.9786,0.0098,0.0117
454,reverse_shell,none,malicious_plain,malicious_plain,1,0.0113,0.9607,0.0279
455,web_browsing,protocol_mimicry+random_padding,benign,benign,1,0.9538,0.0108,0.0354
456,data_exfiltration,none,malicious_plain,malicious_plain,1,0.0128,0.9778,0.0094
457,ddos_flood,fragmentation+dummy_injection+constant_rate_shaping,malicious_obfuscated,malicious_obfuscated,1,0.0146,0.0131,0.9723
458,port_scan,constant_rate_shaping,malicious_obfuscated,malicious_obfuscated,1,0.0318,0.0148,0.9534
459,port_scan,none,malicious_plain,malicious_plain,1,0.0120,0.9393,0.0486
460,c2_beacon,none,malicious_plain,malicious_plain,1,0.0103,0.9762,0.0136
461,c2_beacon,none,malicious_plain,malicious_plain,1,0.0108,0.9631,0.0261
462,c2_beacon,none,malicious_plain,malicious_plain,1,0.0132,0.9552,0.0317
463,voip,none,benign,benign,1,0.9771,0.0118,0.0111
464,web_browsing,none,benign,benign,1,0.9773,0.0113,0.0114
465,voip,none,benign,benign,1,0.9760,0.0134,0.0106
466,voip,protocol_mimicry+block_padding+dummy_injection,benign,malicious_obfuscated,0,0.2447,0.0237,0.7316
467,video_streaming,none,benign,benign,1,0.9724,0.0177,0.0100
468,data_exfiltration,fragmentation+block_padding,malicious_obfuscated,malicious_obfuscated,1,0.0230,0.0111,0.9659
469,c2_beacon,none,malicious_plain,malicious_plain,1,0.0094,0.9596,0.0310
470,voip,none,benign,benign,1,0.9747,0.0109,0.0145
471,port_scan,fragmentation+block_padding+dummy_injection,malicious_obfuscated,malicious_obfuscated,1,0.0662,0.0113,0.9225
472,port_scan,none,malicious_plain,malicious_plain,1,0.0126,0.9321,0.0554
473,data_exfiltration,fragmentation+block_padding,malicious_obfuscated,malicious_obfuscated,1,0.0066,0.0102,0.9832
474,port_scan,constant_rate_shaping,malicious_obfuscated,malicious_obfuscated,1,0.0145,0.0106,0.9749
475,port_scan,none,malicious_plain,malicious_plain,1,0.0115,0.9357,0.0528
476,data_exfiltration,none,malicious_plain,malicious_plain,1,0.0131,0.9746,0.0122
477,web_browsing,fragmentation+block_padding+random_padding,benign,benign,1,0.9749,0.0119,0.0132
478,port_scan,none,malicious_plain,malicious_plain,1,0.0148,0.9368,0.0484
479,voip,none,benign,benign,1,0.9767,0.0141,0.0092
480,port_scan,tunnel_encapsulation,malicious_obfuscated,malicious_obfuscated,1,0.0101,0.0101,0.9798
481,data_exfiltration,none,malicious_plain,malicious_plain,1,0.0105,0.9828,0.0067
482,port_scan,block_padding+dummy_injection+tunnel_encapsulation,malicious_obfuscated,malicious_obfuscated,1,0.0212,0.0115,0.9674
483,ssh_interactive,none,benign,benign,1,0.9780,0.0112,0.0108
484,web_browsing,none,benign,benign,1,0.9699,0.0104,0.0197
485,brute_force,fragmentation+tunnel_encapsulation,malicious_obfuscated,malicious_obfuscated,1,0.0136,0.0107,0.9756
486,ssh_interactive,protocol_mimicry+fragmentation+random_padding,benign,benign,1,0.8594,0.0170,0.1236
487,reverse_shell,dummy_injection,malicious_obfuscated,malicious_obfuscated,1,0.0270,0.0239,0.9491
488,brute_force,block_padding,malicious_obfuscated,malicious_obfuscated,1,0.0162,0.0106,0.9732
489,data_exfiltration,none,malicious_plain,malicious_plain,1,0.0128,0.9781,0.0091
490,c2_beacon,none,malicious_plain,malicious_plain,1,0.0161,0.9469,0.0370
491,brute_force,protocol_mimicry+dummy_injection,malicious_obfuscated,malicious_obfuscated,1,0.0302,0.0117,0.9581
492,c2_beacon,block_padding+random_padding+timing_jitter,malicious_obfuscated,malicious_obfuscated,1,0.0073,0.0135,0.9792
493,port_scan,none,malicious_plain,malicious_plain,1,0.0142,0.9438,0.0420
494,file_download,protocol_mimicry,benign,benign,1,0.9753,0.0154,0.0092
495,ddos_flood,block_padding+constant_rate_shaping+tunnel_encapsulation,malicious_obfuscated,malicious_obfuscated,1,0.0176,0.0148,0.9677
496,voip,none,benign,benign,1,0.9771,0.0135,0.0094
497,brute_force,none,malicious_plain,malicious_plain,1,0.0122,0.9505,0.0373
498,c2_beacon,protocol_mimicry,malicious_obfuscated,malicious_obfuscated,1,0.3377,0.0116,0.6507
499,web_browsing,constant_rate_shaping+tunnel_encapsulation,benign,malicious_obfuscated,0,0.4700,0.0309,0.4991
500,ssh_interactive,none,benign,benign,1,0.9782,0.0117,0.0101
501,brute_force,constant_rate_shaping+tunnel_encapsulation,malicious_obfuscated,malicious_obfuscated,1,0.1806,0.0095,0.8100
502,c2_beacon,none,malicious_plain,malicious_plain,1,0.0099,0.9665,0.0237
503,ssh_interactive,none,benign,benign,1,0.9763,0.0132,0.0106
504,c2_beacon,fragmentation+block_padding+timing_jitter,malicious_obfuscated,malicious_obfuscated,1,0.0114,0.0090,0.9796
505,c2_beacon,none,malicious_plain,malicious_plain,1,0.0100,0.9339,0.0561
506,web_browsing,none,benign,benign,1,0.9785,0.0098,0.0117
507,brute_force,none,malicious_plain,malicious_plain,1,0.0122,0.9580,0.0298
508,brute_force,none,malicious_plain,malicious_plain,1,0.0118,0.9578,0.0304
509,c2_beacon,protocol_mimicry+random_padding+timing_jitter,malicious_obfuscated,malicious_obfuscated,1,0.0408,0.0180,0.9413
510,web_browsing,random_padding+dummy_injection+tunnel_encapsulation,benign,benign,1,0.9764,0.0128,0.0108
511,data_exfiltration,random_padding+constant_rate_shaping+tunnel_encapsulation,malicious_obfuscated,malicious_obfuscated,1,0.0195,0.0112,0.9693
512,data_exfiltration,dummy_injection,malicious_obfuscated,malicious_obfuscated,1,0.0129,0.0086,0.9786
513,data_exfiltration,block_padding,malicious_obfuscated,malicious_obfuscated,1,0.0089,0.0177,0.9734
514,file_download,none,benign,benign,1,0.9712,0.0153,0.0135
515,brute_force,dummy_injection,malicious_obfuscated,malicious_obfuscated,1,0.0092,0.0104,0.9804
516,dns_query,constant_rate_shaping,benign,benign,1,0.5944,0.0135,0.3921
517,brute_force,block_padding,malicious_obfuscated,malicious_obfuscated,1,0.0156,0.0118,0.9726
518,web_browsing,none,benign,benign,1,0.9780,0.0101,0.0119
519,video_streaming,none,benign,benign,1,0.9704,0.0165,0.0131
520,c2_beacon,none,malicious_plain,malicious_plain,1,0.0133,0.9519,0.0348
521,c2_beacon,fragmentation,malicious_obfuscated,malicious_obfuscated,1,0.0090,0.0224,0.9686
522,brute_force,fragmentation+block_padding+constant_rate_shaping,malicious_obfuscated,malicious_obfuscated,1,0.1269,0.0118,0.8613
523,video_streaming,none,benign,benign,1,0.9699,0.0162,0.0139
524,data_exfiltration,random_padding+tunnel_encapsulation,malicious_obfuscated,malicious_obfuscated,1,0.0057,0.0089,0.9855
525,web_browsing,timing_jitter+tunnel_encapsulation,benign,benign,1,0.8203,0.0137,0.1660
526,port_scan,random_padding,malicious_obfuscated,malicious_obfuscated,1,0.0091,0.0103,0.9806
527,ddos_flood,timing_jitter+constant_rate_shaping+tunnel_encapsulation,malicious_obfuscated,malicious_obfuscated,1,0.0254,0.0120,0.9626
528,ddos_flood,none,malicious_plain,malicious_plain,1,0.0121,0.9618,0.0262
529,ssh_interactive,none,benign,benign,1,0.9746,0.0109,0.0145
530,web_browsing,none,benign,benign,1,0.7746,0.2026,0.0228
531,reverse_shell,none,malicious_plain,malicious_plain,1,0.0235,0.9559,0.0206
532,ddos_flood,none,malicious_plain,malicious_plain,1,0.0160,0.9394,0.0447
533,web_browsing,protocol_mimicry+timing_jitter,benign,benign,1,0.9664,0.0159,0.0176
534,c2_beacon,dummy_injection,malicious_obfuscated,malicious_obfuscated,1,0.0060,0.0116,0.9824
535,video_streaming,none,benign,benign,1,0.9705,0.0160,0.0135
536,c2_beacon,none,malicious_plain,malicious_plain,1,0.0108,0.9698,0.0194
537,web_browsing,none,benign,benign,1,0.9331,0.0589,0.0079
538,brute_force,none,malicious_plain,malicious_plain,1,0.0116,0.9538,0.0346
539,dns_query,protocol_mimicry+block_padding+dummy_injection,benign,benign,1,0.9096,0.0098,0.0805
540,brute_force,none,malicious_plain,malicious_plain,1,0.0140,0.9354,0.0506
541,port_scan,none,malicious_plain,malicious_plain,1,0.0115,0.9355,0.0531
542,brute_force,none,malicious_plain,malicious_plain,1,0.0114,0.9580,0.0306
543,c2_beacon,fragmentation+dummy_injection,malicious_obfuscated,malicious_obfuscated,1,0.0068,0.0103,0.9830
544,ssh_interactive,none,benign,benign,1,0.9762,0.0115,0.0123
545,c2_beacon,none,malicious_plain,malicious_plain,1,0.0113,0.9650,0.0238
546,brute_force,timing_jitter,malicious_obfuscated,malicious_plain,0,0.0210,0.7669,0.2122
547,ddos_flood,none,malicious_plain,malicious_plain,1,0.0107,0.9639,0.0254
548,video_streaming,block_padding+tunnel_encapsulation,benign,benign,1,0.9799,0.0129,0.0072
549,web_browsing,none,benign,benign,1,0.9776,0.0092,0.0133
550,ddos_flood,none,malicious_plain,malicious_plain,1,0.0144,0.9341,0.0515
551,ddos_flood,none,malicious_plain,malicious_plain,1,0.0125,0.9530,0.0345
552,reverse_shell,constant_rate_shaping,malicious_obfuscated,malicious_obfuscated,1,0.1559,0.0126,0.8315
553,c2_beacon,none,malicious_plain,malicious_plain,1,0.0077,0.9755,0.0168
554,data_exfiltration,protocol_mimicry+random_padding+timing_jitter,malicious_obfuscated,malicious_obfuscated,1,0.0171,0.0109,0.9721
555,reverse_shell,protocol_mimicry,malicious_obfuscated,malicious_obfuscated,1,0.0442,0.0073,0.9485
556,port_scan,block_padding+timing_jitter,malicious_obfuscated,malicious_obfuscated,1,0.0141,0.0099,0.9759
557,file_download,fragmentation,benign,benign,1,0.9643,0.0147,0.0210
558,reverse_shell,none,malicious_plain,malicious_plain,1,0.1089,0.8123,0.0789
559,brute_force,none,malicious_plain,malicious_plain,1,0.0116,0.9358,0.0526
560,data_exfiltration,none,malicious_plain,malicious_plain,1,0.0161,0.9700,0.0139
561,reverse_shell,protocol_mimicry+block_padding+timing_jitter,malicious_obfuscated,malicious_obfuscated,1,0.0812,0.0086,0.9102
562,c2_beacon,none,malicious_plain,malicious_plain,1,0.0078,0.9769,0.0153
563,c2_beacon,fragmentation,malicious_obfuscated,malicious_obfuscated,1,0.0125,0.0104,0.9771
564,web_browsing,none,benign,benign,1,0.9779,0.0095,0.0126
565,file_download,constant_rate_shaping+tunnel_encapsulation,benign,benign,1,0.9785,0.0140,0.0075
566,video_streaming,none,benign,benign,1,0.9644,0.0204,0.0151
567,brute_force,protocol_mimicry,malicious_obfuscated,malicious_obfuscated,1,0.1719,0.0123,0.8158
568,file_download,protocol_mimicry,benign,benign,1,0.9575,0.0120,0.0305
569,c2_beacon,random_padding+dummy_injection+constant_rate_shaping,malicious_obfuscated,malicious_obfuscated,1,0.0762,0.0126,0.9112
570,video_streaming,random_padding,benign,benign,1,0.9765,0.0117,0.0119
571,ssh_interactive,protocol_mimicry,benign,benign,1,0.6631,0.0102,0.3267
572,reverse_shell,none,malicious_plain,malicious_plain,1,0.0098,0.9682,0.0219
573,web_browsing,block_padding+timing_jitter,benign,malicious_obfuscated,0,0.1332,0.0172,0.8495
574,ddos_flood,none,malicious_plain,malicious_plain,1,0.0167,0.8879,0.0954
575,web_browsing,none,benign,benign,1,0.9772,0.0091,0.0137
576,file_download,none,benign,benign,1,0.9718,0.0142,0.0140
577,brute_force,block_padding+random_padding+tunnel_encapsulation,malicious_obfuscated,malicious_obfuscated,1,0.0156,0.0116,0.9728
578,port_scan,none,malicious_plain,malicious_plain,1,0.0118,0.9414,0.0468
579,c2_beacon,none,malicious_plain,malicious_plain,1,0.0114,0.9611,0.0275
580,c2_beacon,none,malicious_plain,malicious_plain,1,0.0118,0.9474,0.0408
581,port_scan,none,malicious_plain,malicious_plain,1,0.0149,0.9486,0.0365
582,ddos_flood,none,malicious_plain,malicious_plain,1,0.0119,0.9598,0.0284
583,ddos_flood,none,malicious_plain,malicious_plain,1,0.0139,0.9357,0.0504
584,voip,none,benign,benign,1,0.9760,0.0137,0.0103
585,ddos_flood,fragmentation+constant_rate_shaping,malicious_obfuscated,malicious_obfuscated,1,0.0077,0.0094,0.9829
586,brute_force,block_padding+dummy_injection+tunnel_encapsulation,malicious_obfuscated,malicious_obfuscated,1,0.0094,0.0114,0.9792
587,brute_force,block_padding+tunnel_encapsulation,malicious_obfuscated,malicious_obfuscated,1,0.0281,0.0162,0.9557
588,ddos_flood,none,malicious_plain,malicious_plain,1,0.0097,0.9651,0.0253
589,file_download,none,benign,benign,1,0.9734,0.0134,0.0132
590,brute_force,none,malicious_plain,malicious_plain,1,0.0098,0.9608,0.0295
591,reverse_shell,protocol_mimicry+block_padding+timing_jitter,malicious_obfuscated,malicious_obfuscated,1,0.0397,0.0085,0.9519
592,ddos_flood,random_padding,malicious_obfuscated,malicious_obfuscated,1,0.0070,0.0098,0.9831
593,data_exfiltration,timing_jitter+tunnel_encapsulation,malicious_obfuscated,malicious_obfuscated,1,0.0045,0.0076,0.9879
594,brute_force,random_padding+timing_jitter+tunnel_encapsulation,malicious_obfuscated,malicious_obfuscated,1,0.0159,0.0121,0.9720
595,data_exfiltration,none,malicious_plain,malicious_plain,1,0.0130,0.9767,0.0103
596,brute_force,block_padding,malicious_obfuscated,malicious_obfuscated,1,0.0114,0.0116,0.9770
597,c2_beacon,none,malicious_plain,malicious_plain,1,0.0125,0.9523,0.0352
598,data_exfiltration,timing_jitter+constant_rate_shaping+tunnel_encapsulation,malicious_obfuscated,malicious_obfuscated,1,0.4386,0.0444,0.5170
599,video_streaming,none,benign,benign,1,0.9680,0.0188,0.0132
600,c2_beacon,none,malicious_plain,malicious_plain,1,0.0106,0.9618,0.0277
601,data_exfiltration,none,malicious_plain,malicious_plain,1,0.0131,0.9745,0.0125
602,ddos_flood,none,malicious_plain,malicious_plain,1,0.0148,0.9277,0.0575
603,port_scan,none,malicious_plain,malicious_plain,1,0.0146,0.9445,0.0409
604,ssh_interactive,none,benign,benign,1,0.9710,0.0140,0.0150
605,port_scan,random_padding+timing_jitter+constant_rate_shaping,malicious_obfuscated,malicious_obfuscated,1,0.0508,0.0103,0.9389
606,ssh_interactive,none,benign,benign,1,0.9776,0.0121,0.0103
607,brute_force,none,malicious_plain,malicious_plain,1,0.0103,0.9621,0.0275
608,data_exfiltration,fragmentation+timing_jitter,malicious_obfuscated,malicious_obfuscated,1,0.0082,0.0097,0.9821
609,web_browsing,none,benign,benign,1,0.9643,0.0081,0.0275
610,file_download,fragmentation+timing_jitter+constant_rate_shaping,benign,benign,1,0.9402,0.0135,0.0463
611,reverse_shell,dummy_injection+tunnel_encapsulation,malicious_obfuscated,malicious_obfuscated,1,0.0432,0.0158,0.9409
612,data_exfiltration,random_padding+dummy_injection,malicious_obfuscated,malicious_obfuscated,1,0.0099,0.0084,0.9817
613,port_scan,none,malicious_plain,malicious_plain,1,0.0136,0.9435,0.0429
614,ssh_interactive,none,benign,benign,1,0.9758,0.0121,0.0121
615,ssh_interactive,none,benign,benign,1,0.9718,0.0132,0.0150
616,web_browsing,none,benign,benign,1,0.9725,0.0068,0.0208
617,data_exfiltration,fragmentation,malicious_obfuscated,malicious_obfuscated,1,0.0100,0.0105,0.9795
618,reverse_shell,protocol_mimicry+fragmentation+constant_rate_shaping,malicious_obfuscated,benign,0,0.5239,0.0117,0.4644
619,ddos_flood,none,malicious_plain,malicious_plain,1,0.0115,0.9621,0.0264
620,c2_beacon,protocol_mimicry+dummy_injection,malicious_obfuscated,malicious_obfuscated,1,0.2307,0.0156,0.7538
621,file_download,none,benign,benign,1,0.9679,0.0171,0.0150
622,data_exfiltration,none,malicious_plain,malicious_plain,1,0.0122,0.9783,0.0095
623,ddos_flood,none,malicious_plain,malicious_plain,1,0.0136,0.9479,0.0385
624,voip,protocol_mimicry+dummy_injection+tunnel_encapsulation,benign,benign,1,0.6699,0.0267,0.3035
625,data_exfiltration,protocol_mimicry,malicious_obfuscated,malicious_obfuscated,1,0.0069,0.0092,0.9839
626,port_scan,dummy_injection+timing_jitter,malicious_obfuscated,malicious_obfuscated,1,0.0175,0.0084,0.9741
627,ddos_flood,none,malicious_plain,malicious_plain,1,0.0129,0.9372,0.0500
628,reverse_shell,none,malicious_plain,malicious_plain,1,0.0146,0.9427,0.0427
629,video_streaming,none,benign,benign,1,0.9700,0.0169,0.0131
630,data_exfiltration,none,malicious_plain,malicious_plain,1,0.0164,0.9687,0.0149
631,web_browsing,none,benign,benign,1,0.9771,0.0085,0.0144
632,brute_force,none,malicious_plain,malicious_plain,1,0.0089,0.9586,0.0325
633,port_scan,block_padding+tunnel_encapsulation,malicious_obfuscated,malicious_obfuscated,1,0.0213,0.0110,0.9677
634,ssh_interactive,none,benign,benign,1,0.9704,0.0151,0.0144
635,data_exfiltration,block_padding+random_padding,malicious_obfuscated,malicious_obfuscated,1,0.0143,0.0094,0.9762
636,brute_force,none,malicious_plain,malicious_plain,1,0.0168,0.9193,0.0639
637,ddos_flood,none,malicious_plain,malicious_plain,1,0.0128,0.9539,0.0334
638,ssh_interactive,none,benign,benign,1,0.9771,0.0121,0.0109
639,c2_beacon,none,malicious_plain,malicious_plain,1,0.0081,0.9791,0.0129
640,port_scan,protocol_mimicry+random_padding+tunnel_encapsulation,malicious_obfuscated,malicious_obfuscated,1,0.0085,0.0098,0.9817
641,video_streaming,none,benign,benign,1,0.9721,0.0150,0.0130
642,reverse_shell,none,malicious_plain,malicious_plain,1,0.0160,0.9480,0.0359
643,c2_beacon,none,malicious_plain,malicious_plain,1,0.0112,0.9488,0.0400
644,data_exfiltration,none,malicious_plain,malicious_plain,1,0.0122,0.9783,0.0095
645,data_exfiltration,none,malicious_plain,malicious_plain,1,0.0143,0.9735,0.0122
646,port_scan,constant_rate_shaping,malicious_obfuscated,malicious_obfuscated,1,0.0466,0.0108,0.9425
647,voip,none,benign,benign,1,0.9749,0.0117,0.0134
648,brute_force,none,malicious_plain,malicious_plain,1,0.0145,0.9391,0.0464
649,c2_beacon,none,malicious_plain,malicious_plain,1,0.0098,0.9536,0.0366
650,file_download,timing_jitter+tunnel_encapsulation,benign,benign,1,0.9708,0.0129,0.0163
651,port_scan,protocol_mimicry+dummy_injection,malicious_obfuscated,malicious_obfuscated,1,0.0143,0.0152,0.9705
652,reverse_shell,none,malicious_plain,malicious_plain,1,0.0095,0.9773,0.0132
653,web_browsing,protocol_mimicry+fragmentation+timing_jitter,benign,malicious_obfuscated,0,0.1707,0.0145,0.8148
654,data_exfiltration,dummy_injection,malicious_obfuscated,malicious_obfuscated,1,0.0109,0.0092,0.9798
655,c2_beacon,constant_rate_shaping,malicious_obfuscated,malicious_obfuscated,1,0.0663,0.0109,0.9228
656,ddos_flood,constant_rate_shaping+tunnel_encapsulation,malicious_obfuscated,malicious_obfuscated,1,0.0307,0.0104,0.9589
657,reverse_shell,fragmentation,malicious_obfuscated,malicious_obfuscated,1,0.0110,0.0084,0.9806
658,file_download,random_padding+timing_jitter+constant_rate_shaping,benign,benign,1,0.9451,0.0091,0.0458
659,ddos_flood,random_padding,malicious_obfuscated,malicious_obfuscated,1,0.0071,0.0099,0.9830
660,web_browsing,none,benign,benign,1,0.9771,0.0110,0.0118
661,file_download,none,benign,benign,1,0.9734,0.0124,0.0142
662,brute_force,none,malicious_plain,malicious_plain,1,0.0134,0.9468,0.0397
663,video_streaming,dummy_injection,benign,benign,1,0.9821,0.0102,0.0077
664,brute_force,fragmentation,malicious_obfuscated,malicious_obfuscated,1,0.0080,0.0130,0.9790
665,voip,none,benign,benign,1,0.9754,0.0145,0.0101
666,ssh_interactive,none,benign,benign,1,0.9748,0.0114,0.0138
667,web_browsing,random_padding,benign,benign,1,0.9766,0.0095,0.0139
668,ddos_flood,timing_jitter+tunnel_encapsulation,malicious_obfuscated,malicious_obfuscated,1,0.0111,0.0112,0.9777
669,voip,none,benign,benign,1,0.9763,0.0136,0.0101
670,web_browsing,block_padding+timing_jitter+constant_rate_shaping,benign,benign,1,0.9417,0.0113,0.0470
671,voip,protocol_mimicry+fragmentation+dummy_injection,benign,benign,1,0.8630,0.0190,0.1180
672,ddos_flood,random_padding+constant_rate_shaping,malicious_obfuscated,malicious_obfuscated,1,0.0182,0.0112,0.9706
673,reverse_shell,none,malicious_plain,malicious_plain,1,0.0132,0.9459,0.0408
674,ssh_interactive,none,benign,benign,1,0.9693,0.0128,0.0179
675,port_scan,none,malicious_plain,malicious_plain,1,0.0105,0.9413,0.0483
676,web_browsing,tunnel_encapsulation,benign,benign,1,0.9760,0.0119,0.0121
677,port_scan,protocol_mimicry+dummy_injection,malicious_obfuscated,malicious_obfuscated,1,0.0076,0.0108,0.9816
678,brute_force,none,malicious_plain,malicious_plain,1,0.0139,0.9459,0.0402
679,brute_force,none,malicious_plain,malicious_plain,1,0.0111,0.9585,0.0304
680,web_browsing,constant_rate_shaping,benign,benign,1,0.9628,0.0076,0.0296
681,reverse_shell,none,malicious_plain,malicious_plain,1,0.0097,0.9733,0.0170
682,data_exfiltration,protocol_mimicry+random_padding,malicious_obfuscated,malicious_obfuscated,1,0.0149,0.0125,0.9726
683,c2_beacon,fragmentation+block_padding+random_padding,malicious_obfuscated,malicious_obfuscated,1,0.0242,0.0129,0.9630
684,c2_beacon,timing_jitter+constant_rate_shaping,malicious_obfuscated,malicious_obfuscated,1,0.1661,0.0111,0.8228
685,brute_force,block_padding+random_padding,malicious_obfuscated,malicious_obfuscated,1,0.0098,0.0118,0.9783
686,brute_force,none,malicious_plain,malicious_plain,1,0.0124,0.9627,0.0249
687,data_exfiltration,none,malicious_plain,malicious_plain,1,0.0095,0.9684,0.0221
688,ssh_interactive,fragmentation+random_padding,benign,benign,1,0.9560,0.0130,0.0310
689,web_browsing,none,benign,benign,1,0.9807,0.0088,0.0106
690,video_streaming,fragmentation+dummy_injection+constant_rate_shaping,benign,benign,1,0.9165,0.0134,0.0702
691,brute_force,none,malicious_plain,malicious_plain,1,0.0188,0.9414,0.0398
692,file_download,none,benign,benign,1,0.9741,0.0116,0.0143
693,video_streaming,none,benign,benign,1,0.9658,0.0211,0.0131
694,reverse_shell,protocol_mimicry+random_padding+dummy_injection,malicious_obfuscated,malicious_obfuscated,1,0.0153,0.0105,0.9742
695,voip,none,benign,benign,1,0.9767,0.0124,0.0109
696,port_scan,none,malicious_plain,malicious_plain,1,0.0128,0.9393,0.0479
697,video_streaming,tunnel_encapsulation,benign,benign,1,0.9774,0.0131,0.0095
698,voip,none,benign,benign,1,0.9768,0.0138,0.0094
699,voip,none,benign,benign,1,0.9708,0.0122,0.0171
700,ssh_interactive,none,benign,benign,1,0.9570,0.0225,0.0205
701,web_browsing,none,benign,benign,1,0.9791,0.0100,0.0109
702,reverse_shell,fragmentation+constant_rate_shaping,malicious_obfuscated,malicious_obfuscated,1,0.1488,0.0149,0.8364
703,file_download,none,benign,benign,1,0.9748,0.0128,0.0124
704,ddos_flood,fragmentation+random_padding+timing_jitter,malicious_obfuscated,malicious_obfuscated,1,0.0052,0.0110,0.9838
705,reverse_shell,none,malicious_plain,malicious_plain,1,0.0078,0.9764,0.0158
706,brute_force,none,malicious_plain,malicious_plain,1,0.0112,0.9532,0.0356
707,brute_force,timing_jitter,malicious_obfuscated,malicious_plain,0,0.0147,0.9065,0.0789
708,reverse_shell,none,malicious_plain,malicious_plain,1,0.0194,0.9670,0.0136
709,c2_beacon,protocol_mimicry+fragmentation+timing_jitter,malicious_obfuscated,malicious_obfuscated,1,0.0653,0.0151,0.9197
710,data_exfiltration,none,malicious_plain,malicious_plain,1,0.0144,0.9749,0.0106
711,web_browsing,constant_rate_shaping,benign,malicious_obfuscated,0,0.0754,0.0135,0.9112
712,port_scan,none,malicious_plain,malicious_plain,1,0.0135,0.9538,0.0327
713,ddos_flood,dummy_injection+timing_jitter,malicious_obfuscated,malicious_obfuscated,1,0.0267,0.0115,0.9618
714,port_scan,random_padding+timing_jitter,malicious_obfuscated,malicious_obfuscated,1,0.0127,0.0140,0.9732
715,brute_force,random_padding+timing_jitter,malicious_obfuscated,malicious_obfuscated,1,0.0090,0.0117,0.9793
716,c2_beacon,block_padding+constant_rate_shaping+tunnel_encapsulation,malicious_obfuscated,malicious_obfuscated,1,0.1050,0.0118,0.8832
717,web_browsing,protocol_mimicry+dummy_injection+tunnel_encapsulation,benign,malicious_obfuscated,0,0.1080,0.0136,0.8784
718,c2_beacon,protocol_mimicry+fragmentation+dummy_injection,malicious_obfuscated,benign,0,0.5524,0.0239,0.4236
719,file_download,none,benign,benign,1,0.9709,0.0161,0.0130
720,ssh_interactive,none,benign,benign,1,0.9771,0.0118,0.0111
721,ddos_flood,random_padding,malicious_obfuscated,malicious_obfuscated,1,0.0071,0.0098,0.9832
722,voip,none,benign,benign,1,0.9723,0.0136,0.0141
723,reverse_shell,none,malicious_plain,malicious_plain,1,0.0430,0.9445,0.0125
724,web_browsing,block_padding+dummy_injection+tunnel_encapsulation,benign,benign,1,0.9802,0.0113,0.0085
725,ssh_interactive,fragmentation+random_padding+constant_rate_shaping,benign,malicious_obfuscated,0,0.3135,0.0194,0.6671
726,reverse_shell,none,malicious_plain,malicious_plain,1,0.0174,0.9541,0.0285
727,port_scan,none,malicious_plain,malicious_plain,1,0.0204,0.8936,0.0861
728,reverse_shell,protocol_mimicry+fragmentation+timing_jitter,malicious_obfuscated,malicious_obfuscated,1,0.0783,0.0120,0.9097
729,reverse_shell,fragmentation,malicious_obfuscated,malicious_obfuscated,1,0.0144,0.0084,0.9772
730,reverse_shell,fragmentation,malicious_obfuscated,malicious_obfuscated,1,0.0156,0.0094,0.9750
731,data_exfiltration,block_padding+dummy_injection+tunnel_encapsulation,malicious_obfuscated,malicious_obfuscated,1,0.0463,0.0156,0.9382
732,video_streaming,none,benign,benign,1,0.9708,0.0169,0.0124
733,port_scan,none,malicious_plain,malicious_plain,1,0.0111,0.9443,0.0446
734,ddos_flood,none,malicious_plain,malicious_plain,1,0.0105,0.9552,0.0343
735,reverse_shell,none,malicious_plain,malicious_plain,1,0.0092,0.9665,0.0243
736,file_download,none,benign,benign,1,0.9672,0.0207,0.0121
737,video_streaming,protocol_mimicry+dummy_injection+constant_rate_shaping,benign,benign,1,0.9709,0.0107,0.0185
738,c2_beacon,block_padding,malicious_obfuscated,malicious_obfuscated,1,0.0084,0.0120,0.9796
739,ddos_flood,none,malicious_plain,malicious_plain,1,0.0120,0.9601,0.0280
740,brute_force,fragmentation+random_padding+timing_jitter,malicious_obfuscated,malicious_obfuscated,1,0.0273,0.0127,0.9600
741,port_scan,none,malicious_plain,malicious_plain,1,0.0116,0.9465,0.0419
742,c2_beacon,none,malicious_plain,malicious_plain,1,0.0130,0.9644,0.0226
743,reverse_shell,tunnel_encapsulation,malicious_obfuscated,malicious_plain,0,0.0181,0.8996,0.0823
744,video_streaming,none,benign,benign,1,0.9646,0.0212,0.0142
745,brute_force,none,malicious_plain,malicious_plain,1,0.0086,0.9709,0.0205
746,voip,none,benign,benign,1,0.9739,0.0113,0.0147
747,ddos_flood,random_padding,malicious_obfuscated,malicious_obfuscated,1,0.0068,0.0098,0.9834
748,brute_force,none,malicious_plain,malicious_plain,1,0.0101,0.9695,0.0204
749,c2_beacon,none,malicious_plain,malicious_plain,1,0.0115,0.9537,0.0348
750,ssh_interactive,none,benign,benign,1,0.9751,0.0130,0.0119
751,ddos_flood,none,malicious_plain,malicious_plain,1,0.0120,0.9527,0.0353
752,ddos_flood,fragmentation+constant_rate_shaping,malicious_obfuscated,malicious_obfuscated,1,0.0157,0.0097,0.9746
753,data_exfiltration,none,malicious_plain,malicious_plain,1,0.0113,0.9767,0.0120
754,ddos_flood,dummy_injection,malicious_obfuscated,malicious_obfuscated,1,0.0219,0.0104,0.9677
755,ddos_flood,protocol_mimicry,malicious_obfuscated,malicious_obfuscated,1,0.0227,0.0119,0.9655
756,file_download,fragmentation+block_padding,benign,benign,1,0.9726,0.0152,0.0122
757,c2_beacon,fragmentation+block_padding,malicious_obfuscated,malicious_obfuscated,1,0.0066,0.0084,0.9850
758,reverse_shell,none,malicious_plain,malicious_plain,1,0.0129,0.9567,0.0304
759,c2_beacon,fragmentation+constant_rate_shaping+tunnel_encapsulation,malicious_obfuscated,malicious_obfuscated,1,0.1767,0.0086,0.8148
760,reverse_shell,none,malicious_plain,malicious_plain,1,0.0135,0.9679,0.0186
761,data_exfiltration,block_padding+random_padding+dummy_injection,malicious_obfuscated,malicious_obfuscated,1,0.0180,0.0100,0.9720
762,file_download,fragmentation+random_padding,benign,benign,1,0.9768,0.0134,0.0098
763,data_exfiltration,protocol_mimicry+block_padding,malicious_obfuscated,malicious_obfuscated,1,0.0144,0.0116,0.9740
764,voip,block_padding+dummy_injection+tunnel_encapsulation,benign,malicious_obfuscated,0,0.3131,0.0082,0.6787
765,video_streaming,none,benign,benign,1,0.9703,0.0182,0.0115
766,brute_force,none,malicious_plain,malicious_plain,1,0.0120,0.9463,0.0417
767,port_scan,block_padding+constant_rate_shaping+tunnel_encapsulation,malicious_obfuscated,malicious_obfuscated,1,0.0206,0.0152,0.9642
768,reverse_shell,dummy_injection+constant_rate_shaping,malicious_obfuscated,malicious_obfuscated,1,0.0633,0.0113,0.9254
769,ddos_flood,random_padding+dummy_injection+tunnel_encapsulation,malicious_obfuscated,malicious_obfuscated,1,0.0112,0.0091,0.9798
770,brute_force,dummy_injection+tunnel_encapsulation,malicious_obfuscated,malicious_obfuscated,1,0.0150,0.0124,0.9726
771,brute_force,tunnel_encapsulation,malicious_obfuscated,malicious_plain,0,0.0135,0.9347,0.0518
772,port_scan,none,malicious_plain,malicious_plain,1,0.0115,0.9374,0.0511
773,file_download,none,benign,benign,1,0.9743,0.0129,0.0128
774,c2_beacon,none,malicious_plain,malicious_plain,1,0.0101,0.9641,0.0257
775,video_streaming,block_padding+random_padding+timing_jitter,benign,benign,1,0.9768,0.0131,0.0102
776,voip,dummy_injection+tunnel_encapsulation,benign,benign,1,0.6181,0.0121,0.3698
777,ddos_flood,protocol_mimicry+fragmentation+constant_rate_shaping,malicious_obfuscated,malicious_obfuscated,1,0.0235,0.0103,0.9661
778,ddos_flood,dummy_injection+timing_jitter,malicious_obfuscated,malicious_obfuscated,1,0.0172,0.0108,0.9720
779,video_streaming,none,benign,benign,1,0.9647,0.0213,0.0140
780,port_scan,none,malicious_plain,malicious_plain,1,0.0117,0.9460,0.0424
781,video_streaming,none,benign,benign,1,0.9732,0.0133,0.0135
782,port_scan,none,malicious_plain,malicious_plain,1,0.0130,0.9428,0.0442
783,port_scan,none,malicious_plain,malicious_plain,1,0.0111,0.9276,0.0614
784,ddos_flood,constant_rate_shaping,malicious_obfuscated,malicious_obfuscated,1,0.0203,0.0101,0.9696
785,brute_force,none,malicious_plain,malicious_plain,1,0.0133,0.8984,0.0883
786,web_browsing,none,benign,benign,1,0.9782,0.0101,0.0117
787,web_browsing,none,benign,benign,1,0.9794,0.0101,0.0105
788,c2_beacon,fragmentation,malicious_obfuscated,malicious_obfuscated,1,0.0079,0.0102,0.9819
789,c2_beacon,none,malicious_plain,malicious_plain,1,0.0095,0.9651,0.0254
790,port_scan,constant_rate_shaping+tunnel_encapsulation,malicious_obfuscated,malicious_obfuscated,1,0.0494,0.0121,0.9385
791,reverse_shell,none,malicious_plain,malicious_plain,1,0.0096,0.9822,0.0082
792,port_scan,none,malicious_plain,malicious_plain,1,0.0131,0.9352,0.0517
793,c2_beacon,block_padding+tunnel_encapsulation,malicious_obfuscated,malicious_obfuscated,1,0.0089,0.0105,0.9806
794,data_exfiltration,none,malicious_plain,malicious_plain,1,0.0168,0.9538,0.0294
795,brute_force,none,malicious_plain,malicious_plain,1,0.0129,0.9284,0.0587
796,c2_beacon,none,malicious_plain,malicious_plain,1,0.0116,0.9538,0.0346
797,ddos_flood,timing_jitter,malicious_obfuscated,malicious_obfuscated,1,0.0081,0.0200,0.9719
798,ssh_interactive,none,benign,benign,1,0.9730,0.0111,0.0160
799,ddos_flood,fragmentation+timing_jitter+tunnel_encapsulation,malicious_obfuscated,malicious_obfuscated,1,0.0158,0.0110,0.9732
800,ssh_interactive,fragmentation,benign,benign,1,0.9681,0.0118,0.0201
801,c2_beacon,block_padding+random_padding,malicious_obfuscated,malicious_obfuscated,1,0.0072,0.0114,0.9814
802,c2_beacon,protocol_mimicry+dummy_injection,malicious_obfuscated,malicious_obfuscated,1,0.0514,0.0092,0.9394
803,ddos_flood,dummy_injection+constant_rate_shaping,malicious_obfuscated,malicious_obfuscated,1,0.0155,0.0115,0.9731
804,data_exfiltration,none,malicious_plain,malicious_plain,1,0.0102,0.9829,0.0069
805,c2_beacon,fragmentation+timing_jitter,malicious_obfuscated,malicious_obfuscated,1,0.0069,0.0098,0.9833
806,web_browsing,block_padding,benign,benign,1,0.9815,0.0093,0.0092
807,ssh_interactive,none,benign,benign,1,0.9763,0.0123,0.0114
808,brute_force,none,malicious_plain,malicious_plain,1,0.0093,0.9690,0.0216
809,video_streaming,none,benign,benign,1,0.9717,0.0164,0.0118
810,ddos_flood,none,malicious_plain,malicious_plain,1,0.0114,0.9617,0.0269
811,ssh_interactive,none,benign,benign,1,0.9757,0.0114,0.0129
812,voip,none,benign,benign,1,0.9735,0.0133,0.0132
813,port_scan,none,malicious_plain,malicious_plain,1,0.0142,0.9251,0.0608
814,port_scan,dummy_injection+constant_rate_shaping+tunnel_encapsulation,malicious_obfuscated,malicious_obfuscated,1,0.0411,0.0122,0.9466
815,brute_force,none,malicious_plain,malicious_plain,1,0.0114,0.9566,0.0320
816,voip,none,benign,benign,1,0.9747,0.0146,0.0107
817,video_streaming,none,benign,benign,1,0.9686,0.0177,0.0137
818,port_scan,none,malicious_plain,malicious_plain,1,0.0144,0.9388,0.0469
819,file_download,none,benign,benign,1,0.9693,0.0149,0.0158
820,port_scan,none,malicious_plain,malicious_plain,1,0.0115,0.9470,0.0416
821,c2_beacon,none,malicious_plain,malicious_plain,1,0.0091,0.9701,0.0208
822,voip,none,benign,benign,1,0.9767,0.0111,0.0122
823,port_scan,none,malicious_plain,malicious_plain,1,0.0108,0.9452,0.0441
824,brute_force,none,malicious_plain,malicious_plain,1,0.0094,0.9636,0.0270
825,ddos_flood,none,malicious_plain,malicious_plain,1,0.0104,0.9655,0.0242
826,brute_force,none,malicious_plain,malicious_plain,1,0.0157,0.8890,0.0953
827,reverse_shell,none,malicious_plain,malicious_plain,1,0.0115,0.9686,0.0199
828,video_streaming,none,benign,benign,1,0.9716,0.0174,0.0110
829,web_browsing,fragmentation+dummy_injection+timing_jitter,benign,benign,1,0.9520,0.0133,0.0347
830,data_exfiltration,dummy_injection,malicious_obfuscated,malicious_obfuscated,1,0.0073,0.0085,0.9841
831,reverse_shell,protocol_mimicry+fragmentation,malicious_obfuscated,malicious_obfuscated,1,0.0431,0.0545,0.9024
832,port_scan,fragmentation,malicious_obfuscated,malicious_plain,0,0.0138,0.9466,0.0396
833,file_download,protocol_mimicry+block_padding+tunnel_encapsulation,benign,benign,1,0.9777,0.0133,0.0090
834,reverse_shell,none,malicious_plain,malicious_plain,1,0.0094,0.9610,0.0296
835,reverse_shell,tunnel_encapsulation,malicious_obfuscated,malicious_obfuscated,1,0.0317,0.1394,0.8289
836,c2_beacon,protocol_mimicry+tunnel_encapsulation,malicious_obfuscated,malicious_obfuscated,1,0.0243,0.0098,0.9659
837,reverse_shell,fragmentation+timing_jitter+tunnel_encapsulation,malicious_obfuscated,malicious_obfuscated,1,0.0112,0.0092,0.9796
838,reverse_shell,none,malicious_plain,malicious_plain,1,0.0096,0.9713,0.0191
839,data_exfiltration,none,malicious_plain,malicious_plain,1,0.0145,0.9726,0.0129
840,voip,random_padding,benign,benign,1,0.9777,0.0114,0.0108
841,port_scan,none,malicious_plain,malicious_plain,1,0.0166,0.9021,0.0814
842,port_scan,constant_rate_shaping,malicious_obfuscated,malicious_obfuscated,1,0.0238,0.0099,0.9663
843,file_download,none,benign,benign,1,0.9727,0.0113,0.0160
844,ddos_flood,protocol_mimicry+timing_jitter,malicious_obfuscated,malicious_obfuscated,1,0.0107,0.0100,0.9794
845,file_download,block_padding+dummy_injection,benign,benign,1,0.9779,0.0113,0.0108
846,video_streaming,random_padding+timing_jitter+tunnel_encapsulation,benign,benign,1,0.9788,0.0140,0.0073
847,reverse_shell,fragmentation+dummy_injection+constant_rate_shaping,malicious_obfuscated,malicious_obfuscated,1,0.3352,0.0138,0.6509
848,ddos_flood,fragmentation+block_padding,malicious_obfuscated,malicious_obfuscated,1,0.0074,0.0137,0.9789
849,ddos_flood,none,malicious_plain,malicious_plain,1,0.0121,0.9274,0.0605
850,video_streaming,none,benign,benign,1,0.9716,0.0126,0.0158
851,c2_beacon,block_padding+timing_jitter+tunnel_encapsulation,malicious_obfuscated,malicious_obfuscated,1,0.0093,0.0109,0.9798
852,brute_force,fragmentation+block_padding+timing_jitter,malicious_obfuscated,malicious_obfuscated,1,0.0119,0.0107,0.9774
853,ssh_interactive,none,benign,benign,1,0.9771,0.0113,0.0116
854,c2_beacon,protocol_mimicry+fragmentation+block_padding,malicious_obfuscated,benign,0,0.7705,0.0093,0.2202
855,web_browsing,random_padding+timing_jitter+constant_rate_shaping,benign,malicious_obfuscated,0,0.1879,0.0120,0.8002
856,c2_beacon,random_padding+constant_rate_shaping+tunnel_encapsulation,malicious_obfuscated,malicious_obfuscated,1,0.2080,0.0170,0.7750
857,voip,random_padding,benign,benign,1,0.9646,0.0095,0.0259
858,reverse_shell,block_padding+timing_jitter,malicious_obfuscated,malicious_obfuscated,1,0.0147,0.0100,0.9753
859,data_exfiltration,dummy_injection+constant_rate_shaping+tunnel_encapsulation,malicious_obfuscated,malicious_obfuscated,1,0.0380,0.0147,0.9473
860,reverse_shell,protocol_mimicry+block_padding+dummy_injection,malicious_obfuscated,benign,0,0.6788,0.0186,0.3026
861,data_exfiltration,protocol_mimicry+block_padding+constant_rate_shaping,malicious_obfuscated,malicious_obfuscated,1,0.0260,0.0104,0.9636
862,port_scan,none,malicious_plain,malicious_plain,1,0.0139,0.9284,0.0577
863,data_exfiltration,constant_rate_shaping,malicious_obfuscated,malicious_obfuscated,1,0.0202,0.0131,0.9667
864,brute_force,none,malicious_plain,malicious_plain,1,0.0114,0.9544,0.0342
865,ddos_flood,none,malicious_plain,malicious_plain,1,0.0127,0.9557,0.0316
866,ddos_flood,dummy_injection,malicious_obfuscated,malicious_obfuscated,1,0.0127,0.0136,0.9737
867,video_streaming,none,benign,benign,1,0.9674,0.0190,0.0136
868,file_download,none,benign,benign,1,0.9722,0.0158,0.0119
869,voip,none,benign,benign,1,0.9665,0.0098,0.0237
870,port_scan,constant_rate_shaping,malicious_obfuscated,malicious_obfuscated,1,0.0251,0.0113,0.9637
871,video_streaming,protocol_mimicry+fragmentation+dummy_injection,benign,benign,1,0.9550,0.0228,0.0222
872,c2_beacon,fragmentation+block_padding+random_padding,malicious_obfuscated,malicious_obfuscated,1,0.0235,0.0139,0.9625
873,ddos_flood,none,malicious_plain,malicious_plain,1,0.0174,0.8881,0.0945
874,reverse_shell,none,malicious_plain,malicious_plain,1,0.2499,0.7013,0.0488
875,data_exfiltration,protocol_mimicry+block_padding+dummy_injection,malicious_obfuscated,malicious_obfuscated,1,0.1102,0.0223,0.8675
876,web_browsing,none,benign,benign,1,0.9767,0.0096,0.0138
877,ddos_flood,fragmentation+block_padding,malicious_obfuscated,malicious_obfuscated,1,0.0083,0.0143,0.9775
878,web_browsing,none,benign,benign,1,0.8805,0.0183,0.1012
879,ddos_flood,none,malicious_plain,malicious_plain,1,0.0102,0.9672,0.0226
880,data_exfiltration,none,malicious_plain,malicious_plain,1,0.0131,0.9748,0.0120
881,reverse_shell,none,malicious_plain,malicious_plain,1,0.0080,0.9774,0.0146
882,reverse_shell,none,malicious_plain,malicious_plain,1,0.0079,0.9798,0.0123
883,video_streaming,random_padding+dummy_injection,benign,benign,1,0.9444,0.0329,0.0227
884,brute_force,none,malicious_plain,malicious_plain,1,0.0118,0.9587,0.0295
885,data_exfiltration,protocol_mimicry+fragmentation,malicious_obfuscated,malicious_obfuscated,1,0.0092,0.0131,0.9777
886,file_download,fragmentation+timing_jitter,benign,malicious_obfuscated,0,0.4823,0.0245,0.4932
887,port_scan,protocol_mimicry+block_padding+constant_rate_shaping,malicious_obfuscated,malicious_obfuscated,1,0.0190,0.0110,0.9699
888,voip,none,benign,benign,1,0.9684,0.0123,0.0194
889,web_browsing,block_padding,benign,benign,1,0.9669,0.0099,0.0232
890,ssh_interactive,none,benign,benign,1,0.9762,0.0140,0.0098
891,brute_force,none,malicious_plain,malicious_plain,1,0.0103,0.9671,0.0226
892,voip,fragmentation+block_padding+timing_jitter,benign,benign,1,0.9199,0.0083,0.0719
893,reverse_shell,protocol_mimicry+block_padding,malicious_obfuscated,malicious_obfuscated,1,0.0365,0.0095,0.9540
894,ssh_interactive,none,benign,benign,1,0.9775,0.0114,0.0111
895,port_scan,fragmentation+random_padding+constant_rate_shaping,malicious_obfuscated,malicious_obfuscated,1,0.0240,0.0121,0.9639
896,brute_force,none,malicious_plain,malicious_plain,1,0.0110,0.9631,0.0259
897,brute_force,none,malicious_plain,malicious_plain,1,0.0113,0.9570,0.0317
898,c2_beacon,none,malicious_plain,malicious_plain,1,0.0124,0.9693,0.0183
899,brute_force,fragmentation+random_padding+dummy_injection,malicious_obfuscated,malicious_obfuscated,1,0.0097,0.0108,0.9795
900,port_scan,timing_jitter,malicious_obfuscated,malicious_obfuscated,1,0.0109,0.0094,0.9797
901,reverse_shell,protocol_mimicry+random_padding+tunnel_encapsulation,malicious_obfuscated,malicious_obfuscated,1,0.0397,0.0117,0.9487
902,c2_beacon,block_padding+random_padding,malicious_obfuscated,malicious_obfuscated,1,0.0079,0.0130,0.9791
903,port_scan,fragmentation+block_padding,malicious_obfuscated,malicious_obfuscated,1,0.0097,0.0102,0.9801
904,data_exfiltration,dummy_injection,malicious_obfuscated,malicious_obfuscated,1,0.0141,0.0103,0.9756
905,brute_force,none,malicious_plain,malicious_plain,1,0.0131,0.9450,0.0418
906,data_exfiltration,fragmentation+dummy_injection,malicious_obfuscated,malicious_obfuscated,1,0.0109,0.0090,0.9801
907,voip,none,benign,benign,1,0.9764,0.0132,0.0104
908,brute_force,fragmentation,malicious_obfuscated,malicious_obfuscated,1,0.0125,0.0120,0.9755
909,ddos_flood,none,malicious_plain,malicious_plain,1,0.0132,0.9483,0.0385
910,c2_beacon,fragmentation,malicious_obfuscated,malicious_obfuscated,1,0.0187,0.1082,0.8731
911,web_browsing,none,benign,benign,1,0.9800,0.0088,0.0113
912,port_scan,none,malicious_plain,malicious_plain,1,0.0118,0.9466,0.0416
913,brute_force,none,malicious_plain,malicious_plain,1,0.0119,0.9557,0.0324
914,brute_force,block_padding+random_padding,malicious_obfuscated,malicious_obfuscated,1,0.0102,0.0119,0.9779
915,c2_beacon,fragmentation+random_padding+timing_jitter,malicious_obfuscated,malicious_obfuscated,1,0.0132,0.0110,0.9758
916,voip,fragmentation+block_padding+dummy_injection,benign,benign,1,0.9474,0.0082,0.0444
917,port_scan,none,malicious_plain,malicious_plain,1,0.0171,0.9380,0.0449
918,data_exfiltration,protocol_mimicry+fragmentation+tunnel_encapsulation,malicious_obfuscated,malicious_obfuscated,1,0.0106,0.0100,0.9794
919,port_scan,none,malicious_plain,malicious_plain,1,0.0169,0.9096,0.0735
920,video_streaming,protocol_mimicry+constant_rate_shaping,benign,benign,1,0.7473,0.0111,0.2416
921,voip,fragmentation+timing_jitter+constant_rate_shaping,benign,malicious_obfuscated,0,0.2808,0.0144,0.7047
922,reverse_shell,protocol_mimicry+timing_jitter+tunnel_encapsulation,malicious_obfuscated,malicious_obfuscated,1,0.0229,0.0114,0.9657
923,reverse_shell,block_padding,malicious_obfuscated,malicious_obfuscated,1,0.0099,0.0111,0.9790
924,port_scan,none,malicious_plain,malicious_plain,1,0.0126,0.9492,0.0381
925,c2_beacon,dummy_injection,malicious_obfuscated,malicious_obfuscated,1,0.0073,0.0113,0.9814
926,brute_force,none,malicious_plain,malicious_plain,1,0.0126,0.9566,0.0308
927,c2_beacon,block_padding+dummy_injection,malicious_obfuscated,malicious_obfuscated,1,0.0068,0.0115,0.9816
928,video_streaming,none,benign,benign,1,0.9728,0.0166,0.0106
929,port_scan,none,malicious_plain,malicious_plain,1,0.0106,0.9372,0.0522
930,ssh_interactive,none,benign,benign,1,0.9753,0.0106,0.0141
931,video_streaming,none,benign,benign,1,0.9630,0.0226,0.0144
932,brute_force,random_padding+timing_jitter,malicious_obfuscated,malicious_obfuscated,1,0.0090,0.0120,0.9790
933,reverse_shell,protocol_mimicry+fragmentation+block_padding,malicious_obfuscated,malicious_obfuscated,1,0.0452,0.0082,0.9466
934,voip,none,benign,benign,1,0.9755,0.0128,0.0116
935,ddos_flood,tunnel_encapsulation,malicious_obfuscated,malicious_obfuscated,1,0.0103,0.0087,0.9810
936,video_streaming,random_padding,benign,benign,1,0.9750,0.0116,0.0134
937,video_streaming,none,benign,benign,1,0.9712,0.0174,0.0115
938,port_scan,fragmentation+timing_jitter,malicious_obfuscated,malicious_obfuscated,1,0.0095,0.0095,0.9810
939,c2_beacon,none,malicious_plain,malicious_plain,1,0.0093,0.9643,0.0264
940,data_exfiltration,none,malicious_plain,malicious_plain,1,0.0159,0.9690,0.0150
941,port_scan,none,malicious_plain,malicious_plain,1,0.0143,0.9403,0.0455
942,reverse_shell,dummy_injection,malicious_obfuscated,malicious_obfuscated,1,0.0141,0.0183,0.9676
943,c2_beacon,dummy_injection,malicious_obfuscated,malicious_obfuscated,1,0.0091,0.0114,0.9796
944,ddos_flood,none,malicious_plain,malicious_plain,1,0.0130,0.9540,0.0329
945,c2_beacon,none,malicious_plain,malicious_plain,1,0.0085,0.9731,0.0184
946,c2_beacon,none,malicious_plain,malicious_plain,1,0.0093,0.9699,0.0208
947,c2_beacon,block_padding+dummy_injection+timing_jitter,malicious_obfuscated,malicious_obfuscated,1,0.0072,0.0103,0.9825
948,c2_beacon,protocol_mimicry,malicious_obfuscated,malicious_obfuscated,1,0.0334,0.0094,0.9572
949,reverse_shell,none,malicious_plain,malicious_plain,1,0.0393,0.9439,0.0168
950,ddos_flood,none,malicious_plain,malicious_plain,1,0.0144,0.9450,0.0406
951,brute_force,none,malicious_plain,malicious_plain,1,0.0130,0.9573,0.0297
952,video_streaming,none,benign,benign,1,0.9714,0.0165,0.0121
953,web_browsing,none,benign,benign,1,0.9727,0.0094,0.0180
954,data_exfiltration,protocol_mimicry+constant_rate_shaping+tunnel_encapsulation,malicious_obfuscated,malicious_obfuscated,1,0.0266,0.0083,0.9650
955,dns_query,protocol_mimicry+block_padding+tunnel_encapsulation,benign,benign,1,0.8299,0.0252,0.1448
956,port_scan,none,malicious_plain,malicious_plain,1,0.0108,0.9504,0.0388
957,web_browsing,none,benign,benign,1,0.9744,0.0095,0.0161
958,web_browsing,none,benign,benign,1,0.9777,0.0104,0.0119
959,c2_beacon,timing_jitter+constant_rate_shaping,malicious_obfuscated,malicious_obfuscated,1,0.1250,0.0154,0.8596
960,voip,none,benign,benign,1,0.9779,0.0137,0.0085
961,brute_force,none,malicious_plain,malicious_plain,1,0.0116,0.9572,0.0312
962,brute_force,protocol_mimicry,malicious_obfuscated,malicious_obfuscated,1,0.0344,0.0078,0.9579
963,c2_beacon,protocol_mimicry,malicious_obfuscated,malicious_obfuscated,1,0.4479,0.0188,0.5333
964,reverse_shell,random_padding,malicious_obfuscated,malicious_obfuscated,1,0.0237,0.0158,0.9605
965,video_streaming,none,benign,benign,1,0.9695,0.0186,0.0119
966,data_exfiltration,random_padding+constant_rate_shaping,malicious_obfuscated,malicious_obfuscated,1,0.0094,0.0108,0.9798
967,file_download,dummy_injection,benign,benign,1,0.9764,0.0111,0.0125
968,data_exfiltration,constant_rate_shaping,malicious_obfuscated,malicious_obfuscated,1,0.0109,0.0097,0.9795
969,port_scan,none,malicious_plain,malicious_plain,1,0.0136,0.9446,0.0417
970,reverse_shell,none,malicious_plain,malicious_plain,1,0.0087,0.9726,0.0187
971,voip,protocol_mimicry+fragmentation+dummy_injection,benign,benign,1,0.9430,0.0170,0.0399
972,data_exfiltration,none,malicious_plain,malicious_plain,1,0.0143,0.9738,0.0119
973,web_browsing,none,benign,benign,1,0.9801,0.0072,0.0127
974,ddos_flood,protocol_mimicry+timing_jitter+constant_rate_shaping,malicious_obfuscated,malicious_obfuscated,1,0.0411,0.0127,0.9462
975,c2_beacon,protocol_mimicry+fragmentation+tunnel_encapsulation,malicious_obfuscated,benign,0,0.5605,0.0246,0.4148
976,file_download,none,benign,benign,1,0.9682,0.0190,0.0128
977,dns_query,protocol_mimicry+tunnel_encapsulation,benign,benign,1,0.9238,0.0227,0.0535
978,ssh_interactive,random_padding+constant_rate_shaping+tunnel_encapsulation,benign,benign,1,0.6328,0.0107,0.3565
979,voip,tunnel_encapsulation,benign,benign,1,0.9746,0.0148,0.0106
980,data_exfiltration,protocol_mimicry+block_padding+random_padding,malicious_obfuscated,malicious_obfuscated,1,0.0096,0.0087,0.9817
981,file_download,none,benign,benign,1,0.9696,0.0143,0.0161
982,ddos_flood,none,malicious_plain,malicious_plain,1,0.0110,0.9631,0.0259
983,web_browsing,none,benign,benign,1,0.8680,0.0450,0.0870
984,c2_beacon,fragmentation+constant_rate_shaping+tunnel_encapsulation,malicious_obfuscated,malicious_obfuscated,1,0.2287,0.0099,0.7613
985,ddos_flood,none,malicious_plain,malicious_plain,1,0.0105,0.9598,0.0298
986,port_scan,block_padding+random_padding+dummy_injection,malicious_obfuscated,malicious_obfuscated,1,0.0434,0.0187,0.9379
987,voip,random_padding+dummy_injection+tunnel_encapsulation,benign,benign,1,0.9694,0.0125,0.0182
988,brute_force,fragmentation,malicious_obfuscated,malicious_obfuscated,1,0.0215,0.0104,0.9681
989,c2_beacon,none,malicious_plain,malicious_plain,1,0.0109,0.9689,0.0202
990,brute_force,none,malicious_plain,malicious_plain,1,0.0125,0.9346,0.0530
991,web_browsing,none,benign,benign,1,0.9785,0.0121,0.0094
992,file_download,none,benign,benign,1,0.9711,0.0168,0.0121
993,reverse_shell,fragmentation,malicious_obfuscated,malicious_obfuscated,1,0.0172,0.0092,0.9736
994,port_scan,fragmentation+tunnel_encapsulation,malicious_obfuscated,malicious_obfuscated,1,0.0107,0.0094,0.9799
995,video_streaming,none,benign,benign,1,0.9710,0.0163,0.0127
996,reverse_shell,block_padding+random_padding+constant_rate_shaping,malicious_obfuscated,malicious_obfuscated,1,0.3195,0.0108,0.6698
997,reverse_shell,none,malicious_plain,malicious_plain,1,0.0296,0.9557,0.0147
998,reverse_shell,block_padding+dummy_injection,malicious_obfuscated,malicious_obfuscated,1,0.0099,0.0107,0.9795
999,port_scan,random_padding+dummy_injection+tunnel_encapsulation,malicious_obfuscated,malicious_obfuscated,1,0.0253,0.0136,0.9611
1000,ddos_flood,none,malicious_plain,malicious_plain,1,0.0097,0.9513,0.0391
1001,ssh_interactive,none,benign,benign,1,0.9774,0.0126,0.0099
1002,data_exfiltration,protocol_mimicry,malicious_obfuscated,malicious_obfuscated,1,0.0350,0.0122,0.9528
1003,file_download,none,benign,benign,1,0.9740,0.0131,0.0129
1004,voip,none,benign,benign,1,0.9768,0.0118,0.0114
1005,c2_beacon,none,malicious_plain,malicious_plain,1,0.0120,0.9688,0.0192
1006,ddos_flood,dummy_injection,malicious_obfuscated,malicious_obfuscated,1,0.0145,0.0091,0.9764
1007,ssh_interactive,fragmentation+timing_jitter,benign,benign,1,0.9519,0.0122,0.0359
1008,data_exfiltration,protocol_mimicry+dummy_injection+tunnel_encapsulation,malicious_obfuscated,malicious_obfuscated,1,0.0280,0.0151,0.9570
1009,ddos_flood,none,malicious_plain,malicious_plain,1,0.0140,0.9462,0.0397
1010,port_scan,block_padding+tunnel_encapsulation,malicious_obfuscated,malicious_obfuscated,1,0.0136,0.0095,0.9770
1011,data_exfiltration,none,malicious_plain,malicious_plain,1,0.0134,0.9704,0.0162
1012,video_streaming,protocol_mimicry+constant_rate_shaping,benign,malicious_obfuscated,0,0.2302,0.0096,0.7602
1013,brute_force,none,malicious_plain,malicious_plain,1,0.0095,0.9677,0.0228
1014,port_scan,protocol_mimicry+random_padding,malicious_obfuscated,malicious_obfuscated,1,0.0352,0.0147,0.9501
1015,c2_beacon,none,malicious_plain,malicious_plain,1,0.0142,0.9512,0.0346
1016,voip,none,benign,benign,1,0.9766,0.0125,0.0109
1017,reverse_shell,none,malicious_plain,malicious_plain,1,0.0100,0.9822,0.0078
1018,port_scan,none,malicious_plain,malicious_plain,1,0.0143,0.9318,0.0539
1019,port_scan,fragmentation+block_padding+constant_rate_shaping,malicious_obfuscated,malicious_obfuscated,1,0.0145,0.0144,0.9710
1020,port_scan,none,malicious_plain,malicious_plain,1,0.0125,0.9470,0.0405
1021,voip,none,benign,benign,1,0.9764,0.0141,0.0095
1022,data_exfiltration,none,malicious_plain,malicious_plain,1,0.0123,0.9782,0.0096
1023,ddos_flood,protocol_mimicry+block_padding+tunnel_encapsulation,malicious_obfuscated,malicious_obfuscated,1,0.0121,0.0125,0.9754
1024,ddos_flood,none,malicious_plain,malicious_plain,1,0.0142,0.9419,0.0439
1025,ddos_flood,none,malicious_plain,malicious_plain,1,0.0113,0.9327,0.0559
1026,reverse_shell,fragmentation+random_padding+constant_rate_shaping,malicious_obfuscated,malicious_obfuscated,1,0.1127,0.0105,0.8768
1027,file_download,block_padding,benign,benign,1,0.9757,0.0109,0.0134
1028,data_exfiltration,protocol_mimicry+block_padding+tunnel_encapsulation,malicious_obfuscated,malicious_obfuscated,1,0.0164,0.0125,0.9711
1029,web_browsing,none,benign,benign,1,0.9775,0.0128,0.0097
1030,brute_force,none,malicious_plain,malicious_plain,1,0.0110,0.9525,0.0365
1031,data_exfiltration,timing_jitter+constant_rate_shaping,malicious_obfuscated,malicious_obfuscated,1,0.0482,0.0142,0.9376
1032,ssh_interactive,none,benign,benign,1,0.9793,0.0112,0.0095
1033,brute_force,fragmentation+block_padding+constant_rate_shaping,malicious_obfuscated,malicious_obfuscated,1,0.1288,0.0132,0.8580
1034,file_download,none,benign,benign,1,0.9576,0.0257,0.0166
1035,ddos_flood,none,malicious_plain,malicious_plain,1,0.0109,0.9488,0.0403
1036,reverse_shell,none,malicious_plain,malicious_plain,1,0.0126,0.9504,0.0369
1037,port_scan,none,malicious_plain,malicious_plain,1,0.0134,0.9480,0.0386
1038,ssh_interactive,none,benign,benign,1,0.9752,0.0104,0.0144
1039,ssh_interactive,fragmentation+timing_jitter+constant_rate_shaping,benign,malicious_obfuscated,0,0.4368,0.0133,0.5499
1040,file_download,protocol_mimicry+random_padding+tunnel_encapsulation,benign,benign,1,0.9751,0.0112,0.0137
1041,brute_force,none,malicious_plain,malicious_plain,1,0.0119,0.9367,0.0515
1042,video_streaming,none,benign,benign,1,0.9702,0.0170,0.0128
1043,video_streaming,none,benign,benign,1,0.9685,0.0169,0.0146
1044,reverse_shell,protocol_mimicry+dummy_injection+timing_jitter,malicious_obfuscated,malicious_obfuscated,1,0.0186,0.0114,0.9700
1045,brute_force,none,malicious_plain,malicious_plain,1,0.0110,0.9659,0.0231
1046,c2_beacon,random_padding+timing_jitter+constant_rate_shaping,malicious_obfuscated,malicious_obfuscated,1,0.1346,0.0129,0.8525
1047,c2_beacon,none,malicious_plain,malicious_plain,1,0.0110,0.9505,0.0385
1048,reverse_shell,none,malicious_plain,malicious_plain,1,0.0204,0.9541,0.0256
1049,web_browsing,none,benign,benign,1,0.9738,0.0101,0.0161
1050,port_scan,none,malicious_plain,malicious_plain,1,0.0101,0.9377,0.0522
1051,ddos_flood,none,malicious_plain,malicious_plain,1,0.0158,0.9276,0.0566
1052,data_exfiltration,block_padding+tunnel_encapsulation,malicious_obfuscated,malicious_obfuscated,1,0.0274,0.0105,0.9621
1053,reverse_shell,dummy_injection+timing_jitter+constant_rate_shaping,malicious_obfuscated,malicious_obfuscated,1,0.1678,0.0100,0.8222
1054,reverse_shell,none,malicious_plain,malicious_plain,1,0.0174,0.9629,0.0198
1055,ddos_flood,none,malicious_plain,malicious_plain,1,0.0141,0.9477,0.0382
1056,ssh_interactive,none,benign,benign,1,0.9765,0.0128,0.0107
1057,brute_force,fragmentation+timing_jitter,malicious_obfuscated,malicious_obfuscated,1,0.0222,0.0122,0.9656
1058,ddos_flood,tunnel_encapsulation,malicious_obfuscated,malicious_obfuscated,1,0.0091,0.0098,0.9812
1059,port_scan,none,malicious_plain,malicious_plain,1,0.0112,0.9386,0.0502
1060,web_browsing,protocol_mimicry+block_padding+constant_rate_shaping,benign,benign,1,0.9785,0.0097,0.0118
1061,brute_force,protocol_mimicry,malicious_obfuscated,malicious_obfuscated,1,0.0146,0.0111,0.9743
1062,reverse_shell,none,malicious_plain,malicious_plain,1,0.0118,0.9754,0.0128
1063,brute_force,fragmentation+timing_jitter+constant_rate_shaping,malicious_obfuscated,benign,0,0.6045,0.0169,0.3787
1064,ddos_flood,block_padding,malicious_obfuscated,malicious_obfuscated,1,0.0106,0.0108,0.9786
1065,file_download,none,benign,benign,1,0.9698,0.0172,0.0130
1066,voip,fragmentation,benign,benign,1,0.9747,0.0126,0.0127
1067,brute_force,constant_rate_shaping+tunnel_encapsulation,malicious_obfuscated,malicious_obfuscated,1,0.0835,0.0092,0.9073
1068,port_scan,none,malicious_plain,malicious_plain,1,0.0131,0.9321,0.0548
1069,reverse_shell,protocol_mimicry+fragmentation+timing_jitter,malicious_obfuscated,malicious_obfuscated,1,0.0180,0.0081,0.9740
1070,reverse_shell,none,malicious_plain,malicious_plain,1,0.0103,0.9773,0.0125
1071,brute_force,fragmentation+tunnel_encapsulation,malicious_obfuscated,malicious_obfuscated,1,0.0267,0.0127,0.9606
1072,port_scan,none,malicious_plain,malicious_plain,1,0.0132,0.9367,0.0501
1073,voip,block_padding+random_padding+tunnel_encapsulation,benign,benign,1,0.9401,0.0105,0.0494
1074,web_browsing,none,benign,benign,1,0.9758,0.0092,0.0150
1075,ssh_interactive,block_padding+timing_jitter+constant_rate_shaping,benign,benign,1,0.9200,0.0118,0.0682
1076,voip,none,benign,benign,1,0.9762,0.0128,0.0110
1077,port_scan,none,malicious_plain,malicious_plain,1,0.0120,0.9321,0.0559
1078,file_download,none,benign,benign,1,0.9690,0.0155,0.0155
1079,voip,none,benign,benign,1,0.9777,0.0127,0.0097
1080,port_scan,none,malicious_plain,malicious_plain,1,0.0142,0.9379,0.0479
1081,port_scan,none,malicious_plain,malicious_plain,1,0.0129,0.9389,0.0482
1082,brute_force,random_padding,malicious_obfuscated,malicious_obfuscated,1,0.0108,0.0109,0.9783
1083,file_download,none,benign,benign,1,0.9739,0.0122,0.0139
1084,voip,none,benign,benign,1,0.9771,0.0114,0.0115
1085,data_exfiltration,block_padding+timing_jitter+constant_rate_shaping,malicious_obfuscated,malicious_obfuscated,1,0.0598,0.0136,0.9266
1086,brute_force,none,malicious_plain,malicious_plain,1,0.0105,0.9601,0.0293
1087,brute_force,random_padding,malicious_obfuscated,malicious_obfuscated,1,0.0096,0.0121,0.9783
1088,data_exfiltration,block_padding,malicious_obfuscated,malicious_obfuscated,1,0.0085,0.0184,0.9731
1089,ddos_flood,block_padding+random_padding+timing_jitter,malicious_obfuscated,malicious_obfuscated,1,0.0048,0.0101,0.9852
1090,brute_force,none,malicious_plain,malicious_plain,1,0.0127,0.9503,0.0370
1091,port_scan,none,malicious_plain,malicious_plain,1,0.0138,0.9157,0.0705
1092,ssh_interactive,none,benign,benign,1,0.9768,0.0130,0.0102
1093,ddos_flood,none,malicious_plain,malicious_plain,1,0.0123,0.9600,0.0278
1094,voip,none,benign,benign,1,0.9749,0.0113,0.0137
1095,port_scan,none,malicious_plain,malicious_plain,1,0.0139,0.9171,0.0690
1096,data_exfiltration,none,malicious_plain,malicious_plain,1,0.0118,0.9792,0.0090
1097,ssh_interactive,none,benign,benign,1,0.9772,0.0122,0.0106
1098,ssh_interactive,protocol_mimicry+fragmentation+tunnel_encapsulation,benign,benign,1,0.5514,0.0159,0.4328
1099,data_exfiltration,none,malicious_plain,malicious_plain,1,0.0110,0.9817,0.0073
1100,brute_force,none,malicious_plain,malicious_plain,1,0.0106,0.9621,0.0274
1101,c2_beacon,none,malicious_plain,malicious_plain,1,0.0099,0.9610,0.0291
1102,data_exfiltration,block_padding+tunnel_encapsulation,malicious_obfuscated,malicious_obfuscated,1,0.0177,0.0094,0.9729
1103,ssh_interactive,none,benign,benign,1,0.9742,0.0142,0.0116
1104,ddos_flood,none,malicious_plain,malicious_plain,1,0.0126,0.9516,0.0357
1105,data_exfiltration,none,malicious_plain,malicious_plain,1,0.0141,0.9723,0.0135
1106,data_exfiltration,random_padding,malicious_obfuscated,malicious_obfuscated,1,0.0080,0.0089,0.9830
1107,brute_force,timing_jitter,malicious_obfuscated,malicious_plain,0,0.0264,0.4887,0.4849
1108,ssh_interactive,block_padding+timing_jitter,benign,benign,1,0.7278,0.0091,0.2631
1109,web_browsing,none,benign,benign,1,0.9776,0.0077,0.0147
1110,brute_force,block_padding,malicious_obfuscated,malicious_obfuscated,1,0.0108,0.0087,0.9805
1111,port_scan,tunnel_encapsulation,malicious_obfuscated,malicious_obfuscated,1,0.0125,0.0118,0.9756
1112,port_scan,dummy_injection+constant_rate_shaping,malicious_obfuscated,malicious_obfuscated,1,0.0313,0.0123,0.9564
1113,data_exfiltration,none,malicious_plain,malicious_plain,1,0.0143,0.9739,0.0118
1114,voip,none,benign,benign,1,0.9764,0.0151,0.0085
1115,reverse_shell,none,malicious_plain,malicious_plain,1,0.0120,0.9779,0.0101
1116,reverse_shell,none,malicious_plain,malicious_plain,1,0.0146,0.9392,0.0462
1117,reverse_shell,none,malicious_plain,malicious_plain,1,0.0085,0.9751,0.0164
1118,port_scan,random_padding+tunnel_encapsulation,malicious_obfuscated,malicious_obfuscated,1,0.0080,0.0103,0.9816
1119,voip,none,benign,benign,1,0.9766,0.0129,0.0105
1120,ssh_interactive,none,benign,benign,1,0.9765,0.0114,0.0120
1121,ssh_interactive,constant_rate_shaping,benign,benign,1,0.8232,0.0185,0.1583
1122,brute_force,none,malicious_plain,malicious_plain,1,0.0127,0.9444,0.0429
1123,data_exfiltration,none,malicious_plain,malicious_plain,1,0.0106,0.9809,0.0086
1124,data_exfiltration,none,malicious_plain,malicious_plain,1,0.0119,0.9793,0.0088
1125,c2_beacon,none,malicious_plain,malicious_plain,1,0.0100,0.9734,0.0167
1126,data_exfiltration,fragmentation+tunnel_encapsulation,malicious_obfuscated,malicious_obfuscated,1,0.0124,0.0083,0.9793
1127,brute_force,none,malicious_plain,malicious_plain,1,0.0125,0.9459,0.0416
1128,web_browsing,none,benign,benign,1,0.9777,0.0072,0.0151
1129,port_scan,none,malicious_plain,malicious_plain,1,0.0137,0.9417,0.0446
1130,port_scan,none,malicious_plain,malicious_plain,1,0.0134,0.9445,0.0421
1131,data_exfiltration,none,malicious_plain,malicious_plain,1,0.0169,0.9542,0.0289
1132,port_scan,fragmentation+timing_jitter,malicious_obfuscated,malicious_obfuscated,1,0.0100,0.0100,0.9801
1133,data_exfiltration,none,malicious_plain,malicious_plain,1,0.0137,0.9758,0.0105
1134,ddos_flood,protocol_mimicry+dummy_injection+constant_rate_shaping,malicious_obfuscated,malicious_obfuscated,1,0.1320,0.0175,0.8505
1135,ddos_flood,none,malicious_plain,malicious_plain,1,0.0095,0.9622,0.0283
1136,ddos_flood,fragmentation+block_padding,malicious_obfuscated,malicious_obfuscated,1,0.0079,0.0112,0.9809
1137,port_scan,none,malicious_plain,malicious_plain,1,0.0107,0.9373,0.0520
1138,ddos_flood,block_padding+tunnel_encapsulation,malicious_obfuscated,malicious_obfuscated,1,0.0124,0.0100,0.9776
1139,c2_beacon,none,malicious_plain,malicious_plain,1,0.0122,0.9367,0.0511
1140,file_download,protocol_mimicry+block_padding+dummy_injection,benign,benign,1,0.9782,0.0123,0.0096
1141,file_download,protocol_mimicry,benign,benign,1,0.9742,0.0151,0.0106
1142,ssh_interactive,none,benign,benign,1,0.9764,0.0119,0.0116
1143,reverse_shell,protocol_mimicry,malicious_obfuscated,malicious_obfuscated,1,0.0675,0.0097,0.9228
1144,web_browsing,none,benign,benign,1,0.9794,0.0094,0.0113
1145,port_scan,fragmentation+random_padding,malicious_obfuscated,malicious_obfuscated,1,0.0084,0.0099,0.9817
1146,c2_beacon,protocol_mimicry,malicious_obfuscated,malicious_obfuscated,1,0.0770,0.0094,0.9136
1147,file_download,random_padding,benign,benign,1,0.9760,0.0110,0.0130
1148,ddos_flood,protocol_mimicry+random_padding+constant_rate_shaping,malicious_obfuscated,malicious_obfuscated,1,0.0644,0.0129,0.9227
1149,brute_force,block_padding+dummy_injection+constant_rate_shaping,malicious_obfuscated,malicious_obfuscated,1,0.3276,0.0129,0.6595
1150,voip,fragmentation+random_padding+dummy_injection,benign,benign,1,0.9643,0.0109,0.0248
1151,brute_force,protocol_mimicry+fragmentation+constant_rate_shaping,malicious_obfuscated,malicious_obfuscated,1,0.0204,0.0120,0.9677
1152,reverse_shell,fragmentation+tunnel_encapsulation,malicious_obfuscated,malicious_obfuscated,1,0.0278,0.0101,0.9621
1153,web_browsing,none,benign,benign,1,0.9747,0.0090,0.0163
1154,c2_beacon,none,malicious_plain,malicious_plain,1,0.0124,0.9656,0.0220
1155,ssh_interactive,none,benign,benign,1,0.9717,0.0122,0.0161
1156,c2_beacon,protocol_mimicry+block_padding,malicious_obfuscated,malicious_obfuscated,1,0.0343,0.0090,0.9568
1157,reverse_shell,random_padding+timing_jitter,malicious_obfuscated,malicious_obfuscated,1,0.0187,0.0504,0.9309
1158,file_download,none,benign,benign,1,0.9672,0.0198,0.0130
1159,reverse_shell,none,malicious_plain,malicious_plain,1,0.0117,0.9666,0.0216
1160,ssh_interactive,none,benign,benign,1,0.9783,0.0121,0.0096
1161,voip,none,benign,benign,1,0.9762,0.0121,0.0117
1162,web_browsing,tunnel_encapsulation,benign,benign,1,0.9616,0.0114,0.0269
1163,file_download,fragmentation+random_padding+tunnel_encapsulation,benign,benign,1,0.9824,0.0114,0.0062
1164,ddos_flood,protocol_mimicry+fragmentation+random_padding,malicious_obfuscated,malicious_obfuscated,1,0.0080,0.0117,0.9803
1165,reverse_shell,none,malicious_plain,malicious_plain,1,0.0144,0.9631,0.0225
1166,data_exfiltration,none,malicious_plain,malicious_plain,1,0.0111,0.9812,0.0077
1167,data_exfiltration,none,malicious_plain,malicious_plain,1,0.0114,0.9789,0.0097
1168,port_scan,protocol_mimicry+tunnel_encapsulation,malicious_obfuscated,malicious_obfuscated,1,0.0154,0.0120,0.9726
1169,brute_force,none,malicious_plain,malicious_plain,1,0.0135,0.9063,0.0802
1170,voip,none,benign,benign,1,0.9769,0.0118,0.0114
1171,reverse_shell,tunnel_encapsulation,malicious_obfuscated,malicious_obfuscated,1,0.0621,0.1845,0.7535
1172,ddos_flood,block_padding,malicious_obfuscated,malicious_obfuscated,1,0.0051,0.0120,0.9829
1173,data_exfiltration,none,malicious_plain,malicious_plain,1,0.0106,0.9823,0.0072
1174,voip,none,benign,benign,1,0.9745,0.0129,0.0126
1175,web_browsing,protocol_mimicry+block_padding+random_padding,benign,benign,1,0.9267,0.0091,0.0643
1176,reverse_shell,dummy_injection+timing_jitter+constant_rate_shaping,malicious_obfuscated,malicious_obfuscated,1,0.1305,0.0099,0.8596
1177,video_streaming,none,benign,benign,1,0.9703,0.0174,0.0123
1178,c2_beacon,none,malicious_plain,malicious_plain,1,0.0095,0.9735,0.0170
1179,data_exfiltration,none,malicious_plain,malicious_plain,1,0.0136,0.9761,0.0104
1180,c2_beacon,constant_rate_shaping,malicious_obfuscated,malicious_obfuscated,1,0.1185,0.0140,0.8675
1181,data_exfiltration,none,malicious_plain,malicious_plain,1,0.0128,0.9659,0.0213
1182,ssh_interactive,random_padding,benign,benign,1,0.9802,0.0106,0.0092
1183,data_exfiltration,none,malicious_plain,malicious_plain,1,0.0127,0.9768,0.0105
1184,file_download,none,benign,benign,1,0.9736,0.0155,0.0109
1185,c2_beacon,none,malicious_plain,malicious_plain,1,0.0078,0.9695,0.0227
1186,data_exfiltration,none,malicious_plain,malicious_plain,1,0.0122,0.9752,0.0126
1187,reverse_shell,random_padding+timing_jitter,malicious_obfuscated,malicious_obfuscated,1,0.0153,0.0109,0.9738
1188,ddos_flood,tunnel_encapsulation,malicious_obfuscated,malicious_obfuscated,1,0.0087,0.0098,0.9815
1189,data_exfiltration,none,malicious_plain,malicious_plain,1,0.0099,0.9773,0.0128
1190,brute_force,dummy_injection+tunnel_encapsulation,malicious_obfuscated,malicious_obfuscated,1,0.0152,0.0154,0.9694
1191,reverse_shell,none,malicious_plain,malicious_plain,1,0.0198,0.9551,0.0251
1192,ssh_interactive,none,benign,benign,1,0.9745,0.0126,0.0129
1193,ssh_interactive,fragmentation+dummy_injection,benign,benign,1,0.9470,0.0092,0.0437
1194,brute_force,none,malicious_plain,malicious_plain,1,0.0106,0.9639,0.0255
1195,data_exfiltration,none,malicious_plain,malicious_plain,1,0.0155,0.9707,0.0139
1196,ddos_flood,none,malicious_plain,malicious_plain,1,0.0121,0.9616,0.0263
1197,file_download,none,benign,benign,1,0.9692,0.0195,0.0113
1198,c2_beacon,none,malicious_plain,malicious_plain,1,0.0092,0.9657,0.0251
1199,ssh_interactive,none,benign,benign,1,0.9779,0.0113,0.0108
1200,c2_beacon,block_padding+timing_jitter,malicious_obfuscated,malicious_obfuscated,1,0.0082,0.0106,0.9813
1201,reverse_shell,fragmentation+dummy_injection,malicious_obfuscated,malicious_obfuscated,1,0.0082,0.0108,0.9810
1202,ssh_interactive,fragmentation+timing_jitter+constant_rate_shaping,benign,malicious_obfuscated,0,0.1864,0.0140,0.7996
1203,port_scan,none,malicious_plain,malicious_plain,1,0.0117,0.9413,0.0470
1204,c2_beacon,none,malicious_plain,malicious_plain,1,0.0099,0.9746,0.0155
1205,video_streaming,none,benign,benign,1,0.9707,0.0177,0.0116
1206,voip,none,benign,benign,1,0.9704,0.0114,0.0182
1207,reverse_shell,random_padding+constant_rate_shaping,malicious_obfuscated,malicious_obfuscated,1,0.0478,0.0112,0.9410
1208,port_scan,none,malicious_plain,malicious_plain,1,0.0140,0.9424,0.0436
1209,brute_force,fragmentation+constant_rate_shaping,malicious_obfuscated,malicious_obfuscated,1,0.0338,0.0117,0.9544
1210,reverse_shell,none,malicious_plain,malicious_plain,1,0.0124,0.9350,0.0526
1211,ddos_flood,none,malicious_plain,malicious_plain,1,0.0157,0.9297,0.0545
1212,brute_force,none,malicious_plain,malicious_plain,1,0.0147,0.9310,0.0542
1213,ssh_interactive,tunnel_encapsulation,benign,benign,1,0.9761,0.0119,0.0119
1214,ddos_flood,random_padding+tunnel_encapsulation,malicious_obfuscated,malicious_obfuscated,1,0.0063,0.0107,0.9830
1215,data_exfiltration,fragmentation,malicious_obfuscated,malicious_obfuscated,1,0.0080,0.0095,0.9825
1216,data_exfiltration,none,malicious_plain,malicious_plain,1,0.0131,0.9751,0.0118
1217,ssh_interactive,none,benign,benign,1,0.9713,0.0145,0.0143
1218,voip,none,benign,benign,1,0.9729,0.0124,0.0146
1219,c2_beacon,fragmentation+timing_jitter+tunnel_encapsulation,malicious_obfuscated,malicious_obfuscated,1,0.0073,0.0100,0.9828
1220,data_exfiltration,none,malicious_plain,malicious_plain,1,0.0121,0.9794,0.0085
1221,reverse_shell,none,malicious_plain,malicious_plain,1,0.0122,0.9592,0.0286
1222,voip,none,benign,benign,1,0.9773,0.0136,0.0091
1223,data_exfiltration,block_padding+random_padding,malicious_obfuscated,malicious_obfuscated,1,0.0126,0.0092,0.9782
1224,file_download,none,benign,benign,1,0.9691,0.0191,0.0118
1225,c2_beacon,none,malicious_plain,malicious_plain,1,0.0110,0.9685,0.0205
1226,ssh_interactive,none,benign,benign,1,0.9764,0.0120,0.0117
1227,web_browsing,none,benign,benign,1,0.9486,0.0337,0.0177
1228,brute_force,none,malicious_plain,malicious_plain,1,0.0123,0.9480,0.0397
1229,brute_force,protocol_mimicry+random_padding+tunnel_encapsulation,malicious_obfuscated,malicious_obfuscated,1,0.0189,0.0131,0.9680
1230,reverse_shell,constant_rate_shaping,malicious_obfuscated,malicious_obfuscated,1,0.4849,0.0158,0.4993
1231,reverse_shell,fragmentation+dummy_injection,malicious_obfuscated,malicious_obfuscated,1,0.0186,0.0106,0.9708
1232,port_scan,fragmentation+timing_jitter,malicious_obfuscated,malicious_obfuscated,1,0.0112,0.0094,0.9794
1233,brute_force,none,malicious_plain,malicious_plain,1,0.0120,0.9506,0.0374
1234,c2_beacon,none,malicious_plain,malicious_plain,1,0.0098,0.9691,0.0211
1235,c2_beacon,none,malicious_plain,malicious_plain,1,0.0105,0.9583,0.0312
1236,web_browsing,none,benign,benign,1,0.9739,0.0116,0.0146
1237,data_exfiltration,none,malicious_plain,malicious_plain,1,0.0131,0.9780,0.0089
1238,voip,none,benign,benign,1,0.9759,0.0115,0.0126
1239,port_scan,protocol_mimicry+timing_jitter,malicious_obfuscated,malicious_obfuscated,1,0.0151,0.0106,0.9742
1240,video_streaming,none,benign,benign,1,0.9728,0.0174,0.0098
1241,ddos_flood,none,malicious_plain,malicious_plain,1,0.0115,0.9433,0.0452
1242,ddos_flood,protocol_mimicry+block_padding+random_padding,malicious_obfuscated,malicious_obfuscated,1,0.0066,0.0101,0.9834
1243,ddos_flood,none,malicious_plain,malicious_plain,1,0.0117,0.9578,0.0305
1244,ssh_interactive,fragmentation+random_padding+tunnel_encapsulation,benign,benign,1,0.9665,0.0110,0.0225
1245,c2_beacon,none,malicious_plain,malicious_plain,1,0.0092,0.9707,0.0200
1246,ddos_flood,protocol_mimicry+dummy_injection,malicious_obfuscated,malicious_obfuscated,1,0.0124,0.0141,0.9735
1247,data_exfiltration,timing_jitter,malicious_obfuscated,malicious_obfuscated,1,0.0132,0.0139,0.9729
1248,reverse_shell,fragmentation,malicious_obfuscated,malicious_obfuscated,1,0.0131,0.0090,0.9779
1249,brute_force,none,malicious_plain,malicious_plain,1,0.0113,0.9640,0.0247
1250,c2_beacon,none,malicious_plain,malicious_plain,1,0.0104,0.9463,0.0433
1251,web_browsing,block_padding+random_padding+constant_rate_shaping,benign,benign,1,0.9732,0.0090,0.0178
1252,data_exfiltration,fragmentation+random_padding+constant_rate_shaping,malicious_obfuscated,malicious_obfuscated,1,0.0357,0.0162,0.9482
1253,port_scan,tunnel_encapsulation,malicious_obfuscated,malicious_obfuscated,1,0.0118,0.0117,0.9765
1254,video_streaming,tunnel_encapsulation,benign,benign,1,0.9700,0.0125,0.0175
1255,reverse_shell,protocol_mimicry+timing_jitter,malicious_obfuscated,malicious_obfuscated,1,0.0514,0.0088,0.9399
1256,dns_query,protocol_mimicry+block_padding+dummy_injection,benign,benign,1,0.5885,0.0188,0.3927
1257,c2_beacon,none,malicious_plain,malicious_plain,1,0.0135,0.9563,0.0302
1258,reverse_shell,none,malicious_plain,malicious_plain,1,0.0210,0.9634,0.0157
1259,web_browsing,none,benign,benign,1,0.9767,0.0106,0.0128
1260,file_download,none,benign,benign,1,0.9737,0.0139,0.0123
1261,data_exfiltration,timing_jitter+tunnel_encapsulation,malicious_obfuscated,malicious_obfuscated,1,0.0110,0.0093,0.9797
1262,file_download,random_padding+timing_jitter,benign,benign,1,0.9783,0.0123,0.0095
1263,web_browsing,none,benign,benign,1,0.9792,0.0087,0.0120
1264,web_browsing,none,benign,benign,1,0.9753,0.0133,0.0114
1265,c2_beacon,none,malicious_plain,malicious_plain,1,0.0123,0.9602,0.0274
1266,video_streaming,none,benign,benign,1,0.9673,0.0184,0.0143
1267,ddos_flood,protocol_mimicry+block_padding+random_padding,malicious_obfuscated,malicious_obfuscated,1,0.0124,0.0134,0.9743
1268,c2_beacon,none,malicious_plain,malicious_plain,1,0.0122,0.9185,0.0693
1269,ssh_interactive,none,benign,benign,1,0.9765,0.0122,0.0114
1270,data_exfiltration,protocol_mimicry+random_padding+constant_rate_shaping,malicious_obfuscated,malicious_obfuscated,1,0.0405,0.0172,0.9423
1271,c2_beacon,protocol_mimicry+block_padding+random_padding,malicious_obfuscated,malicious_obfuscated,1,0.0302,0.0087,0.9611
1272,ddos_flood,none,malicious_plain,malicious_plain,1,0.0152,0.9415,0.0433
1273,data_exfiltration,tunnel_encapsulation,malicious_obfuscated,malicious_obfuscated,1,0.0067,0.0090,0.9843
1274,ssh_interactive,none,benign,benign,1,0.9746,0.0128,0.0126
1275,web_browsing,random_padding+dummy_injection+timing_jitter,benign,benign,1,0.9646,0.0104,0.0250
1276,data_exfiltration,none,malicious_plain,malicious_plain,1,0.0111,0.9810,0.0079
1277,c2_beacon,fragmentation+block_padding,malicious_obfuscated,malicious_obfuscated,1,0.0090,0.0093,0.9817
1278,c2_beacon,protocol_mimicry+fragmentation+constant_rate_shaping,malicious_obfuscated,malicious_obfuscated,1,0.0859,0.0100,0.9041
1279,ddos_flood,protocol_mimicry+dummy_injection+tunnel_encapsulation,malicious_obfuscated,malicious_obfuscated,1,0.0115,0.0114,0.9770
1280,video_streaming,block_padding+random_padding+constant_rate_shaping,benign,benign,1,0.9796,0.0118,0.0086
1281,reverse_shell,none,malicious_plain,malicious_plain,1,0.0112,0.9515,0.0374
1282,video_streaming,none,benign,benign,1,0.9724,0.0154,0.0122
1283,c2_beacon,none,malicious_plain,malicious_plain,1,0.0098,0.9726,0.0176
1284,brute_force,none,malicious_plain,malicious_plain,1,0.0114,0.9515,0.0371
1285,ddos_flood,none,malicious_plain,malicious_plain,1,0.0098,0.9673,0.0230
1286,voip,constant_rate_shaping,benign,benign,1,0.5577,0.0117,0.4306
1287,ddos_flood,none,malicious_plain,malicious_plain,1,0.0125,0.9542,0.0333
1288,brute_force,fragmentation,malicious_obfuscated,malicious_plain,0,0.0097,0.9689,0.0213
1289,c2_beacon,none,malicious_plain,malicious_plain,1,0.0115,0.9389,0.0497
1290,port_scan,none,malicious_plain,malicious_plain,1,0.0134,0.9444,0.0422
1291,voip,block_padding,benign,benign,1,0.9600,0.0083,0.0317
1292,web_browsing,none,benign,benign,1,0.9785,0.0087,0.0128
1293,ssh_interactive,none,benign,benign,1,0.9768,0.0135,0.0097
1294,voip,none,benign,benign,1,0.9767,0.0142,0.0091
1295,ddos_flood,fragmentation,malicious_obfuscated,malicious_plain,0,0.0147,0.9501,0.0353
1296,brute_force,protocol_mimicry+tunnel_encapsulation,malicious_obfuscated,benign,0,0.5408,0.0296,0.4296
1297,brute_force,none,malicious_plain,malicious_plain,1,0.0112,0.9616,0.0272
1298,c2_beacon,none,malicious_plain,malicious_plain,1,0.0128,0.9541,0.0331
1299,c2_beacon,none,malicious_plain,malicious_plain,1,0.0117,0.9561,0.0322
1300,ddos_flood,none,malicious_plain,malicious_plain,1,0.0122,0.9512,0.0366
1301,brute_force,block_padding+dummy_injection+timing_jitter,malicious_obfuscated,malicious_obfuscated,1,0.0150,0.0122,0.9728
1302,dns_query,protocol_mimicry+constant_rate_shaping,benign,benign,1,0.9232,0.0094,0.0674
1303,c2_beacon,none,malicious_plain,malicious_plain,1,0.0094,0.9602,0.0304
1304,reverse_shell,fragmentation+random_padding,malicious_obfuscated,malicious_obfuscated,1,0.0117,0.0098,0.9785
1305,brute_force,tunnel_encapsulation,malicious_obfuscated,malicious_obfuscated,1,0.0326,0.0141,0.9533
1306,file_download,none,benign,benign,1,0.9735,0.0134,0.0131
1307,reverse_shell,none,malicious_plain,malicious_plain,1,0.0119,0.9499,0.0382
1308,reverse_shell,none,malicious_plain,malicious_plain,1,0.0106,0.9715,0.0179
1309,data_exfiltration,random_padding+constant_rate_shaping,malicious_obfuscated,malicious_obfuscated,1,0.0080,0.0100,0.9821
1310,reverse_shell,fragmentation+dummy_injection,malicious_obfuscated,malicious_obfuscated,1,0.0141,0.0095,0.9765
1311,c2_beacon,random_padding+dummy_injection+timing_jitter,malicious_obfuscated,malicious_obfuscated,1,0.0159,0.0139,0.9703
1312,data_exfiltration,fragmentation+constant_rate_shaping,malicious_obfuscated,malicious_obfuscated,1,0.0329,0.0121,0.9550
1313,brute_force,timing_jitter,malicious_obfuscated,malicious_plain,0,0.0101,0.9663,0.0237
1314,port_scan,none,malicious_plain,malicious_plain,1,0.0155,0.9315,0.0530
1315,reverse_shell,none,malicious_plain,malicious_plain,1,0.0111,0.9567,0.0322
1316,file_download,none,benign,benign,1,0.9730,0.0137,0.0133
1317,c2_beacon,none,malicious_plain,malicious_plain,1,0.0128,0.9517,0.0356
1318,brute_force,none,malicious_plain,malicious_plain,1,0.0091,0.9645,0.0264
1319,port_scan,random_padding+tunnel_encapsulation,malicious_obfuscated,malicious_obfuscated,1,0.0132,0.0089,0.9778
1320,c2_beacon,block_padding+timing_jitter,malicious_obfuscated,malicious_obfuscated,1,0.0084,0.0099,0.9816
1321,web_browsing,block_padding+random_padding+tunnel_encapsulation,benign,benign,1,0.9742,0.0112,0.0147
1322,file_download,constant_rate_shaping,benign,benign,1,0.9494,0.0090,0.0416
1323,web_browsing,none,benign,benign,1,0.9767,0.0132,0.0101
1324,ssh_interactive,dummy_injection+timing_jitter+constant_rate_shaping,benign,malicious_obfuscated,0,0.0494,0.0104,0.9401
1325,c2_beacon,random_padding+dummy_injection,malicious_obfuscated,malicious_obfuscated,1,0.0123,0.0127,0.9750
1326,reverse_shell,none,malicious_plain,malicious_plain,1,0.1105,0.8302,0.0593
1327,c2_beacon,none,malicious_plain,malicious_plain,1,0.0097,0.9554,0.0350
1328,ddos_flood,random_padding+constant_rate_shaping,malicious_obfuscated,malicious_obfuscated,1,0.0149,0.0101,0.9750
1329,web_browsing,none,benign,benign,1,0.9773,0.0093,0.0134
1330,c2_beacon,none,malicious_plain,malicious_plain,1,0.0128,0.9508,0.0364
1331,voip,none,benign,benign,1,0.9731,0.0126,0.0143
1332,c2_beacon,random_padding+constant_rate_shaping+tunnel_encapsulation,malicious_obfuscated,malicious_obfuscated,1,0.1362,0.0111,0.8526
1333,ssh_interactive,none,benign,benign,1,0.9736,0.0103,0.0161
1334,web_browsing,none,benign,benign,1,0.9683,0.0157,0.0160
1335,c2_beacon,none,malicious_plain,malicious_plain,1,0.0126,0.9472,0.0402
1336,voip,protocol_mimicry+fragmentation+block_padding,benign,benign,1,0.8992,0.0097,0.0911
1337,reverse_shell,none,malicious_plain,malicious_plain,1,0.0142,0.9633,0.0225
1338,web_browsing,none,benign,benign,1,0.9758,0.0098,0.0144
1339,ssh_interactive,none,benign,benign,1,0.9768,0.0125,0.0107
1340,data_exfiltration,none,malicious_plain,malicious_plain,1,0.0122,0.9761,0.0117
1341,data_exfiltration,none,malicious_plain,malicious_plain,1,0.0138,0.9739,0.0123
1342,reverse_shell,protocol_mimicry+random_padding+tunnel_encapsulation,malicious_obfuscated,malicious_obfuscated,1,0.0315,0.0093,0.9592
1343,c2_beacon,tunnel_encapsulation,malicious_obfuscated,malicious_obfuscated,1,0.0107,0.0152,0.9741
1344,web_browsing,none,benign,benign,1,0.9760,0.0097,0.0143
1345,reverse_shell,none,malicious_plain,malicious_plain,1,0.0103,0.9726,0.0171
1346,brute_force,protocol_mimicry+fragmentation+timing_jitter,malicious_obfuscated,malicious_obfuscated,1,0.0206,0.0109,0.9684
1347,web_browsing,none,benign,benign,1,0.9778,0.0094,0.0129
1348,reverse_shell,protocol_mimicry+tunnel_encapsulation,malicious_obfuscated,malicious_obfuscated,1,0.4786,0.0225,0.4989
1349,ddos_flood,protocol_mimicry+timing_jitter,malicious_obfuscated,malicious_obfuscated,1,0.0079,0.0104,0.9818
1350,video_streaming,none,benign,benign,1,0.9689,0.0165,0.0146
1351,brute_force,none,malicious_plain,malicious_plain,1,0.0118,0.9550,0.0331
1352,reverse_shell,random_padding,malicious_obfuscated,malicious_obfuscated,1,0.1594,0.0189,0.8217
1353,ssh_interactive,none,benign,benign,1,0.9713,0.0140,0.0147
1354,port_scan,none,malicious_plain,malicious_plain,1,0.0113,0.9503,0.0384
1355,web_browsing,none,benign,benign,1,0.9514,0.0300,0.0186
1356,voip,none,benign,benign,1,0.9759,0.0129,0.0113
1357,brute_force,protocol_mimicry,malicious_obfuscated,malicious_obfuscated,1,0.0289,0.0096,0.9614
1358,ddos_flood,none,malicious_plain,malicious_plain,1,0.0102,0.9669,0.0229
1359,reverse_shell,none,malicious_plain,malicious_plain,1,0.0167,0.7812,0.2021
1360,voip,none,benign,benign,1,0.9759,0.0131,0.0110
1361,file_download,protocol_mimicry,benign,benign,1,0.9620,0.0144,0.0236
1362,c2_beacon,none,malicious_plain,malicious_plain,1,0.0125,0.9609,0.0266
1363,dns_query,constant_rate_shaping,benign,benign,1,0.8007,0.0110,0.1883
1364,file_download,none,benign,benign,1,0.9739,0.0142,0.0118
1365,brute_force,protocol_mimicry,malicious_obfuscated,malicious_obfuscated,1,0.0496,0.0109,0.9395
1366,video_streaming,none,benign,benign,1,0.9666,0.0162,0.0172
1367,web_browsing,none,benign,benign,1,0.9729,0.0093,0.0178
1368,ddos_flood,protocol_mimicry+constant_rate_shaping,malicious_obfuscated,malicious_obfuscated,1,0.0516,0.0109,0.9375
1369,ssh_interactive,tunnel_encapsulation,benign,benign,1,0.9780,0.0112,0.0108
1370,file_download,none,benign,benign,1,0.9722,0.0134,0.0144
1371,video_streaming,fragmentation+random_padding+constant_rate_shaping,benign,benign,1,0.9798,0.0129,0.0073
1372,ddos_flood,fragmentation,malicious_obfuscated,malicious_plain,0,0.0104,0.9669,0.0227
1373,data_exfiltration,none,malicious_plain,malicious_plain,1,0.0185,0.9557,0.0258
1374,c2_beacon,protocol_mimicry+block_padding,malicious_obfuscated,benign,0,0.7879,0.0092,0.2029
1375,port_scan,none,malicious_plain,malicious_plain,1,0.0113,0.9345,0.0541
1376,c2_beacon,constant_rate_shaping,malicious_obfuscated,malicious_obfuscated,1,0.0628,0.0102,0.9270
1377,video_streaming,none,benign,benign,1,0.9694,0.0171,0.0135
1378,brute_force,protocol_mimicry+timing_jitter+constant_rate_shaping,malicious_obfuscated,malicious_obfuscated,1,0.1633,0.0124,0.8243
1379,port_scan,none,malicious_plain,malicious_plain,1,0.0115,0.9404,0.0481
1380,port_scan,none,malicious_plain,malicious_plain,1,0.0131,0.9292,0.0577
1381,voip,none,benign,benign,1,0.9732,0.0117,0.0151
1382,video_streaming,none,benign,benign,1,0.9724,0.0168,0.0108
1383,ddos_flood,protocol_mimicry+random_padding+constant_rate_shaping,malicious_obfuscated,malicious_obfuscated,1,0.0292,0.0156,0.9552
1384,ddos_flood,none,malicious_plain,malicious_plain,1,0.0102,0.9687,0.0211
1385,web_browsing,none,benign,benign,1,0.9753,0.0111,0.0137
1386,brute_force,protocol_mimicry+random_padding+timing_jitter,malicious_obfuscated,malicious_obfuscated,1,0.0604,0.0151,0.9244
1387,video_streaming,none,benign,benign,1,0.9694,0.0153,0.0153
1388,voip,none,benign,benign,1,0.9759,0.0135,0.0106
1389,ddos_flood,none,malicious_plain,malicious_plain,1,0.0098,0.9584,0.0318
1390,voip,protocol_mimicry,benign,malicious_obfuscated,0,0.3387,0.0178,0.6435
1391,reverse_shell,none,malicious_plain,malicious_plain,1,0.0384,0.9420,0.0196
1392,reverse_shell,protocol_mimicry+timing_jitter+constant_rate_shaping,malicious_obfuscated,benign,0,0.7657,0.0100,0.2242
1393,brute_force,none,malicious_plain,malicious_plain,1,0.0119,0.9570,0.0311
1394,brute_force,none,malicious_plain,malicious_plain,1,0.0137,0.9537,0.0326
1395,ssh_interactive,none,benign,benign,1,0.9758,0.0126,0.0116
1396,data_exfiltration,none,malicious_plain,malicious_plain,1,0.0121,0.9745,0.0134
1397,file_download,none,benign,benign,1,0.9750,0.0138,0.0112
1398,ddos_flood,none,malicious_plain,malicious_plain,1,0.0112,0.9446,0.0442
1399,brute_force,none,malicious_plain,malicious_plain,1,0.0116,0.9521,0.0363
1400,ssh_interactive,none,benign,benign,1,0.9781,0.0123,0.0095
1401,video_streaming,protocol_mimicry,benign,benign,1,0.9736,0.0118,0.0146
1402,reverse_shell,none,malicious_plain,malicious_plain,1,0.0113,0.9690,0.0197
1403,voip,none,benign,benign,1,0.9740,0.0128,0.0132
1404,web_browsing,none,benign,benign,1,0.8255,0.1472,0.0273
1405,c2_beacon,none,malicious_plain,malicious_plain,1,0.0096,0.9725,0.0178
1406,brute_force,dummy_injection+timing_jitter,malicious_obfuscated,malicious_obfuscated,1,0.0184,0.0118,0.9698
1407,file_download,none,benign,benign,1,0.9682,0.0209,0.0109
1408,ddos_flood,none,malicious_plain,malicious_plain,1,0.0148,0.9436,0.0416
1409,port_scan,tunnel_encapsulation,malicious_obfuscated,malicious_obfuscated,1,0.0093,0.0100,0.9807
1410,ddos_flood,fragmentation+timing_jitter,malicious_obfuscated,malicious_obfuscated,1,0.0062,0.0116,0.9822
1411,voip,none,benign,benign,1,0.9761,0.0124,0.0116
1412,ssh_interactive,protocol_mimicry,benign,benign,1,0.7780,0.0121,0.2099
1413,port_scan,random_padding,malicious_obfuscated,malicious_obfuscated,1,0.0073,0.0099,0.9828
1414,video_streaming,none,benign,benign,1,0.9682,0.0190,0.0128
1415,ssh_interactive,protocol_mimicry+fragmentation+dummy_injection,benign,malicious_obfuscated,0,0.0407,0.0106,0.9487
1416,dns_query,protocol_mimicry+block_padding+tunnel_encapsulation,benign,benign,1,0.5518,0.0308,0.4173
1417,video_streaming,fragmentation+random_padding,benign,benign,1,0.9829,0.0118,0.0053
1418,ddos_flood,none,malicious_plain,malicious_plain,1,0.0105,0.9633,0.0262
1419,brute_force,protocol_mimicry,malicious_obfuscated,malicious_obfuscated,1,0.0625,0.0133,0.9242
1420,brute_force,fragmentation+block_padding+constant_rate_shaping,malicious_obfuscated,malicious_obfuscated,1,0.4590,0.0211,0.5200
1421,c2_beacon,none,malicious_plain,malicious_plain,1,0.0119,0.9585,0.0296
1422,video_streaming,none,benign,benign,1,0.9668,0.0196,0.0136
1423,data_exfiltration,fragmentation+random_padding+timing_jitter,malicious_obfuscated,malicious_obfuscated,1,0.0156,0.0109,0.9735
1424,web_browsing,block_padding+dummy_injection,benign,benign,1,0.9765,0.0128,0.0107
1425,data_exfiltration,none,malicious_plain,malicious_plain,1,0.0106,0.9804,0.0090
1426,data_exfiltration,block_padding+timing_jitter,malicious_obfuscated,malicious_obfuscated,1,0.0126,0.0107,0.9767
1427,ddos_flood,none,malicious_plain,malicious_plain,1,0.0145,0.9485,0.0370
1428,port_scan,none,malicious_plain,malicious_plain,1,0.0108,0.9426,0.0467
1429,web_browsing,none,benign,benign,1,0.9796,0.0081,0.0123
1430,port_scan,none,malicious_plain,malicious_plain,1,0.0161,0.9379,0.0460
1431,c2_beacon,fragmentation,malicious_obfuscated,malicious_obfuscated,1,0.0097,0.0118,0.9785
1432,web_browsing,none,benign,benign,1,0.9802,0.0082,0.0117
1433,c2_beacon,none,malicious_plain,malicious_plain,1,0.0153,0.8645,0.1201
1434,ddos_flood,none,malicious_plain,malicious_plain,1,0.0126,0.9521,0.0353
1435,reverse_shell,none,malicious_plain,malicious_plain,1,0.0112,0.9681,0.0208
1436,port_scan,block_padding+random_padding,malicious_obfuscated,malicious_obfuscated,1,0.0089,0.0100,0.9811
1437,brute_force,none,malicious_plain,malicious_plain,1,0.0133,0.9486,0.0381
1438,video_streaming,random_padding,benign,benign,1,0.9776,0.0125,0.0099
1439,web_browsing,fragmentation+dummy_injection+tunnel_encapsulation,benign,benign,1,0.9734,0.0137,0.0128
1440,data_exfiltration,none,malicious_plain,malicious_plain,1,0.0151,0.9736,0.0113
1441,reverse_shell,none,malicious_plain,malicious_plain,1,0.0618,0.7419,0.1964
1442,reverse_shell,constant_rate_shaping,malicious_obfuscated,malicious_obfuscated,1,0.2551,0.0101,0.7348
1443,data_exfiltration,dummy_injection+tunnel_encapsulation,malicious_obfuscated,malicious_obfuscated,1,0.0103,0.0109,0.9788
1444,brute_force,block_padding+constant_rate_shaping,malicious_obfuscated,malicious_obfuscated,1,0.1249,0.0159,0.8592
1445,file_download,none,benign,benign,1,0.9747,0.0143,0.0110
1446,c2_beacon,none,malicious_plain,malicious_plain,1,0.0108,0.9643,0.0250
1447,c2_beacon,none,malicious_plain,malicious_plain,1,0.0099,0.9673,0.0228
1448,file_download,none,benign,benign,1,0.9667,0.0185,0.0148
1449,brute_force,fragmentation+block_padding+random_padding,malicious_obfuscated,malicious_obfuscated,1,0.0143,0.0134,0.9723
1450,brute_force,none,malicious_plain,malicious_plain,1,0.0130,0.9442,0.0428
1451,file_download,none,benign,benign,1,0.9683,0.0159,0.0158
1452,video_streaming,none,benign,benign,1,0.9697,0.0120,0.0183
1453,video_streaming,random_padding+timing_jitter,benign,benign,1,0.9781,0.0141,0.0078
1454,brute_force,none,malicious_plain,malicious_plain,1,0.0155,0.8393,0.1451
1455,web_browsing,none,benign,benign,1,0.9765,0.0081,0.0154
1456,brute_force,constant_rate_shaping,malicious_obfuscated,malicious_obfuscated,1,0.3810,0.0134,0.6056
1457,ddos_flood,random_padding,malicious_obfuscated,malicious_obfuscated,1,0.0082,0.0105,0.9813
1458,reverse_shell,dummy_injection,malicious_obfuscated,malicious_obfuscated,1,0.0172,0.0218,0.9610
1459,data_exfiltration,protocol_mimicry+constant_rate_shaping,malicious_obfuscated,malicious_obfuscated,1,0.0356,0.0138,0.9506
1460,video_streaming,none,benign,benign,1,0.9705,0.0178,0.0117
1461,data_exfiltration,block_padding+random_padding,malicious_obfuscated,malicious_obfuscated,1,0.0071,0.0101,0.9828
1462,reverse_shell,none,malicious_plain,malicious_plain,1,0.0130,0.9543,0.0327
1463,web_browsing,fragmentation+timing_jitter,benign,benign,1,0.9533,0.0157,0.0310
1464,ssh_interactive,none,benign,benign,1,0.9743,0.0136,0.0121
1465,ddos_flood,none,malicious_plain,malicious_plain,1,0.0140,0.9363,0.0497
1466,c2_beacon,none,malicious_plain,malicious_plain,1,0.0086,0.9696,0.0218
1467,ddos_flood,fragmentation+dummy_injection,malicious_obfuscated,malicious_obfuscated,1,0.0158,0.0131,0.9711
1468,port_scan,fragmentation+block_padding+timing_jitter,malicious_obfuscated,malicious_obfuscated,1,0.0133,0.0093,0.9774
1469,ddos_flood,none,malicious_plain,malicious_plain,1,0.0119,0.9335,0.0545
1470,c2_beacon,block_padding+random_padding,malicious_obfuscated,malicious_obfuscated,1,0.0132,0.0133,0.9735
1471,port_scan,timing_jitter+constant_rate_shaping,malicious_obfuscated,malicious_obfuscated,1,0.2850,0.0125,0.7025
1472,reverse_shell,none,malicious_plain,malicious_plain,1,0.0073,0.9853,0.0074
1473,file_download,dummy_injection+timing_jitter+tunnel_encapsulation,benign,benign,1,0.9740,0.0142,0.0118
1474,data_exfiltration,fragmentation+block_padding,malicious_obfuscated,malicious_obfuscated,1,0.0124,0.0110,0.9766
1475,reverse_shell,fragmentation+random_padding+tunnel_encapsulation,malicious_obfuscated,malicious_obfuscated,1,0.0107,0.0085,0.9808
1476,c2_beacon,random_padding+timing_jitter+tunnel_encapsulation,malicious_obfuscated,malicious_obfuscated,1,0.0114,0.0113,0.9773
1477,port_scan,block_padding+timing_jitter+tunnel_encapsulation,malicious_obfuscated,malicious_obfuscated,1,0.0202,0.0117,0.9680
1478,video_streaming,timing_jitter,benign,benign,1,0.9689,0.0139,0.0172
1479,ssh_interactive,none,benign,benign,1,0.9706,0.0106,0.0188
1480,data_exfiltration,random_padding+timing_jitter+constant_rate_shaping,malicious_obfuscated,malicious_obfuscated,1,0.1002,0.0223,0.8774
1481,video_streaming,none,benign,benign,1,0.9696,0.0195,0.0109
1482,port_scan,none,malicious_plain,malicious_plain,1,0.0113,0.9360,0.0527
1483,ddos_flood,none,malicious_plain,malicious_plain,1,0.0114,0.9636,0.0251
1484,web_browsing,none,benign,benign,1,0.9808,0.0086,0.0106
1485,ddos_flood,fragmentation,malicious_obfuscated,malicious_plain,0,0.0130,0.9511,0.0359
1486,voip,none,benign,benign,1,0.9771,0.0134,0.0094
1487,c2_beacon,fragmentation+block_padding+tunnel_encapsulation,malicious_obfuscated,malicious_obfuscated,1,0.0114,0.0106,0.9780
1488,brute_force,none,malicious_plain,malicious_plain,1,0.0162,0.9292,0.0545
1489,ddos_flood,block_padding+dummy_injection+timing_jitter,malicious_obfuscated,malicious_obfuscated,1,0.0406,0.0135,0.9458
1490,data_exfiltration,none,malicious_plain,malicious_plain,1,0.0110,0.9601,0.0289
1491,port_scan,none,malicious_plain,malicious_plain,1,0.0133,0.9444,0.0423
1492,ddos_flood,random_padding+timing_jitter+tunnel_encapsulation,malicious_obfuscated,malicious_obfuscated,1,0.0083,0.0135,0.9782
1493,c2_beacon,random_padding+tunnel_encapsulation,malicious_obfuscated,malicious_obfuscated,1,0.0087,0.0134,0.9779
1494,voip,none,benign,benign,1,0.9756,0.0123,0.0121
1495,voip,none,benign,benign,1,0.9751,0.0128,0.0121
1496,file_download,protocol_mimicry+fragmentation,benign,benign,1,0.9579,0.0158,0.0263
1497,ddos_flood,timing_jitter+constant_rate_shaping,malicious_obfuscated,malicious_obfuscated,1,0.4259,0.0246,0.5495
1498,reverse_shell,none,malicious_plain,malicious_plain,1,0.0123,0.9764,0.0113
1499,web_browsing,none,benign,benign,1,0.9765,0.0099,0.0136
1500,reverse_shell,protocol_mimicry+dummy_injection+tunnel_encapsulation,malicious_obfuscated,benign,0,0.5172,0.0179,0.4649
1501,file_download,none,benign,benign,1,0.9713,0.0136,0.0151
1502,data_exfiltration,none,malicious_plain,malicious_plain,1,0.0133,0.9766,0.0101
1503,reverse_shell,dummy_injection+timing_jitter+tunnel_encapsulation,malicious_obfuscated,malicious_obfuscated,1,0.0137,0.0097,0.9766
1504,port_scan,none,malicious_plain,malicious_plain,1,0.0138,0.9390,0.0471
1505,data_exfiltration,random_padding,malicious_obfuscated,malicious_obfuscated,1,0.0141,0.0177,0.9682
1506,ddos_flood,dummy_injection,malicious_obfuscated,malicious_obfuscated,1,0.0176,0.0095,0.9729
1507,brute_force,block_padding,malicious_obfuscated,malicious_obfuscated,1,0.0076,0.0109,0.9815
1508,data_exfiltration,fragmentation+constant_rate_shaping,malicious_obfuscated,malicious_obfuscated,1,0.0434,0.0123,0.9443
1509,file_download,none,benign,benign,1,0.9725,0.0146,0.0129
1510,video_streaming,none,benign,benign,1,0.9657,0.0187,0.0156
1511,voip,none,benign,benign,1,0.9764,0.0133,0.0103
1512,ssh_interactive,none,benign,benign,1,0.9776,0.0125,0.0098
1513,brute_force,none,malicious_plain,malicious_plain,1,0.0127,0.9423,0.0450
1514,port_scan,none,malicious_plain,malicious_plain,1,0.0135,0.9304,0.0560
1515,c2_beacon,none,malicious_plain,malicious_plain,1,0.0097,0.9773,0.0131
1516,video_streaming,timing_jitter+constant_rate_shaping,benign,benign,1,0.9586,0.0118,0.0296
1517,ddos_flood,tunnel_encapsulation,malicious_obfuscated,malicious_obfuscated,1,0.0079,0.0092,0.9829
1518,ssh_interactive,protocol_mimicry,benign,malicious_obfuscated,0,0.4712,0.0135,0.5152
1519,brute_force,none,malicious_plain,malicious_plain,1,0.0172,0.9266,0.0562
1520,file_download,none,benign,benign,1,0.9711,0.0148,0.0141
1521,port_scan,dummy_injection,malicious_obfuscated,malicious_obfuscated,1,0.0155,0.0125,0.9721
1522,ddos_flood,block_padding,malicious_obfuscated,malicious_obfuscated,1,0.0102,0.0108,0.9790
1523,web_browsing,none,benign,benign,1,0.9766,0.0080,0.0154
1524,c2_beacon,timing_jitter,malicious_obfuscated,malicious_plain,0,0.0096,0.9692,0.0212
1525,c2_beacon,block_padding+random_padding+tunnel_encapsulation,malicious_obfuscated,malicious_obfuscated,1,0.0085,0.0158,0.9757
1526,voip,none,benign,benign,1,0.9752,0.0127,0.0121
1527,brute_force,fragmentation+constant_rate_shaping,malicious_obfuscated,malicious_obfuscated,1,0.2151,0.0141,0.7708
1528,c2_beacon,fragmentation+block_padding+timing_jitter,malicious_obfuscated,malicious_obfuscated,1,0.0057,0.0077,0.9867
1529,reverse_shell,none,malicious_plain,malicious_plain,1,0.0217,0.9573,0.0210
1530,c2_beacon,block_padding+timing_jitter+constant_rate_shaping,malicious_obfuscated,malicious_obfuscated,1,0.1107,0.0140,0.8753
1531,reverse_shell,none,malicious_plain,malicious_plain,1,0.0119,0.9603,0.0278
1532,video_streaming,none,benign,benign,1,0.9639,0.0205,0.0156
1533,c2_beacon,none,malicious_plain,malicious_plain,1,0.0094,0.9711,0.0194
1534,ddos_flood,protocol_mimicry+timing_jitter+tunnel_encapsulation,malicious_obfuscated,malicious_obfuscated,1,0.0243,0.0135,0.9622
1535,brute_force,constant_rate_shaping,malicious_obfuscated,malicious_obfuscated,1,0.2203,0.0117,0.7679
1536,data_exfiltration,none,malicious_plain,malicious_plain,1,0.0124,0.9737,0.0139
1537,ddos_flood,none,malicious_plain,malicious_plain,1,0.0140,0.9394,0.0467
1538,ssh_interactive,none,benign,benign,1,0.9693,0.0093,0.0214
1539,brute_force,none,malicious_plain,malicious_plain,1,0.0114,0.9663,0.0223
1540,web_browsing,none,benign,benign,1,0.9751,0.0083,0.0166
1541,video_streaming,none,benign,benign,1,0.9669,0.0211,0.0120
1542,video_streaming,protocol_mimicry+random_padding+timing_jitter,benign,benign,1,0.9807,0.0115,0.0078
1543,file_download,none,benign,benign,1,0.9712,0.0127,0.0161
1544,reverse_shell,protocol_mimicry,malicious_obfuscated,malicious_obfuscated,1,0.3415,0.0283,0.6301
1545,file_download,fragmentation+block_padding,benign,benign,1,0.9553,0.0128,0.0319
1546,ssh_interactive,block_padding+timing_jitter+tunnel_encapsulation,benign,benign,1,0.7467,0.0093,0.2440
1547,voip,protocol_mimicry,benign,benign,1,0.9496,0.0159,0.0345
1548,port_scan,protocol_mimicry+timing_jitter+tunnel_encapsulation,malicious_obfuscated,malicious_obfuscated,1,0.0142,0.0096,0.9761
1549,file_download,none,benign,benign,1,0.9682,0.0197,0.0121
1550,reverse_shell,protocol_mimicry+block_padding+dummy_injection,malicious_obfuscated,malicious_obfuscated,1,0.2197,0.0135,0.7668
1551,data_exfiltration,protocol_mimicry+block_padding+tunnel_encapsulation,malicious_obfuscated,malicious_obfuscated,1,0.0101,0.0113,0.9786
1552,c2_beacon,fragmentation+dummy_injection+constant_rate_shaping,malicious_obfuscated,malicious_obfuscated,1,0.1708,0.0167,0.8125
1553,web_browsing,protocol_mimicry+constant_rate_shaping+tunnel_encapsulation,benign,benign,1,0.6515,0.0170,0.3315
1554,file_download,protocol_mimicry+constant_rate_shaping+tunnel_encapsulation,benign,benign,1,0.9806,0.0130,0.0065
1555,voip,none,benign,benign,1,0.9752,0.0148,0.0101
1556,brute_force,none,malicious_plain,malicious_plain,1,0.0128,0.9477,0.0395
1557,c2_beacon,fragmentation,malicious_obfuscated,malicious_obfuscated,1,0.0105,0.0122,0.9773
1558,c2_beacon,none,malicious_plain,malicious_plain,1,0.0096,0.9739,0.0165
1559,brute_force,none,malicious_plain,malicious_plain,1,0.0107,0.9630,0.0263
1560,data_exfiltration,random_padding+dummy_injection+constant_rate_shaping,malicious_obfuscated,malicious_obfuscated,1,0.0219,0.0150,0.9631
1561,brute_force,constant_rate_shaping,malicious_obfuscated,malicious_obfuscated,1,0.0264,0.0105,0.9630
1562,reverse_shell,none,malicious_plain,malicious_plain,1,0.0265,0.9607,0.0127
1563,ddos_flood,none,malicious_plain,malicious_plain,1,0.0112,0.9574,0.0314
1564,brute_force,random_padding+constant_rate_shaping,malicious_obfuscated,malicious_obfuscated,1,0.1586,0.0131,0.8283
1565,brute_force,none,malicious_plain,malicious_plain,1,0.0102,0.9610,0.0288
1566,ddos_flood,random_padding,malicious_obfuscated,malicious_obfuscated,1,0.0073,0.0106,0.9820
1567,video_streaming,none,benign,benign,1,0.9687,0.0194,0.0119
1568,file_download,protocol_mimicry+constant_rate_shaping,benign,benign,1,0.9740,0.0129,0.0131
1569,voip,none,benign,benign,1,0.9761,0.0157,0.0081
1570,brute_force,dummy_injection+timing_jitter,malicious_obfuscated,malicious_obfuscated,1,0.0074,0.0124,0.9802
1571,web_browsing,none,benign,benign,1,0.9782,0.0106,0.0111
1572,brute_force,none,malicious_plain,malicious_plain,1,0.0124,0.9654,0.0222
1573,port_scan,none,malicious_plain,malicious_plain,1,0.0146,0.9276,0.0579
1574,ssh_interactive,none,benign,benign,1,0.9742,0.0101,0.0157
1575,voip,random_padding+tunnel_encapsulation,benign,benign,1,0.9125,0.0095,0.0779
1576,reverse_shell,none,malicious_plain,malicious_plain,1,0.0561,0.9267,0.0171
1577,port_scan,dummy_injection+constant_rate_shaping+tunnel_encapsulation,malicious_obfuscated,malicious_obfuscated,1,0.0715,0.0122,0.9163
1578,data_exfiltration,random_padding+constant_rate_shaping,malicious_obfuscated,malicious_obfuscated,1,0.0102,0.0100,0.9798
1579,data_exfiltration,random_padding+constant_rate_shaping,malicious_obfuscated,malicious_obfuscated,1,0.0195,0.0120,0.9686
1580,ssh_interactive,none,benign,benign,1,0.9776,0.0120,0.0105
1581,brute_force,block_padding+dummy_injection+tunnel_encapsulation,malicious_obfuscated,malicious_obfuscated,1,0.0291,0.0116,0.9592
1582,ddos_flood,none,malicious_plain,malicious_plain,1,0.0141,0.9409,0.0451
1583,ssh_interactive,protocol_mimicry+block_padding+dummy_injection,benign,benign,1,0.5804,0.0272,0.3924
1584,ssh_interactive,none,benign,benign,1,0.9720,0.0140,0.0140
1585,ddos_flood,dummy_injection+constant_rate_shaping,malicious_obfuscated,malicious_obfuscated,1,0.0123,0.0122,0.9755
1586,data_exfiltration,protocol_mimicry+block_padding,malicious_obfuscated,malicious_obfuscated,1,0.0122,0.0158,0.9721
1587,reverse_shell,none,malicious_plain,malicious_plain,1,0.0103,0.9690,0.0207
1588,ddos_flood,none,malicious_plain,malicious_plain,1,0.0151,0.9453,0.0396
1589,reverse_shell,none,malicious_plain,malicious_plain,1,0.0100,0.9646,0.0255
1590,brute_force,block_padding+dummy_injection,malicious_obfuscated,malicious_obfuscated,1,0.0137,0.0124,0.9739
1591,ddos_flood,none,malicious_plain,malicious_plain,1,0.0121,0.9387,0.0492
1592,port_scan,none,malicious_plain,malicious_plain,1,0.0126,0.9255,0.0619
1593,data_exfiltration,protocol_mimicry+dummy_injection+tunnel_encapsulation,malicious_obfuscated,malicious_obfuscated,1,0.0181,0.0129,0.9690
1594,c2_beacon,protocol_mimicry+random_padding+constant_rate_shaping,malicious_obfuscated,malicious_obfuscated,1,0.0561,0.0108,0.9332
1595,ddos_flood,none,malicious_plain,malicious_plain,1,0.0107,0.9489,0.0404
1596,brute_force,timing_jitter+constant_rate_shaping,malicious_obfuscated,malicious_obfuscated,1,0.0354,0.0102,0.9544
1597,port_scan,none,malicious_plain,malicious_plain,1,0.0115,0.9425,0.0461
1598,video_streaming,none,benign,benign,1,0.9656,0.0171,0.0173
1599,file_download,none,benign,benign,1,0.9696,0.0185,0.0119
1600,data_exfiltration,none,malicious_plain,malicious_plain,1,0.0128,0.9776,0.0095
1601,port_scan,block_padding+timing_jitter+constant_rate_shaping,malicious_obfuscated,malicious_obfuscated,1,0.4766,0.0114,0.5120
1602,port_scan,none,malicious_plain,malicious_plain,1,0.0117,0.9429,0.0453
1603,ssh_interactive,none,benign,benign,1,0.9765,0.0121,0.0114
1604,ssh_interactive,protocol_mimicry+constant_rate_shaping,benign,malicious_obfuscated,0,0.2445,0.0110,0.7445
1605,ddos_flood,protocol_mimicry+random_padding+dummy_injection,malicious_obfuscated,malicious_obfuscated,1,0.0133,0.0130,0.9737
1606,brute_force,none,malicious_plain,malicious_plain,1,0.0103,0.9681,0.0216
1607,port_scan,none,malicious_plain,malicious_plain,1,0.0135,0.9336,0.0529
1608,video_streaming,block_padding+constant_rate_shaping,benign,benign,1,0.9285,0.0134,0.0582
1609,video_streaming,none,benign,benign,1,0.9705,0.0157,0.0138
1610,web_browsing,none,benign,benign,1,0.9727,0.0098,0.0175
1611,port_scan,protocol_mimicry+timing_jitter,malicious_obfuscated,malicious_obfuscated,1,0.0089,0.0098,0.9813
1612,data_exfiltration,protocol_mimicry+fragmentation+constant_rate_shaping,malicious_obfuscated,malicious_obfuscated,1,0.0306,0.0103,0.9591
1613,web_browsing,none,benign,benign,1,0.9770,0.0094,0.0136
1614,c2_beacon,timing_jitter,malicious_obfuscated,malicious_plain,0,0.0180,0.9497,0.0323
1615,reverse_shell,none,malicious_plain,malicious_plain,1,0.0090,0.9783,0.0127
1616,video_streaming,protocol_mimicry+tunnel_encapsulation,benign,benign,1,0.9697,0.0143,0.0160
1617,voip,none,benign,benign,1,0.9766,0.0131,0.0103
1618,reverse_shell,protocol_mimicry+block_padding,malicious_obfuscated,malicious_obfuscated,1,0.1089,0.0124,0.8787
1619,ddos_flood,none,malicious_plain,malicious_plain,1,0.0113,0.9529,0.0358
1620,c2_beacon,random_padding+timing_jitter+tunnel_encapsulation,malicious_obfuscated,malicious_obfuscated,1,0.0082,0.0117,0.9801
1621,reverse_shell,timing_jitter+tunnel_encapsulation,malicious_obfuscated,malicious_obfuscated,1,0.0143,0.0223,0.9634
1622,port_scan,protocol_mimicry+block_padding+random_padding,malicious_obfuscated,malicious_obfuscated,1,0.0129,0.0100,0.9771
1623,voip,dummy_injection+timing_jitter+constant_rate_shaping,benign,malicious_obfuscated,0,0.2708,0.0136,0.7156
1624,video_streaming,none,benign,benign,1,0.9647,0.0191,0.0163
1625,ddos_flood,fragmentation+block_padding+dummy_injection,malicious_obfuscated,malicious_obfuscated,1,0.0259,0.0102,0.9639
1626,web_browsing,fragmentation+timing_jitter,benign,malicious_obfuscated,0,0.3171,0.0181,0.6648
1627,video_streaming,none,benign,benign,1,0.9677,0.0183,0.0140
1628,voip,random_padding,benign,benign,1,0.9742,0.0128,0.0131
1629,web_browsing,none,benign,benign,1,0.9757,0.0082,0.0161
1630,voip,protocol_mimicry+random_padding+dummy_injection,benign,benign,1,0.4942,0.0382,0.4676
1631,web_browsing,none,benign,benign,1,0.9774,0.0104,0.0122
1632,brute_force,random_padding+dummy_injection+constant_rate_shaping,malicious_obfuscated,malicious_obfuscated,1,0.2112,0.0182,0.7706
1633,ddos_flood,none,malicious_plain,malicious_plain,1,0.0113,0.9521,0.0366
1634,voip,block_padding+timing_jitter+tunnel_encapsulation,benign,malicious_obfuscated,0,0.2546,0.0132,0.7322
1635,reverse_shell,tunnel_encapsulation,malicious_obfuscated,malicious_obfuscated,1,0.0347,0.3210,0.6443
1636,ssh_interactive,none,benign,benign,1,0.9475,0.0097,0.0428
1637,ddos_flood,random_padding,malicious_obfuscated,malicious_obfuscated,1,0.0139,0.0371,0.9491
1638,reverse_shell,protocol_mimicry+tunnel_encapsulation,malicious_obfuscated,malicious_obfuscated,1,0.0569,0.0181,0.9250
1639,file_download,none,benign,benign,1,0.9716,0.0144,0.0140
1640,port_scan,dummy_injection+timing_jitter,malicious_obfuscated,malicious_obfuscated,1,0.0116,0.0092,0.9792
1641,port_scan,tunnel_encapsulation,malicious_obfuscated,malicious_obfuscated,1,0.0106,0.0100,0.9794
1642,ddos_flood,fragmentation+random_padding+dummy_injection,malicious_obfuscated,malicious_obfuscated,1,0.0124,0.0101,0.9774
1643,data_exfiltration,dummy_injection+timing_jitter,malicious_obfuscated,malicious_obfuscated,1,0.0130,0.0092,0.9778
1644,port_scan,none,malicious_plain,malicious_plain,1,0.0150,0.9235,0.0615
1645,brute_force,fragmentation+constant_rate_shaping,malicious_obfuscated,malicious_obfuscated,1,0.1029,0.0117,0.8854
1646,video_streaming,none,benign,benign,1,0.9705,0.0180,0.0116
1647,ddos_flood,none,malicious_plain,malicious_plain,1,0.0110,0.9573,0.0316
1648,port_scan,timing_jitter+constant_rate_shaping,malicious_obfuscated,malicious_obfuscated,1,0.0214,0.0119,0.9667
1649,brute_force,none,malicious_plain,malicious_plain,1,0.0111,0.9569,0.0319
1650,ddos_flood,none,malicious_plain,malicious_plain,1,0.0106,0.9629,0.0265
1651,reverse_shell,dummy_injection,malicious_obfuscated,malicious_obfuscated,1,0.0150,0.0100,0.9751
1652,file_download,none,benign,benign,1,0.9688,0.0149,0.0163
1653,data_exfiltration,none,malicious_plain,malicious_plain,1,0.0090,0.9727,0.0183
1654,c2_beacon,none,malicious_plain,malicious_plain,1,0.0105,0.9668,0.0227
1655,video_streaming,fragmentation+dummy_injection,benign,benign,1,0.9623,0.0194,0.0183
1656,data_exfiltration,none,malicious_plain,malicious_plain,1,0.0130,0.9771,0.0099
1657,reverse_shell,protocol_mimicry+dummy_injection+tunnel_encapsulation,malicious_obfuscated,malicious_obfuscated,1,0.0209,0.0083,0.9708
1658,c2_beacon,none,malicious_plain,malicious_plain,1,0.0080,0.9762,0.0158
1659,data_exfiltration,none,malicious_plain,malicious_plain,1,0.0132,0.9739,0.0129
1660,voip,none,benign,benign,1,0.9773,0.0124,0.0103
1661,c2_beacon,fragmentation+block_padding+timing_jitter,malicious_obfuscated,malicious_obfuscated,1,0.0077,0.0083,0.9841
1662,video_streaming,none,benign,benign,1,0.9700,0.0175,0.0125
1663,data_exfiltration,timing_jitter,malicious_obfuscated,malicious_obfuscated,1,0.0125,0.0116,0.9760
1664,brute_force,protocol_mimicry+block_padding+constant_rate_shaping,malicious_obfuscated,malicious_obfuscated,1,0.1751,0.0085,0.8164
1665,brute_force,tunnel_encapsulation,malicious_obfuscated,malicious_obfuscated,1,0.0203,0.0120,0.9678
1666,file_download,none,benign,benign,1,0.9737,0.0136,0.0127
1667,video_streaming,protocol_mimicry+block_padding,benign,benign,1,0.9732,0.0152,0.0116
1668,ssh_interactive,none,benign,benign,1,0.9774,0.0129,0.0097
1669,brute_force,none,malicious_plain,malicious_plain,1,0.0134,0.9507,0.0359
1670,brute_force,none,malicious_plain,malicious_plain,1,0.0116,0.9655,0.0229
1671,c2_beacon,none,malicious_plain,malicious_plain,1,0.0095,0.9771,0.0135
1672,c2_beacon,none,malicious_plain,malicious_plain,1,0.0111,0.9507,0.0382
1673,c2_beacon,none,malicious_plain,malicious_plain,1,0.0115,0.9579,0.0307
1674,web_browsing,none,benign,benign,1,0.9807,0.0081,0.0112
1675,ddos_flood,none,malicious_plain,malicious_plain,1,0.0117,0.9622,0.0261
1676,port_scan,none,malicious_plain,malicious_plain,1,0.0130,0.9397,0.0473
1677,data_exfiltration,none,malicious_plain,malicious_plain,1,0.0112,0.9805,0.0084
1678,ddos_flood,none,malicious_plain,malicious_plain,1,0.0121,0.9591,0.0289
1679,port_scan,none,malicious_plain,malicious_plain,1,0.0134,0.9486,0.0381
1680,data_exfiltration,none,malicious_plain,malicious_plain,1,0.0138,0.9735,0.0127
1681,reverse_shell,block_padding+dummy_injection+constant_rate_shaping,malicious_obfuscated,malicious_obfuscated,1,0.1721,0.0105,0.8174
1682,file_download,fragmentation+block_padding,benign,benign,1,0.9722,0.0133,0.0145
1683,file_download,none,benign,benign,1,0.9730,0.0131,0.0138
1684,video_streaming,none,benign,benign,1,0.9672,0.0184,0.0144
1685,data_exfiltration,none,malicious_plain,malicious_plain,1,0.0120,0.9783,0.0097
1686,video_streaming,none,benign,benign,1,0.9707,0.0175,0.0118
1687,c2_beacon,fragmentation+dummy_injection,malicious_obfuscated,malicious_obfuscated,1,0.0069,0.0112,0.9818
1688,brute_force,none,malicious_plain,malicious_plain,1,0.0121,0.9616,0.0263
1689,data_exfiltration,none,malicious_plain,malicious_plain,1,0.0148,0.9725,0.0127
1690,ssh_interactive,fragmentation+random_padding+dummy_injection,benign,benign,1,0.9381,0.0137,0.0482
1691,ssh_interactive,fragmentation+dummy_injection+timing_jitter,benign,benign,1,0.9502,0.0118,0.0380
1692,web_browsing,random_padding+timing_jitter+constant_rate_shaping,benign,benign,1,0.9362,0.0118,0.0520
1693,ddos_flood,protocol_mimicry,malicious_obfuscated,malicious_obfuscated,1,0.0096,0.0107,0.9797
1694,c2_beacon,none,malicious_plain,malicious_plain,1,0.0128,0.9569,0.0303
1695,web_browsing,block_padding,benign,benign,1,0.9434,0.0093,0.0473
1696,ddos_flood,none,malicious_plain,malicious_plain,1,0.0129,0.9548,0.0323
1697,file_download,none,benign,benign,1,0.9700,0.0195,0.0105
1698,data_exfiltration,none,malicious_plain,malicious_plain,1,0.0110,0.9815,0.0075
1699,ddos_flood,block_padding+constant_rate_shaping,malicious_obfuscated,malicious_obfuscated,1,0.0181,0.0100,0.9719
1700,ddos_flood,protocol_mimicry+timing_jitter,malicious_obfuscated,malicious_obfuscated,1,0.0096,0.0105,0.9799
1701,brute_force,none,malicious_plain,malicious_plain,1,0.0128,0.9572,0.0300
1702,port_scan,protocol_mimicry+fragmentation+timing_jitter,malicious_obfuscated,malicious_obfuscated,1,0.0089,0.0113,0.9799
1703,port_scan,constant_rate_shaping+tunnel_encapsulation,malicious_obfuscated,malicious_obfuscated,1,0.0292,0.0101,0.9607
1704,voip,protocol_mimicry,benign,benign,1,0.9662,0.0151,0.0187
1705,port_scan,none,malicious_plain,malicious_plain,1,0.0142,0.9284,0.0574
1706,c2_beacon,none,malicious_plain,malicious_plain,1,0.0140,0.9464,0.0396
1707,c2_beacon,fragmentation+random_padding+timing_jitter,malicious_obfuscated,malicious_obfuscated,1,0.0152,0.0121,0.9727
1708,data_exfiltration,none,malicious_plain,malicious_plain,1,0.0119,0.9773,0.0108
1709,file_download,constant_rate_shaping,benign,benign,1,0.9750,0.0121,0.0128
1710,video_streaming,tunnel_encapsulation,benign,benign,1,0.9784,0.0134,0.0082
1711,voip,none,benign,benign,1,0.9739,0.0123,0.0138
1712,brute_force,timing_jitter+constant_rate_shaping,malicious_obfuscated,malicious_obfuscated,1,0.2639,0.0158,0.7203
1713,file_download,none,benign,benign,1,0.9714,0.0139,0.0147
1714,brute_force,block_padding+constant_rate_shaping,malicious_obfuscated,malicious_obfuscated,1,0.0397,0.0104,0.9500
1715,ddos_flood,none,malicious_plain,malicious_plain,1,0.0140,0.9521,0.0339
1716,data_exfiltration,random_padding+dummy_injection+tunnel_encapsulation,malicious_obfuscated,malicious_obfuscated,1,0.0138,0.0129,0.9733
1717,ddos_flood,none,malicious_plain,malicious_plain,1,0.0119,0.9549,0.0332
1718,file_download,none,benign,benign,1,0.9708,0.0161,0.0131
1719,port_scan,none,malicious_plain,malicious_plain,1,0.0153,0.9335,0.0511
1720,ddos_flood,none,malicious_plain,malicious_plain,1,0.0141,0.9397,0.0462
1721,ssh_interactive,none,benign,benign,1,0.9692,0.0105,0.0203
1722,brute_force,none,malicious_plain,malicious_plain,1,0.0114,0.9623,0.0262
1723,ddos_flood,protocol_mimicry+block_padding+timing_jitter,malicious_obfuscated,malicious_obfuscated,1,0.0112,0.0112,0.9775
1724,reverse_shell,dummy_injection+timing_jitter,malicious_obfuscated,malicious_obfuscated,1,0.0125,0.0100,0.9775
1725,video_streaming,tunnel_encapsulation,benign,benign,1,0.9788,0.0131,0.0081
1726,port_scan,block_padding+random_padding+dummy_injection,malicious_obfuscated,malicious_obfuscated,1,0.0072,0.0106,0.9823
1727,file_download,none,benign,benign,1,0.9700,0.0148,0.0152
1728,brute_force,none,malicious_plain,malicious_plain,1,0.0116,0.9620,0.0263
1729,c2_beacon,protocol_mimicry+timing_jitter+tunnel_encapsulation,malicious_obfuscated,malicious_obfuscated,1,0.0485,0.0150,0.9365
1730,web_browsing,none,benign,benign,1,0.9794,0.0089,0.0117
1731,reverse_shell,block_padding+random_padding,malicious_obfuscated,malicious_obfuscated,1,0.0104,0.0103,0.9793
1732,c2_beacon,none,malicious_plain,malicious_plain,1,0.0111,0.9729,0.0161
1733,web_browsing,none,benign,benign,1,0.9506,0.0128,0.0366
1734,brute_force,fragmentation+constant_rate_shaping,malicious_obfuscated,malicious_obfuscated,1,0.3344,0.0121,0.6535
1735,file_download,protocol_mimicry+random_padding+timing_jitter,benign,benign,1,0.9760,0.0152,0.0088
1736,brute_force,none,malicious_plain,malicious_plain,1,0.0097,0.9648,0.0255
1737,port_scan,dummy_injection+constant_rate_shaping+tunnel_encapsulation,malicious_obfuscated,malicious_obfuscated,1,0.0404,0.0120,0.9475
1738,ssh_interactive,none,benign,benign,1,0.9774,0.0128,0.0098
1739,port_scan,block_padding+random_padding+dummy_injection,malicious_obfuscated,malicious_obfuscated,1,0.0158,0.0096,0.9747
1740,file_download,none,benign,benign,1,0.9710,0.0166,0.0123
1741,reverse_shell,none,malicious_plain,malicious_plain,1,0.0122,0.8861,0.1017
1742,reverse_shell,none,malicious_plain,malicious_plain,1,0.0125,0.9730,0.0145
1743,ddos_flood,fragmentation+random_padding+dummy_injection,malicious_obfuscated,malicious_obfuscated,1,0.0069,0.0097,0.9835
1744,ssh_interactive,fragmentation+dummy_injection+tunnel_encapsulation,benign,benign,1,0.8718,0.0109,0.1173
1745,file_download,protocol_mimicry+dummy_injection+timing_jitter,benign,benign,1,0.9522,0.0142,0.0336
1746,web_browsing,block_padding+random_padding+tunnel_encapsulation,benign,benign,1,0.9284,0.0163,0.0553
1747,reverse_shell,none,malicious_plain,malicious_plain,1,0.0149,0.9758,0.0093
1748,reverse_shell,fragmentation+block_padding+random_padding,malicious_obfuscated,malicious_obfuscated,1,0.0099,0.0092,0.9809
1749,port_scan,dummy_injection+constant_rate_shaping,malicious_obfuscated,malicious_obfuscated,1,0.0201,0.0107,0.9692
1750,c2_beacon,none,malicious_plain,malicious_plain,1,0.0108,0.9595,0.0297
1751,data_exfiltration,none,malicious_plain,malicious_plain,1,0.0147,0.9727,0.0126
1752,brute_force,random_padding,malicious_obfuscated,malicious_obfuscated,1,0.0080,0.0130,0.9789
1753,c2_beacon,protocol_mimicry+dummy_injection,malicious_obfuscated,malicious_obfuscated,1,0.1655,0.0157,0.8187
1754,data_exfiltration,random_padding,malicious_obfuscated,malicious_obfuscated,1,0.0117,0.0094,0.9789
1755,video_streaming,none,benign,benign,1,0.9688,0.0191,0.0121
1756,brute_force,none,malicious_plain,malicious_plain,1,0.0107,0.9515,0.0378
1757,video_streaming,none,benign,benign,1,0.9687,0.0188,0.0125
1758,video_streaming,none,benign,benign,1,0.9683,0.0140,0.0177
1759,ssh_interactive,dummy_injection,benign,malicious_obfuscated,0,0.2394,0.0188,0.7417
1760,web_browsing,none,benign,benign,1,0.9768,0.0097,0.0134
1761,voip,protocol_mimicry+timing_jitter,benign,benign,1,0.7670,0.0133,0.2197
1762,ddos_flood,none,malicious_plain,malicious_plain,1,0.0105,0.9566,0.0328
1763,data_exfiltration,none,malicious_plain,malicious_plain,1,0.0146,0.9735,0.0119
1764,port_scan,none,malicious_plain,malicious_plain,1,0.0120,0.9435,0.0445
1765,data_exfiltration,none,malicious_plain,malicious_plain,1,0.0112,0.9773,0.0116
1766,port_scan,protocol_mimicry+fragmentation,malicious_obfuscated,malicious_obfuscated,1,0.0162,0.0126,0.9712
1767,ddos_flood,random_padding,malicious_obfuscated,malicious_obfuscated,1,0.0066,0.0095,0.9838
1768,voip,timing_jitter+constant_rate_shaping,benign,malicious_obfuscated,0,0.2230,0.0117,0.7652
1769,brute_force,none,malicious_plain,malicious_plain,1,0.0119,0.9595,0.0285
1770,ddos_flood,random_padding+constant_rate_shaping,malicious_obfuscated,malicious_obfuscated,1,0.0143,0.0106,0.9751
1771,ddos_flood,random_padding+dummy_injection,malicious_obfuscated,malicious_obfuscated,1,0.0111,0.0113,0.9776
1772,web_browsing,none,benign,benign,1,0.9782,0.0094,0.0125
1773,data_exfiltration,none,malicious_plain,malicious_plain,1,0.0138,0.9760,0.0102
1774,data_exfiltration,block_padding+dummy_injection,malicious_obfuscated,malicious_obfuscated,1,0.0166,0.0108,0.9726
1775,c2_beacon,none,malicious_plain,malicious_plain,1,0.0118,0.9478,0.0403
1776,c2_beacon,timing_jitter,malicious_obfuscated,malicious_plain,0,0.0173,0.8882,0.0945
1777,port_scan,random_padding+constant_rate_shaping,malicious_obfuscated,malicious_obfuscated,1,0.0141,0.0109,0.9750
1778,brute_force,none,malicious_plain,malicious_plain,1,0.0120,0.9588,0.0291
1779,ddos_flood,none,malicious_plain,malicious_plain,1,0.0114,0.9575,0.0312
1780,voip,protocol_mimicry,benign,benign,1,0.9681,0.0140,0.0179
1781,video_streaming,none,benign,benign,1,0.9714,0.0169,0.0117
1782,file_download,none,benign,benign,1,0.9738,0.0136,0.0126
1783,ddos_flood,none,malicious_plain,malicious_plain,1,0.0139,0.9361,0.0500
1784,ddos_flood,block_padding,malicious_obfuscated,malicious_obfuscated,1,0.0087,0.0156,0.9758
1785,voip,none,benign,benign,1,0.9714,0.0105,0.0181
1786,web_browsing,none,benign,benign,1,0.9781,0.0100,0.0119
1787,c2_beacon,none,malicious_plain,malicious_plain,1,0.0114,0.9672,0.0213
1788,web_browsing,none,benign,benign,1,0.9627,0.0106,0.0267
1789,web_browsing,protocol_mimicry,benign,benign,1,0.8663,0.0157,0.1180
1790,reverse_shell,dummy_injection,malicious_obfuscated,benign,0,0.8133,0.0134,0.1733
1791,ssh_interactive,none,benign,benign,1,0.9760,0.0128,0.0112
1792,c2_beacon,fragmentation+tunnel_encapsulation,malicious_obfuscated,malicious_obfuscated,1,0.0098,0.0097,0.9806
1793,port_scan,none,malicious_plain,malicious_plain,1,0.0140,0.9304,0.0556
1794,reverse_shell,tunnel_encapsulation,malicious_obfuscated,malicious_obfuscated,1,0.0140,0.0102,0.9758
1795,ssh_interactive,none,benign,benign,1,0.9790,0.0124,0.0087
1796,file_download,protocol_mimicry+block_padding,benign,benign,1,0.9832,0.0097,0.0071
1797,ssh_interactive,none,benign,benign,1,0.9718,0.0138,0.0145
1798,reverse_shell,none,malicious_plain,malicious_plain,1,0.0155,0.9694,0.0150
1799,reverse_shell,tunnel_encapsulation,malicious_obfuscated,malicious_obfuscated,1,0.1954,0.0190,0.7856
1800,c2_beacon,none,malicious_plain,malicious_plain,1,0.0124,0.9460,0.0416
1801,c2_beacon,none,malicious_plain,malicious_plain,1,0.0090,0.9763,0.0147
1802,data_exfiltration,none,malicious_plain,malicious_plain,1,0.0149,0.9726,0.0124
1803,c2_beacon,none,malicious_plain,malicious_plain,1,0.0097,0.9663,0.0240
1804,voip,block_padding,benign,benign,1,0.8537,0.0106,0.1357
1805,brute_force,none,malicious_plain,malicious_plain,1,0.0104,0.9587,0.0309
1806,voip,none,benign,benign,1,0.9768,0.0119,0.0113
1807,c2_beacon,none,malicious_plain,malicious_plain,1,0.0132,0.9581,0.0286
1808,web_browsing,protocol_mimicry+fragmentation+dummy_injection,benign,benign,1,0.9701,0.0138,0.0161
1809,brute_force,dummy_injection,malicious_obfuscated,malicious_obfuscated,1,0.0094,0.0111,0.9794
1810,video_streaming,protocol_mimicry+tunnel_encapsulation,benign,benign,1,0.9815,0.0124,0.0061
1811,c2_beacon,none,malicious_plain,malicious_plain,1,0.0095,0.9579,0.0326
1812,voip,none,benign,benign,1,0.9759,0.0145,0.0096
1813,reverse_shell,block_padding,malicious_obfuscated,malicious_obfuscated,1,0.0117,0.0100,0.9783
1814,reverse_shell,tunnel_encapsulation,malicious_obfuscated,malicious_obfuscated,1,0.0495,0.0220,0.9285
1815,port_scan,dummy_injection,malicious_obfuscated,malicious_obfuscated,1,0.0273,0.2167,0.7560
1816,video_streaming,none,benign,benign,1,0.9689,0.0177,0.0134
1817,voip,none,benign,benign,1,0.9769,0.0143,0.0087
1818,ddos_flood,dummy_injection+timing_jitter+constant_rate_shaping,malicious_obfuscated,malicious_obfuscated,1,0.0991,0.0118,0.8891
1819,port_scan,none,malicious_plain,malicious_plain,1,0.0117,0.9432,0.0452
1820,file_download,none,benign,benign,1,0.9753,0.0129,0.0118
1821,brute_force,none,malicious_plain,malicious_plain,1,0.0120,0.9587,0.0294
1822,brute_force,block_padding+constant_rate_shaping,malicious_obfuscated,malicious_obfuscated,1,0.0367,0.0104,0.9529
1823,port_scan,block_padding+dummy_injection,malicious_obfuscated,malicious_obfuscated,1,0.0062,0.0098,0.9840
1824,data_exfiltration,none,malicious_plain,malicious_plain,1,0.0126,0.9771,0.0103
1825,file_download,none,benign,benign,1,0.9696,0.0147,0.0157
1826,ddos_flood,dummy_injection,malicious_obfuscated,malicious_obfuscated,1,0.0214,0.0206,0.9581
1827,reverse_shell,random_padding+timing_jitter+constant_rate_shaping,malicious_obfuscated,malicious_obfuscated,1,0.3979,0.0122,0.5899
1828,ddos_flood,block_padding+tunnel_encapsulation,malicious_obfuscated,malicious_obfuscated,1,0.0166,0.0090,0.9744
1829,data_exfiltration,block_padding+dummy_injection+constant_rate_shaping,malicious_obfuscated,malicious_obfuscated,1,0.0283,0.0170,0.9547
1830,port_scan,timing_jitter+tunnel_encapsulation,malicious_obfuscated,malicious_obfuscated,1,0.0084,0.0109,0.9807
1831,c2_beacon,protocol_mimicry,malicious_obfuscated,malicious_obfuscated,1,0.0366,0.0093,0.9542
1832,brute_force,fragmentation+timing_jitter+constant_rate_shaping,malicious_obfuscated,malicious_obfuscated,1,0.2748,0.0126,0.7127
1833,file_download,block_padding+random_padding,benign,benign,1,0.9739,0.0099,0.0162
1834,data_exfiltration,none,malicious_plain,malicious_plain,1,0.0126,0.9785,0.0090
1835,ddos_flood,none,malicious_plain,malicious_plain,1,0.0110,0.9536,0.0354
1836,port_scan,none,malicious_plain,malicious_plain,1,0.0128,0.9328,0.0544
1837,c2_beacon,none,malicious_plain,malicious_plain,1,0.0114,0.9624,0.0262
1838,brute_force,none,malicious_plain,malicious_plain,1,0.0129,0.9526,0.0345
1839,c2_beacon,none,malicious_plain,malicious_plain,1,0.0140,0.9646,0.0214
1840,video_streaming,none,benign,benign,1,0.9702,0.0109,0.0189
1841,web_browsing,none,benign,benign,1,0.9813,0.0092,0.0095
1842,data_exfiltration,none,malicious_plain,malicious_plain,1,0.0134,0.9762,0.0103
1843,video_streaming,none,benign,benign,1,0.9686,0.0176,0.0138
1844,c2_beacon,none,malicious_plain,malicious_plain,1,0.0126,0.9620,0.0255
1845,ddos_flood,dummy_injection,malicious_obfuscated,malicious_obfuscated,1,0.0190,0.0092,0.9718
1846,file_download,fragmentation+random_padding,benign,benign,1,0.9816,0.0120,0.0065
1847,ddos_flood,protocol_mimicry+random_padding,malicious_obfuscated,malicious_obfuscated,1,0.0101,0.0107,0.9792
1848,c2_beacon,fragmentation+block_padding+tunnel_encapsulation,malicious_obfuscated,malicious_obfuscated,1,0.0156,0.0110,0.9734
1849,ssh_interactive,none,benign,benign,1,0.9801,0.0118,0.0081
1850,c2_beacon,none,malicious_plain,malicious_plain,1,0.0098,0.9718,0.0184
1851,reverse_shell,none,malicious_plain,malicious_plain,1,0.0087,0.9691,0.0222
1852,data_exfiltration,none,malicious_plain,malicious_plain,1,0.0137,0.9667,0.0197
1853,port_scan,timing_jitter+constant_rate_shaping+tunnel_encapsulation,malicious_obfuscated,malicious_obfuscated,1,0.2408,0.0119,0.7473
1854,reverse_shell,dummy_injection,malicious_obfuscated,malicious_obfuscated,1,0.0367,0.0149,0.9485
1855,data_exfiltration,constant_rate_shaping,malicious_obfuscated,malicious_obfuscated,1,0.0186,0.0130,0.9684
1856,data_exfiltration,none,malicious_plain,malicious_plain,1,0.0131,0.9779,0.0090
1857,web_browsing,none,benign,benign,1,0.9718,0.0171,0.0111
1858,voip,none,benign,benign,1,0.9751,0.0146,0.0103
1859,video_streaming,none,benign,benign,1,0.9629,0.0231,0.0140
1860,reverse_shell,dummy_injection+tunnel_encapsulation,malicious_obfuscated,malicious_obfuscated,1,0.0122,0.0235,0.9643
1861,data_exfiltration,none,malicious_plain,malicious_plain,1,0.0130,0.9784,0.0086
1862,data_exfiltration,none,malicious_plain,malicious_plain,1,0.0109,0.9814,0.0077
1863,reverse_shell,protocol_mimicry+timing_jitter+tunnel_encapsulation,malicious_obfuscated,malicious_obfuscated,1,0.0588,0.0140,0.9272
1864,reverse_shell,none,malicious_plain,malicious_plain,1,0.0108,0.9737,0.0155
1865,data_exfiltration,none,malicious_plain,malicious_plain,1,0.0099,0.9747,0.0154
1866,c2_beacon,protocol_mimicry+fragmentation+random_padding,malicious_obfuscated,malicious_obfuscated,1,0.2409,0.0183,0.7408
1867,port_scan,none,malicious_plain,malicious_plain,1,0.0129,0.9317,0.0553
1868,file_download,none,benign,benign,1,0.9721,0.0148,0.0131
1869,web_browsing,none,benign,benign,1,0.9724,0.0100,0.0176
1870,voip,none,benign,benign,1,0.9763,0.0126,0.0111
1871,reverse_shell,none,malicious_plain,malicious_plain,1,0.0145,0.9628,0.0228
1872,video_streaming,none,benign,benign,1,0.9661,0.0127,0.0211
1873,ddos_flood,none,malicious_plain,malicious_plain,1,0.0114,0.9537,0.0349
1874,video_streaming,fragmentation,benign,benign,1,0.9698,0.0128,0.0174
1875,file_download,none,benign,benign,1,0.9702,0.0161,0.0137
1876,voip,none,benign,benign,1,0.9745,0.0159,0.0096
1877,voip,block_padding+tunnel_encapsulation,benign,benign,1,0.7294,0.0109,0.2597
1878,web_browsing,none,benign,benign,1,0.9759,0.0107,0.0134
1879,port_scan,random_padding,malicious_obfuscated,malicious_obfuscated,1,0.0106,0.0105,0.9789
1880,brute_force,none,malicious_plain,malicious_plain,1,0.0111,0.9498,0.0391
1881,ddos_flood,protocol_mimicry+block_padding+dummy_injection,malicious_obfuscated,malicious_obfuscated,1,0.0378,0.0121,0.9501
1882,brute_force,timing_jitter,malicious_obfuscated,malicious_plain,0,0.0126,0.9090,0.0784
1883,video_streaming,none,benign,benign,1,0.9696,0.0174,0.0130
1884,c2_beacon,none,malicious_plain,malicious_plain,1,0.0107,0.9545,0.0347
1885,port_scan,protocol_mimicry+tunnel_encapsulation,malicious_obfuscated,malicious_obfuscated,1,0.0163,0.0103,0.9734
1886,c2_beacon,none,malicious_plain,malicious_plain,1,0.0105,0.9599,0.0296
1887,reverse_shell,tunnel_encapsulation,malicious_obfuscated,malicious_obfuscated,1,0.0833,0.1127,0.8040
1888,video_streaming,none,benign,benign,1,0.9743,0.0137,0.0120
1889,ssh_interactive,random_padding+constant_rate_shaping,benign,benign,1,0.5186,0.0151,0.4662
1890,ddos_flood,random_padding,malicious_obfuscated,malicious_obfuscated,1,0.0074,0.0100,0.9826
1891,port_scan,dummy_injection,malicious_obfuscated,malicious_obfuscated,1,0.0141,0.0142,0.9717
1892,ddos_flood,block_padding+dummy_injection,malicious_obfuscated,malicious_obfuscated,1,0.0084,0.0104,0.9812
1893,ssh_interactive,none,benign,benign,1,0.9761,0.0129,0.0110
1894,c2_beacon,none,malicious_plain,malicious_plain,1,0.0133,0.9673,0.0193
1895,data_exfiltration,none,malicious_plain,malicious_plain,1,0.0141,0.9749,0.0110
1896,brute_force,protocol_mimicry+timing_jitter,malicious_obfuscated,malicious_obfuscated,1,0.0329,0.0104,0.9567
1897,port_scan,protocol_mimicry,malicious_obfuscated,malicious_obfuscated,1,0.1850,0.1194,0.6956
1898,reverse_shell,protocol_mimicry+random_padding+tunnel_encapsulation,malicious_obfuscated,malicious_obfuscated,1,0.3543,0.0191,0.6266
1899,file_download,none,benign,benign,1,0.9717,0.0123,0.0160
1900,port_scan,none,malicious_plain,malicious_plain,1,0.0141,0.9371,0.0489
1901,data_exfiltration,none,malicious_plain,malicious_plain,1,0.0114,0.9790,0.0096
1902,c2_beacon,protocol_mimicry,malicious_obfuscated,malicious_obfuscated,1,0.1075,0.0131,0.8794
1903,data_exfiltration,block_padding+random_padding+dummy_injection,malicious_obfuscated,malicious_obfuscated,1,0.0112,0.0091,0.9797
1904,video_streaming,protocol_mimicry+block_padding+random_padding,benign,benign,1,0.9828,0.0117,0.0055
1905,brute_force,none,malicious_plain,malicious_plain,1,0.0123,0.9472,0.0404
1906,web_browsing,none,benign,benign,1,0.9755,0.0141,0.0104
1907,port_scan,none,malicious_plain,malicious_plain,1,0.0141,0.9492,0.0366
1908,data_exfiltration,protocol_mimicry,malicious_obfuscated,malicious_obfuscated,1,0.0112,0.0107,0.9782
1909,data_exfiltration,none,malicious_plain,malicious_plain,1,0.0140,0.9760,0.0100
1910,data_exfiltration,none,malicious_plain,malicious_plain,1,0.0126,0.9778,0.0095
1911,ddos_flood,tunnel_encapsulation,malicious_obfuscated,malicious_obfuscated,1,0.0081,0.0097,0.9822
1912,port_scan,none,malicious_plain,malicious_plain,1,0.0127,0.9550,0.0323
1913,data_exfiltration,protocol_mimicry+fragmentation,malicious_obfuscated,malicious_obfuscated,1,0.0096,0.0070,0.9834
1914,brute_force,constant_rate_shaping,malicious_obfuscated,malicious_obfuscated,1,0.0710,0.0125,0.9165
1915,ddos_flood,protocol_mimicry+fragmentation,malicious_obfuscated,malicious_obfuscated,1,0.0085,0.0128,0.9787
1916,video_streaming,none,benign,benign,1,0.9668,0.0190,0.0142
1917,data_exfiltration,none,malicious_plain,malicious_plain,1,0.0147,0.9582,0.0271
1918,ddos_flood,fragmentation+block_padding+dummy_injection,malicious_obfuscated,malicious_obfuscated,1,0.0124,0.0104,0.9773
1919,brute_force,none,malicious_plain,malicious_plain,1,0.0106,0.9497,0.0397
1920,data_exfiltration,none,malicious_plain,malicious_plain,1,0.0110,0.9792,0.0098
1921,ssh_interactive,timing_jitter,benign,benign,1,0.9654,0.0099,0.0247
1922,voip,none,benign,benign,1,0.9771,0.0143,0.0086
1923,file_download,none,benign,benign,1,0.9705,0.0171,0.0125
1924,reverse_shell,protocol_mimicry+timing_jitter+tunnel_encapsulation,malicious_obfuscated,benign,0,0.9337,0.0149,0.0514
1925,c2_beacon,constant_rate_shaping,malicious_obfuscated,malicious_obfuscated,1,0.0650,0.0109,0.9241
1926,reverse_shell,none,malicious_plain,malicious_plain,1,0.0110,0.9739,0.0152
1927,brute_force,none,malicious_plain,malicious_plain,1,0.0133,0.9537,0.0330
1928,brute_force,none,malicious_plain,malicious_plain,1,0.0109,0.9651,0.0241
1929,reverse_shell,none,malicious_plain,malicious_plain,1,0.0218,0.9519,0.0263
1930,port_scan,dummy_injection+tunnel_encapsulation,malicious_obfuscated,malicious_obfuscated,1,0.0135,0.0137,0.9728
1931,brute_force,fragmentation+constant_rate_shaping,malicious_obfuscated,malicious_obfuscated,1,0.0249,0.0115,0.9636
1932,file_download,fragmentation+block_padding,benign,benign,1,0.9746,0.0141,0.0114
1933,brute_force,none,malicious_plain,malicious_plain,1,0.0119,0.9527,0.0354
1934,c2_beacon,protocol_mimicry,malicious_obfuscated,malicious_obfuscated,1,0.0282,0.0103,0.9614
1935,web_browsing,none,benign,benign,1,0.9769,0.0121,0.0110
1936,brute_force,none,malicious_plain,malicious_plain,1,0.0103,0.9635,0.0262
1937,ddos_flood,none,malicious_plain,malicious_plain,1,0.0143,0.9459,0.0398
1938,reverse_shell,none,malicious_plain,malicious_plain,1,0.1533,0.8276,0.0191
1939,ddos_flood,none,malicious_plain,malicious_plain,1,0.0170,0.9038,0.0792
1940,file_download,none,benign,benign,1,0.9680,0.0136,0.0184
1941,port_scan,protocol_mimicry+block_padding,malicious_obfuscated,malicious_obfuscated,1,0.0199,0.0126,0.9675
1942,video_streaming,random_padding,benign,benign,1,0.9756,0.0108,0.0136
1943,brute_force,none,malicious_plain,malicious_plain,1,0.0108,0.9568,0.0324
1944,video_streaming,none,benign,benign,1,0.9722,0.0169,0.0109
1945,ssh_interactive,block_padding+tunnel_encapsulation,benign,benign,1,0.9450,0.0080,0.0470
1946,reverse_shell,none,malicious_plain,malicious_plain,1,0.0123,0.9736,0.0141
1947,data_exfiltration,none,malicious_plain,malicious_plain,1,0.0105,0.9807,0.0088
1948,data_exfiltration,none,malicious_plain,malicious_plain,1,0.0137,0.9749,0.0114
1949,ddos_flood,constant_rate_shaping,malicious_obfuscated,malicious_obfuscated,1,0.0153,0.0111,0.9736
1950,ddos_flood,none,malicious_plain,malicious_plain,1,0.0131,0.9538,0.0331
1951,reverse_shell,none,malicious_plain,malicious_plain,1,0.0148,0.9677,0.0175
1952,reverse_shell,none,malicious_plain,malicious_plain,1,0.0098,0.9743,0.0159
1953,file_download,none,benign,benign,1,0.9727,0.0136,0.0137
1954,video_streaming,none,benign,benign,1,0.9685,0.0178,0.0137
1955,video_streaming,none,benign,benign,1,0.9699,0.0185,0.0116
1956,c2_beacon,random_padding+constant_rate_shaping+tunnel_encapsulation,malicious_obfuscated,malicious_obfuscated,1,0.1482,0.0111,0.8407
1957,brute_force,protocol_mimicry+tunnel_encapsulation,malicious_obfuscated,malicious_obfuscated,1,0.0294,0.0135,0.9572
1958,brute_force,fragmentation+timing_jitter+tunnel_encapsulation,malicious_obfuscated,malicious_obfuscated,1,0.0143,0.0122,0.9735
1959,ssh_interactive,timing_jitter,benign,benign,1,0.9722,0.0106,0.0172
1960,voip,tunnel_encapsulation,benign,benign,1,0.9463,0.0097,0.0440
1961,brute_force,none,malicious_plain,malicious_plain,1,0.0108,0.9601,0.0291
1962,brute_force,protocol_mimicry+dummy_injection+timing_jitter,malicious_obfuscated,benign,0,0.6466,0.0181,0.3353
1963,voip,fragmentation+timing_jitter+constant_rate_shaping,benign,benign,1,0.7176,0.0136,0.2688
1964,data_exfiltration,random_padding+constant_rate_shaping+tunnel_encapsulation,malicious_obfuscated,malicious_obfuscated,1,0.0375,0.0136,0.9489
1965,c2_beacon,protocol_mimicry+random_padding,malicious_obfuscated,malicious_obfuscated,1,0.2437,0.0142,0.7422
1966,file_download,none,benign,benign,1,0.9721,0.0133,0.0146
1967,video_streaming,random_padding+constant_rate_shaping,benign,benign,1,0.9798,0.0117,0.0085
1968,port_scan,none,malicious_plain,malicious_plain,1,0.0125,0.9474,0.0402
1969,c2_beacon,protocol_mimicry,malicious_obfuscated,malicious_obfuscated,1,0.0161,0.0076,0.9763
1970,reverse_shell,block_padding+dummy_injection,malicious_obfuscated,malicious_obfuscated,1,0.0273,0.0119,0.9608
1971,data_exfiltration,none,malicious_plain,malicious_plain,1,0.0122,0.9784,0.0094
1972,c2_beacon,dummy_injection+constant_rate_shaping+tunnel_encapsulation,malicious_obfuscated,malicious_obfuscated,1,0.0997,0.0092,0.8911
1973,brute_force,none,malicious_plain,malicious_plain,1,0.0120,0.9465,0.0415
1974,brute_force,none,malicious_plain,malicious_plain,1,0.0110,0.9553,0.0337
1975,data_exfiltration,protocol_mimicry+block_padding,malicious_obfuscated,malicious_obfuscated,1,0.0288,0.0158,0.9554
1976,file_download,none,benign,benign,1,0.9733,0.0130,0.0137
1977,file_download,none,benign,benign,1,0.9705,0.0157,0.0138
1978,ddos_flood,none,malicious_plain,malicious_plain,1,0.0109,0.9631,0.0260
1979,web_browsing,none,benign,benign,1,0.9766,0.0088,0.0146
1980,reverse_shell,protocol_mimicry+fragmentation+dummy_injection,malicious_obfuscated,malicious_obfuscated,1,0.3083,0.0168,0.6749
1981,voip,protocol_mimicry+random_padding,benign,benign,1,0.9233,0.0127,0.0640
1982,data_exfiltration,fragmentation+block_padding+dummy_injection,malicious_obfuscated,malicious_obfuscated,1,0.0068,0.0131,0.9802
1983,voip,none,benign,benign,1,0.9771,0.0121,0.0108
1984,c2_beacon,constant_rate_shaping,malicious_obfuscated,malicious_obfuscated,1,0.0950,0.0136,0.8914
1985,c2_beacon,none,malicious_plain,malicious_plain,1,0.0117,0.9669,0.0214
1986,reverse_shell,dummy_injection,malicious_obfuscated,malicious_obfuscated,1,0.0171,0.0339,0.9490
1987,brute_force,none,malicious_plain,malicious_plain,1,0.0105,0.9557,0.0338
1988,voip,protocol_mimicry+dummy_injection+timing_jitter,benign,malicious_obfuscated,0,0.4573,0.0185,0.5242
1989,ddos_flood,random_padding,malicious_obfuscated,malicious_obfuscated,1,0.0077,0.0100,0.9823
1990,brute_force,block_padding+tunnel_encapsulation,malicious_obfuscated,malicious_obfuscated,1,0.0136,0.0112,0.9752
1991,file_download,dummy_injection+constant_rate_shaping+tunnel_encapsulation,benign,benign,1,0.9805,0.0129,0.0066
1992,data_exfiltration,timing_jitter,malicious_obfuscated,malicious_obfuscated,1,0.0094,0.0124,0.9782
1993,data_exfiltration,none,malicious_plain,malicious_plain,1,0.0141,0.9742,0.0117
1994,ddos_flood,fragmentation,malicious_obfuscated,malicious_plain,0,0.0092,0.9671,0.0237
1995,port_scan,none,malicious_plain,malicious_plain,1,0.0162,0.9045,0.0793
1996,port_scan,timing_jitter,malicious_obfuscated,malicious_obfuscated,1,0.0093,0.0103,0.9804
1997,voip,constant_rate_shaping,benign,benign,1,0.6328,0.0126,0.3547
1998,brute_force,none,malicious_plain,malicious_plain,1,0.0119,0.9579,0.0302
1999,port_scan,none,malicious_plain,malicious_plain,1,0.0134,0.9472,0.0394
2000,reverse_shell,fragmentation,malicious_obfuscated,malicious_obfuscated,1,0.0147,0.0083,0.9769
2001,ddos_flood,none,malicious_plain,malicious_plain,1,0.0116,0.9571,0.0313
2002,c2_beacon,none,malicious_plain,malicious_plain,1,0.0109,0.9654,0.0236
2003,ddos_flood,fragmentation+constant_rate_shaping+tunnel_encapsulation,malicious_obfuscated,malicious_obfuscated,1,0.0260,0.0120,0.9620
2004,port_scan,none,malicious_plain,malicious_plain,1,0.0121,0.9421,0.0459
2005,video_streaming,none,benign,benign,1,0.9674,0.0191,0.0135
2006,ddos_flood,block_padding+constant_rate_shaping,malicious_obfuscated,malicious_obfuscated,1,0.0186,0.0105,0.9709
2007,video_streaming,none,benign,benign,1,0.9715,0.0178,0.0108
2008,data_exfiltration,protocol_mimicry+fragmentation+timing_jitter,malicious_obfuscated,malicious_obfuscated,1,0.0093,0.0104,0.9802
2009,ssh_interactive,random_padding,benign,benign,1,0.9755,0.0098,0.0148
2010,ddos_flood,timing_jitter,malicious_obfuscated,malicious_obfuscated,1,0.0092,0.0163,0.9746
2011,web_browsing,fragmentation+block_padding+tunnel_encapsulation,benign,benign,1,0.6860,0.0152,0.2987
2012,port_scan,none,malicious_plain,malicious_plain,1,0.0120,0.9451,0.0428
2013,data_exfiltration,none,malicious_plain,malicious_plain,1,0.0119,0.9798,0.0083
2014,brute_force,fragmentation+block_padding+tunnel_encapsulation,malicious_obfuscated,malicious_obfuscated,1,0.0124,0.0116,0.9760
2015,port_scan,none,malicious_plain,malicious_plain,1,0.0130,0.9406,0.0464
2016,data_exfiltration,none,malicious_plain,malicious_plain,1,0.0160,0.9529,0.0310
2017,data_exfiltration,random_padding+dummy_injection+constant_rate_shaping,malicious_obfuscated,malicious_obfuscated,1,0.0249,0.0157,0.9595
2018,data_exfiltration,none,malicious_plain,malicious_plain,1,0.0120,0.9803,0.0077
2019,file_download,none,benign,benign,1,0.9717,0.0164,0.0119
2020,reverse_shell,none,malicious_plain,malicious_plain,1,0.0080,0.9827,0.0092
2021,port_scan,random_padding,malicious_obfuscated,malicious_obfuscated,1,0.0093,0.0096,0.9812
2022,ssh_interactive,block_padding+timing_jitter,benign,benign,1,0.9320,0.0098,0.0583
2023,reverse_shell,protocol_mimicry,malicious_obfuscated,malicious_obfuscated,1,0.0582,0.0098,0.9321
2024,data_exfiltration,none,malicious_plain,malicious_plain,1,0.0126,0.9778,0.0096
2025,data_exfiltration,random_padding+timing_jitter+constant_rate_shaping,malicious_obfuscated,malicious_obfuscated,1,0.0452,0.0149,0.9399
2026,ddos_flood,none,malicious_plain,malicious_plain,1,0.0107,0.9624,0.0269
2027,c2_beacon,fragmentation+dummy_injection,malicious_obfuscated,malicious_obfuscated,1,0.0116,0.0108,0.9776
2028,video_streaming,random_padding,benign,benign,1,0.9783,0.0134,0.0084
2029,reverse_shell,none,malicious_plain,malicious_plain,1,0.0099,0.9718,0.0183
2030,file_download,none,benign,benign,1,0.9699,0.0188,0.0113
2031,reverse_shell,none,malicious_plain,malicious_plain,1,0.0164,0.9261,0.0575
2032,video_streaming,none,benign,benign,1,0.9662,0.0213,0.0125
2033,video_streaming,none,benign,benign,1,0.9707,0.0171,0.0122
2034,file_download,timing_jitter,benign,benign,1,0.9736,0.0129,0.0134
2035,port_scan,none,malicious_plain,malicious_plain,1,0.0124,0.9498,0.0378
2036,voip,none,benign,benign,1,0.9761,0.0136,0.0103
2037,data_exfiltration,constant_rate_shaping,malicious_obfuscated,malicious_obfuscated,1,0.0196,0.0132,0.9672
2038,reverse_shell,tunnel_encapsulation,malicious_obfuscated,malicious_obfuscated,1,0.0177,0.0093,0.9730
2039,data_exfiltration,protocol_mimicry+fragmentation+dummy_injection,malicious_obfuscated,malicious_obfuscated,1,0.0165,0.0115,0.9720
2040,port_scan,none,malicious_plain,malicious_plain,1,0.0129,0.9425,0.0446
2041,voip,none,benign,benign,1,0.9764,0.0123,0.0112
2042,ssh_interactive,none,benign,benign,1,0.9748,0.0114,0.0138
2043,web_browsing,none,benign,benign,1,0.9769,0.0103,0.0128
2044,data_exfiltration,none,malicious_plain,malicious_plain,1,0.0117,0.9743,0.0140
2045,port_scan,none,malicious_plain,malicious_plain,1,0.0146,0.9294,0.0560
2046,brute_force,none,malicious_plain,malicious_plain,1,0.0116,0.9628,0.0255
2047,reverse_shell,protocol_mimicry+block_padding,malicious_obfuscated,malicious_obfuscated,1,0.2683,0.0214,0.7103
2048,c2_beacon,none,malicious_plain,malicious_plain,1,0.0111,0.9731,0.0158
2049,c2_beacon,none,malicious_plain,malicious_plain,1,0.0088,0.9685,0.0227
2050,c2_beacon,block_padding+random_padding,malicious_obfuscated,malicious_obfuscated,1,0.0084,0.0109,0.9806
2051,data_exfiltration,none,malicious_plain,malicious_plain,1,0.0133,0.9771,0.0096
2052,c2_beacon,fragmentation+dummy_injection+constant_rate_shaping,malicious_obfuscated,malicious_obfuscated,1,0.2483,0.0148,0.7369
2053,voip,none,benign,benign,1,0.9762,0.0144,0.0094
2054,voip,block_padding+dummy_injection+constant_rate_shaping,benign,malicious_obfuscated,0,0.4238,0.0120,0.5642
2055,data_exfiltration,none,malicious_plain,malicious_plain,1,0.0106,0.9787,0.0107
2056,file_download,none,benign,benign,1,0.9701,0.0157,0.0142
2057,reverse_shell,none,malicious_plain,malicious_plain,1,0.0113,0.9535,0.0352
2058,ddos_flood,protocol_mimicry+tunnel_encapsulation,malicious_obfuscated,malicious_obfuscated,1,0.0084,0.0122,0.9794
2059,video_streaming,dummy_injection+constant_rate_shaping,benign,benign,1,0.9517,0.0237,0.0246
2060,file_download,none,benign,benign,1,0.9721,0.0145,0.0134
2061,ssh_interactive,protocol_mimicry+fragmentation+dummy_injection,benign,benign,1,0.9292,0.0129,0.0579
2062,reverse_shell,fragmentation+tunnel_encapsulation,malicious_obfuscated,malicious_obfuscated,1,0.0223,0.0080,0.9696
2063,reverse_shell,none,malicious_plain,malicious_plain,1,0.0145,0.9610,0.0245
2064,ddos_flood,none,malicious_plain,malicious_plain,1,0.0152,0.9276,0.0572
2065,c2_beacon,fragmentation,malicious_obfuscated,malicious_obfuscated,1,0.0092,0.0138,0.9770
2066,video_streaming,none,benign,benign,1,0.9690,0.0176,0.0134
2067,c2_beacon,timing_jitter+tunnel_encapsulation,malicious_obfuscated,malicious_obfuscated,1,0.0073,0.0103,0.9824
2068,c2_beacon,fragmentation+random_padding,malicious_obfuscated,malicious_obfuscated,1,0.0115,0.0106,0.9780
2069,reverse_shell,block_padding+timing_jitter,malicious_obfuscated,malicious_obfuscated,1,0.0120,0.0107,0.9773
2070,brute_force,none,malicious_plain,malicious_plain,1,0.0108,0.9613,0.0279
2071,web_browsing,block_padding+tunnel_encapsulation,benign,benign,1,0.9771,0.0123,0.0105
2072,port_scan,tunnel_encapsulation,malicious_obfuscated,malicious_obfuscated,1,0.0161,0.0125,0.9714
2073,c2_beacon,block_padding+timing_jitter,malicious_obfuscated,malicious_obfuscated,1,0.0241,0.0132,0.9627
2074,voip,none,benign,benign,1,0.9760,0.0136,0.0105
2075,c2_beacon,none,malicious_plain,malicious_plain,1,0.0082,0.9766,0.0152
2076,voip,none,benign,benign,1,0.9760,0.0134,0.0106
2077,data_exfiltration,dummy_injection,malicious_obfuscated,malicious_obfuscated,1,0.0148,0.0091,0.9761
2078,file_download,none,benign,benign,1,0.9713,0.0179,0.0108
2079,data_exfiltration,none,malicious_plain,malicious_plain,1,0.0141,0.9742,0.0117
2080,c2_beacon,timing_jitter,malicious_obfuscated,malicious_obfuscated,1,0.0183,0.0150,0.9666
2081,port_scan,block_padding+random_padding+timing_jitter,malicious_obfuscated,malicious_obfuscated,1,0.0064,0.0135,0.9800
2082,port_scan,protocol_mimicry+fragmentation+constant_rate_shaping,malicious_obfuscated,malicious_obfuscated,1,0.0139,0.0104,0.9757
2083,reverse_shell,none,malicious_plain,malicious_plain,1,0.0116,0.9476,0.0409
2084,ddos_flood,none,malicious_plain,malicious_plain,1,0.0137,0.9393,0.0471
2085,data_exfiltration,tunnel_encapsulation,malicious_obfuscated,malicious_obfuscated,1,0.0055,0.0088,0.9858
2086,c2_beacon,none,malicious_plain,malicious_plain,1,0.0113,0.9604,0.0283
2087,reverse_shell,none,malicious_plain,malicious_plain,1,0.0296,0.8800,0.0904
2088,ddos_flood,none,malicious_plain,malicious_plain,1,0.0108,0.9641,0.0251
2089,ddos_flood,protocol_mimicry+timing_jitter+tunnel_encapsulation,malicious_obfuscated,malicious_obfuscated,1,0.0197,0.0123,0.9680
2090,brute_force,random_padding+timing_jitter,malicious_obfuscated,malicious_obfuscated,1,0.0122,0.0131,0.9747
2091,reverse_shell,none,malicious_plain,malicious_plain,1,0.0090,0.9793,0.0117
2092,port_scan,none,malicious_plain,malicious_plain,1,0.0130,0.9294,0.0576
2093,brute_force,protocol_mimicry,malicious_obfuscated,malicious_obfuscated,1,0.0112,0.0114,0.9774
2094,voip,protocol_mimicry+block_padding,benign,benign,1,0.9472,0.0131,0.0397
2095,reverse_shell,none,malicious_plain,malicious_plain,1,0.0088,0.9735,0.0177
2096,data_exfiltration,block_padding+tunnel_encapsulation,malicious_obfuscated,malicious_obfuscated,1,0.0090,0.0097,0.9814
2097,file_download,none,benign,benign,1,0.9708,0.0158,0.0135
2098,data_exfiltration,random_padding,malicious_obfuscated,malicious_obfuscated,1,0.0143,0.0117,0.9741
2099,dns_query,fragmentation+block_padding+tunnel_encapsulation,benign,benign,1,0.9550,0.0131,0.0320
2100,ddos_flood,none,malicious_plain,malicious_plain,1,0.0163,0.9396,0.0442
2101,port_scan,none,malicious_plain,malicious_plain,1,0.0127,0.9311,0.0562
2102,ssh_interactive,none,benign,benign,1,0.9763,0.0134,0.0103
2103,voip,timing_jitter+constant_rate_shaping+tunnel_encapsulation,benign,malicious_obfuscated,0,0.1654,0.0134,0.8213
2104,port_scan,fragmentation+random_padding+tunnel_encapsulation,malicious_obfuscated,malicious_obfuscated,1,0.0114,0.0086,0.9799
2105,c2_beacon,fragmentation+timing_jitter+tunnel_encapsulation,malicious_obfuscated,malicious_obfuscated,1,0.0111,0.0108,0.9781
2106,ddos_flood,none,malicious_plain,malicious_plain,1,0.0125,0.9492,0.0383
2107,video_streaming,none,benign,benign,1,0.9702,0.0146,0.0152
2108,c2_beacon,none,malicious_plain,malicious_plain,1,0.0150,0.9556,0.0294
2109,ssh_interactive,none,benign,benign,1,0.9786,0.0115,0.0099
2110,data_exfiltration,fragmentation,malicious_obfuscated,malicious_obfuscated,1,0.0103,0.0103,0.9794
2111,data_exfiltration,fragmentation+timing_jitter,malicious_obfuscated,malicious_obfuscated,1,0.0127,0.0090,0.9783
2112,reverse_shell,block_padding+dummy_injection+constant_rate_shaping,malicious_obfuscated,malicious_obfuscated,1,0.0823,0.0112,0.9065
2113,voip,constant_rate_shaping,benign,malicious_obfuscated,0,0.4521,0.0133,0.5346
2114,voip,block_padding+dummy_injection,benign,benign,1,0.9517,0.0109,0.0374
2115,file_download,none,benign,benign,1,0.9714,0.0139,0.0147
2116,ssh_interactive,block_padding+timing_jitter,benign,benign,1,0.9499,0.0099,0.0402
2117,ddos_flood,none,malicious_plain,malicious_plain,1,0.0110,0.9616,0.0275
2118,web_browsing,random_padding+timing_jitter,benign,benign,1,0.9619,0.0085,0.0296
2119,ssh_interactive,none,benign,benign,1,0.9763,0.0113,0.0124
2120,ddos_flood,dummy_injection+tunnel_encapsulation,malicious_obfuscated,malicious_obfuscated,1,0.0097,0.0100,0.9803
2121,brute_force,none,malicious_plain,malicious_plain,1,0.0088,0.9684,0.0228
2122,port_scan,none,malicious_plain,malicious_plain,1,0.0170,0.9126,0.0704
2123,port_scan,protocol_mimicry+fragmentation+block_padding,malicious_obfuscated,malicious_obfuscated,1,0.0097,0.0101,0.9802
2124,data_exfiltration,none,malicious_plain,malicious_plain,1,0.0139,0.9740,0.0121
2125,c2_beacon,none,malicious_plain,malicious_plain,1,0.0106,0.9549,0.0346
2126,reverse_shell,fragmentation+dummy_injection+timing_jitter,malicious_obfuscated,benign,0,0.5714,0.0260,0.4026
2127,port_scan,dummy_injection+tunnel_encapsulation,malicious_obfuscated,malicious_obfuscated,1,0.0139,0.0092,0.9769
2128,c2_beacon,none,malicious_plain,malicious_plain,1,0.0103,0.9521,0.0376
2129,c2_beacon,none,malicious_plain,malicious_plain,1,0.0130,0.9659,0.0211
2130,voip,none,benign,benign,1,0.9768,0.0132,0.0100
2131,voip,none,benign,benign,1,0.9743,0.0131,0.0127
2132,port_scan,fragmentation+block_padding+tunnel_encapsulation,malicious_obfuscated,malicious_obfuscated,1,0.0133,0.0092,0.9775
2133,brute_force,constant_rate_shaping,malicious_obfuscated,malicious_obfuscated,1,0.0287,0.0110,0.9603
2134,data_exfiltration,protocol_mimicry+fragmentation+random_padding,malicious_obfuscated,malicious_obfuscated,1,0.0240,0.0143,0.9617
2135,ssh_interactive,random_padding+timing_jitter+tunnel_encapsulation,benign,benign,1,0.8390,0.0159,0.1451
2136,ssh_interactive,none,benign,benign,1,0.9772,0.0124,0.0103
2137,brute_force,none,malicious_plain,malicious_plain,1,0.0136,0.9406,0.0458
2138,c2_beacon,none,malicious_plain,malicious_plain,1,0.0169,0.9164,0.0667
2139,video_streaming,none,benign,benign,1,0.9711,0.0168,0.0121
2140,data_exfiltration,fragmentation+timing_jitter,malicious_obfuscated,malicious_obfuscated,1,0.0069,0.0114,0.9817
2141,port_scan,none,malicious_plain,malicious_plain,1,0.0168,0.9102,0.0731
2142,port_scan,none,malicious_plain,malicious_plain,1,0.0115,0.9405,0.0480
2143,brute_force,timing_jitter+tunnel_encapsulation,malicious_obfuscated,malicious_obfuscated,1,0.0090,0.0121,0.9789
2144,web_browsing,none,benign,benign,1,0.9635,0.0101,0.0264
2145,ddos_flood,none,malicious_plain,malicious_plain,1,0.0107,0.9647,0.0246
2146,reverse_shell,fragmentation,malicious_obfuscated,malicious_obfuscated,1,0.0174,0.0086,0.9741
2147,video_streaming,none,benign,benign,1,0.9680,0.0197,0.0123
2148,ddos_flood,none,malicious_plain,malicious_plain,1,0.0117,0.9539,0.0344
2149,data_exfiltration,tunnel_encapsulation,malicious_obfuscated,malicious_obfuscated,1,0.0053,0.0072,0.9875
2150,ddos_flood,none,malicious_plain,malicious_plain,1,0.0151,0.9446,0.0403
2151,video_streaming,block_padding,benign,benign,1,0.9792,0.0128,0.0080
2152,c2_beacon,none,malicious_plain,malicious_plain,1,0.0092,0.9762,0.0145
2153,c2_beacon,random_padding+constant_rate_shaping,malicious_obfuscated,malicious_obfuscated,1,0.0567,0.0105,0.9328
2154,reverse_shell,block_padding,malicious_obfuscated,malicious_obfuscated,1,0.0177,0.0150,0.9673
2155,port_scan,protocol_mimicry+block_padding+random_padding,malicious_obfuscated,malicious_obfuscated,1,0.0136,0.0116,0.9748
2156,brute_force,protocol_mimicry+block_padding+constant_rate_shaping,malicious_obfuscated,malicious_obfuscated,1,0.0429,0.0112,0.9458
2157,data_exfiltration,none,malicious_plain,malicious_plain,1,0.0150,0.9668,0.0181
2158,ssh_interactive,none,benign,benign,1,0.9700,0.0114,0.0187
2159,c2_beacon,random_padding+dummy_injection+constant_rate_shaping,malicious_obfuscated,malicious_obfuscated,1,0.0705,0.0095,0.9200
2160,c2_beacon,protocol_mimicry+timing_jitter+tunnel_encapsulation,malicious_obfuscated,malicious_obfuscated,1,0.1372,0.0188,0.8440
2161,ddos_flood,block_padding+timing_jitter+tunnel_encapsulation,malicious_obfuscated,malicious_obfuscated,1,0.0135,0.0121,0.9744
2162,brute_force,fragmentation+random_padding+tunnel_encapsulation,malicious_obfuscated,malicious_obfuscated,1,0.0134,0.0119,0.9747
2163,c2_beacon,timing_jitter,malicious_obfuscated,malicious_obfuscated,1,0.0098,0.0157,0.9745
2164,reverse_shell,fragmentation+block_padding,malicious_obfuscated,malicious_obfuscated,1,0.0616,0.0084,0.9300
2165,ddos_flood,timing_jitter+constant_rate_shaping+tunnel_encapsulation,malicious_obfuscated,malicious_obfuscated,1,0.0961,0.0087,0.8951
2166,ddos_flood,block_padding+timing_jitter+tunnel_encapsulation,malicious_obfuscated,malicious_obfuscated,1,0.0111,0.0113,0.9776
2167,c2_beacon,none,malicious_plain,malicious_plain,1,0.0091,0.9714,0.0196
2168,port_scan,random_padding,malicious_obfuscated,malicious_obfuscated,1,0.0079,0.0103,0.9818
2169,ddos_flood,fragmentation+random_padding,malicious_obfuscated,malicious_obfuscated,1,0.0090,0.0130,0.9780
2170,file_download,none,benign,benign,1,0.9702,0.0140,0.0159
2171,ssh_interactive,none,benign,benign,1,0.8846,0.0633,0.0520
2172,brute_force,none,malicious_plain,malicious_plain,1,0.0124,0.9534,0.0342
2173,brute_force,none,malicious_plain,malicious_plain,1,0.0097,0.9644,0.0259
2174,data_exfiltration,protocol_mimicry+timing_jitter,malicious_obfuscated,malicious_obfuscated,1,0.0062,0.0065,0.9874
2175,data_exfiltration,none,malicious_plain,malicious_plain,1,0.0154,0.9556,0.0290
2176,brute_force,none,malicious_plain,malicious_plain,1,0.0128,0.9442,0.0429
2177,data_exfiltration,none,malicious_plain,malicious_plain,1,0.0162,0.9683,0.0155
2178,c2_beacon,random_padding,malicious_obfuscated,malicious_obfuscated,1,0.0090,0.0129,0.9781
2179,ddos_flood,timing_jitter+constant_rate_shaping,malicious_obfuscated,malicious_obfuscated,1,0.0658,0.0114,0.9228
2180,ddos_flood,dummy_injection,malicious_obfuscated,malicious_obfuscated,1,0.0150,0.0101,0.9749
2181,reverse_shell,dummy_injection,malicious_obfuscated,malicious_plain,0,0.0095,0.9674,0.0231
2182,brute_force,none,malicious_plain,malicious_plain,1,0.0123,0.9487,0.0390
2183,video_streaming,none,benign,benign,1,0.9732,0.0163,0.0104
2184,ddos_flood,random_padding+constant_rate_shaping+tunnel_encapsulation,malicious_obfuscated,malicious_obfuscated,1,0.0242,0.0168,0.9590
2185,reverse_shell,timing_jitter+tunnel_encapsulation,malicious_obfuscated,malicious_obfuscated,1,0.4457,0.0237,0.5306
2186,voip,dummy_injection+timing_jitter+tunnel_encapsulation,benign,benign,1,0.9368,0.0105,0.0527
2187,voip,block_padding+random_padding,benign,benign,1,0.9655,0.0155,0.0190
2188,reverse_shell,random_padding+dummy_injection,malicious_obfuscated,malicious_obfuscated,1,0.0246,0.0110,0.9644
2189,data_exfiltration,none,malicious_plain,malicious_plain,1,0.0139,0.9749,0.0112
2190,data_exfiltration,none,malicious_plain,malicious_plain,1,0.0119,0.9799,0.0081
2191,reverse_shell,block_padding+constant_rate_shaping,malicious_obfuscated,malicious_obfuscated,1,0.0488,0.0122,0.9390
2192,ssh_interactive,protocol_mimicry+block_padding+timing_jitter,benign,benign,1,0.8183,0.0116,0.1702
2193,ddos_flood,protocol_mimicry+block_padding+timing_jitter,malicious_obfuscated,malicious_obfuscated,1,0.0217,0.0115,0.9668
2194,ssh_interactive,protocol_mimicry+dummy_injection,benign,benign,1,0.9576,0.0095,0.0329
2195,c2_beacon,protocol_mimicry,malicious_obfuscated,malicious_obfuscated,1,0.1609,0.0144,0.8247
2196,ddos_flood,none,malicious_plain,malicious_plain,1,0.0124,0.9577,0.0299
2197,data_exfiltration,block_padding+random_padding+constant_rate_shaping,malicious_obfuscated,malicious_obfuscated,1,0.0109,0.0092,0.9799
2198,data_exfiltration,none,malicious_plain,malicious_plain,1,0.0120,0.9765,0.0115
2199,ddos_flood,fragmentation+block_padding,malicious_obfuscated,malicious_obfuscated,1,0.0088,0.0138,0.9774
2200,port_scan,none,malicious_plain,malicious_plain,1,0.0150,0.9314,0.0536
2201,c2_beacon,block_padding+constant_rate_shaping,malicious_obfuscated,malicious_obfuscated,1,0.1230,0.0127,0.8644
2202,c2_beacon,protocol_mimicry+fragmentation+constant_rate_shaping,malicious_obfuscated,malicious_obfuscated,1,0.0336,0.0127,0.9537
2203,reverse_shell,tunnel_encapsulation,malicious_obfuscated,malicious_obfuscated,1,0.0167,0.0099,0.9735
2204,file_download,none,benign,benign,1,0.9705,0.0184,0.0111
2205,video_streaming,none,benign,benign,1,0.9665,0.0186,0.0149
2206,reverse_shell,protocol_mimicry+constant_rate_shaping+tunnel_encapsulation,malicious_obfuscated,benign,0,0.5954,0.0199,0.3847
2207,brute_force,fragmentation+random_padding,malicious_obfuscated,malicious_obfuscated,1,0.0125,0.0124,0.9750
2208,port_scan,protocol_mimicry,malicious_obfuscated,malicious_obfuscated,1,0.0085,0.0121,0.9794
2209,port_scan,protocol_mimicry,malicious_obfuscated,malicious_obfuscated,1,0.0077,0.0112,0.9811
2210,reverse_shell,constant_rate_shaping,malicious_obfuscated,malicious_obfuscated,1,0.1424,0.0152,0.8424
2211,reverse_shell,none,malicious_plain,malicious_plain,1,0.0146,0.9765,0.0088
2212,data_exfiltration,none,malicious_plain,malicious_plain,1,0.0124,0.9796,0.0080
2213,video_streaming,none,benign,benign,1,0.9695,0.0144,0.0161
2214,reverse_shell,block_padding+random_padding+tunnel_encapsulation,malicious_obfuscated,malicious_obfuscated,1,0.1349,0.0156,0.8495
2215,data_exfiltration,protocol_mimicry+fragmentation+timing_jitter,malicious_obfuscated,malicious_obfuscated,1,0.0149,0.0107,0.9744
2216,ddos_flood,none,malicious_plain,malicious_plain,1,0.0106,0.9597,0.0297
2217,ddos_flood,protocol_mimicry,malicious_obfuscated,malicious_obfuscated,1,0.0052,0.0138,0.9809
2218,brute_force,none,malicious_plain,malicious_plain,1,0.0117,0.9566,0.0317
2219,file_download,protocol_mimicry+fragmentation+timing_jitter,benign,benign,1,0.9751,0.0152,0.0097
2220,brute_force,none,malicious_plain,malicious_plain,1,0.0121,0.9490,0.0389
2221,c2_beacon,none,malicious_plain,malicious_plain,1,0.0094,0.9724,0.0182
2222,file_download,none,benign,benign,1,0.9733,0.0144,0.0123
2223,reverse_shell,protocol_mimicry+tunnel_encapsulation,malicious_obfuscated,benign,0,0.7888,0.0146,0.1966
2224,c2_beacon,none,malicious_plain,malicious_plain,1,0.0124,0.9512,0.0364
2225,data_exfiltration,constant_rate_shaping+tunnel_encapsulation,malicious_obfuscated,malicious_obfuscated,1,0.0377,0.0134,0.9488
2226,port_scan,fragmentation+tunnel_encapsulation,malicious_obfuscated,malicious_plain,0,0.0146,0.5512,0.4342
2227,video_streaming,block_padding+dummy_injection+constant_rate_shaping,benign,benign,1,0.9802,0.0125,0.0073
2228,web_browsing,block_padding+timing_jitter+constant_rate_shaping,benign,benign,1,0.9667,0.0087,0.0246
2229,port_scan,none,malicious_plain,malicious_plain,1,0.0149,0.9416,0.0435
2230,brute_force,block_padding,malicious_obfuscated,malicious_obfuscated,1,0.0129,0.0104,0.9768
2231,data_exfiltration,none,malicious_plain,malicious_plain,1,0.0133,0.9773,0.0095
2232,voip,tunnel_encapsulation,benign,benign,1,0.9633,0.0112,0.0254
2233,brute_force,fragmentation+timing_jitter+tunnel_encapsulation,malicious_obfuscated,malicious_obfuscated,1,0.0156,0.0107,0.9738
2234,c2_beacon,none,malicious_plain,malicious_plain,1,0.0085,0.9718,0.0196
2235,ddos_flood,none,malicious_plain,malicious_plain,1,0.0113,0.9513,0.0375
2236,video_streaming,none,benign,benign,1,0.9690,0.0157,0.0152
2237,port_scan,random_padding,malicious_obfuscated,malicious_obfuscated,1,0.0080,0.0103,0.9817
2238,ddos_flood,block_padding,malicious_obfuscated,malicious_obfuscated,1,0.0082,0.0152,0.9767
2239,reverse_shell,protocol_mimicry+timing_jitter,malicious_obfuscated,malicious_obfuscated,1,0.0755,0.0168,0.9077
2240,file_download,none,benign,benign,1,0.9695,0.0160,0.0145
2241,web_browsing,fragmentation+constant_rate_shaping+tunnel_encapsulation,benign,benign,1,0.8391,0.0144,0.1465
2242,video_streaming,none,benign,benign,1,0.9683,0.0189,0.0128
2243,ssh_interactive,fragmentation+random_padding,benign,benign,1,0.8907,0.0154,0.0939
2244,ddos_flood,timing_jitter+tunnel_encapsulation,malicious_obfuscated,malicious_obfuscated,1,0.0089,0.0122,0.9789
2245,reverse_shell,none,malicious_plain,malicious_plain,1,0.0100,0.9387,0.0513
2246,video_streaming,none,benign,benign,1,0.9717,0.0145,0.0138
2247,reverse_shell,fragmentation+block_padding+constant_rate_shaping,malicious_obfuscated,malicious_obfuscated,1,0.2770,0.0162,0.7068
2248,c2_beacon,none,malicious_plain,malicious_plain,1,0.0092,0.9750,0.0158
2249,ssh_interactive,none,benign,benign,1,0.9722,0.0117,0.0162
2250,web_browsing,none,benign,benign,1,0.9770,0.0117,0.0113
2251,ddos_flood,none,malicious_plain,malicious_plain,1,0.0107,0.9599,0.0294
2252,ddos_flood,fragmentation,malicious_obfuscated,malicious_plain,0,0.0100,0.9494,0.0406
2253,port_scan,none,malicious_plain,malicious_plain,1,0.0147,0.9258,0.0595
2254,c2_beacon,protocol_mimicry+fragmentation+block_padding,malicious_obfuscated,malicious_obfuscated,1,0.3378,0.0226,0.6395
2255,voip,block_padding+random_padding+timing_jitter,benign,benign,1,0.9516,0.0204,0.0280
2256,data_exfiltration,none,malicious_plain,malicious_plain,1,0.0113,0.9811,0.0076
2257,brute_force,none,malicious_plain,malicious_plain,1,0.0121,0.9487,0.0392
2258,voip,none,benign,benign,1,0.9766,0.0126,0.0107
2259,ddos_flood,none,malicious_plain,malicious_plain,1,0.0102,0.9579,0.0319
2260,reverse_shell,random_padding+dummy_injection+constant_rate_shaping,malicious_obfuscated,malicious_obfuscated,1,0.1146,0.0140,0.8713
2261,voip,none,benign,benign,1,0.9730,0.0130,0.0140
2262,brute_force,protocol_mimicry+fragmentation,malicious_obfuscated,malicious_obfuscated,1,0.0142,0.0103,0.9756
2263,data_exfiltration,none,malicious_plain,malicious_plain,1,0.0123,0.9790,0.0087
2264,voip,fragmentation+dummy_injection+tunnel_encapsulation,benign,benign,1,0.9335,0.0194,0.0471
2265,reverse_shell,protocol_mimicry,malicious_obfuscated,malicious_obfuscated,1,0.0711,0.0118,0.9171
2266,web_browsing,none,benign,benign,1,0.9781,0.0090,0.0129
2267,c2_beacon,none,malicious_plain,malicious_plain,1,0.0108,0.9738,0.0154
2268,ddos_flood,none,malicious_plain,malicious_plain,1,0.0149,0.9403,0.0448
2269,port_scan,fragmentation+dummy_injection+timing_jitter,malicious_obfuscated,malicious_obfuscated,1,0.0123,0.0090,0.9787
2270,reverse_shell,none,malicious_plain,malicious_plain,1,0.0091,0.9736,0.0173
2271,ddos_flood,protocol_mimicry+dummy_injection,malicious_obfuscated,malicious_obfuscated,1,0.0351,0.0133,0.9516
2272,reverse_shell,none,malicious_plain,malicious_plain,1,0.0126,0.9647,0.0227
2273,brute_force,constant_rate_shaping,malicious_obfuscated,malicious_obfuscated,1,0.0255,0.0110,0.9635
2274,voip,none,benign,benign,1,0.9761,0.0138,0.0101
2275,ddos_flood,none,malicious_plain,malicious_plain,1,0.0106,0.9631,0.0263
2276,dns_query,constant_rate_shaping,benign,benign,1,0.5105,0.0092,0.4803
2277,ssh_interactive,tunnel_encapsulation,benign,benign,1,0.9753,0.0118,0.0130
2278,data_exfiltration,fragmentation+block_padding,malicious_obfuscated,malicious_obfuscated,1,0.0120,0.0154,0.9726
2279,ssh_interactive,random_padding+timing_jitter+tunnel_encapsulation,benign,benign,1,0.9765,0.0103,0.0132
2280,ssh_interactive,none,benign,benign,1,0.9774,0.0127,0.0099
2281,c2_beacon,random_padding+timing_jitter,malicious_obfuscated,malicious_obfuscated,1,0.0173,0.2068,0.7759
2282,reverse_shell,none,malicious_plain,malicious_plain,1,0.0326,0.8802,0.0873
2283,port_scan,none,malicious_plain,malicious_plain,1,0.0117,0.9473,0.0410
2284,web_browsing,none,benign,benign,1,0.6385,0.3131,0.0484
2285,port_scan,constant_rate_shaping,malicious_obfuscated,malicious_obfuscated,1,0.0106,0.0115,0.9778
2286,web_browsing,protocol_mimicry+random_padding+tunnel_encapsulation,benign,benign,1,0.9359,0.0141,0.0500
2287,data_exfiltration,protocol_mimicry+fragmentation+timing_jitter,malicious_obfuscated,malicious_obfuscated,1,0.0138,0.0107,0.9755
2288,voip,none,benign,benign,1,0.9766,0.0159,0.0076
2289,reverse_shell,none,malicious_plain,malicious_plain,1,0.0164,0.9734,0.0102
2290,file_download,none,benign,benign,1,0.9719,0.0143,0.0137
2291,port_scan,block_padding+timing_jitter+constant_rate_shaping,malicious_obfuscated,malicious_obfuscated,1,0.3449,0.0096,0.6456
2292,brute_force,protocol_mimicry,malicious_obfuscated,benign,0,0.9381,0.0104,0.0515
2293,port_scan,none,malicious_plain,malicious_plain,1,0.0160,0.9191,0.0649
2294,port_scan,none,malicious_plain,malicious_plain,1,0.0124,0.9379,0.0497
2295,ssh_interactive,none,benign,benign,1,0.9782,0.0110,0.0108
2296,data_exfiltration,none,malicious_plain,malicious_plain,1,0.0127,0.9757,0.0116
2297,ddos_flood,none,malicious_plain,malicious_plain,1,0.0114,0.9634,0.0253
2298,file_download,none,benign,benign,1,0.9740,0.0095,0.0165
2299,ssh_interactive,none,benign,benign,1,0.9769,0.0114,0.0116
2300,brute_force,block_padding,malicious_obfuscated,malicious_obfuscated,1,0.0334,0.0175,0.9491
2301,video_streaming,none,benign,benign,1,0.9666,0.0211,0.0124
2302,port_scan,none,malicious_plain,malicious_plain,1,0.0110,0.9461,0.0429
2303,ddos_flood,dummy_injection,malicious_obfuscated,malicious_obfuscated,1,0.0167,0.0101,0.9732
2304,port_scan,fragmentation+random_padding+timing_jitter,malicious_obfuscated,malicious_obfuscated,1,0.0071,0.0112,0.9817
2305,file_download,dummy_injection,benign,benign,1,0.9672,0.0167,0.0161
2306,voip,none,benign,benign,1,0.9750,0.0127,0.0123
2307,ssh_interactive,none,benign,benign,1,0.9800,0.0127,0.0073
2308,port_scan,none,malicious_plain,malicious_plain,1,0.0133,0.9471,0.0396
2309,web_browsing,fragmentation+constant_rate_shaping,benign,malicious_obfuscated,0,0.4276,0.0102,0.5622
2310,brute_force,none,malicious_plain,malicious_plain,1,0.0107,0.9571,0.0322
2311,ssh_interactive,none,benign,benign,1,0.9713,0.0154,0.0133
2312,video_streaming,none,benign,benign,1,0.9689,0.0173,0.0138
2313,file_download,none,benign,benign,1,0.9724,0.0117,0.0159
2314,voip,none,benign,benign,1,0.9758,0.0115,0.0128
2315,port_scan,protocol_mimicry+block_padding,malicious_obfuscated,malicious_obfuscated,1,0.0205,0.0148,0.9647
2316,brute_force,constant_rate_shaping+tunnel_encapsulation,malicious_obfuscated,malicious_obfuscated,1,0.0797,0.0091,0.9112
2317,ddos_flood,constant_rate_shaping,malicious_obfuscated,malicious_obfuscated,1,0.0214,0.0105,0.9680
2318,brute_force,protocol_mimicry+fragmentation+block_padding,malicious_obfuscated,malicious_obfuscated,1,0.0080,0.0114,0.9805
2319,c2_beacon,protocol_mimicry+block_padding,malicious_obfuscated,malicious_obfuscated,1,0.0545,0.0090,0.9365
2320,reverse_shell,none,malicious_plain,malicious_plain,1,0.0472,0.9095,0.0434
2321,data_exfiltration,protocol_mimicry+dummy_injection+timing_jitter,malicious_obfuscated,malicious_obfuscated,1,0.0214,0.0142,0.9643
2322,port_scan,block_padding+timing_jitter+constant_rate_shaping,malicious_obfuscated,malicious_obfuscated,1,0.0661,0.0110,0.9229
2323,c2_beacon,tunnel_encapsulation,malicious_obfuscated,malicious_obfuscated,1,0.0234,0.2060,0.7706
2324,file_download,none,benign,benign,1,0.9729,0.0131,0.0141
2325,ssh_interactive,tunnel_encapsulation,benign,benign,1,0.9773,0.0116,0.0111
2326,c2_beacon,tunnel_encapsulation,malicious_obfuscated,malicious_obfuscated,1,0.0083,0.0121,0.9796
2327,file_download,none,benign,benign,1,0.9664,0.0133,0.0204
2328,dns_query,block_padding+random_padding+tunnel_encapsulation,benign,benign,1,0.7825,0.0252,0.1923
2329,brute_force,random_padding+constant_rate_shaping,malicious_obfuscated,malicious_obfuscated,1,0.0681,0.0085,0.9234
2330,reverse_shell,none,malicious_plain,malicious_plain,1,0.0145,0.9593,0.0262
2331,c2_beacon,fragmentation+random_padding+constant_rate_shaping,malicious_obfuscated,malicious_obfuscated,1,0.0405,0.0098,0.9497
2332,ssh_interactive,protocol_mimicry+fragmentation+timing_jitter,benign,malicious_obfuscated,0,0.0790,0.0141,0.9069
2333,port_scan,block_padding+random_padding+dummy_injection,malicious_obfuscated,malicious_obfuscated,1,0.0766,0.0173,0.9061
2334,port_scan,none,malicious_plain,malicious_plain,1,0.0104,0.9305,0.0590
2335,video_streaming,none,benign,benign,1,0.9694,0.0178,0.0128
2336,brute_force,none,malicious_plain,malicious_plain,1,0.0145,0.9370,0.0486
2337,data_exfiltration,none,malicious_plain,malicious_plain,1,0.0136,0.9736,0.0128
2338,ssh_interactive,constant_rate_shaping+tunnel_encapsulation,benign,benign,1,0.7460,0.0126,0.2415
2339,port_scan,fragmentation+dummy_injection+timing_jitter,malicious_obfuscated,malicious_obfuscated,1,0.0128,0.0083,0.9789
2340,brute_force,none,malicious_plain,malicious_plain,1,0.0124,0.9564,0.0312
2341,file_download,none,benign,benign,1,0.9677,0.0160,0.0164
2342,port_scan,block_padding,malicious_obfuscated,malicious_obfuscated,1,0.0048,0.0106,0.9846
2343,file_download,random_padding+timing_jitter,benign,benign,1,0.9784,0.0123,0.0094
2344,ddos_flood,timing_jitter,malicious_obfuscated,malicious_obfuscated,1,0.0061,0.0113,0.9826
2345,brute_force,none,malicious_plain,malicious_plain,1,0.0109,0.9688,0.0203
2346,ssh_interactive,none,benign,benign,1,0.9774,0.0109,0.0117
2347,web_browsing,none,benign,benign,1,0.9773,0.0110,0.0117
2348,ddos_flood,none,malicious_plain,malicious_plain,1,0.0146,0.9424,0.0430
2349,file_download,none,benign,benign,1,0.9714,0.0134,0.0153
2350,reverse_shell,dummy_injection+timing_jitter,malicious_obfuscated,benign,0,0.7592,0.0159,0.2248
2351,ddos_flood,fragmentation+block_padding+random_padding,malicious_obfuscated,malicious_obfuscated,1,0.0074,0.0096,0.9831
2352,brute_force,dummy_injection+tunnel_encapsulation,malicious_obfuscated,malicious_obfuscated,1,0.0224,0.0128,0.9648
2353,reverse_shell,fragmentation+tunnel_encapsulation,malicious_obfuscated,malicious_obfuscated,1,0.0089,0.0096,0.9815
2354,video_streaming,none,benign,benign,1,0.9692,0.0180,0.0128
2355,file_download,random_padding+tunnel_encapsulation,benign,benign,1,0.9752,0.0126,0.0122
2356,ssh_interactive,fragmentation+dummy_injection+timing_jitter,benign,benign,1,0.9474,0.0157,0.0368
2357,ddos_flood,protocol_mimicry+dummy_injection,malicious_obfuscated,malicious_obfuscated,1,0.0095,0.0109,0.9796
2358,brute_force,none,malicious_plain,malicious_plain,1,0.0092,0.9668,0.0240
2359,c2_beacon,protocol_mimicry+tunnel_encapsulation,malicious_obfuscated,benign,0,0.6350,0.0165,0.3485
2360,file_download,protocol_mimicry+constant_rate_shaping,benign,benign,1,0.9772,0.0110,0.0117
2361,voip,none,benign,benign,1,0.9752,0.0149,0.0099
2362,data_exfiltration,none,malicious_plain,malicious_plain,1,0.0146,0.9707,0.0147
2363,data_exfiltration,protocol_mimicry,malicious_obfuscated,malicious_obfuscated,1,0.0153,0.0115,0.9732
2364,data_exfiltration,none,malicious_plain,malicious_plain,1,0.0145,0.9733,0.0122
2365,ssh_interactive,none,benign,benign,1,0.9770,0.0127,0.0103
2366,data_exfiltration,none,malicious_plain,malicious_plain,1,0.0141,0.9740,0.0119
2367,port_scan,none,malicious_plain,malicious_plain,1,0.0117,0.9390,0.0493
2368,file_download,none,benign,benign,1,0.9629,0.0130,0.0242
2369,reverse_shell,none,malicious_plain,malicious_plain,1,0.0103,0.9659,0.0238
2370,ddos_flood,none,malicious_plain,malicious_plain,1,0.0105,0.9548,0.0348
2371,voip,protocol_mimicry+constant_rate_shaping,benign,malicious_obfuscated,0,0.3566,0.0098,0.6336
2372,ssh_interactive,none,benign,benign,1,0.9783,0.0123,0.0094
2373,voip,none,benign,benign,1,0.9740,0.0133,0.0127
2374,ssh_interactive,block_padding+constant_rate_shaping,benign,benign,1,0.6175,0.0154,0.3672
2375,reverse_shell,none,malicious_plain,malicious_plain,1,0.0094,0.9654,0.0252
2376,reverse_shell,none,malicious_plain,malicious_plain,1,0.0298,0.8827,0.0875
2377,data_exfiltration,none,malicious_plain,malicious_plain,1,0.0136,0.9723,0.0141
2378,c2_beacon,dummy_injection+timing_jitter,malicious_obfuscated,malicious_obfuscated,1,0.0229,0.0158,0.9613
2379,brute_force,fragmentation,malicious_obfuscated,malicious_obfuscated,1,0.0309,0.0105,0.9586
2380,port_scan,protocol_mimicry,malicious_obfuscated,malicious_obfuscated,1,0.0217,0.2064,0.7719
2381,reverse_shell,none,malicious_plain,malicious_plain,1,0.0152,0.9347,0.0502
2382,web_browsing,none,benign,benign,1,0.9734,0.0156,0.0110
2383,ssh_interactive,constant_rate_shaping,benign,benign,1,0.8903,0.0109,0.0988
2384,web_browsing,random_padding,benign,benign,1,0.9080,0.0071,0.0850
2385,brute_force,protocol_mimicry+dummy_injection,malicious_obfuscated,malicious_obfuscated,1,0.0166,0.0120,0.9714
2386,reverse_shell,block_padding+timing_jitter+constant_rate_shaping,malicious_obfuscated,benign,0,0.7866,0.0145,0.1989
2387,port_scan,none,malicious_plain,malicious_plain,1,0.0138,0.9552,0.0310
2388,reverse_shell,random_padding,malicious_obfuscated,malicious_obfuscated,1,0.0324,0.2055,0.7621
2389,port_scan,fragmentation+timing_jitter+tunnel_encapsulation,malicious_obfuscated,malicious_obfuscated,1,0.0119,0.0109,0.9772
2390,ddos_flood,fragmentation+block_padding+timing_jitter,malicious_obfuscated,malicious_obfuscated,1,0.0080,0.0130,0.9790
2391,ssh_interactive,none,benign,benign,1,0.9778,0.0125,0.0097
2392,ddos_flood,none,malicious_plain,malicious_plain,1,0.0138,0.9300,0.0561
2393,ssh_interactive,none,benign,benign,1,0.9769,0.0120,0.0111
2394,voip,none,benign,benign,1,0.9770,0.0141,0.0089
2395,ddos_flood,dummy_injection,malicious_obfuscated,malicious_obfuscated,1,0.0171,0.0200,0.9628
2396,voip,none,benign,benign,1,0.9763,0.0144,0.0093
2397,file_download,none,benign,benign,1,0.9737,0.0144,0.0120
2398,port_scan,none,malicious_plain,malicious_plain,1,0.0120,0.9285,0.0595
2399,c2_beacon,protocol_mimicry+random_padding,malicious_obfuscated,malicious_obfuscated,1,0.0833,0.0187,0.8980
2400,voip,none,benign,benign,1,0.9744,0.0128,0.0128
2401,ddos_flood,none,malicious_plain,malicious_plain,1,0.0113,0.9571,0.0316
2402,port_scan,none,malicious_plain,malicious_plain,1,0.0167,0.9327,0.0506
2403,file_download,none,benign,benign,1,0.9697,0.0166,0.0137
2404,web_browsing,none,benign,benign,1,0.9661,0.0106,0.0233
2405,c2_beacon,protocol_mimicry+tunnel_encapsulation,malicious_obfuscated,malicious_obfuscated,1,0.3665,0.0157,0.6178
2406,c2_beacon,none,malicious_plain,malicious_plain,1,0.0113,0.9317,0.0570
2407,port_scan,none,malicious_plain,malicious_plain,1,0.0114,0.9462,0.0423
2408,ddos_flood,none,malicious_plain,malicious_plain,1,0.0126,0.9493,0.0381
2409,reverse_shell,block_padding+dummy_injection+constant_rate_shaping,malicious_obfuscated,malicious_obfuscated,1,0.0639,0.0123,0.9238
2410,brute_force,none,malicious_plain,malicious_plain,1,0.0127,0.9441,0.0431
2411,port_scan,none,malicious_plain,malicious_plain,1,0.0150,0.9272,0.0578
2412,data_exfiltration,none,malicious_plain,malicious_plain,1,0.0155,0.9722,0.0123
2413,reverse_shell,random_padding+timing_jitter,malicious_obfuscated,malicious_obfuscated,1,0.0126,0.0133,0.9741
2414,brute_force,none,malicious_plain,malicious_plain,1,0.0118,0.9616,0.0265
2415,video_streaming,timing_jitter,benign,benign,1,0.9713,0.0141,0.0146
2416,web_browsing,fragmentation+block_padding+random_padding,benign,benign,1,0.9797,0.0117,0.0086
2417,reverse_shell,constant_rate_shaping,malicious_obfuscated,malicious_obfuscated,1,0.0872,0.0101,0.9026
2418,voip,fragmentation+tunnel_encapsulation,benign,malicious_obfuscated,0,0.0757,0.0121,0.9122
2419,port_scan,none,malicious_plain,malicious_plain,1,0.0124,0.9440,0.0436
2420,file_download,none,benign,benign,1,0.9576,0.0217,0.0206
2421,c2_beacon,random_padding,malicious_obfuscated,malicious_obfuscated,1,0.0105,0.0125,0.9770
2422,data_exfiltration,none,malicious_plain,malicious_plain,1,0.0139,0.9736,0.0126
2423,reverse_shell,none,malicious_plain,malicious_plain,1,0.0108,0.9756,0.0136
2424,video_streaming,fragmentation,benign,benign,1,0.9746,0.0137,0.0118
2425,data_exfiltration,block_padding+random_padding+tunnel_encapsulation,malicious_obfuscated,malicious_obfuscated,1,0.0103,0.0109,0.9789
2426,port_scan,none,malicious_plain,malicious_plain,1,0.0123,0.9336,0.0541
2427,web_browsing,protocol_mimicry,benign,benign,1,0.8674,0.0100,0.1226
2428,port_scan,none,malicious_plain,malicious_plain,1,0.0119,0.9496,0.0385
2429,port_scan,block_padding+dummy_injection+timing_jitter,malicious_obfuscated,malicious_obfuscated,1,0.1238,0.0128,0.8634
2430,brute_force,constant_rate_shaping,malicious_obfuscated,malicious_obfuscated,1,0.3806,0.0137,0.6057
2431,brute_force,none,malicious_plain,malicious_plain,1,0.0128,0.9489,0.0383
2432,voip,none,benign,benign,1,0.9745,0.0149,0.0105
2433,web_browsing,fragmentation+timing_jitter+tunnel_encapsulation,benign,benign,1,0.9580,0.0129,0.0291
2434,voip,none,benign,benign,1,0.9756,0.0143,0.0101
2435,voip,none,benign,benign,1,0.9713,0.0167,0.0120
2436,reverse_shell,none,malicious_plain,malicious_plain,1,0.0315,0.9543,0.0142
2437,file_download,none,benign,benign,1,0.9681,0.0188,0.0131
2438,ssh_interactive,none,benign,benign,1,0.9792,0.0134,0.0074
2439,ddos_flood,none,malicious_plain,malicious_plain,1,0.0110,0.9563,0.0327
2440,c2_beacon,none,malicious_plain,malicious_plain,1,0.0098,0.9731,0.0172
2441,voip,none,benign,benign,1,0.9759,0.0134,0.0107
2442,voip,timing_jitter,benign,benign,1,0.9581,0.0124,0.0295
2443,ddos_flood,protocol_mimicry+timing_jitter,malicious_obfuscated,malicious_obfuscated,1,0.0067,0.0118,0.9815
2444,web_browsing,none,benign,benign,1,0.9780,0.0103,0.0117
2445,web_browsing,none,benign,benign,1,0.9764,0.0110,0.0126
2446,port_scan,dummy_injection+timing_jitter,malicious_obfuscated,malicious_obfuscated,1,0.0141,0.0098,0.9761
2447,video_streaming,none,benign,benign,1,0.9680,0.0193,0.0127
2448,web_browsing,block_padding+tunnel_encapsulation,benign,benign,1,0.9143,0.0117,0.0740
2449,port_scan,none,malicious_plain,malicious_plain,1,0.0119,0.9390,0.0491
2450,file_download,none,benign,benign,1,0.9717,0.0147,0.0136
2451,c2_beacon,protocol_mimicry+block_padding+timing_jitter,malicious_obfuscated,malicious_obfuscated,1,0.0349,0.0081,0.9570
2452,c2_beacon,timing_jitter,malicious_obfuscated,malicious_plain,0,0.0110,0.9518,0.0373
2453,brute_force,protocol_mimicry+block_padding+dummy_injection,malicious_obfuscated,benign,0,0.6524,0.0149,0.3327
2454,web_browsing,none,benign,benign,1,0.8673,0.0899,0.0428
2455,file_download,constant_rate_shaping,benign,benign,1,0.9720,0.0108,0.0172
2456,data_exfiltration,none,malicious_plain,malicious_plain,1,0.0118,0.9805,0.0077
2457,reverse_shell,none,malicious_plain,malicious_plain,1,0.0078,0.9736,0.0185
2458,brute_force,none,malicious_plain,malicious_plain,1,0.0133,0.9355,0.0512
2459,video_streaming,fragmentation,benign,benign,1,0.9732,0.0132,0.0136
2460,web_browsing,none,benign,benign,1,0.9759,0.0100,0.0141
2461,ddos_flood,block_padding+dummy_injection+tunnel_encapsulation,malicious_obfuscated,malicious_obfuscated,1,0.0225,0.0102,0.9673
2462,brute_force,none,malicious_plain,malicious_plain,1,0.0109,0.9592,0.0299
2463,web_browsing,none,benign,benign,1,0.9797,0.0087,0.0116
2464,ddos_flood,constant_rate_shaping,malicious_obfuscated,malicious_obfuscated,1,0.0174,0.0099,0.9728
2465,brute_force,none,malicious_plain,malicious_plain,1,0.0212,0.9124,0.0665
2466,port_scan,protocol_mimicry+random_padding,malicious_obfuscated,malicious_obfuscated,1,0.0138,0.0098,0.9764
2467,brute_force,none,malicious_plain,malicious_plain,1,0.0105,0.9646,0.0248
2468,port_scan,none,malicious_plain,malicious_plain,1,0.0118,0.9405,0.0478
2469,ddos_flood,fragmentation,malicious_obfuscated,malicious_plain,0,0.0144,0.9453,0.0403
2470,ddos_flood,random_padding,malicious_obfuscated,malicious_obfuscated,1,0.0090,0.0144,0.9766
2471,c2_beacon,none,malicious_plain,malicious_plain,1,0.0137,0.9573,0.0290
2472,reverse_shell,protocol_mimicry+tunnel_encapsulation,malicious_obfuscated,malicious_obfuscated,1,0.0226,0.0101,0.9673
2473,brute_force,none,malicious_plain,malicious_plain,1,0.0133,0.9424,0.0443
2474,video_streaming,none,benign,benign,1,0.9662,0.0208,0.0130
2475,port_scan,protocol_mimicry+fragmentation,malicious_obfuscated,malicious_obfuscated,1,0.0116,0.0131,0.9753
2476,c2_beacon,block_padding+random_padding+timing_jitter,malicious_obfuscated,malicious_obfuscated,1,0.0088,0.0116,0.9796
2477,voip,protocol_mimicry+dummy_injection+timing_jitter,benign,benign,1,0.9055,0.0153,0.0792
2478,data_exfiltration,none,malicious_plain,malicious_plain,1,0.0141,0.9723,0.0137
2479,c2_beacon,none,malicious_plain,malicious_plain,1,0.0141,0.9538,0.0321
2480,reverse_shell,none,malicious_plain,malicious_plain,1,0.0157,0.9529,0.0314
2481,web_browsing,none,benign,benign,1,0.9756,0.0088,0.0156
2482,brute_force,block_padding+random_padding,malicious_obfuscated,malicious_obfuscated,1,0.0109,0.0123,0.9768
2483,brute_force,none,malicious_plain,malicious_plain,1,0.0123,0.9491,0.0386
2484,c2_beacon,none,malicious_plain,malicious_plain,1,0.0096,0.9691,0.0213
2485,c2_beacon,none,malicious_plain,malicious_plain,1,0.0099,0.9627,0.0274
2486,port_scan,none,malicious_plain,malicious_plain,1,0.0135,0.9257,0.0608
2487,voip,timing_jitter+constant_rate_shaping,benign,malicious_obfuscated,0,0.4806,0.0201,0.4992
2488,ddos_flood,protocol_mimicry+fragmentation,malicious_obfuscated,malicious_obfuscated,1,0.0051,0.0124,0.9825
2489,video_streaming,block_padding,benign,benign,1,0.9840,0.0108,0.0052
2490,port_scan,constant_rate_shaping,malicious_obfuscated,malicious_obfuscated,1,0.1124,0.0119,0.8758
2491,brute_force,none,malicious_plain,malicious_plain,1,0.0100,0.9641,0.0259
2492,data_exfiltration,none,malicious_plain,malicious_plain,1,0.0143,0.9645,0.0212
2493,data_exfiltration,tunnel_encapsulation,malicious_obfuscated,malicious_obfuscated,1,0.0072,0.0090,0.9838
2494,data_exfiltration,block_padding+random_padding+tunnel_encapsulation,malicious_obfuscated,malicious_obfuscated,1,0.0073,0.0084,0.9842
2495,file_download,timing_jitter,benign,benign,1,0.9649,0.0122,0.0228
2496,brute_force,tunnel_encapsulation,malicious_obfuscated,malicious_obfuscated,1,0.0095,0.0119,0.9786
2497,ssh_interactive,none,benign,benign,1,0.9785,0.0133,0.0082
2498,port_scan,protocol_mimicry+block_padding+constant_rate_shaping,malicious_obfuscated,malicious_obfuscated,1,0.0394,0.0099,0.9507
2499,port_scan,none,malicious_plain,malicious_plain,1,0.0118,0.9493,0.0389
2500,brute_force,none,malicious_plain,malicious_plain,1,0.0101,0.9659,0.0240
2501,ssh_interactive,none,benign,benign,1,0.9770,0.0116,0.0114
2502,port_scan,protocol_mimicry+dummy_injection+constant_rate_shaping,malicious_obfuscated,malicious_obfuscated,1,0.0225,0.0111,0.9664
2503,data_exfiltration,none,malicious_plain,malicious_plain,1,0.0121,0.9787,0.0092
2504,ddos_flood,protocol_mimicry+constant_rate_shaping+tunnel_encapsulation,malicious_obfuscated,malicious_obfuscated,1,0.0314,0.0129,0.9558
2505,port_scan,protocol_mimicry+constant_rate_shaping,malicious_obfuscated,malicious_obfuscated,1,0.0765,0.0096,0.9139
2506,video_streaming,none,benign,benign,1,0.9675,0.0175,0.0150
2507,ssh_interactive,protocol_mimicry+tunnel_encapsulation,benign,benign,1,0.7412,0.0236,0.2352
2508,reverse_shell,random_padding,malicious_obfuscated,malicious_obfuscated,1,0.0257,0.0134,0.9609
2509,port_scan,dummy_injection,malicious_obfuscated,malicious_obfuscated,1,0.0148,0.0119,0.9733
2510,voip,none,benign,benign,1,0.9764,0.0130,0.0106
2511,c2_beacon,none,malicious_plain,malicious_plain,1,0.0099,0.9596,0.0304
2512,file_download,dummy_injection+constant_rate_shaping,benign,benign,1,0.9700,0.0123,0.0177
2513,reverse_shell,none,malicious_plain,malicious_plain,1,0.0089,0.9629,0.0282
2514,voip,none,benign,benign,1,0.9762,0.0126,0.0111
2515,voip,fragmentation+block_padding+tunnel_encapsulation,benign,benign,1,0.9393,0.0107,0.0500
2516,port_scan,constant_rate_shaping,malicious_obfuscated,malicious_obfuscated,1,0.0177,0.0100,0.9723
2517,brute_force,timing_jitter+constant_rate_shaping,malicious_obfuscated,malicious_obfuscated,1,0.0747,0.0106,0.9147
2518,reverse_shell,timing_jitter,malicious_obfuscated,malicious_obfuscated,1,0.0173,0.0108,0.9719
2519,voip,none,benign,benign,1,0.9768,0.0143,0.0090
2520,brute_force,none,malicious_plain,malicious_plain,1,0.0160,0.9031,0.0809
2521,web_browsing,fragmentation+constant_rate_shaping,benign,benign,1,0.9693,0.0119,0.0188
2522,brute_force,none,malicious_plain,malicious_plain,1,0.0108,0.9662,0.0230
2523,port_scan,none,malicious_plain,malicious_plain,1,0.0115,0.9444,0.0442
2524,reverse_shell,block_padding+timing_jitter+constant_rate_shaping,malicious_obfuscated,malicious_obfuscated,1,0.0329,0.0102,0.9569
2525,data_exfiltration,none,malicious_plain,malicious_plain,1,0.0106,0.9758,0.0136
2526,web_browsing,none,benign,benign,1,0.9780,0.0122,0.0099
2527,ddos_flood,protocol_mimicry+block_padding+random_padding,malicious_obfuscated,malicious_obfuscated,1,0.0164,0.0104,0.9732
2528,reverse_shell,random_padding+timing_jitter+constant_rate_shaping,malicious_obfuscated,malicious_obfuscated,1,0.0277,0.0107,0.9617
2529,ddos_flood,none,malicious_plain,malicious_plain,1,0.0114,0.9512,0.0375
2530,file_download,none,benign,benign,1,0.9699,0.0144,0.0158
2531,brute_force,none,malicious_plain,malicious_plain,1,0.0113,0.9527,0.0360
2532,voip,none,benign,benign,1,0.9777,0.0132,0.0091
2533,brute_force,none,malicious_plain,malicious_plain,1,0.0098,0.9659,0.0244
2534,port_scan,protocol_mimicry+timing_jitter+tunnel_encapsulation,malicious_obfuscated,malicious_obfuscated,1,0.0115,0.0117,0.9768
2535,c2_beacon,none,malicious_plain,malicious_plain,1,0.0185,0.9442,0.0373
2536,file_download,none,benign,benign,1,0.9735,0.0156,0.0110
2537,ssh_interactive,none,benign,benign,1,0.9768,0.0137,0.0095
2538,ddos_flood,none,malicious_plain,malicious_plain,1,0.0134,0.9412,0.0453
2539,data_exfiltration,none,malicious_plain,malicious_plain,1,0.0140,0.9747,0.0113
2540,brute_force,none,malicious_plain,malicious_plain,1,0.0135,0.9341,0.0524
2541,file_download,none,benign,benign,1,0.9717,0.0150,0.0132
2542,data_exfiltration,none,malicious_plain,malicious_plain,1,0.0127,0.9767,0.0106
2543,file_download,none,benign,benign,1,0.9747,0.0112,0.0141
2544,file_download,none,benign,benign,1,0.9702,0.0170,0.0128
2545,c2_beacon,dummy_injection,malicious_obfuscated,malicious_obfuscated,1,0.0076,0.0109,0.9816
2546,port_scan,protocol_mimicry+fragmentation+constant_rate_shaping,malicious_obfuscated,malicious_obfuscated,1,0.0410,0.0095,0.9495
2547,reverse_shell,none,malicious_plain,malicious_plain,1,0.1790,0.7455,0.0756
2548,dns_query,random_padding+dummy_injection,benign,malicious_obfuscated,0,0.2536,0.0847,0.6617
2549,data_exfiltration,none,malicious_plain,malicious_plain,1,0.0142,0.9640,0.0218
2550,brute_force,fragmentation+timing_jitter+tunnel_encapsulation,malicious_obfuscated,malicious_obfuscated,1,0.0168,0.0097,0.9735
2551,c2_beacon,none,malicious_plain,malicious_plain,1,0.0117,0.9727,0.0156
2552,voip,block_padding+timing_jitter,benign,benign,1,0.6509,0.0154,0.3337
2553,ddos_flood,random_padding+timing_jitter,malicious_obfuscated,malicious_obfuscated,1,0.0060,0.0107,0.9833
2554,data_exfiltration,protocol_mimicry+random_padding+timing_jitter,malicious_obfuscated,malicious_obfuscated,1,0.0093,0.0090,0.9816
2555,c2_beacon,tunnel_encapsulation,malicious_obfuscated,malicious_obfuscated,1,0.0162,0.0508,0.9330
2556,reverse_shell,none,malicious_plain,malicious_plain,1,0.0097,0.9633,0.0270
2557,port_scan,fragmentation+random_padding,malicious_obfuscated,malicious_obfuscated,1,0.0080,0.0103,0.9816
2558,video_streaming,none,benign,benign,1,0.9679,0.0197,0.0124
2559,port_scan,none,malicious_plain,malicious_plain,1,0.0149,0.9489,0.0363
2560,reverse_shell,none,malicious_plain,malicious_plain,1,0.0106,0.9796,0.0097
2561,brute_force,none,malicious_plain,malicious_plain,1,0.0122,0.9604,0.0274
2562,video_streaming,none,benign,benign,1,0.9711,0.0183,0.0106
2563,voip,none,benign,benign,1,0.9758,0.0130,0.0112
2564,port_scan,none,malicious_plain,malicious_plain,1,0.0123,0.9371,0.0506
2565,brute_force,dummy_injection+constant_rate_shaping,malicious_obfuscated,malicious_obfuscated,1,0.2918,0.0148,0.6934
2566,data_exfiltration,none,malicious_plain,malicious_plain,1,0.0127,0.9777,0.0096
2567,brute_force,none,malicious_plain,malicious_plain,1,0.0142,0.9487,0.0372
2568,file_download,none,benign,benign,1,0.9707,0.0168,0.0125
2569,video_streaming,protocol_mimicry+fragmentation+timing_jitter,benign,benign,1,0.9769,0.0136,0.0095
2570,ddos_flood,none,malicious_plain,malicious_plain,1,0.0103,0.9629,0.0268
2571,voip,none,benign,benign,1,0.9770,0.0143,0.0087
2572,brute_force,none,malicious_plain,malicious_plain,1,0.0132,0.9296,0.0572
2573,port_scan,block_padding,malicious_obfuscated,malicious_obfuscated,1,0.0088,0.0109,0.9803
2574,reverse_shell,timing_jitter,malicious_obfuscated,malicious_obfuscated,1,0.0153,0.0145,0.9702
2575,ddos_flood,none,malicious_plain,malicious_plain,1,0.0138,0.9418,0.0445
2576,video_streaming,none,benign,benign,1,0.9716,0.0157,0.0128
2577,c2_beacon,none,malicious_plain,malicious_plain,1,0.0081,0.9725,0.0195
2578,port_scan,protocol_mimicry+timing_jitter+tunnel_encapsulation,malicious_obfuscated,malicious_obfuscated,1,0.0094,0.0106,0.9800
2579,voip,protocol_mimicry+fragmentation,benign,benign,1,0.8417,0.0137,0.1446
2580,voip,fragmentation+dummy_injection+timing_jitter,benign,benign,1,0.9688,0.0131,0.0181
2581,ddos_flood,none,malicious_plain,malicious_plain,1,0.0117,0.9633,0.0251
2582,port_scan,none,malicious_plain,malicious_plain,1,0.0157,0.9286,0.0557
2583,ssh_interactive,none,benign,benign,1,0.9725,0.0126,0.0149
2584,data_exfiltration,none,malicious_plain,malicious_plain,1,0.0112,0.9763,0.0125
2585,reverse_shell,block_padding,malicious_obfuscated,benign,0,0.6252,0.0197,0.3551
2586,web_browsing,none,benign,benign,1,0.9774,0.0105,0.0120
2587,data_exfiltration,none,malicious_plain,malicious_plain,1,0.0127,0.9765,0.0109
2588,file_download,none,benign,benign,1,0.9733,0.0137,0.0130
2589,video_streaming,none,benign,benign,1,0.9677,0.0200,0.0122
2590,ddos_flood,none,malicious_plain,malicious_plain,1,0.0104,0.9604,0.0292
2591,ddos_flood,fragmentation+dummy_injection,malicious_obfuscated,malicious_plain,0,0.0343,0.5601,0.4056
2592,voip,none,benign,benign,1,0.9756,0.0133,0.0111
2593,ddos_flood,fragmentation+random_padding+constant_rate_shaping,malicious_obfuscated,malicious_obfuscated,1,0.0144,0.0094,0.9762
2594,video_streaming,block_padding,benign,benign,1,0.9718,0.0108,0.0173
2595,c2_beacon,none,malicious_plain,malicious_plain,1,0.0108,0.9655,0.0236
2596,file_download,none,benign,benign,1,0.9748,0.0141,0.0111
2597,ddos_flood,none,malicious_plain,malicious_plain,1,0.0126,0.9534,0.0340
2598,port_scan,block_padding,malicious_obfuscated,malicious_obfuscated,1,0.0052,0.0116,0.9832
2599,ssh_interactive,constant_rate_shaping,benign,malicious_obfuscated,0,0.3106,0.0115,0.6779
2600,reverse_shell,none,malicious_plain,malicious_plain,1,0.0123,0.9589,0.0287
2601,reverse_shell,protocol_mimicry+random_padding,malicious_obfuscated,malicious_obfuscated,1,0.0509,0.0103,0.9388
2602,video_streaming,fragmentation+dummy_injection,benign,benign,1,0.9690,0.0165,0.0145
2603,video_streaming,none,benign,benign,1,0.9720,0.0171,0.0109
2604,reverse_shell,dummy_injection+tunnel_encapsulation,malicious_obfuscated,malicious_obfuscated,1,0.0149,0.0095,0.9757
2605,video_streaming,protocol_mimicry+fragmentation+constant_rate_shaping,benign,benign,1,0.9119,0.0144,0.0736
2606,web_browsing,timing_jitter,benign,benign,1,0.9170,0.0105,0.0725
2607,file_download,none,benign,benign,1,0.9740,0.0131,0.0129
2608,reverse_shell,none,malicious_plain,benign,0,0.9300,0.0538,0.0163
2609,voip,none,benign,benign,1,0.9778,0.0132,0.0090
2610,data_exfiltration,block_padding+tunnel_encapsulation,malicious_obfuscated,malicious_obfuscated,1,0.0078,0.0087,0.9836
2611,reverse_shell,protocol_mimicry+random_padding+dummy_injection,malicious_obfuscated,malicious_obfuscated,1,0.1438,0.0128,0.8434
2612,port_scan,none,malicious_plain,malicious_plain,1,0.0151,0.9336,0.0513
2613,web_browsing,none,benign,benign,1,0.9763,0.0117,0.0121
2614,c2_beacon,random_padding+dummy_injection+tunnel_encapsulation,malicious_obfuscated,malicious_obfuscated,1,0.0105,0.0129,0.9767
2615,voip,fragmentation,benign,benign,1,0.9448,0.0105,0.0447
2616,c2_beacon,constant_rate_shaping,malicious_obfuscated,malicious_obfuscated,1,0.0732,0.0087,0.9181
2617,port_scan,none,malicious_plain,malicious_plain,1,0.0133,0.9436,0.0431
2618,c2_beacon,none,malicious_plain,malicious_plain,1,0.0110,0.9683,0.0207
2619,ddos_flood,none,malicious_plain,malicious_plain,1,0.0169,0.9009,0.0822
2620,dns_query,constant_rate_shaping,benign,benign,1,0.8616,0.0091,0.1293
2621,data_exfiltration,protocol_mimicry+fragmentation+dummy_injection,malicious_obfuscated,malicious_obfuscated,1,0.2144,0.0222,0.7634
2622,port_scan,none,malicious_plain,malicious_plain,1,0.0120,0.9359,0.0521
2623,brute_force,block_padding,malicious_obfuscated,malicious_obfuscated,1,0.0155,0.0121,0.9725
2624,file_download,none,benign,benign,1,0.9742,0.0096,0.0162
2625,web_browsing,none,benign,benign,1,0.9760,0.0149,0.0091
2626,c2_beacon,protocol_mimicry+random_padding,malicious_obfuscated,benign,0,0.5007,0.0168,0.4825
2627,c2_beacon,block_padding+random_padding+constant_rate_shaping,malicious_obfuscated,malicious_obfuscated,1,0.0749,0.0083,0.9169
2628,file_download,fragmentation+block_padding+tunnel_encapsulation,benign,benign,1,0.7628,0.0208,0.2164
2629,file_download,none,benign,benign,1,0.9704,0.0152,0.0144
2630,data_exfiltration,fragmentation+timing_jitter,malicious_obfuscated,malicious_obfuscated,1,0.0090,0.0101,0.9809
2631,video_streaming,fragmentation+block_padding,benign,benign,1,0.9733,0.0126,0.0142
2632,reverse_shell,protocol_mimicry,malicious_obfuscated,malicious_obfuscated,1,0.0366,0.0074,0.9560
2633,data_exfiltration,protocol_mimicry+block_padding+random_padding,malicious_obfuscated,malicious_obfuscated,1,0.0189,0.0145,0.9667
2634,reverse_shell,none,malicious_plain,malicious_plain,1,0.0145,0.9687,0.0168
2635,brute_force,none,malicious_plain,malicious_plain,1,0.0155,0.9167,0.0679
2636,ssh_interactive,fragmentation+dummy_injection+timing_jitter,benign,benign,1,0.9587,0.0141,0.0272
2637,video_streaming,random_padding+dummy_injection,benign,benign,1,0.9754,0.0144,0.0103
2638,c2_beacon,none,malicious_plain,malicious_plain,1,0.0107,0.9571,0.0322
2639,brute_force,timing_jitter,malicious_obfuscated,malicious_obfuscated,1,0.0119,0.0123,0.9758
2640,ddos_flood,none,malicious_plain,malicious_plain,1,0.0119,0.9583,0.0298
2641,ssh_interactive,none,benign,benign,1,0.9758,0.0103,0.0139
2642,ddos_flood,none,malicious_plain,malicious_plain,1,0.0120,0.9558,0.0322
2643,file_download,block_padding,benign,benign,1,0.9740,0.0119,0.0142
2644,brute_force,none,malicious_plain,malicious_plain,1,0.0108,0.9627,0.0265
2645,voip,fragmentation,benign,benign,1,0.9752,0.0143,0.0104
2646,reverse_shell,protocol_mimicry+block_padding+dummy_injection,malicious_obfuscated,malicious_obfuscated,1,0.0223,0.0087,0.9690
2647,reverse_shell,fragmentation+tunnel_encapsulation,malicious_obfuscated,malicious_obfuscated,1,0.0278,0.0089,0.9634
2648,reverse_shell,block_padding+random_padding+timing_jitter,malicious_obfuscated,malicious_obfuscated,1,0.0157,0.0109,0.9734
2649,voip,none,benign,benign,1,0.9770,0.0124,0.0106
2650,data_exfiltration,block_padding+dummy_injection+tunnel_encapsulation,malicious_obfuscated,malicious_obfuscated,1,0.0129,0.0108,0.9763
2651,brute_force,constant_rate_shaping,malicious_obfuscated,malicious_obfuscated,1,0.1242,0.0127,0.8631
2652,voip,block_padding+timing_jitter,benign,benign,1,0.9371,0.0106,0.0523
2653,reverse_shell,timing_jitter,malicious_obfuscated,malicious_obfuscated,1,0.0178,0.0189,0.9634
2654,data_exfiltration,none,malicious_plain,malicious_plain,1,0.0123,0.9773,0.0104
2655,data_exfiltration,none,malicious_plain,malicious_plain,1,0.0165,0.9685,0.0150
2656,ddos_flood,random_padding,malicious_obfuscated,malicious_obfuscated,1,0.0068,0.0097,0.9834
2657,web_browsing,none,benign,benign,1,0.9594,0.0133,0.0273
2658,ddos_flood,none,malicious_plain,malicious_plain,1,0.0141,0.9499,0.0360
2659,port_scan,fragmentation+dummy_injection+constant_rate_shaping,malicious_obfuscated,malicious_obfuscated,1,0.0639,0.0102,0.9259
2660,reverse_shell,none,malicious_plain,malicious_plain,1,0.0074,0.9780,0.0146
2661,c2_beacon,block_padding,malicious_obfuscated,malicious_obfuscated,1,0.0095,0.0102,0.9803
2662,data_exfiltration,block_padding+timing_jitter,malicious_obfuscated,malicious_obfuscated,1,0.0073,0.0102,0.9826
2663,web_browsing,none,benign,benign,1,0.9773,0.0106,0.0121
2664,reverse_shell,none,malicious_plain,malicious_plain,1,0.0120,0.9611,0.0269
2665,file_download,timing_jitter,benign,benign,1,0.8898,0.0183,0.0919
2666,port_scan,none,malicious_plain,malicious_plain,1,0.0119,0.9443,0.0438
2667,brute_force,protocol_mimicry+block_padding,malicious_obfuscated,malicious_obfuscated,1,0.0807,0.0120,0.9073
2668,voip,none,benign,benign,1,0.9739,0.0111,0.0150
2669,data_exfiltration,fragmentation+block_padding+tunnel_encapsulation,malicious_obfuscated,malicious_obfuscated,1,0.0165,0.0107,0.9727
2670,file_download,none,benign,benign,1,0.9705,0.0171,0.0124
2671,reverse_shell,protocol_mimicry+dummy_injection,malicious_obfuscated,benign,0,0.7067,0.0151,0.2781
2672,c2_beacon,none,malicious_plain,malicious_plain,1,0.0104,0.9491,0.0404
2673,port_scan,protocol_mimicry+random_padding+tunnel_encapsulation,malicious_obfuscated,malicious_obfuscated,1,0.0089,0.0085,0.9826
2674,brute_force,dummy_injection+constant_rate_shaping,malicious_obfuscated,malicious_obfuscated,1,0.0657,0.0108,0.9236
2675,brute_force,protocol_mimicry+dummy_injection,malicious_obfuscated,malicious_obfuscated,1,0.1895,0.0178,0.7926
2676,video_streaming,none,benign,benign,1,0.9705,0.0176,0.0119
2677,brute_force,protocol_mimicry+tunnel_encapsulation,malicious_obfuscated,malicious_obfuscated,1,0.0340,0.0148,0.9511
2678,ssh_interactive,none,benign,benign,1,0.9771,0.0113,0.0116
2679,voip,none,benign,benign,1,0.9758,0.0112,0.0131
2680,reverse_shell,dummy_injection+timing_jitter+constant_rate_shaping,malicious_obfuscated,malicious_obfuscated,1,0.1096,0.0130,0.8774
2681,ddos_flood,fragmentation+block_padding+random_padding,malicious_obfuscated,malicious_obfuscated,1,0.0060,0.0096,0.9843
2682,port_scan,block_padding+constant_rate_shaping+tunnel_encapsulation,malicious_obfuscated,malicious_obfuscated,1,0.0494,0.0115,0.9391
2683,voip,none,benign,benign,1,0.9733,0.0128,0.0139
2684,video_streaming,none,benign,benign,1,0.9704,0.0157,0.0139
2685,reverse_shell,none,malicious_plain,malicious_plain,1,0.0095,0.9684,0.0221
2686,voip,protocol_mimicry+block_padding+constant_rate_shaping,benign,benign,1,0.4981,0.0115,0.4904
2687,video_streaming,block_padding+random_padding,benign,benign,1,0.9747,0.0113,0.0140
2688,reverse_shell,constant_rate_shaping+tunnel_encapsulation,malicious_obfuscated,benign,0,0.5256,0.0107,0.4637
2689,data_exfiltration,none,malicious_plain,malicious_plain,1,0.0111,0.9809,0.0081
2690,data_exfiltration,none,malicious_plain,malicious_plain,1,0.0116,0.9787,0.0097
2691,video_streaming,none,benign,benign,1,0.9692,0.0168,0.0140
2692,ddos_flood,timing_jitter+constant_rate_shaping,malicious_obfuscated,malicious_obfuscated,1,0.3603,0.0188,0.6210
2693,video_streaming,none,benign,benign,1,0.9716,0.0155,0.0129
2694,ssh_interactive,none,benign,benign,1,0.9756,0.0118,0.0126
2695,ddos_flood,fragmentation+block_padding+tunnel_encapsulation,malicious_obfuscated,malicious_obfuscated,1,0.0095,0.0092,0.9813
2696,data_exfiltration,none,malicious_plain,malicious_plain,1,0.0104,0.9813,0.0084
2697,file_download,none,benign,benign,1,0.9736,0.0135,0.0129
2698,video_streaming,none,benign,benign,1,0.9693,0.0185,0.0122
2699,brute_force,timing_jitter,malicious_obfuscated,malicious_obfuscated,1,0.0105,0.0143,0.9752
2700,c2_beacon,dummy_injection+constant_rate_shaping,malicious_obfuscated,malicious_obfuscated,1,0.1183,0.0125,0.8692
2701,ssh_interactive,fragmentation,benign,benign,1,0.9704,0.0109,0.0187
2702,port_scan,timing_jitter,malicious_obfuscated,malicious_obfuscated,1,0.0100,0.0097,0.9803
2703,data_exfiltration,none,malicious_plain,malicious_plain,1,0.0134,0.9755,0.0111
2704,data_exfiltration,none,malicious_plain,malicious_plain,1,0.0126,0.9793,0.0082
2705,ddos_flood,none,malicious_plain,malicious_plain,1,0.0112,0.9552,0.0336
2706,data_exfiltration,none,malicious_plain,malicious_plain,1,0.0126,0.9727,0.0147
2707,reverse_shell,none,malicious_plain,malicious_plain,1,0.0103,0.9708,0.0189
2708,port_scan,none,malicious_plain,malicious_plain,1,0.0122,0.9512,0.0366
2709,file_download,none,benign,benign,1,0.9743,0.0131,0.0126
2710,c2_beacon,none,malicious_plain,malicious_plain,1,0.0099,0.9625,0.0277
2711,ssh_interactive,protocol_mimicry+block_padding+constant_rate_shaping,benign,benign,1,0.5751,0.0145,0.4104
2712,ddos_flood,none,malicious_plain,malicious_plain,1,0.0110,0.9653,0.0237
2713,brute_force,random_padding+tunnel_encapsulation,malicious_obfuscated,malicious_obfuscated,1,0.0164,0.0123,0.9714
2714,brute_force,random_padding+dummy_injection+timing_jitter,malicious_obfuscated,malicious_obfuscated,1,0.0457,0.0159,0.9384
2715,ddos_flood,none,malicious_plain,malicious_plain,1,0.0119,0.9579,0.0302
2716,port_scan,dummy_injection,malicious_obfuscated,malicious_obfuscated,1,0.0178,0.0283,0.9539
2717,reverse_shell,none,malicious_plain,malicious_plain,1,0.0110,0.9655,0.0236
2718,file_download,block_padding,benign,benign,1,0.9786,0.0114,0.0100
2719,web_browsing,none,benign,benign,1,0.9772,0.0110,0.0119
2720,ddos_flood,none,malicious_plain,malicious_plain,1,0.0108,0.9552,0.0340
2721,brute_force,none,malicious_plain,malicious_plain,1,0.0163,0.9375,0.0462
2722,ddos_flood,block_padding+constant_rate_shaping+tunnel_encapsulation,malicious_obfuscated,malicious_obfuscated,1,0.0208,0.0114,0.9677
2723,ssh_interactive,constant_rate_shaping,benign,benign,1,0.8843,0.0143,0.1014
2724,data_exfiltration,block_padding+random_padding,malicious_obfuscated,malicious_obfuscated,1,0.0110,0.0088,0.9803
2725,file_download,protocol_mimicry+dummy_injection+constant_rate_shaping,benign,malicious_obfuscated,0,0.3342,0.0139,0.6519
2726,video_streaming,none,benign,benign,1,0.9699,0.0184,0.0117
2727,voip,none,benign,benign,1,0.9750,0.0113,0.0137
2728,data_exfiltration,protocol_mimicry+dummy_injection+constant_rate_shaping,malicious_obfuscated,malicious_obfuscated,1,0.0998,0.0091,0.8910
2729,ssh_interactive,block_padding+timing_jitter+tunnel_encapsulation,benign,malicious_obfuscated,0,0.1469,0.0109,0.8423
2730,video_streaming,none,benign,benign,1,0.9692,0.0199,0.0109
2731,c2_beacon,none,malicious_plain,malicious_plain,1,0.0101,0.9730,0.0169
2732,voip,none,benign,benign,1,0.9733,0.0143,0.0124
2733,file_download,none,benign,benign,1,0.9725,0.0119,0.0156
2734,file_download,none,benign,benign,1,0.9736,0.0149,0.0115
2735,reverse_shell,none,malicious_plain,malicious_plain,1,0.0083,0.9787,0.0131
2736,ddos_flood,protocol_mimicry+timing_jitter,malicious_obfuscated,malicious_obfuscated,1,0.0096,0.0117,0.9787
2737,web_browsing,none,benign,benign,1,0.9784,0.0096,0.0121
2738,video_streaming,none,benign,benign,1,0.9699,0.0191,0.0110
2739,video_streaming,none,benign,benign,1,0.9732,0.0164,0.0104
2740,dns_query,fragmentation+dummy_injection,benign,benign,1,0.9635,0.0132,0.0233
2741,port_scan,protocol_mimicry,malicious_obfuscated,malicious_obfuscated,1,0.0095,0.0194,0.9711
2742,port_scan,constant_rate_shaping,malicious_obfuscated,malicious_obfuscated,1,0.0180,0.0101,0.9718
2743,ddos_flood,fragmentation+timing_jitter,malicious_obfuscated,malicious_obfuscated,1,0.0050,0.0107,0.9843
2744,port_scan,none,malicious_plain,malicious_plain,1,0.0110,0.9425,0.0464
2745,ddos_flood,none,malicious_plain,malicious_plain,1,0.0134,0.9543,0.0323
2746,c2_beacon,protocol_mimicry+fragmentation,malicious_obfuscated,malicious_obfuscated,1,0.0356,0.0070,0.9574
2747,voip,none,benign,benign,1,0.9757,0.0143,0.0100
2748,ddos_flood,none,malicious_plain,malicious_plain,1,0.0103,0.9667,0.0229
2749,brute_force,none,malicious_plain,malicious_plain,1,0.0116,0.9525,0.0359
2750,web_browsing,none,benign,benign,1,0.9745,0.0106,0.0149
2751,data_exfiltration,protocol_mimicry,malicious_obfuscated,malicious_obfuscated,1,0.0118,0.0102,0.9780
2752,brute_force,none,malicious_plain,malicious_plain,1,0.0110,0.9535,0.0355
2753,data_exfiltration,none,malicious_plain,malicious_plain,1,0.0147,0.9651,0.0203
2754,file_download,none,benign,benign,1,0.9707,0.0186,0.0107
2755,web_browsing,none,benign,benign,1,0.9773,0.0126,0.0102
2756,reverse_shell,protocol_mimicry+fragmentation,malicious_obfuscated,malicious_obfuscated,1,0.0294,0.0078,0.9628
2757,web_browsing,none,benign,benign,1,0.9803,0.0103,0.0094
2758,brute_force,fragmentation,malicious_obfuscated,malicious_plain,0,0.0119,0.9495,0.0386
2759,reverse_shell,block_padding+random_padding,malicious_obfuscated,malicious_plain,0,0.0213,0.8624,0.1163
2760,data_exfiltration,dummy_injection+timing_jitter+constant_rate_shaping,malicious_obfuscated,malicious_obfuscated,1,0.0128,0.0123,0.9749
2761,brute_force,protocol_mimicry+fragmentation+constant_rate_shaping,malicious_obfuscated,malicious_obfuscated,1,0.0180,0.0113,0.9707
2762,data_exfiltration,none,malicious_plain,malicious_plain,1,0.0110,0.9769,0.0121
2763,reverse_shell,none,malicious_plain,malicious_plain,1,0.0116,0.9756,0.0129
2764,voip,protocol_mimicry+fragmentation+dummy_injection,benign,benign,1,0.7307,0.0188,0.2504
2765,brute_force,fragmentation+constant_rate_shaping+tunnel_encapsulation,malicious_obfuscated,malicious_obfuscated,1,0.0622,0.0104,0.9274
2766,c2_beacon,none,malicious_plain,malicious_plain,1,0.0117,0.9646,0.0237
2767,voip,none,benign,benign,1,0.9764,0.0133,0.0103
2768,data_exfiltration,protocol_mimicry+block_padding+timing_jitter,malicious_obfuscated,malicious_obfuscated,1,0.0090,0.0138,0.9772
2769,data_exfiltration,none,malicious_plain,malicious_plain,1,0.0146,0.9737,0.0117
2770,web_browsing,none,benign,benign,1,0.9722,0.0110,0.0168
2771,brute_force,none,malicious_plain,malicious_plain,1,0.0094,0.9715,0.0191
2772,file_download,none,benign,benign,1,0.9723,0.0129,0.0148
2773,data_exfiltration,random_padding+dummy_injection+timing_jitter,malicious_obfuscated,malicious_obfuscated,1,0.0122,0.0108,0.9770
2774,brute_force,random_padding+tunnel_encapsulation,malicious_obfuscated,malicious_obfuscated,1,0.0143,0.0094,0.9763
2775,data_exfiltration,none,malicious_plain,malicious_plain,1,0.0144,0.9743,0.0113
2776,reverse_shell,none,malicious_plain,malicious_plain,1,0.0134,0.9603,0.0263
2777,web_browsing,none,benign,benign,1,0.9761,0.0084,0.0154
2778,c2_beacon,none,malicious_plain,malicious_plain,1,0.0115,0.9716,0.0169
2779,port_scan,none,malicious_plain,malicious_plain,1,0.0124,0.9364,0.0512
2780,port_scan,fragmentation+random_padding,malicious_obfuscated,malicious_obfuscated,1,0.0117,0.0196,0.9688
2781,ssh_interactive,none,benign,benign,1,0.9611,0.0153,0.0236
2782,ddos_flood,timing_jitter+tunnel_encapsulation,malicious_obfuscated,malicious_obfuscated,1,0.0066,0.0140,0.9794
2783,port_scan,protocol_mimicry+block_padding+random_padding,malicious_obfuscated,malicious_obfuscated,1,0.0087,0.0095,0.9818
2784,data_exfiltration,none,malicious_plain,malicious_plain,1,0.0129,0.9769,0.0103
2785,voip,none,benign,benign,1,0.9739,0.0118,0.0143
2786,voip,block_padding+dummy_injection,benign,benign,1,0.9279,0.0111,0.0610
2787,reverse_shell,none,malicious_plain,malicious_plain,1,0.0129,0.9743,0.0128
2788,reverse_shell,none,malicious_plain,malicious_plain,1,0.0120,0.9734,0.0146
2789,video_streaming,none,benign,benign,1,0.9662,0.0188,0.0150
2790,ssh_interactive,none,benign,benign,1,0.9770,0.0125,0.0105
2791,reverse_shell,fragmentation+block_padding+tunnel_encapsulation,malicious_obfuscated,malicious_obfuscated,1,0.0211,0.0085,0.9704
2792,file_download,protocol_mimicry+block_padding,benign,benign,1,0.9648,0.0118,0.0235
2793,data_exfiltration,random_padding+tunnel_encapsulation,malicious_obfuscated,malicious_obfuscated,1,0.0071,0.0094,0.9835
2794,brute_force,none,malicious_plain,malicious_plain,1,0.0113,0.9503,0.0384
2795,brute_force,constant_rate_shaping,malicious_obfuscated,malicious_obfuscated,1,0.1006,0.0124,0.8871
2796,reverse_shell,block_padding+dummy_injection+tunnel_encapsulation,malicious_obfuscated,malicious_obfuscated,1,0.0102,0.0095,0.9803
2797,brute_force,fragmentation+dummy_injection+constant_rate_shaping,malicious_obfuscated,malicious_obfuscated,1,0.2262,0.0164,0.7574
2798,ssh_interactive,none,benign,benign,1,0.9780,0.0123,0.0097
2799,reverse_shell,fragmentation+block_padding+dummy_injection,malicious_obfuscated,malicious_obfuscated,1,0.0808,0.0202,0.8990
2800,c2_beacon,fragmentation+random_padding+dummy_injection,malicious_obfuscated,malicious_obfuscated,1,0.0108,0.0106,0.9787
2801,brute_force,none,malicious_plain,malicious_plain,1,0.0144,0.9476,0.0381
2802,data_exfiltration,protocol_mimicry+random_padding,malicious_obfuscated,malicious_obfuscated,1,0.0165,0.0132,0.9703
2803,web_browsing,none,benign,benign,1,0.9773,0.0117,0.0109
2804,ddos_flood,timing_jitter+constant_rate_shaping,malicious_obfuscated,malicious_obfuscated,1,0.2596,0.0131,0.7273
2805,port_scan,protocol_mimicry+random_padding+constant_rate_shaping,malicious_obfuscated,malicious_obfuscated,1,0.0177,0.0117,0.9707
2806,voip,block_padding+constant_rate_shaping,benign,benign,1,0.8097,0.0117,0.1786
2807,port_scan,protocol_mimicry+block_padding,malicious_obfuscated,malicious_obfuscated,1,0.0463,0.0106,0.9431
2808,video_streaming,none,benign,benign,1,0.9713,0.0149,0.0138
2809,reverse_shell,protocol_mimicry+random_padding+tunnel_encapsulation,malicious_obfuscated,malicious_obfuscated,1,0.0864,0.0130,0.9007
2810,reverse_shell,protocol_mimicry+block_padding+tunnel_encapsulation,malicious_obfuscated,benign,0,0.6097,0.0172,0.3731
2811,video_streaming,none,benign,benign,1,0.9639,0.0217,0.0144
2812,reverse_shell,protocol_mimicry+random_padding,malicious_obfuscated,malicious_obfuscated,1,0.0324,0.0100,0.9577
2813,web_browsing,none,benign,benign,1,0.9767,0.0120,0.0113
2814,dns_query,protocol_mimicry+fragmentation+random_padding,benign,benign,1,0.8545,0.0476,0.0979
2815,video_streaming,none,benign,benign,1,0.9673,0.0186,0.0141
2816,file_download,protocol_mimicry+block_padding,benign,benign,1,0.9727,0.0143,0.0130
2817,file_download,constant_rate_shaping,benign,benign,1,0.9414,0.0103,0.0483
2818,ddos_flood,random_padding+constant_rate_shaping,malicious_obfuscated,malicious_obfuscated,1,0.0148,0.0113,0.9739
2819,reverse_shell,none,malicious_plain,malicious_plain,1,0.0094,0.9789,0.0117
2820,data_exfiltration,none,malicious_plain,malicious_plain,1,0.0147,0.9658,0.0196
2821,c2_beacon,none,malicious_plain,malicious_plain,1,0.0082,0.9770,0.0148
2822,file_download,fragmentation+block_padding+dummy_injection,benign,benign,1,0.9663,0.0156,0.0180
2823,voip,none,benign,benign,1,0.9763,0.0129,0.0108
2824,web_browsing,none,benign,benign,1,0.9753,0.0103,0.0143
2825,file_download,fragmentation,benign,benign,1,0.9604,0.0131,0.0265
2826,video_streaming,none,benign,benign,1,0.9696,0.0144,0.0160
2827,data_exfiltration,block_padding+timing_jitter,malicious_obfuscated,malicious_obfuscated,1,0.0094,0.0082,0.9824
2828,port_scan,none,malicious_plain,malicious_plain,1,0.0158,0.9143,0.0699
2829,reverse_shell,protocol_mimicry+fragmentation+timing_jitter,malicious_obfuscated,benign,0,0.7492,0.0207,0.2301
2830,video_streaming,block_padding+dummy_injection,benign,benign,1,0.9670,0.0206,0.0124
2831,brute_force,random_padding,malicious_obfuscated,malicious_obfuscated,1,0.0085,0.0271,0.9644
2832,reverse_shell,none,malicious_plain,malicious_plain,1,0.0096,0.9693,0.0211
2833,c2_beacon,none,malicious_plain,malicious_plain,1,0.0136,0.9623,0.0241
2834,brute_force,none,malicious_plain,malicious_plain,1,0.0147,0.9308,0.0545
2835,brute_force,timing_jitter,malicious_obfuscated,malicious_plain,0,0.0123,0.9421,0.0456
2836,file_download,protocol_mimicry+timing_jitter,benign,benign,1,0.9731,0.0149,0.0120
2837,c2_beacon,dummy_injection+timing_jitter+tunnel_encapsulation,malicious_obfuscated,malicious_obfuscated,1,0.0087,0.0131,0.9782
2838,c2_beacon,none,malicious_plain,malicious_plain,1,0.0085,0.9588,0.0327
2839,c2_beacon,none,malicious_plain,malicious_plain,1,0.0118,0.9396,0.0485
2840,file_download,timing_jitter,benign,benign,1,0.9734,0.0153,0.0112
2841,port_scan,none,malicious_plain,malicious_plain,1,0.0130,0.9318,0.0553
2842,video_streaming,none,benign,benign,1,0.9701,0.0156,0.0143
2843,c2_beacon,fragmentation+random_padding,malicious_obfuscated,malicious_obfuscated,1,0.0079,0.0106,0.9815
2844,reverse_shell,fragmentation+timing_jitter+tunnel_encapsulation,malicious_obfuscated,malicious_obfuscated,1,0.0384,0.0081,0.9536
2845,data_exfiltration,none,malicious_plain,malicious_plain,1,0.0114,0.9790,0.0097
2846,video_streaming,block_padding+random_padding,benign,benign,1,0.9677,0.0172,0.0151
2847,data_exfiltration,fragmentation+block_padding+timing_jitter,malicious_obfuscated,malicious_obfuscated,1,0.0104,0.0096,0.9801
2848,port_scan,timing_jitter+tunnel_encapsulation,malicious_obfuscated,malicious_obfuscated,1,0.0193,0.0124,0.9684
2849,reverse_shell,protocol_mimicry+timing_jitter+tunnel_encapsulation,malicious_obfuscated,malicious_obfuscated,1,0.0438,0.0112,0.9450
2850,c2_beacon,none,malicious_plain,malicious_plain,1,0.0134,0.9640,0.0225
2851,ssh_interactive,none,benign,benign,1,0.9774,0.0114,0.0112
2852,video_streaming,timing_jitter,benign,benign,1,0.9704,0.0128,0.0167
2853,ddos_flood,fragmentation,malicious_obfuscated,malicious_plain,0,0.0136,0.9353,0.0511
2854,file_download,protocol_mimicry+dummy_injection+constant_rate_shaping,benign,benign,1,0.9374,0.0105,0.0520
2855,brute_force,timing_jitter+tunnel_encapsulation,malicious_obfuscated,malicious_obfuscated,1,0.0137,0.0108,0.9755
2856,reverse_shell,fragmentation+constant_rate_shaping,malicious_obfuscated,malicious_obfuscated,1,0.2562,0.0135,0.7302
2857,ssh_interactive,none,benign,benign,1,0.9721,0.0129,0.0150
2858,ddos_flood,none,malicious_plain,malicious_plain,1,0.0134,0.9529,0.0337
2859,c2_beacon,dummy_injection,malicious_obfuscated,malicious_obfuscated,1,0.0088,0.0131,0.9781
2860,video_streaming,constant_rate_shaping,benign,benign,1,0.9690,0.0157,0.0153
2861,port_scan,block_padding+timing_jitter,malicious_obfuscated,malicious_obfuscated,1,0.0224,0.0111,0.9665
2862,data_exfiltration,tunnel_encapsulation,malicious_obfuscated,malicious_obfuscated,1,0.0047,0.0076,0.9877
2863,reverse_shell,none,malicious_plain,malicious_plain,1,0.0126,0.9729,0.0146
2864,data_exfiltration,none,malicious_plain,malicious_plain,1,0.0125,0.9745,0.0130
2865,port_scan,none,malicious_plain,malicious_plain,1,0.0112,0.9365,0.0523
2866,port_scan,none,malicious_plain,malicious_plain,1,0.0140,0.9355,0.0505
2867,brute_force,none,malicious_plain,malicious_plain,1,0.0113,0.9558,0.0329
2868,ddos_flood,protocol_mimicry+fragmentation+random_padding,malicious_obfuscated,malicious_obfuscated,1,0.0072,0.0128,0.9800
2869,ddos_flood,none,malicious_plain,malicious_plain,1,0.0107,0.9573,0.0320
2870,brute_force,tunnel_encapsulation,malicious_obfuscated,malicious_plain,0,0.0118,0.9567,0.0315
2871,reverse_shell,none,malicious_plain,malicious_plain,1,0.0419,0.9478,0.0104
2872,port_scan,none,malicious_plain,malicious_plain,1,0.0155,0.9414,0.0431
2873,ssh_interactive,none,benign,benign,1,0.9765,0.0115,0.0120
2874,video_streaming,random_padding+timing_jitter,benign,benign,1,0.9798,0.0135,0.0067
2875,port_scan,fragmentation+random_padding+timing_jitter,malicious_obfuscated,malicious_obfuscated,1,0.0097,0.0098,0.9805
2876,voip,none,benign,benign,1,0.9764,0.0120,0.0116
2877,file_download,none,benign,benign,1,0.9728,0.0132,0.0140
2878,reverse_shell,none,malicious_plain,malicious_plain,1,0.0137,0.9505,0.0359
2879,port_scan,protocol_mimicry+timing_jitter,malicious_obfuscated,malicious_obfuscated,1,0.0112,0.0111,0.9777
2880,brute_force,fragmentation+random_padding+constant_rate_shaping,malicious_obfuscated,malicious_obfuscated,1,0.0886,0.0122,0.8992
2881,data_exfiltration,none,malicious_plain,malicious_plain,1,0.0132,0.9768,0.0100
2882,file_download,fragmentation,benign,benign,1,0.9681,0.0139,0.0181
2883,ddos_flood,timing_jitter+tunnel_encapsulation,malicious_obfuscated,malicious_obfuscated,1,0.0124,0.0107,0.9770
2884,video_streaming,dummy_injection+timing_jitter,benign,benign,1,0.9760,0.0138,0.0103
2885,ddos_flood,protocol_mimicry+block_padding+constant_rate_shaping,malicious_obfuscated,malicious_obfuscated,1,0.0633,0.0123,0.9244
2886,reverse_shell,none,malicious_plain,malicious_plain,1,0.0125,0.9582,0.0293
2887,brute_force,protocol_mimicry+fragmentation+random_padding,malicious_obfuscated,malicious_obfuscated,1,0.0228,0.0128,0.9644
2888,data_exfiltration,none,malicious_plain,malicious_plain,1,0.0134,0.9758,0.0108
2889,c2_beacon,none,malicious_plain,malicious_plain,1,0.0130,0.8952,0.0918
2890,reverse_shell,none,malicious_plain,malicious_plain,1,0.0085,0.9696,0.0219
2891,video_streaming,none,benign,benign,1,0.9688,0.0143,0.0169
2892,brute_force,block_padding+tunnel_encapsulation,malicious_obfuscated,malicious_obfuscated,1,0.0178,0.0142,0.9680
2893,reverse_shell,none,malicious_plain,malicious_plain,1,0.0111,0.9732,0.0157
2894,c2_beacon,block_padding,malicious_obfuscated,malicious_obfuscated,1,0.0093,0.0109,0.9799
2895,c2_beacon,none,malicious_plain,malicious_plain,1,0.0084,0.9727,0.0189
2896,data_exfiltration,none,malicious_plain,malicious_plain,1,0.0144,0.9729,0.0126
2897,file_download,none,benign,benign,1,0.9707,0.0157,0.0136
2898,reverse_shell,none,malicious_plain,malicious_plain,1,0.0127,0.9510,0.0362
2899,c2_beacon,fragmentation+random_padding+tunnel_encapsulation,malicious_obfuscated,malicious_obfuscated,1,0.0147,0.0106,0.9747
2900,reverse_shell,none,malicious_plain,malicious_plain,1,0.0109,0.9616,0.0275
2901,ddos_flood,none,malicious_plain,malicious_plain,1,0.0114,0.9501,0.0385
2902,brute_force,none,malicious_plain,malicious_plain,1,0.0138,0.9357,0.0505
2903,web_browsing,block_padding,benign,benign,1,0.9675,0.0098,0.0228
2904,port_scan,none,malicious_plain,malicious_plain,1,0.0128,0.9285,0.0586
2905,ddos_flood,random_padding+timing_jitter,malicious_obfuscated,malicious_obfuscated,1,0.0064,0.0124,0.9812
2906,file_download,timing_jitter+tunnel_encapsulation,benign,benign,1,0.9773,0.0142,0.0084
2907,file_download,constant_rate_shaping,benign,benign,1,0.9757,0.0119,0.0124
2908,file_download,block_padding+dummy_injection+timing_jitter,benign,benign,1,0.9857,0.0098,0.0045
2909,ddos_flood,protocol_mimicry,malicious_obfuscated,malicious_obfuscated,1,0.0112,0.0145,0.9743
2910,web_browsing,none,benign,benign,1,0.9174,0.0695,0.0131
2911,data_exfiltration,tunnel_encapsulation,malicious_obfuscated,malicious_obfuscated,1,0.0068,0.0091,0.9841
2912,data_exfiltration,none,malicious_plain,malicious_plain,1,0.0116,0.9801,0.0084
2913,port_scan,block_padding+timing_jitter+tunnel_encapsulation,malicious_obfuscated,malicious_obfuscated,1,0.0152,0.0139,0.9709
2914,brute_force,fragmentation+dummy_injection,malicious_obfuscated,malicious_obfuscated,1,0.0086,0.0121,0.9793
2915,brute_force,none,malicious_plain,malicious_plain,1,0.0119,0.9590,0.0291
2916,reverse_shell,random_padding+dummy_injection+timing_jitter,malicious_obfuscated,malicious_obfuscated,1,0.0109,0.0131,0.9760
2917,file_download,block_padding+dummy_injection+timing_jitter,benign,benign,1,0.9804,0.0103,0.0093
2918,ssh_interactive,none,benign,benign,1,0.9783,0.0122,0.0096
2919,ssh_interactive,none,benign,benign,1,0.9785,0.0127,0.0088
2920,reverse_shell,none,malicious_plain,malicious_plain,1,0.0127,0.9596,0.0277
2921,web_browsing,none,benign,benign,1,0.9778,0.0092,0.0130
2922,reverse_shell,block_padding+dummy_injection+tunnel_encapsulation,malicious_obfuscated,malicious_obfuscated,1,0.0197,0.0098,0.9704
2923,voip,none,benign,benign,1,0.9766,0.0140,0.0094
2924,brute_force,none,malicious_plain,malicious_plain,1,0.0112,0.9416,0.0472
2925,c2_beacon,none,malicious_plain,malicious_plain,1,0.0083,0.9744,0.0172
2926,c2_beacon,none,malicious_plain,malicious_plain,1,0.0104,0.9687,0.0209
2927,ssh_interactive,none,benign,benign,1,0.8914,0.0144,0.0941
2928,voip,none,benign,benign,1,0.9754,0.0136,0.0110
2929,reverse_shell,none,malicious_plain,malicious_plain,1,0.0169,0.8588,0.1243
2930,file_download,fragmentation+block_padding+timing_jitter,benign,benign,1,0.9774,0.0140,0.0086
2931,data_exfiltration,fragmentation+block_padding+timing_jitter,malicious_obfuscated,malicious_obfuscated,1,0.0138,0.0124,0.9738
2932,brute_force,fragmentation,malicious_obfuscated,malicious_obfuscated,1,0.0131,0.0128,0.9741
2933,c2_beacon,none,malicious_plain,malicious_plain,1,0.0113,0.9429,0.0458
2934,file_download,none,benign,benign,1,0.9725,0.0150,0.0125
2935,port_scan,none,malicious_plain,malicious_plain,1,0.0125,0.9464,0.0412
2936,video_streaming,fragmentation+block_padding+constant_rate_shaping,benign,benign,1,0.9417,0.0137,0.0446
2937,port_scan,dummy_injection+constant_rate_shaping+tunnel_encapsulation,malicious_obfuscated,malicious_obfuscated,1,0.0393,0.0143,0.9464
2938,voip,none,benign,benign,1,0.9778,0.0113,0.0109
2939,ddos_flood,none,malicious_plain,malicious_plain,1,0.0094,0.9662,0.0244
2940,ddos_flood,fragmentation+block_padding,malicious_obfuscated,malicious_obfuscated,1,0.0076,0.0150,0.9774
2941,web_browsing,none,benign,benign,1,0.9662,0.0095,0.0242
2942,reverse_shell,fragmentation+tunnel_encapsulation,malicious_obfuscated,malicious_obfuscated,1,0.0267,0.0094,0.9638
2943,file_download,block_padding+constant_rate_shaping,benign,benign,1,0.9550,0.0104,0.0346
2944,voip,tunnel_encapsulation,benign,benign,1,0.9487,0.0103,0.0410
2945,data_exfiltration,block_padding+constant_rate_shaping+tunnel_encapsulation,malicious_obfuscated,malicious_obfuscated,1,0.0070,0.0080,0.9850
2946,port_scan,block_padding+random_padding,malicious_obfuscated,malicious_obfuscated,1,0.0078,0.0102,0.9819
2947,file_download,none,benign,benign,1,0.9744,0.0151,0.0105
2948,brute_force,none,malicious_plain,malicious_plain,1,0.0113,0.9549,0.0339
2949,video_streaming,none,benign,benign,1,0.9734,0.0150,0.0116
2950,ddos_flood,block_padding+timing_jitter+constant_rate_shaping,malicious_obfuscated,malicious_obfuscated,1,0.2569,0.0175,0.7256
2951,ssh_interactive,none,benign,benign,1,0.9699,0.0156,0.0145
2952,reverse_shell,none,malicious_plain,malicious_plain,1,0.0126,0.9681,0.0193
2953,data_exfiltration,none,malicious_plain,malicious_plain,1,0.0132,0.9765,0.0103
2954,brute_force,random_padding+timing_jitter,malicious_obfuscated,malicious_obfuscated,1,0.0116,0.0135,0.9749
2955,video_streaming,none,benign,benign,1,0.9704,0.0163,0.0133
2956,c2_beacon,block_padding+dummy_injection,malicious_obfuscated,malicious_obfuscated,1,0.0056,0.0098,0.9846
2957,port_scan,none,malicious_plain,malicious_plain,1,0.0182,0.8973,0.0846
2958,video_streaming,none,benign,benign,1,0.9677,0.0184,0.0139
2959,voip,none,benign,benign,1,0.9756,0.0124,0.0120
2960,port_scan,constant_rate_shaping,malicious_obfuscated,malicious_obfuscated,1,0.0183,0.0110,0.9707
2961,file_download,timing_jitter,benign,benign,1,0.9724,0.0145,0.0131
2962,ddos_flood,none,malicious_plain,malicious_plain,1,0.0106,0.9623,0.0270
2963,data_exfiltration,none,malicious_plain,malicious_plain,1,0.0133,0.9766,0.0101
2964,file_download,none,benign,benign,1,0.9717,0.0177,0.0106
2965,data_exfiltration,none,malicious_plain,malicious_plain,1,0.0106,0.9824,0.0070
2966,brute_force,none,malicious_plain,malicious_plain,1,0.0113,0.9619,0.0267
2967,video_streaming,none,benign,benign,1,0.9686,0.0184,0.0130
2968,c2_beacon,protocol_mimicry,malicious_obfuscated,malicious_obfuscated,1,0.0204,0.0083,0.9713
2969,voip,none,benign,benign,1,0.9734,0.0123,0.0143
2970,brute_force,fragmentation+timing_jitter+tunnel_encapsulation,malicious_obfuscated,malicious_obfuscated,1,0.0137,0.0107,0.9756
2971,ddos_flood,fragmentation,malicious_obfuscated,malicious_plain,0,0.0142,0.9400,0.0458
2972,c2_beacon,none,malicious_plain,malicious_plain,1,0.0107,0.9677,0.0217
2973,web_browsing,none,benign,benign,1,0.9746,0.0097,0.0156
2974,reverse_shell,none,malicious_plain,malicious_plain,1,0.0128,0.9547,0.0326
2975,c2_beacon,protocol_mimicry+fragmentation+tunnel_encapsulation,malicious_obfuscated,malicious_obfuscated,1,0.0555,0.0116,0.9329
2976,web_browsing,none,benign,benign,1,0.9779,0.0088,0.0133
2977,ddos_flood,none,malicious_plain,malicious_plain,1,0.0105,0.9643,0.0252
2978,reverse_shell,protocol_mimicry+dummy_injection+constant_rate_shaping,malicious_obfuscated,malicious_obfuscated,1,0.0840,0.0091,0.9069
2979,reverse_shell,protocol_mimicry+fragmentation+tunnel_encapsulation,malicious_obfuscated,benign,0,0.5465,0.0160,0.4375
2980,c2_beacon,none,malicious_plain,malicious_plain,1,0.0173,0.9245,0.0582
2981,video_streaming,fragmentation+random_padding+tunnel_encapsulation,benign,benign,1,0.9782,0.0129,0.0089
2982,web_browsing,none,benign,benign,1,0.9780,0.0100,0.0120
2983,port_scan,fragmentation+timing_jitter,malicious_obfuscated,malicious_obfuscated,1,0.0111,0.0095,0.9794
2984,port_scan,none,malicious_plain,malicious_plain,1,0.0136,0.9454,0.0411
2985,port_scan,random_padding+timing_jitter+tunnel_encapsulation,malicious_obfuscated,malicious_obfuscated,1,0.0138,0.0125,0.9737
2986,ssh_interactive,none,benign,benign,1,0.9766,0.0127,0.0108
2987,data_exfiltration,none,malicious_plain,malicious_plain,1,0.0134,0.9756,0.0110
2988,web_browsing,none,benign,benign,1,0.9720,0.0111,0.0169
2989,file_download,none,benign,benign,1,0.9734,0.0154,0.0111
2990,port_scan,block_padding,malicious_obfuscated,malicious_obfuscated,1,0.0103,0.0102,0.9795
2991,reverse_shell,block_padding+constant_rate_shaping,malicious_obfuscated,malicious_obfuscated,1,0.0497,0.0117,0.9386
2992,brute_force,none,malicious_plain,malicious_plain,1,0.0124,0.9458,0.0418
2993,file_download,dummy_injection+constant_rate_shaping,benign,benign,1,0.9791,0.0111,0.0099
2994,port_scan,none,malicious_plain,malicious_plain,1,0.0111,0.9394,0.0495
2995,data_exfiltration,none,malicious_plain,malicious_plain,1,0.0115,0.9779,0.0106
2996,brute_force,none,malicious_plain,malicious_plain,1,0.0097,0.9687,0.0217
2997,brute_force,fragmentation,malicious_obfuscated,malicious_plain,0,0.0167,0.8597,0.1236
2998,video_streaming,none,benign,benign,1,0.9691,0.0168,0.0142
2999,data_exfiltration,none,malicious_plain,malicious_plain,1,0.0133,0.9770,0.0097
3000,data_exfiltration,random_padding+timing_jitter,malicious_obfuscated,malicious_obfuscated,1,0.0073,0.0103,0.9824
3001,c2_beacon,protocol_mimicry+block_padding,malicious_obfuscated,malicious_obfuscated,1,0.1522,0.0123,0.8355
3002,port_scan,none,malicious_plain,malicious_plain,1,0.0144,0.9252,0.0604
3003,c2_beacon,protocol_mimicry+timing_jitter,malicious_obfuscated,malicious_obfuscated,1,0.0239,0.0097,0.9664
3004,ssh_interactive,none,benign,benign,1,0.9749,0.0118,0.0133
3005,web_browsing,none,benign,benign,1,0.9787,0.0095,0.0119
3006,file_download,none,benign,benign,1,0.9737,0.0131,0.0132
3007,video_streaming,none,benign,benign,1,0.9673,0.0175,0.0152
3008,data_exfiltration,timing_jitter,malicious_obfuscated,malicious_obfuscated,1,0.0087,0.0114,0.9798
3009,brute_force,protocol_mimicry+dummy_injection+tunnel_encapsulation,malicious_obfuscated,malicious_obfuscated,1,0.0130,0.0095,0.9775
3010,c2_beacon,none,malicious_plain,malicious_plain,1,0.0093,0.9647,0.0260
3011,ddos_flood,timing_jitter,malicious_obfuscated,malicious_obfuscated,1,0.0056,0.0183,0.9762
3012,ddos_flood,constant_rate_shaping,malicious_obfuscated,malicious_obfuscated,1,0.0136,0.0105,0.9759
3013,video_streaming,none,benign,benign,1,0.9675,0.0181,0.0144
3014,file_download,block_padding+random_padding+tunnel_encapsulation,benign,benign,1,0.9674,0.0117,0.0209
3015,ssh_interactive,none,benign,benign,1,0.9789,0.0120,0.0091
3016,data_exfiltration,none,malicious_plain,malicious_plain,1,0.0147,0.9719,0.0134
3017,ddos_flood,dummy_injection,malicious_obfuscated,malicious_obfuscated,1,0.0201,0.0094,0.9704
3018,voip,none,benign,benign,1,0.9752,0.0123,0.0124
3019,data_exfiltration,protocol_mimicry+timing_jitter,malicious_obfuscated,malicious_obfuscated,1,0.0196,0.0090,0.9714
3020,voip,none,benign,benign,1,0.9763,0.0122,0.0115
3021,ssh_interactive,none,benign,benign,1,0.9765,0.0132,0.0104
3022,video_streaming,none,benign,benign,1,0.9713,0.0154,0.0134
3023,web_browsing,none,benign,benign,1,0.9731,0.0145,0.0124
3024,file_download,none,benign,benign,1,0.9716,0.0163,0.0121
3025,port_scan,none,malicious_plain,malicious_plain,1,0.0114,0.9388,0.0498
3026,port_scan,none,malicious_plain,malicious_plain,1,0.0121,0.9417,0.0463
3027,data_exfiltration,protocol_mimicry+fragmentation+random_padding,malicious_obfuscated,malicious_obfuscated,1,0.0257,0.0130,0.9614
3028,c2_beacon,none,malicious_plain,malicious_plain,1,0.0077,0.9772,0.0150
3029,brute_force,block_padding,malicious_obfuscated,malicious_obfuscated,1,0.0120,0.0110,0.9770
3030,voip,dummy_injection+timing_jitter+constant_rate_shaping,benign,malicious_obfuscated,0,0.4462,0.0236,0.5302
3031,data_exfiltration,protocol_mimicry,malicious_obfuscated,malicious_obfuscated,1,0.0232,0.0100,0.9668
3032,brute_force,fragmentation+block_padding,malicious_obfuscated,malicious_obfuscated,1,0.0146,0.0094,0.9761
3033,brute_force,fragmentation+dummy_injection+constant_rate_shaping,malicious_obfuscated,malicious_obfuscated,1,0.0489,0.0125,0.9386
3034,reverse_shell,none,malicious_plain,malicious_plain,1,0.0981,0.8405,0.0613
3035,web_browsing,protocol_mimicry+timing_jitter,benign,benign,1,0.9691,0.0161,0.0148
3036,brute_force,fragmentation,malicious_obfuscated,malicious_obfuscated,1,0.0205,0.0126,0.9669
3037,port_scan,block_padding+random_padding,malicious_obfuscated,malicious_obfuscated,1,0.0085,0.0099,0.9817
3038,brute_force,tunnel_encapsulation,malicious_obfuscated,malicious_obfuscated,1,0.0099,0.0113,0.9788
3039,ddos_flood,none,malicious_plain,malicious_plain,1,0.0137,0.9428,0.0435
3040,data_exfiltration,none,malicious_plain,malicious_plain,1,0.0155,0.9712,0.0133
3041,data_exfiltration,protocol_mimicry+fragmentation+block_padding,malicious_obfuscated,malicious_obfuscated,1,0.0080,0.0120,0.9800
3042,reverse_shell,protocol_mimicry+random_padding+dummy_injection,malicious_obfuscated,benign,0,0.6560,0.0289,0.3151
3043,ddos_flood,random_padding,malicious_obfuscated,malicious_obfuscated,1,0.0075,0.0113,0.9812
3044,web_browsing,none,benign,benign,1,0.9743,0.0099,0.0158
3045,reverse_shell,none,malicious_plain,malicious_plain,1,0.0125,0.9560,0.0316
3046,voip,none,benign,benign,1,0.9762,0.0140,0.0098
3047,ssh_interactive,random_padding+timing_jitter,benign,benign,1,0.9601,0.0111,0.0288
3048,reverse_shell,none,malicious_plain,malicious_plain,1,0.0136,0.9690,0.0175
3049,data_exfiltration,protocol_mimicry+random_padding+tunnel_encapsulation,malicious_obfuscated,malicious_obfuscated,1,0.0112,0.0099,0.9789
3050,data_exfiltration,fragmentation+random_padding+tunnel_encapsulation,malicious_obfuscated,malicious_obfuscated,1,0.0098,0.0092,0.9810
3051,ssh_interactive,fragmentation+block_padding+dummy_injection,benign,benign,1,0.9590,0.0111,0.0299
3052,reverse_shell,none,malicious_plain,malicious_plain,1,0.2132,0.7430,0.0437
3053,file_download,none,benign,benign,1,0.9744,0.0134,0.0122
3054,file_download,none,benign,benign,1,0.9712,0.0154,0.0134
3055,file_download,none,benign,benign,1,0.9683,0.0145,0.0172
3056,reverse_shell,none,malicious_plain,malicious_plain,1,0.0165,0.9262,0.0573
3057,reverse_shell,none,malicious_plain,malicious_plain,1,0.0162,0.9585,0.0252
3058,web_browsing,none,benign,benign,1,0.9784,0.0091,0.0124
3059,ssh_interactive,none,benign,benign,1,0.9776,0.0116,0.0108
3060,ssh_interactive,none,benign,benign,1,0.9785,0.0129,0.0086
3061,port_scan,fragmentation+block_padding+timing_jitter,malicious_obfuscated,malicious_obfuscated,1,0.0136,0.0112,0.9752
3062,c2_beacon,none,malicious_plain,malicious_plain,1,0.0106,0.9667,0.0228
3063,voip,none,benign,benign,1,0.9759,0.0137,0.0104
3064,video_streaming,none,benign,benign,1,0.9650,0.0203,0.0147
3065,ssh_interactive,none,benign,benign,1,0.9731,0.0131,0.0138
3066,video_streaming,block_padding,benign,benign,1,0.9822,0.0105,0.0073
3067,video_streaming,dummy_injection,benign,benign,1,0.9717,0.0171,0.0112
3068,voip,none,benign,benign,1,0.9771,0.0139,0.0090
3069,ddos_flood,fragmentation+random_padding+timing_jitter,malicious_obfuscated,malicious_obfuscated,1,0.0071,0.0112,0.9817
3070,voip,none,benign,benign,1,0.9723,0.0121,0.0156
3071,data_exfiltration,dummy_injection+constant_rate_shaping+tunnel_encapsulation,malicious_obfuscated,malicious_obfuscated,1,0.0452,0.0173,0.9375
3072,data_exfiltration,none,malicious_plain,malicious_plain,1,0.0113,0.9806,0.0081
3073,ssh_interactive,none,benign,benign,1,0.9782,0.0122,0.0096
3074,port_scan,fragmentation+random_padding+timing_jitter,malicious_obfuscated,malicious_obfuscated,1,0.0069,0.0119,0.9812
3075,voip,none,benign,benign,1,0.9763,0.0127,0.0110
3076,reverse_shell,dummy_injection+timing_jitter,malicious_obfuscated,malicious_obfuscated,1,0.0154,0.0144,0.9702
3077,c2_beacon,random_padding,malicious_obfuscated,malicious_obfuscated,1,0.0070,0.0111,0.9819
3078,data_exfiltration,fragmentation,malicious_obfuscated,malicious_obfuscated,1,0.0085,0.0126,0.9790
3079,ssh_interactive,none,benign,benign,1,0.9747,0.0136,0.0116
3080,port_scan,block_padding+constant_rate_shaping,malicious_obfuscated,malicious_obfuscated,1,0.0142,0.0124,0.9733
3081,file_download,none,benign,benign,1,0.9700,0.0162,0.0138
3082,web_browsing,protocol_mimicry,benign,benign,1,0.9296,0.0164,0.0541
3083,reverse_shell,none,malicious_plain,malicious_plain,1,0.0257,0.9508,0.0235
3084,data_exfiltration,none,malicious_plain,malicious_plain,1,0.0112,0.9791,0.0097
3085,port_scan,none,malicious_plain,malicious_plain,1,0.0144,0.9386,0.0470
3086,reverse_shell,random_padding+timing_jitter+tunnel_encapsulation,malicious_obfuscated,malicious_obfuscated,1,0.0140,0.0257,0.9604
3087,port_scan,fragmentation+random_padding+dummy_injection,malicious_obfuscated,malicious_obfuscated,1,0.0090,0.0095,0.9815
3088,voip,none,benign,benign,1,0.9765,0.0133,0.0102
3089,brute_force,protocol_mimicry,malicious_obfuscated,malicious_obfuscated,1,0.0651,0.0145,0.9204
3090,data_exfiltration,protocol_mimicry+dummy_injection,malicious_obfuscated,malicious_obfuscated,1,0.0756,0.0183,0.9061
3091,brute_force,random_padding,malicious_obfuscated,malicious_obfuscated,1,0.0116,0.0118,0.9766
3092,video_streaming,none,benign,benign,1,0.9677,0.0187,0.0136
3093,voip,fragmentation,benign,benign,1,0.9759,0.0127,0.0113
3094,data_exfiltration,protocol_mimicry+fragmentation+random_padding,malicious_obfuscated,malicious_obfuscated,1,0.0193,0.0146,0.9661
3095,web_browsing,none,benign,benign,1,0.9775,0.0121,0.0105
3096,data_exfiltration,random_padding,malicious_obfuscated,malicious_obfuscated,1,0.0106,0.0094,0.9801
3097,file_download,protocol_mimicry+block_padding+dummy_injection,benign,benign,1,0.9809,0.0115,0.0076
3098,ssh_interactive,timing_jitter,benign,benign,1,0.9466,0.0117,0.0417
3099,brute_force,none,malicious_plain,malicious_plain,1,0.0099,0.9642,0.0259
3100,data_exfiltration,random_padding+dummy_injection,malicious_obfuscated,malicious_obfuscated,1,0.0120,0.0091,0.9789
3101,port_scan,protocol_mimicry+timing_jitter+tunnel_encapsulation,malicious_obfuscated,malicious_obfuscated,1,0.0251,0.0149,0.9600
3102,web_browsing,tunnel_encapsulation,benign,benign,1,0.9513,0.0139,0.0349
3103,c2_beacon,none,malicious_plain,malicious_plain,1,0.0112,0.9422,0.0465
3104,data_exfiltration,fragmentation+block_padding+timing_jitter,malicious_obfuscated,malicious_obfuscated,1,0.0236,0.0118,0.9646
3105,c2_beacon,none,malicious_plain,malicious_plain,1,0.0236,0.5857,0.3907
3106,reverse_shell,none,malicious_plain,malicious_plain,1,0.0155,0.9378,0.0467
3107,ssh_interactive,block_padding+random_padding,benign,benign,1,0.9749,0.0096,0.0155
3108,data_exfiltration,none,malicious_plain,malicious_plain,1,0.0163,0.9669,0.0168
3109,data_exfiltration,fragmentation+random_padding+timing_jitter,malicious_obfuscated,malicious_obfuscated,1,0.0145,0.0104,0.9751
3110,data_exfiltration,none,malicious_plain,malicious_plain,1,0.0101,0.9830,0.0069
3111,web_browsing,none,benign,benign,1,0.9739,0.0109,0.0153
3112,brute_force,random_padding+dummy_injection+timing_jitter,malicious_obfuscated,malicious_obfuscated,1,0.1803,0.0237,0.7959
3113,c2_beacon,timing_jitter+constant_rate_shaping+tunnel_encapsulation,malicious_obfuscated,malicious_obfuscated,1,0.1970,0.0107,0.7923
3114,ddos_flood,protocol_mimicry+fragmentation+timing_jitter,malicious_obfuscated,malicious_obfuscated,1,0.0124,0.0104,0.9771
3115,ssh_interactive,none,benign,benign,1,0.9772,0.0124,0.0104
3116,ddos_flood,fragmentation+timing_jitter,malicious_obfuscated,malicious_obfuscated,1,0.0054,0.0106,0.9839
3117,brute_force,none,malicious_plain,malicious_plain,1,0.0120,0.9508,0.0372
3118,c2_beacon,protocol_mimicry,malicious_obfuscated,malicious_obfuscated,1,0.2131,0.0131,0.7738
3119,brute_force,protocol_mimicry+block_padding+constant_rate_shaping,malicious_obfuscated,malicious_obfuscated,1,0.1272,0.0126,0.8602
3120,ssh_interactive,dummy_injection,benign,benign,1,0.9777,0.0123,0.0100
3121,file_download,none,benign,benign,1,0.9741,0.0109,0.0151
3122,ddos_flood,none,malicious_plain,malicious_plain,1,0.0122,0.9606,0.0272
3123,data_exfiltration,none,malicious_plain,malicious_plain,1,0.0106,0.9801,0.0094
3124,c2_beacon,none,malicious_plain,malicious_plain,1,0.0095,0.9647,0.0257
3125,reverse_shell,random_padding+dummy_injection,malicious_obfuscated,malicious_obfuscated,1,0.0077,0.0099,0.9824
3126,voip,constant_rate_shaping+tunnel_encapsulation,benign,malicious_obfuscated,0,0.2692,0.0162,0.7146
3127,port_scan,timing_jitter,malicious_obfuscated,malicious_obfuscated,1,0.0216,0.0183,0.9601
3128,voip,none,benign,benign,1,0.9780,0.0131,0.0090
3129,file_download,none,benign,benign,1,0.9708,0.0162,0.0130
3130,data_exfiltration,none,malicious_plain,malicious_plain,1,0.0113,0.9794,0.0093
3131,port_scan,timing_jitter,malicious_obfuscated,malicious_obfuscated,1,0.0101,0.0099,0.9800
3132,voip,block_padding,benign,benign,1,0.9364,0.0075,0.0560
3133,ddos_flood,constant_rate_shaping,malicious_obfuscated,malicious_obfuscated,1,0.0093,0.0103,0.9804
3134,brute_force,timing_jitter,malicious_obfuscated,malicious_plain,0,0.0148,0.9158,0.0694
3135,file_download,none,benign,benign,1,0.9739,0.0131,0.0130
3136,brute_force,none,malicious_plain,malicious_plain,1,0.0116,0.9496,0.0388
3137,c2_beacon,block_padding+constant_rate_shaping,malicious_obfuscated,malicious_obfuscated,1,0.0830,0.0101,0.9069
3138,ssh_interactive,none,benign,benign,1,0.9773,0.0125,0.0103
3139,data_exfiltration,none,malicious_plain,malicious_plain,1,0.0135,0.9753,0.0112
3140,c2_beacon,fragmentation+block_padding+dummy_injection,malicious_obfuscated,malicious_obfuscated,1,0.0073,0.0098,0.9829
3141,ddos_flood,protocol_mimicry+random_padding,malicious_obfuscated,malicious_obfuscated,1,0.0088,0.0107,0.9805
3142,c2_beacon,none,malicious_plain,malicious_plain,1,0.0151,0.9430,0.0419
3143,port_scan,block_padding+random_padding,malicious_obfuscated,malicious_obfuscated,1,0.0071,0.0097,0.9831
3144,brute_force,dummy_injection,malicious_obfuscated,malicious_obfuscated,1,0.0230,0.0132,0.9638
3145,ssh_interactive,none,benign,benign,1,0.9757,0.0124,0.0118
3146,brute_force,none,malicious_plain,malicious_plain,1,0.0120,0.9540,0.0340
3147,reverse_shell,none,malicious_plain,malicious_plain,1,0.0171,0.9473,0.0355
3148,voip,random_padding+dummy_injection+constant_rate_shaping,benign,benign,1,0.9123,0.0111,0.0766
3149,video_streaming,none,benign,benign,1,0.9722,0.0143,0.0136
3150,reverse_shell,none,malicious_plain,malicious_plain,1,0.0298,0.9387,0.0315
3151,c2_beacon,none,malicious_plain,malicious_plain,1,0.0116,0.9513,0.0370
3152,ssh_interactive,none,benign,benign,1,0.9762,0.0135,0.0103
3153,c2_beacon,timing_jitter,malicious_obfuscated,malicious_obfuscated,1,0.0091,0.0177,0.9732
3154,c2_beacon,none,malicious_plain,malicious_plain,1,0.0077,0.9769,0.0155
3155,brute_force,protocol_mimicry+tunnel_encapsulation,malicious_obfuscated,malicious_obfuscated,1,0.0619,0.0166,0.9215
3156,c2_beacon,protocol_mimicry+block_padding+tunnel_encapsulation,malicious_obfuscated,malicious_obfuscated,1,0.0764,0.0085,0.9151
3157,brute_force,none,malicious_plain,malicious_plain,1,0.0106,0.9648,0.0246
3158,reverse_shell,none,malicious_plain,malicious_plain,1,0.0122,0.9781,0.0096
3159,c2_beacon,none,malicious_plain,malicious_plain,1,0.0108,0.9662,0.0230
3160,brute_force,dummy_injection+constant_rate_shaping,malicious_obfuscated,malicious_obfuscated,1,0.0615,0.0112,0.9273
3161,file_download,fragmentation,benign,benign,1,0.9704,0.0158,0.0138
3162,ssh_interactive,none,benign,benign,1,0.9781,0.0115,0.0104
3163,web_browsing,dummy_injection+timing_jitter,benign,benign,1,0.8239,0.0140,0.1621
3164,ssh_interactive,protocol_mimicry+fragmentation+dummy_injection,benign,benign,1,0.8644,0.0176,0.1180
3165,ssh_interactive,protocol_mimicry+fragmentation+block_padding,benign,malicious_obfuscated,0,0.3272,0.0109,0.6619
3166,reverse_shell,constant_rate_shaping,malicious_obfuscated,malicious_obfuscated,1,0.1996,0.0156,0.7848
3167,port_scan,none,malicious_plain,malicious_plain,1,0.0120,0.9355,0.0525
3168,video_streaming,none,benign,benign,1,0.9666,0.0189,0.0144
3169,file_download,block_padding+random_padding,benign,benign,1,0.9743,0.0130,0.0127
3170,data_exfiltration,none,malicious_plain,malicious_plain,1,0.0138,0.9759,0.0103
3171,ddos_flood,none,malicious_plain,malicious_plain,1,0.0122,0.9389,0.0489
3172,file_download,none,benign,benign,1,0.9730,0.0164,0.0106
3173,port_scan,tunnel_encapsulation,malicious_obfuscated,malicious_obfuscated,1,0.0215,0.3663,0.6122
3174,video_streaming,none,benign,benign,1,0.9706,0.0182,0.0112
3175,file_download,none,benign,benign,1,0.9725,0.0165,0.0110
3176,c2_beacon,fragmentation+timing_jitter+constant_rate_shaping,malicious_obfuscated,malicious_obfuscated,1,0.1277,0.0129,0.8594
3177,data_exfiltration,protocol_mimicry+fragmentation+block_padding,malicious_obfuscated,malicious_obfuscated,1,0.0124,0.0105,0.9771
3178,video_streaming,none,benign,benign,1,0.9709,0.0165,0.0125
3179,reverse_shell,block_padding,malicious_obfuscated,malicious_obfuscated,1,0.0147,0.0144,0.9708
3180,web_browsing,none,benign,benign,1,0.9739,0.0102,0.0158
3181,data_exfiltration,dummy_injection+timing_jitter,malicious_obfuscated,malicious_obfuscated,1,0.0082,0.0100,0.9818
3182,port_scan,none,malicious_plain,malicious_plain,1,0.0118,0.9497,0.0386
3183,voip,random_padding+dummy_injection,benign,benign,1,0.9694,0.0117,0.0189
3184,port_scan,random_padding,malicious_obfuscated,malicious_obfuscated,1,0.0085,0.0103,0.9812
3185,file_download,none,benign,benign,1,0.9747,0.0126,0.0128
3186,port_scan,constant_rate_shaping+tunnel_encapsulation,malicious_obfuscated,malicious_obfuscated,1,0.0272,0.0132,0.9596
3187,brute_force,random_padding+timing_jitter+constant_rate_shaping,malicious_obfuscated,malicious_obfuscated,1,0.0723,0.0130,0.9147
3188,reverse_shell,none,malicious_plain,malicious_plain,1,0.0113,0.9654,0.0233
3189,file_download,none,benign,benign,1,0.9729,0.0162,0.0109
3190,brute_force,none,malicious_plain,malicious_plain,1,0.0127,0.9638,0.0235
3191,port_scan,none,malicious_plain,malicious_plain,1,0.0155,0.9311,0.0534
3192,voip,random_padding,benign,benign,1,0.9799,0.0109,0.0091
3193,video_streaming,none,benign,benign,1,0.9688,0.0179,0.0133
3194,ssh_interactive,fragmentation+tunnel_encapsulation,benign,benign,1,0.9534,0.0097,0.0368
3195,ddos_flood,none,malicious_plain,malicious_plain,1,0.0103,0.9533,0.0364
3196,web_browsing,none,benign,benign,1,0.9673,0.0128,0.0200
3197,ssh_interactive,none,benign,benign,1,0.9758,0.0122,0.0119
3198,file_download,protocol_mimicry+block_padding+dummy_injection,benign,benign,1,0.9781,0.0141,0.0078
3199,data_exfiltration,none,malicious_plain,malicious_plain,1,0.0106,0.9812,0.0082
3200,ssh_interactive,tunnel_encapsulation,benign,benign,1,0.9773,0.0102,0.0125
3201,brute_force,fragmentation+constant_rate_shaping,malicious_obfuscated,benign,0,0.6155,0.0161,0.3684
3202,reverse_shell,none,malicious_plain,malicious_plain,1,0.0369,0.6952,0.2679
3203,video_streaming,none,benign,benign,1,0.9717,0.0171,0.0112
3204,c2_beacon,none,malicious_plain,malicious_plain,1,0.0119,0.9454,0.0427
3205,voip,fragmentation,benign,benign,1,0.9770,0.0121,0.0108
3206,dns_query,protocol_mimicry+dummy_injection+tunnel_encapsulation,benign,benign,1,0.8908,0.0262,0.0831
3207,data_exfiltration,timing_jitter,malicious_obfuscated,malicious_obfuscated,1,0.0122,0.0295,0.9583
3208,c2_beacon,timing_jitter,malicious_obfuscated,malicious_obfuscated,1,0.0190,0.0166,0.9644
3209,c2_beacon,none,malicious_plain,malicious_plain,1,0.0090,0.9700,0.0210
3210,file_download,block_padding+tunnel_encapsulation,benign,benign,1,0.9731,0.0151,0.0119
3211,reverse_shell,none,malicious_plain,malicious_plain,1,0.0079,0.9818,0.0103
3212,data_exfiltration,none,malicious_plain,malicious_plain,1,0.0111,0.9811,0.0078
3213,c2_beacon,none,malicious_plain,malicious_plain,1,0.0068,0.9785,0.0147
3214,ssh_interactive,protocol_mimicry+fragmentation,benign,benign,1,0.9128,0.0103,0.0768
3215,data_exfiltration,fragmentation+block_padding+tunnel_encapsulation,malicious_obfuscated,malicious_obfuscated,1,0.0083,0.0102,0.9816
3216,ddos_flood,none,malicious_plain,malicious_plain,1,0.0104,0.9554,0.0342
3217,port_scan,fragmentation+random_padding+constant_rate_shaping,malicious_obfuscated,malicious_obfuscated,1,0.0474,0.0111,0.9416
3218,ssh_interactive,none,benign,benign,1,0.9732,0.0122,0.0146
3219,ssh_interactive,none,benign,benign,1,0.9713,0.0123,0.0164
3220,brute_force,block_padding,malicious_obfuscated,malicious_obfuscated,1,0.0131,0.0115,0.9755
3221,data_exfiltration,protocol_mimicry+fragmentation+dummy_injection,malicious_obfuscated,malicious_obfuscated,1,0.1881,0.0306,0.7813
3222,video_streaming,none,benign,benign,1,0.9695,0.0177,0.0128
3223,reverse_shell,none,malicious_plain,malicious_plain,1,0.0632,0.9019,0.0349
3224,c2_beacon,dummy_injection+tunnel_encapsulation,malicious_obfuscated,malicious_obfuscated,1,0.0130,0.1102,0.8768
3225,video_streaming,dummy_injection+timing_jitter+constant_rate_shaping,benign,benign,1,0.9772,0.0123,0.0105
3226,reverse_shell,block_padding+random_padding+dummy_injection,malicious_obfuscated,malicious_obfuscated,1,0.0081,0.0101,0.9818
3227,c2_beacon,none,malicious_plain,malicious_plain,1,0.0124,0.9557,0.0319
3228,ssh_interactive,protocol_mimicry+dummy_injection,benign,malicious_obfuscated,0,0.0758,0.0124,0.9117
3229,voip,timing_jitter,benign,benign,1,0.9414,0.0162,0.0425
3230,reverse_shell,tunnel_encapsulation,malicious_obfuscated,malicious_plain,0,0.0136,0.8833,0.1030
3231,voip,none,benign,benign,1,0.9726,0.0133,0.0140
3232,port_scan,timing_jitter+tunnel_encapsulation,malicious_obfuscated,malicious_obfuscated,1,0.0142,0.0188,0.9670
3233,video_streaming,none,benign,benign,1,0.9729,0.0157,0.0114
3234,ssh_interactive,none,benign,benign,1,0.9788,0.0124,0.0087
3235,data_exfiltration,none,malicious_plain,malicious_plain,1,0.0134,0.9767,0.0099
3236,voip,dummy_injection,benign,benign,1,0.9657,0.0103,0.0239
3237,ssh_interactive,none,benign,benign,1,0.9777,0.0123,0.0100
3238,web_browsing,none,benign,benign,1,0.9761,0.0085,0.0154
3239,web_browsing,none,benign,benign,1,0.8718,0.0140,0.1142
3240,port_scan,none,malicious_plain,malicious_plain,1,0.0132,0.9314,0.0555
3241,voip,none,benign,benign,1,0.9750,0.0129,0.0121
3242,brute_force,fragmentation+constant_rate_shaping,malicious_obfuscated,benign,0,0.5303,0.0126,0.4572
3243,c2_beacon,none,malicious_plain,malicious_plain,1,0.0117,0.9524,0.0359
3244,ssh_interactive,none,benign,benign,1,0.9776,0.0116,0.0107
3245,c2_beacon,none,malicious_plain,malicious_plain,1,0.0094,0.9686,0.0220
3246,port_scan,fragmentation+dummy_injection+constant_rate_shaping,malicious_obfuscated,malicious_obfuscated,1,0.0219,0.0121,0.9661
3247,voip,none,benign,benign,1,0.9750,0.0134,0.0116
3248,ddos_flood,tunnel_encapsulation,malicious_obfuscated,malicious_obfuscated,1,0.0081,0.0087,0.9832
3249,c2_beacon,protocol_mimicry+block_padding+tunnel_encapsulation,malicious_obfuscated,malicious_obfuscated,1,0.0342,0.0104,0.9554
3250,reverse_shell,none,malicious_plain,malicious_plain,1,0.0485,0.9336,0.0179
3251,c2_beacon,random_padding,malicious_obfuscated,malicious_obfuscated,1,0.0090,0.0272,0.9638
3252,voip,dummy_injection+timing_jitter,benign,benign,1,0.9658,0.0134,0.0209
3253,data_exfiltration,timing_jitter+tunnel_encapsulation,malicious_obfuscated,malicious_obfuscated,1,0.0042,0.0064,0.9895
3254,c2_beacon,protocol_mimicry+fragmentation,malicious_obfuscated,benign,0,0.7429,0.0136,0.2435
3255,brute_force,protocol_mimicry+random_padding+constant_rate_shaping,malicious_obfuscated,malicious_obfuscated,1,0.2340,0.0117,0.7544
3256,c2_beacon,protocol_mimicry+block_padding+constant_rate_shaping,malicious_obfuscated,malicious_obfuscated,1,0.3826,0.0097,0.6077
3257,ssh_interactive,fragmentation+dummy_injection+timing_jitter,benign,benign,1,0.9502,0.0109,0.0390
3258,port_scan,none,malicious_plain,malicious_plain,1,0.0118,0.9513,0.0369
3259,brute_force,none,malicious_plain,malicious_plain,1,0.0084,0.9674,0.0241
3260,web_browsing,protocol_mimicry+random_padding+tunnel_encapsulation,benign,benign,1,0.7529,0.0184,0.2287
3261,reverse_shell,none,malicious_plain,malicious_plain,1,0.0146,0.9588,0.0265
3262,ddos_flood,none,malicious_plain,malicious_plain,1,0.0104,0.9543,0.0353
3263,reverse_shell,none,malicious_plain,malicious_plain,1,0.0080,0.9766,0.0154
3264,brute_force,none,malicious_plain,malicious_plain,1,0.0166,0.9218,0.0616
3265,ssh_interactive,none,benign,benign,1,0.9779,0.0127,0.0094
3266,c2_beacon,none,malicious_plain,malicious_plain,1,0.0125,0.9597,0.0278
3267,data_exfiltration,random_padding,malicious_obfuscated,malicious_obfuscated,1,0.0162,0.0297,0.9541
3268,port_scan,block_padding+timing_jitter+constant_rate_shaping,malicious_obfuscated,malicious_obfuscated,1,0.0254,0.0103,0.9643
3269,c2_beacon,random_padding+constant_rate_shaping+tunnel_encapsulation,malicious_obfuscated,malicious_obfuscated,1,0.0980,0.0113,0.8906
3270,c2_beacon,tunnel_encapsulation,malicious_obfuscated,malicious_plain,0,0.0100,0.9660,0.0241
3271,reverse_shell,protocol_mimicry,malicious_obfuscated,malicious_obfuscated,1,0.0221,0.0117,0.9663
3272,data_exfiltration,protocol_mimicry+random_padding,malicious_obfuscated,malicious_obfuscated,1,0.0183,0.0107,0.9710
3273,ddos_flood,none,malicious_plain,malicious_plain,1,0.0157,0.9297,0.0546
3274,brute_force,none,malicious_plain,malicious_plain,1,0.0123,0.9510,0.0366
3275,c2_beacon,none,malicious_plain,malicious_plain,1,0.0119,0.9622,0.0260
3276,reverse_shell,fragmentation+random_padding,malicious_obfuscated,malicious_obfuscated,1,0.0183,0.0102,0.9716
3277,brute_force,none,malicious_plain,malicious_plain,1,0.0124,0.9493,0.0383
3278,ddos_flood,protocol_mimicry,malicious_obfuscated,malicious_obfuscated,1,0.0130,0.0134,0.9735
3279,file_download,none,benign,benign,1,0.9730,0.0138,0.0132
3280,port_scan,none,malicious_plain,malicious_plain,1,0.0118,0.9369,0.0513
3281,video_streaming,protocol_mimicry+block_padding+dummy_injection,benign,benign,1,0.9760,0.0136,0.0103
3282,file_download,block_padding,benign,benign,1,0.9767,0.0118,0.0115
3283,c2_beacon,none,malicious_plain,malicious_plain,1,0.0096,0.9752,0.0151
3284,voip,none,benign,benign,1,0.9761,0.0118,0.0121
3285,reverse_shell,none,malicious_plain,malicious_plain,1,0.0182,0.9052,0.0767
3286,c2_beacon,random_padding+timing_jitter+tunnel_encapsulation,malicious_obfuscated,malicious_obfuscated,1,0.0132,0.0126,0.9741
3287,ssh_interactive,protocol_mimicry+timing_jitter+tunnel_encapsulation,benign,malicious_obfuscated,0,0.1853,0.0204,0.7943
3288,ddos_flood,none,malicious_plain,malicious_plain,1,0.0131,0.9388,0.0480
3289,data_exfiltration,block_padding,malicious_obfuscated,malicious_obfuscated,1,0.0107,0.0129,0.9764
3290,voip,none,benign,benign,1,0.9765,0.0124,0.0112
3291,reverse_shell,none,malicious_plain,malicious_plain,1,0.0174,0.9623,0.0203
3292,ddos_flood,fragmentation+block_padding,malicious_obfuscated,malicious_obfuscated,1,0.0073,0.0140,0.9788
3293,web_browsing,dummy_injection+constant_rate_shaping,benign,benign,1,0.9614,0.0137,0.0249
3294,data_exfiltration,protocol_mimicry+random_padding+constant_rate_shaping,malicious_obfuscated,malicious_obfuscated,1,0.1075,0.0139,0.8786
3295,brute_force,dummy_injection+timing_jitter,malicious_obfuscated,malicious_obfuscated,1,0.0170,0.0230,0.9600
3296,port_scan,none,malicious_plain,malicious_plain,1,0.0135,0.9297,0.0567
3297,c2_beacon,random_padding,malicious_obfuscated,malicious_obfuscated,1,0.0107,0.0133,0.9760
3298,data_exfiltration,none,malicious_plain,malicious_plain,1,0.0114,0.9733,0.0153
3299,c2_beacon,none,malicious_plain,malicious_plain,1,0.0111,0.9564,0.0324
3300,data_exfiltration,block_padding,malicious_obfuscated,malicious_obfuscated,1,0.0201,0.0129,0.9670
3301,web_browsing,none,benign,benign,1,0.9786,0.0093,0.0121
3302,ddos_flood,fragmentation+dummy_injection+tunnel_encapsulation,malicious_obfuscated,malicious_obfuscated,1,0.0120,0.0098,0.9782
3303,port_scan,none,malicious_plain,malicious_plain,1,0.0144,0.9518,0.0338
3304,port_scan,none,malicious_plain,malicious_plain,1,0.0133,0.9442,0.0425
3305,reverse_shell,constant_rate_shaping+tunnel_encapsulation,malicious_obfuscated,malicious_obfuscated,1,0.2357,0.0205,0.7437
3306,file_download,none,benign,benign,1,0.9729,0.0126,0.0145
3307,file_download,none,benign,benign,1,0.9706,0.0133,0.0161
3308,video_streaming,block_padding,benign,benign,1,0.9784,0.0094,0.0122
3309,port_scan,none,malicious_plain,malicious_plain,1,0.0117,0.9445,0.0438
3310,data_exfiltration,none,malicious_plain,malicious_plain,1,0.0109,0.9801,0.0090
3311,port_scan,dummy_injection,malicious_obfuscated,malicious_obfuscated,1,0.0330,0.0442,0.9228
3312,brute_force,random_padding+timing_jitter+constant_rate_shaping,malicious_obfuscated,malicious_obfuscated,1,0.0301,0.0106,0.9593
3313,web_browsing,none,benign,benign,1,0.9751,0.0098,0.0151
3314,c2_beacon,none,malicious_plain,malicious_plain,1,0.0095,0.9683,0.0222
3315,data_exfiltration,none,malicious_plain,malicious_plain,1,0.0122,0.9797,0.0081
3316,data_exfiltration,none,malicious_plain,malicious_plain,1,0.0122,0.9769,0.0109
3317,ssh_interactive,fragmentation+tunnel_encapsulation,benign,benign,1,0.9496,0.0111,0.0393
3318,port_scan,none,malicious_plain,malicious_plain,1,0.0144,0.9331,0.0525
3319,brute_force,dummy_injection+tunnel_encapsulation,malicious_obfuscated,malicious_obfuscated,1,0.0090,0.0115,0.9795
3320,data_exfiltration,block_padding+random_padding,malicious_obfuscated,malicious_obfuscated,1,0.0092,0.0100,0.9808
3321,brute_force,none,malicious_plain,malicious_plain,1,0.0111,0.9553,0.0336
3322,c2_beacon,random_padding,malicious_obfuscated,malicious_obfuscated,1,0.0093,0.0162,0.9746
3323,c2_beacon,none,malicious_plain,malicious_plain,1,0.0121,0.9684,0.0195
3324,c2_beacon,none,malicious_plain,malicious_plain,1,0.0152,0.9546,0.0302
3325,data_exfiltration,fragmentation,malicious_obfuscated,malicious_obfuscated,1,0.0088,0.0103,0.9809
3326,ddos_flood,dummy_injection+timing_jitter+tunnel_encapsulation,malicious_obfuscated,malicious_obfuscated,1,0.0194,0.0106,0.9700
3327,c2_beacon,none,malicious_plain,malicious_plain,1,0.0103,0.9635,0.0263
3328,reverse_shell,protocol_mimicry+fragmentation,malicious_obfuscated,malicious_obfuscated,1,0.1494,0.0140,0.8366
3329,data_exfiltration,none,malicious_plain,malicious_plain,1,0.0166,0.9657,0.0178
3330,c2_beacon,none,malicious_plain,malicious_plain,1,0.0108,0.9422,0.0470
3331,c2_beacon,none,malicious_plain,malicious_plain,1,0.0116,0.9604,0.0280
3332,voip,fragmentation+tunnel_encapsulation,benign,benign,1,0.9281,0.0123,0.0595
3333,ddos_flood,random_padding+constant_rate_shaping+tunnel_encapsulation,malicious_obfuscated,malicious_obfuscated,1,0.0289,0.0114,0.9597
3334,file_download,dummy_injection+constant_rate_shaping+tunnel_encapsulation,benign,benign,1,0.9584,0.0238,0.0178
3335,ddos_flood,none,malicious_plain,malicious_plain,1,0.0134,0.9283,0.0583
3336,c2_beacon,none,malicious_plain,malicious_plain,1,0.0144,0.9551,0.0304
3337,ssh_interactive,tunnel_encapsulation,benign,benign,1,0.9784,0.0112,0.0104
3338,dns_query,dummy_injection,benign,benign,1,0.9589,0.0125,0.0286
3339,file_download,none,benign,benign,1,0.9727,0.0164,0.0108
3340,brute_force,fragmentation,malicious_obfuscated,malicious_obfuscated,1,0.0089,0.0129,0.9782
3341,voip,none,benign,benign,1,0.9645,0.0097,0.0258
3342,c2_beacon,protocol_mimicry+dummy_injection+constant_rate_shaping,malicious_obfuscated,malicious_obfuscated,1,0.0691,0.0091,0.9217
3343,port_scan,none,malicious_plain,malicious_plain,1,0.0125,0.9381,0.0494
3344,port_scan,block_padding,malicious_obfuscated,malicious_obfuscated,1,0.0099,0.0099,0.9802
3345,c2_beacon,protocol_mimicry+fragmentation+random_padding,malicious_obfuscated,malicious_obfuscated,1,0.0336,0.0103,0.9561
3346,video_streaming,protocol_mimicry+tunnel_encapsulation,benign,benign,1,0.9716,0.0149,0.0135
3347,file_download,none,benign,benign,1,0.9715,0.0152,0.0133
3348,ddos_flood,none,malicious_plain,malicious_plain,1,0.0120,0.9528,0.0352
3349,video_streaming,block_padding+timing_jitter,benign,benign,1,0.9660,0.0104,0.0236
3350,c2_beacon,none,malicious_plain,malicious_plain,1,0.0121,0.9459,0.0420
3351,brute_force,protocol_mimicry+block_padding+tunnel_encapsulation,malicious_obfuscated,malicious_obfuscated,1,0.0768,0.0098,0.9134
3352,port_scan,none,malicious_plain,malicious_plain,1,0.0115,0.9355,0.0529
3353,port_scan,constant_rate_shaping,malicious_obfuscated,malicious_obfuscated,1,0.0184,0.0111,0.9705
3354,ssh_interactive,dummy_injection,benign,benign,1,0.9750,0.0112,0.0138
3355,brute_force,none,malicious_plain,malicious_plain,1,0.0112,0.9520,0.0367
3356,brute_force,none,malicious_plain,malicious_plain,1,0.0121,0.9583,0.0296
3357,brute_force,protocol_mimicry+fragmentation+tunnel_encapsulation,malicious_obfuscated,malicious_obfuscated,1,0.0227,0.0114,0.9659
3358,c2_beacon,protocol_mimicry+block_padding,malicious_obfuscated,benign,0,0.5775,0.0119,0.4106
3359,voip,none,benign,benign,1,0.9756,0.0132,0.0111
3360,video_streaming,protocol_mimicry+fragmentation+constant_rate_shaping,benign,benign,1,0.9197,0.0130,0.0672
3361,reverse_shell,none,malicious_plain,malicious_plain,1,0.0128,0.9501,0.0371
3362,c2_beacon,protocol_mimicry+dummy_injection,malicious_obfuscated,malicious_obfuscated,1,0.0323,0.0091,0.9587
3363,data_exfiltration,none,malicious_plain,malicious_plain,1,0.0142,0.9748,0.0110
3364,video_streaming,protocol_mimicry,benign,benign,1,0.9681,0.0153,0.0166
3365,ddos_flood,none,malicious_plain,malicious_plain,1,0.0122,0.9586,0.0291
3366,voip,constant_rate_shaping,benign,malicious_obfuscated,0,0.3954,0.0118,0.5928
3367,file_download,random_padding,benign,benign,1,0.9741,0.0117,0.0142
3368,port_scan,none,malicious_plain,malicious_plain,1,0.0156,0.9434,0.0410
3369,brute_force,none,malicious_plain,malicious_plain,1,0.0134,0.9499,0.0367
3370,web_browsing,none,benign,benign,1,0.9629,0.0105,0.0266
3371,web_browsing,none,benign,benign,1,0.9326,0.0488,0.0186
3372,port_scan,random_padding+tunnel_encapsulation,malicious_obfuscated,malicious_obfuscated,1,0.0074,0.0099,0.9827
3373,ssh_interactive,none,benign,benign,1,0.9795,0.0116,0.0089
3374,c2_beacon,random_padding,malicious_obfuscated,malicious_obfuscated,1,0.0086,0.0203,0.9712
3375,video_streaming,none,benign,benign,1,0.9694,0.0177,0.0129
3376,port_scan,none,malicious_plain,malicious_plain,1,0.0134,0.9315,0.0551
3377,brute_force,random_padding,malicious_obfuscated,malicious_obfuscated,1,0.0212,0.4823,0.4965
3378,ssh_interactive,none,benign,benign,1,0.9811,0.0119,0.0070
3379,brute_force,protocol_mimicry,malicious_obfuscated,malicious_obfuscated,1,0.0194,0.0090,0.9717
3380,brute_force,none,malicious_plain,malicious_plain,1,0.0121,0.9553,0.0325
3381,ssh_interactive,none,benign,benign,1,0.9746,0.0104,0.0150
3382,ddos_flood,timing_jitter+constant_rate_shaping+tunnel_encapsulation,malicious_obfuscated,malicious_obfuscated,1,0.2037,0.0100,0.7863
3383,c2_beacon,none,malicious_plain,malicious_plain,1,0.0090,0.9742,0.0168
3384,port_scan,block_padding,malicious_obfuscated,malicious_obfuscated,1,0.0121,0.0118,0.9761
3385,data_exfiltration,none,malicious_plain,malicious_plain,1,0.0141,0.9752,0.0107
3386,port_scan,none,malicious_plain,malicious_plain,1,0.0120,0.9384,0.0495
3387,port_scan,none,malicious_plain,malicious_plain,1,0.0124,0.9366,0.0510
3388,brute_force,none,malicious_plain,malicious_plain,1,0.0122,0.9609,0.0269
3389,ddos_flood,timing_jitter+constant_rate_shaping,malicious_obfuscated,malicious_obfuscated,1,0.3151,0.0257,0.6593
3390,ssh_interactive,none,benign,benign,1,0.9616,0.0194,0.0190
3391,voip,none,benign,benign,1,0.9767,0.0136,0.0097
3392,reverse_shell,protocol_mimicry+fragmentation+block_padding,malicious_obfuscated,benign,0,0.5829,0.0153,0.4018
3393,ddos_flood,none,malicious_plain,malicious_plain,1,0.0117,0.9588,0.0294
3394,file_download,none,benign,benign,1,0.9730,0.0120,0.0150
3395,c2_beacon,none,malicious_plain,malicious_plain,1,0.0101,0.9668,0.0231
3396,reverse_shell,protocol_mimicry+block_padding+dummy_injection,malicious_obfuscated,benign,0,0.8730,0.0146,0.1123
3397,ssh_interactive,none,benign,benign,1,0.9761,0.0132,0.0107
3398,data_exfiltration,none,malicious_plain,malicious_plain,1,0.0115,0.9804,0.0082
3399,ddos_flood,none,malicious_plain,malicious_plain,1,0.0113,0.9413,0.0474
3400,reverse_shell,protocol_mimicry,malicious_obfuscated,malicious_obfuscated,1,0.2034,0.0408,0.7558
3401,ssh_interactive,none,benign,benign,1,0.9767,0.0130,0.0103
3402,video_streaming,none,benign,benign,1,0.9700,0.0177,0.0123
3403,voip,none,benign,benign,1,0.9734,0.0110,0.0156
3404,reverse_shell,none,malicious_plain,malicious_plain,1,0.0126,0.9471,0.0402
3405,file_download,none,benign,benign,1,0.9731,0.0140,0.0129
3406,ddos_flood,protocol_mimicry+fragmentation,malicious_obfuscated,malicious_obfuscated,1,0.0109,0.0128,0.9763
3407,reverse_shell,protocol_mimicry+timing_jitter+constant_rate_shaping,malicious_obfuscated,malicious_obfuscated,1,0.0925,0.0119,0.8956
3408,brute_force,none,malicious_plain,malicious_plain,1,0.0109,0.9632,0.0259
3409,brute_force,protocol_mimicry+fragmentation+random_padding,malicious_obfuscated,malicious_obfuscated,1,0.0174,0.0129,0.9697
3410,c2_beacon,none,malicious_plain,malicious_plain,1,0.0118,0.9438,0.0444
3411,port_scan,protocol_mimicry+block_padding,malicious_obfuscated,malicious_obfuscated,1,0.0176,0.0097,0.9727
3412,ssh_interactive,none,benign,benign,1,0.9772,0.0112,0.0116
3413,file_download,none,benign,benign,1,0.9691,0.0167,0.0141
3414,ddos_flood,none,malicious_plain,malicious_plain,1,0.0120,0.9547,0.0333
3415,ddos_flood,protocol_mimicry+block_padding,malicious_obfuscated,malicious_obfuscated,1,0.0077,0.0093,0.9830
3416,ssh_interactive,none,benign,benign,1,0.9766,0.0128,0.0107
3417,c2_beacon,block_padding+timing_jitter,malicious_obfuscated,malicious_obfuscated,1,0.0176,0.0116,0.9708
3418,ddos_flood,none,malicious_plain,malicious_plain,1,0.0132,0.9380,0.0488
3419,file_download,fragmentation+dummy_injection,benign,benign,1,0.9696,0.0149,0.0154
3420,ddos_flood,random_padding+constant_rate_shaping,malicious_obfuscated,malicious_obfuscated,1,0.0196,0.0105,0.9699
3421,ddos_flood,none,malicious_plain,malicious_plain,1,0.0113,0.9625,0.0263
3422,port_scan,tunnel_encapsulation,malicious_obfuscated,malicious_obfuscated,1,0.0155,0.0130,0.9715
3423,ssh_interactive,protocol_mimicry,benign,malicious_obfuscated,0,0.1878,0.0155,0.7967
3424,web_browsing,dummy_injection+tunnel_encapsulation,benign,benign,1,0.9755,0.0127,0.0118
3425,c2_beacon,timing_jitter+tunnel_encapsulation,malicious_obfuscated,malicious_obfuscated,1,0.0088,0.0131,0.9781
3426,data_exfiltration,none,malicious_plain,malicious_plain,1,0.0182,0.9324,0.0493
3427,c2_beacon,none,malicious_plain,malicious_plain,1,0.0169,0.7958,0.1873
3428,brute_force,protocol_mimicry+fragmentation+tunnel_encapsulation,malicious_obfuscated,benign,0,0.7329,0.0163,0.2508
3429,port_scan,dummy_injection,malicious_obfuscated,malicious_plain,0,0.0160,0.8860,0.0980
3430,c2_beacon,none,malicious_plain,malicious_plain,1,0.0104,0.9682,0.0214
3431,voip,protocol_mimicry,benign,benign,1,0.8264,0.0135,0.1601
3432,data_exfiltration,none,malicious_plain,malicious_plain,1,0.0123,0.9767,0.0111
3433,video_streaming,none,benign,benign,1,0.9625,0.0206,0.0168
3434,voip,protocol_mimicry,benign,benign,1,0.9330,0.0104,0.0566
3435,ddos_flood,none,malicious_plain,malicious_plain,1,0.0147,0.9409,0.0444
3436,data_exfiltration,none,malicious_plain,malicious_plain,1,0.0118,0.9790,0.0092
3437,port_scan,none,malicious_plain,malicious_plain,1,0.0127,0.9507,0.0365
3438,ddos_flood,none,malicious_plain,malicious_plain,1,0.0101,0.9703,0.0196
3439,c2_beacon,constant_rate_shaping,malicious_obfuscated,malicious_obfuscated,1,0.1570,0.0123,0.8307
3440,port_scan,none,malicious_plain,malicious_plain,1,0.0121,0.9420,0.0459
3441,web_browsing,none,benign,benign,1,0.9778,0.0106,0.0117
3442,web_browsing,none,benign,benign,1,0.9760,0.0104,0.0137
3443,voip,block_padding+dummy_injection+constant_rate_shaping,benign,malicious_obfuscated,0,0.2868,0.0113,0.7019
3444,reverse_shell,none,malicious_plain,malicious_plain,1,0.0098,0.9669,0.0234
3445,brute_force,none,malicious_plain,malicious_plain,1,0.0109,0.9613,0.0278
3446,reverse_shell,none,malicious_plain,malicious_plain,1,0.0117,0.9723,0.0160
3447,data_exfiltration,protocol_mimicry+random_padding,malicious_obfuscated,malicious_obfuscated,1,0.0277,0.0130,0.9593
3448,web_browsing,protocol_mimicry+dummy_injection,benign,benign,1,0.9554,0.0122,0.0324
3449,ssh_interactive,protocol_mimicry,benign,benign,1,0.7786,0.0122,0.2092
3450,brute_force,none,malicious_plain,malicious_plain,1,0.0147,0.9530,0.0324
3451,ddos_flood,none,malicious_plain,malicious_plain,1,0.0134,0.9241,0.0625
3452,web_browsing,none,benign,benign,1,0.9737,0.0134,0.0128
3453,web_browsing,none,benign,benign,1,0.9778,0.0101,0.0121
3454,data_exfiltration,none,malicious_plain,malicious_plain,1,0.0124,0.9765,0.0111
3455,reverse_shell,none,malicious_plain,malicious_plain,1,0.0180,0.9419,0.0401
3456,voip,block_padding+dummy_injection+constant_rate_shaping,benign,malicious_obfuscated,0,0.2514,0.0118,0.7368
3457,data_exfiltration,protocol_mimicry+tunnel_encapsulation,malicious_obfuscated,malicious_obfuscated,1,0.0115,0.0131,0.9754
3458,port_scan,none,malicious_plain,malicious_plain,1,0.0138,0.9294,0.0568
3459,file_download,block_padding+tunnel_encapsulation,benign,benign,1,0.9788,0.0122,0.0089
3460,brute_force,block_padding,malicious_obfuscated,malicious_obfuscated,1,0.0327,0.0105,0.9568
3461,brute_force,fragmentation+dummy_injection+constant_rate_shaping,malicious_obfuscated,malicious_obfuscated,1,0.1698,0.0130,0.8172
3462,ddos_flood,dummy_injection+timing_jitter+constant_rate_shaping,malicious_obfuscated,malicious_obfuscated,1,0.2414,0.0219,0.7367
3463,ddos_flood,constant_rate_shaping,malicious_obfuscated,malicious_obfuscated,1,0.0125,0.0097,0.9778
3464,video_streaming,none,benign,benign,1,0.9723,0.0152,0.0125
3465,web_browsing,random_padding+timing_jitter,benign,benign,1,0.9204,0.0109,0.0687
3466,c2_beacon,none,malicious_plain,malicious_plain,1,0.0127,0.9594,0.0279
3467,web_browsing,none,benign,benign,1,0.9722,0.0080,0.0197
3468,ddos_flood,none,malicious_plain,malicious_plain,1,0.0098,0.9591,0.0311
3469,ddos_flood,none,malicious_plain,malicious_plain,1,0.0103,0.9663,0.0234
3470,video_streaming,none,benign,benign,1,0.9714,0.0172,0.0115
3471,brute_force,timing_jitter,malicious_obfuscated,malicious_plain,0,0.0183,0.6842,0.2975
3472,voip,fragmentation,benign,malicious_obfuscated,0,0.3034,0.0122,0.6845
3473,brute_force,timing_jitter+constant_rate_shaping+tunnel_encapsulation,malicious_obfuscated,malicious_obfuscated,1,0.0692,0.0116,0.9192
3474,c2_beacon,none,malicious_plain,malicious_plain,1,0.0107,0.9681,0.0211
3475,port_scan,constant_rate_shaping+tunnel_encapsulation,malicious_obfuscated,malicious_obfuscated,1,0.0336,0.0114,0.9550
3476,voip,random_padding+timing_jitter,benign,benign,1,0.9111,0.0162,0.0727
3477,reverse_shell,none,malicious_plain,malicious_plain,1,0.0123,0.9726,0.0151
3478,ddos_flood,protocol_mimicry+random_padding,malicious_obfuscated,malicious_obfuscated,1,0.0147,0.0172,0.9681
3479,port_scan,protocol_mimicry+timing_jitter+constant_rate_shaping,malicious_obfuscated,malicious_obfuscated,1,0.0575,0.0138,0.9286
3480,c2_beacon,fragmentation,malicious_obfuscated,malicious_obfuscated,1,0.0080,0.0092,0.9827
3481,reverse_shell,random_padding+timing_jitter,malicious_obfuscated,malicious_obfuscated,1,0.0836,0.0186,0.8977
3482,port_scan,dummy_injection,malicious_obfuscated,malicious_obfuscated,1,0.0212,0.0177,0.9611
3483,web_browsing,none,benign,benign,1,0.9791,0.0093,0.0115
3484,web_browsing,none,benign,benign,1,0.9779,0.0085,0.0136
3485,c2_beacon,fragmentation+dummy_injection+constant_rate_shaping,malicious_obfuscated,malicious_obfuscated,1,0.2286,0.0193,0.7521
3486,brute_force,none,malicious_plain,malicious_plain,1,0.0115,0.9641,0.0243
3487,voip,none,benign,benign,1,0.9763,0.0128,0.0108
3488,data_exfiltration,protocol_mimicry,malicious_obfuscated,malicious_obfuscated,1,0.0173,0.0140,0.9687
3489,reverse_shell,constant_rate_shaping,malicious_obfuscated,malicious_obfuscated,1,0.0733,0.0137,0.9130
3490,video_streaming,none,benign,benign,1,0.9734,0.0173,0.0093
3491,ssh_interactive,block_padding+constant_rate_shaping+tunnel_encapsulation,benign,benign,1,0.7097,0.0179,0.2724
3492,port_scan,none,malicious_plain,malicious_plain,1,0.0134,0.9407,0.0460
3493,reverse_shell,protocol_mimicry+random_padding+timing_jitter,malicious_obfuscated,malicious_obfuscated,1,0.0264,0.0097,0.9639
3494,ddos_flood,none,malicious_plain,malicious_plain,1,0.0103,0.9438,0.0459
3495,web_browsing,none,benign,benign,1,0.9780,0.0115,0.0106
3496,file_download,protocol_mimicry+constant_rate_shaping,benign,benign,1,0.9749,0.0128,0.0124
3497,brute_force,none,malicious_plain,malicious_plain,1,0.0121,0.9645,0.0235
3498,reverse_shell,none,malicious_plain,malicious_plain,1,0.0107,0.9724,0.0169
3499,ssh_interactive,protocol_mimicry+block_padding+timing_jitter,benign,malicious_obfuscated,0,0.4465,0.0176,0.5360
3500,web_browsing,none,benign,benign,1,0.9702,0.0088,0.0210
3501,reverse_shell,none,malicious_plain,malicious_plain,1,0.0119,0.9728,0.0153
3502,c2_beacon,protocol_mimicry+fragmentation+tunnel_encapsulation,malicious_obfuscated,malicious_obfuscated,1,0.0557,0.0078,0.9365
3503,file_download,none,benign,benign,1,0.9721,0.0148,0.0131
3504,data_exfiltration,fragmentation+timing_jitter+tunnel_encapsulation,malicious_obfuscated,malicious_obfuscated,1,0.0127,0.0110,0.9763
3505,port_scan,protocol_mimicry+constant_rate_shaping,malicious_obfuscated,malicious_obfuscated,1,0.0595,0.0099,0.9306
3506,file_download,block_padding,benign,benign,1,0.9785,0.0090,0.0125
3507,c2_beacon,none,malicious_plain,malicious_plain,1,0.0094,0.9678,0.0228
3508,ssh_interactive,dummy_injection,benign,benign,1,0.8622,0.0151,0.1227
3509,ddos_flood,none,malicious_plain,malicious_plain,1,0.0122,0.9443,0.0434
3510,file_download,protocol_mimicry+fragmentation+block_padding,benign,benign,1,0.9627,0.0145,0.0227
3511,c2_beacon,random_padding+constant_rate_shaping,malicious_obfuscated,malicious_obfuscated,1,0.0625,0.0129,0.9246
3512,ssh_interactive,none,benign,benign,1,0.9745,0.0132,0.0123
3513,file_download,none,benign,benign,1,0.9705,0.0148,0.0147
3514,port_scan,none,malicious_plain,malicious_plain,1,0.0134,0.9487,0.0379
3515,c2_beacon,none,malicious_plain,malicious_plain,1,0.0101,0.9633,0.0266
3516,data_exfiltration,none,malicious_plain,malicious_plain,1,0.0109,0.9787,0.0104
3517,file_download,none,benign,benign,1,0.9735,0.0122,0.0143
3518,reverse_shell,protocol_mimicry,malicious_obfuscated,malicious_obfuscated,1,0.0260,0.0072,0.9668
3519,data_exfiltration,protocol_mimicry+fragmentation,malicious_obfuscated,malicious_obfuscated,1,0.0100,0.0108,0.9792
3520,web_browsing,none,benign,benign,1,0.9799,0.0085,0.0117
3521,data_exfiltration,none,malicious_plain,malicious_plain,1,0.0139,0.9756,0.0106
3522,ddos_flood,none,malicious_plain,malicious_plain,1,0.0111,0.9650,0.0238
3523,c2_beacon,none,malicious_plain,malicious_plain,1,0.0084,0.9763,0.0153
3524,reverse_shell,none,malicious_plain,malicious_plain,1,0.0110,0.9568,0.0322
3525,reverse_shell,protocol_mimicry+block_padding+constant_rate_shaping,malicious_obfuscated,malicious_obfuscated,1,0.0588,0.0092,0.9320
3526,reverse_shell,none,malicious_plain,malicious_plain,1,0.0378,0.8957,0.0665
3527,data_exfiltration,none,malicious_plain,malicious_plain,1,0.0135,0.9698,0.0166
3528,voip,none,benign,benign,1,0.9753,0.0130,0.0116
3529,reverse_shell,protocol_mimicry+dummy_injection+tunnel_encapsulation,malicious_obfuscated,malicious_obfuscated,1,0.3432,0.0195,0.6373
3530,c2_beacon,block_padding+timing_jitter+constant_rate_shaping,malicious_obfuscated,malicious_obfuscated,1,0.0487,0.0112,0.9401
3531,ddos_flood,protocol_mimicry+fragmentation+dummy_injection,malicious_obfuscated,malicious_obfuscated,1,0.0311,0.0136,0.9553
3532,dns_query,block_padding+dummy_injection,benign,benign,1,0.9605,0.0080,0.0315
3533,reverse_shell,block_padding+constant_rate_shaping+tunnel_encapsulation,malicious_obfuscated,malicious_obfuscated,1,0.2898,0.0181,0.6921
3534,ddos_flood,none,malicious_plain,malicious_plain,1,0.0137,0.9458,0.0405
3535,data_exfiltration,none,malicious_plain,malicious_plain,1,0.0162,0.9678,0.0160
3536,brute_force,fragmentation,malicious_obfuscated,malicious_obfuscated,1,0.0062,0.0129,0.9809
3537,ddos_flood,timing_jitter+tunnel_encapsulation,malicious_obfuscated,malicious_obfuscated,1,0.0097,0.0120,0.9782
3538,data_exfiltration,none,malicious_plain,malicious_plain,1,0.0116,0.9742,0.0142
3539,web_browsing,none,benign,benign,1,0.9750,0.0104,0.0146
3540,brute_force,none,malicious_plain,malicious_plain,1,0.0127,0.9477,0.0396
3541,ssh_interactive,none,benign,benign,1,0.9754,0.0114,0.0132
3542,voip,random_padding+dummy_injection,benign,benign,1,0.9675,0.0105,0.0220
3543,port_scan,random_padding,malicious_obfuscated,malicious_obfuscated,1,0.0099,0.0097,0.9804
3544,port_scan,fragmentation,malicious_obfuscated,malicious_plain,0,0.0140,0.9434,0.0426
3545,video_streaming,none,benign,benign,1,0.9677,0.0198,0.0125
3546,reverse_shell,none,malicious_plain,malicious_plain,1,0.0086,0.9723,0.0191
3547,ddos_flood,none,malicious_plain,malicious_plain,1,0.0149,0.9522,0.0329
3548,ssh_interactive,none,benign,benign,1,0.9783,0.0131,0.0087
3549,port_scan,none,malicious_plain,malicious_plain,1,0.0120,0.9403,0.0477
3550,reverse_shell,none,malicious_plain,malicious_plain,1,0.0076,0.9806,0.0118
3551,data_exfiltration,protocol_mimicry,malicious_obfuscated,malicious_obfuscated,1,0.0450,0.0144,0.9406
3552,video_streaming,none,benign,benign,1,0.9703,0.0187,0.0110
3553,c2_beacon,none,malicious_plain,malicious_plain,1,0.0097,0.9645,0.0257
3554,data_exfiltration,block_padding,malicious_obfuscated,malicious_obfuscated,1,0.0240,0.0117,0.9643
3555,ssh_interactive,none,benign,benign,1,0.9770,0.0109,0.0120
3556,brute_force,constant_rate_shaping,malicious_obfuscated,malicious_obfuscated,1,0.0691,0.0104,0.9204
3557,reverse_shell,block_padding,malicious_obfuscated,malicious_obfuscated,1,0.0703,0.0226,0.9072
3558,web_browsing,block_padding,benign,benign,1,0.9747,0.0101,0.0152
3559,reverse_shell,random_padding+dummy_injection,malicious_obfuscated,malicious_obfuscated,1,0.0116,0.0096,0.9788
3560,web_browsing,block_padding+random_padding,benign,benign,1,0.6691,0.0139,0.3171
3561,brute_force,none,malicious_plain,malicious_plain,1,0.0117,0.9613,0.0270
3562,reverse_shell,none,malicious_plain,malicious_plain,1,0.0113,0.9547,0.0341
3563,brute_force,none,malicious_plain,malicious_plain,1,0.0112,0.9611,0.0277
3564,brute_force,fragmentation,malicious_obfuscated,malicious_obfuscated,1,0.0060,0.0145,0.9794
3565,c2_beacon,protocol_mimicry+fragmentation+tunnel_encapsulation,malicious_obfuscated,malicious_obfuscated,1,0.0632,0.0155,0.9214
3566,ddos_flood,none,malicious_plain,malicious_plain,1,0.0107,0.9638,0.0255
3567,data_exfiltration,random_padding+tunnel_encapsulation,malicious_obfuscated,malicious_obfuscated,1,0.0082,0.0089,0.9829
3568,web_browsing,block_padding+random_padding,benign,benign,1,0.9766,0.0103,0.0131
3569,ssh_interactive,none,benign,benign,1,0.9776,0.0125,0.0100
3570,port_scan,none,malicious_plain,malicious_plain,1,0.0133,0.9430,0.0437
3571,brute_force,fragmentation+timing_jitter+tunnel_encapsulation,malicious_obfuscated,malicious_obfuscated,1,0.0152,0.0114,0.9734
3572,brute_force,protocol_mimicry+constant_rate_shaping,malicious_obfuscated,malicious_obfuscated,1,0.2882,0.0147,0.6971
3573,voip,dummy_injection+constant_rate_shaping,benign,benign,1,0.7138,0.0092,0.2770
3574,web_browsing,none,benign,benign,1,0.9778,0.0108,0.0113
3575,brute_force,none,malicious_plain,malicious_plain,1,0.0124,0.9575,0.0301
3576,brute_force,timing_jitter,malicious_obfuscated,malicious_plain,0,0.0130,0.9411,0.0459
3577,port_scan,fragmentation+constant_rate_shaping,malicious_obfuscated,malicious_obfuscated,1,0.0251,0.0115,0.9634
3578,brute_force,none,malicious_plain,malicious_plain,1,0.0116,0.9536,0.0347
3579,data_exfiltration,none,malicious_plain,malicious_plain,1,0.0125,0.9790,0.0085
3580,reverse_shell,tunnel_encapsulation,malicious_obfuscated,malicious_obfuscated,1,0.0118,0.0223,0.9659
3581,reverse_shell,block_padding+timing_jitter,malicious_obfuscated,malicious_obfuscated,1,0.0118,0.0097,0.9785
3582,data_exfiltration,fragmentation+random_padding+constant_rate_shaping,malicious_obfuscated,malicious_obfuscated,1,0.0409,0.0145,0.9446
3583,reverse_shell,protocol_mimicry+constant_rate_shaping,malicious_obfuscated,malicious_obfuscated,1,0.0767,0.0128,0.9105
3584,port_scan,none,malicious_plain,malicious_plain,1,0.0111,0.9290,0.0599
3585,brute_force,block_padding+random_padding,malicious_obfuscated,malicious_obfuscated,1,0.0117,0.0123,0.9760
3586,data_exfiltration,none,malicious_plain,malicious_plain,1,0.0342,0.8617,0.1041
3587,ddos_flood,none,malicious_plain,malicious_plain,1,0.0104,0.9674,0.0222
3588,port_scan,none,malicious_plain,malicious_plain,1,0.0147,0.9383,0.0470
3589,reverse_shell,none,malicious_plain,malicious_plain,1,0.0209,0.9691,0.0100
3590,brute_force,none,malicious_plain,malicious_plain,1,0.0125,0.9468,0.0408
3591,reverse_shell,none,malicious_plain,malicious_plain,1,0.1044,0.8771,0.0184
3592,reverse_shell,block_padding+timing_jitter+constant_rate_shaping,malicious_obfuscated,malicious_obfuscated,1,0.0337,0.0103,0.9559
3593,video_streaming,none,benign,benign,1,0.9713,0.0172,0.0114
3594,ddos_flood,none,malicious_plain,malicious_plain,1,0.0120,0.9448,0.0432
3595,reverse_shell,protocol_mimicry+block_padding+random_padding,malicious_obfuscated,malicious_obfuscated,1,0.0322,0.0087,0.9592
3596,web_browsing,none,benign,benign,1,0.9750,0.0086,0.0164
3597,video_streaming,protocol_mimicry,benign,benign,1,0.9312,0.0141,0.0546
3598,data_exfiltration,protocol_mimicry+timing_jitter,malicious_obfuscated,malicious_obfuscated,1,0.0122,0.0092,0.9787
3599,dns_query,fragmentation+dummy_injection+tunnel_encapsulation,benign,benign,1,0.9559,0.0173,0.0268
3600,data_exfiltration,none,malicious_plain,malicious_plain,1,0.0134,0.9761,0.0105
3601,c2_beacon,random_padding+dummy_injection,malicious_obfuscated,malicious_obfuscated,1,0.0079,0.0111,0.9810
3602,reverse_shell,fragmentation+block_padding,malicious_obfuscated,malicious_obfuscated,1,0.0109,0.0094,0.9797
3603,data_exfiltration,none,malicious_plain,malicious_plain,1,0.0114,0.9738,0.0148
3604,file_download,none,benign,benign,1,0.9706,0.0123,0.0171
3605,c2_beacon,block_padding,malicious_obfuscated,malicious_obfuscated,1,0.0072,0.0096,0.9831
3606,brute_force,constant_rate_shaping,malicious_obfuscated,malicious_obfuscated,1,0.3026,0.0111,0.6862
3607,web_browsing,timing_jitter,benign,malicious_obfuscated,0,0.4524,0.0222,0.5254
3608,data_exfiltration,none,malicious_plain,malicious_plain,1,0.0147,0.9705,0.0149
3609,ssh_interactive,none,benign,benign,1,0.9794,0.0122,0.0084
3610,reverse_shell,none,malicious_plain,malicious_plain,1,0.0317,0.9602,0.0081
3611,port_scan,none,malicious_plain,malicious_plain,1,0.0136,0.9367,0.0497
3612,port_scan,none,malicious_plain,malicious_plain,1,0.0128,0.9366,0.0506
3613,ddos_flood,none,malicious_plain,malicious_plain,1,0.0128,0.9569,0.0303
3614,data_exfiltration,none,malicious_plain,malicious_plain,1,0.0138,0.9755,0.0106
3615,port_scan,none,malicious_plain,malicious_plain,1,0.0114,0.9414,0.0472
3616,ssh_interactive,protocol_mimicry+timing_jitter,benign,malicious_obfuscated,0,0.2068,0.0272,0.7660
3617,c2_beacon,none,malicious_plain,malicious_plain,1,0.0088,0.9709,0.0202
3618,c2_beacon,tunnel_encapsulation,malicious_obfuscated,malicious_obfuscated,1,0.0093,0.0166,0.9741
3619,ssh_interactive,none,benign,benign,1,0.9565,0.0102,0.0333
3620,video_streaming,none,benign,benign,1,0.9710,0.0162,0.0128
3621,ssh_interactive,timing_jitter+constant_rate_shaping,benign,benign,1,0.7613,0.0136,0.2251
3622,data_exfiltration,protocol_mimicry+dummy_injection+constant_rate_shaping,malicious_obfuscated,benign,0,0.8984,0.0161,0.0855
3623,data_exfiltration,protocol_mimicry+timing_jitter,malicious_obfuscated,malicious_obfuscated,1,0.0136,0.0077,0.9787
3624,data_exfiltration,none,malicious_plain,malicious_plain,1,0.0136,0.9742,0.0122
3625,brute_force,none,malicious_plain,malicious_plain,1,0.0110,0.9649,0.0241
3626,ddos_flood,protocol_mimicry+dummy_injection+tunnel_encapsulation,malicious_obfuscated,malicious_obfuscated,1,0.0161,0.0105,0.9734
3627,video_streaming,none,benign,benign,1,0.9694,0.0143,0.0163
3628,c2_beacon,none,malicious_plain,malicious_plain,1,0.0109,0.9743,0.0148
3629,reverse_shell,none,malicious_plain,malicious_plain,1,0.0103,0.9677,0.0220
3630,ssh_interactive,none,benign,benign,1,0.9781,0.0127,0.0092
3631,ddos_flood,none,malicious_plain,malicious_plain,1,0.0103,0.9658,0.0239
3632,web_browsing,none,benign,benign,1,0.9764,0.0123,0.0113
3633,c2_beacon,none,malicious_plain,malicious_plain,1,0.0118,0.9667,0.0215
3634,brute_force,none,malicious_plain,malicious_plain,1,0.0129,0.9346,0.0525
3635,data_exfiltration,none,malicious_plain,malicious_plain,1,0.0150,0.9734,0.0115
3636,voip,none,benign,benign,1,0.9660,0.0098,0.0242
3637,brute_force,none,malicious_plain,malicious_plain,1,0.0091,0.9649,0.0261
3638,voip,protocol_mimicry+random_padding+timing_jitter,benign,benign,1,0.9765,0.0105,0.0130
3639,reverse_shell,none,malicious_plain,malicious_plain,1,0.0110,0.9569,0.0321
3640,brute_force,none,malicious_plain,malicious_plain,1,0.0114,0.9585,0.0301
3641,port_scan,none,malicious_plain,malicious_plain,1,0.0153,0.9159,0.0688
3642,ddos_flood,constant_rate_shaping,malicious_obfuscated,malicious_obfuscated,1,0.0113,0.0108,0.9779
3643,voip,random_padding,benign,benign,1,0.9755,0.0109,0.0136
3644,file_download,fragmentation+block_padding+tunnel_encapsulation,benign,benign,1,0.9721,0.0133,0.0146
3645,ddos_flood,none,malicious_plain,malicious_plain,1,0.0154,0.9451,0.0395
3646,ssh_interactive,none,benign,benign,1,0.9771,0.0133,0.0096
3647,data_exfiltration,dummy_injection+timing_jitter,malicious_obfuscated,malicious_obfuscated,1,0.0211,0.0115,0.9674
3648,brute_force,none,malicious_plain,malicious_plain,1,0.0121,0.9604,0.0275
3649,c2_beacon,none,malicious_plain,malicious_plain,1,0.0105,0.9299,0.0596
3650,c2_beacon,random_padding+dummy_injection,malicious_obfuscated,malicious_obfuscated,1,0.0178,0.0136,0.9686
3651,data_exfiltration,none,malicious_plain,malicious_plain,1,0.0122,0.9791,0.0087
3652,port_scan,timing_jitter+constant_rate_shaping+tunnel_encapsulation,malicious_obfuscated,malicious_obfuscated,1,0.0246,0.0150,0.9604
3653,reverse_shell,none,malicious_plain,malicious_plain,1,0.0142,0.9109,0.0749
3654,ssh_interactive,none,benign,benign,1,0.9772,0.0135,0.0093
3655,ssh_interactive,fragmentation+block_padding+tunnel_encapsulation,benign,benign,1,0.9518,0.0125,0.0357
3656,port_scan,random_padding+constant_rate_shaping+tunnel_encapsulation,malicious_obfuscated,malicious_obfuscated,1,0.0172,0.0156,0.9671
3657,brute_force,none,malicious_plain,malicious_plain,1,0.0104,0.9671,0.0225
3658,brute_force,protocol_mimicry+dummy_injection+tunnel_encapsulation,malicious_obfuscated,malicious_obfuscated,1,0.0318,0.0139,0.9543
3659,brute_force,fragmentation+constant_rate_shaping,malicious_obfuscated,benign,0,0.5306,0.0108,0.4586
3660,file_download,dummy_injection,benign,benign,1,0.9788,0.0085,0.0127
3661,data_exfiltration,none,malicious_plain,malicious_plain,1,0.0107,0.9803,0.0090
3662,web_browsing,none,benign,benign,1,0.9789,0.0097,0.0114
3663,port_scan,none,malicious_plain,malicious_plain,1,0.0124,0.9424,0.0452
3664,brute_force,protocol_mimicry+block_padding+random_padding,malicious_obfuscated,malicious_obfuscated,1,0.0430,0.0159,0.9410
3665,c2_beacon,none,malicious_plain,malicious_plain,1,0.0147,0.9223,0.0630
3666,c2_beacon,fragmentation+random_padding+constant_rate_shaping,malicious_obfuscated,malicious_obfuscated,1,0.0386,0.0143,0.9471
3667,voip,none,benign,benign,1,0.9770,0.0140,0.0090
3668,video_streaming,fragmentation+random_padding+dummy_injection,benign,benign,1,0.9816,0.0126,0.0058
3669,ddos_flood,none,malicious_plain,malicious_plain,1,0.0155,0.9297,0.0549
3670,ssh_interactive,random_padding+timing_jitter,benign,benign,1,0.9769,0.0107,0.0124
3671,c2_beacon,fragmentation+dummy_injection+tunnel_encapsulation,malicious_obfuscated,malicious_obfuscated,1,0.0064,0.0116,0.9820
3672,file_download,none,benign,benign,1,0.9711,0.0126,0.0163
3673,data_exfiltration,protocol_mimicry+block_padding+random_padding,malicious_obfuscated,malicious_obfuscated,1,0.0277,0.0106,0.9617
3674,port_scan,protocol_mimicry+fragmentation+dummy_injection,malicious_obfuscated,malicious_obfuscated,1,0.0104,0.0091,0.9805
3675,ssh_interactive,protocol_mimicry+constant_rate_shaping+tunnel_encapsulation,benign,malicious_obfuscated,0,0.0525,0.0098,0.9377
3676,web_browsing,fragmentation+block_padding+timing_jitter,benign,benign,1,0.5771,0.0139,0.4090
3677,data_exfiltration,none,malicious_plain,malicious_plain,1,0.0124,0.9791,0.0084
3678,web_browsing,none,benign,benign,1,0.9773,0.0102,0.0125
3679,brute_force,constant_rate_shaping,malicious_obfuscated,malicious_obfuscated,1,0.1007,0.0120,0.8873
3680,file_download,random_padding+dummy_injection,benign,benign,1,0.9739,0.0127,0.0134
3681,reverse_shell,none,malicious_plain,malicious_plain,1,0.0110,0.9766,0.0124
3682,video_streaming,none,benign,benign,1,0.9662,0.0194,0.0144
3683,c2_beacon,protocol_mimicry+random_padding,malicious_obfuscated,malicious_obfuscated,1,0.0231,0.0119,0.9651
3684,reverse_shell,none,malicious_plain,malicious_plain,1,0.0100,0.9794,0.0106
3685,voip,fragmentation,benign,benign,1,0.9712,0.0101,0.0187
3686,ssh_interactive,none,benign,benign,1,0.9418,0.0328,0.0254
3687,reverse_shell,none,malicious_plain,malicious_plain,1,0.0215,0.9563,0.0222
3688,data_exfiltration,none,malicious_plain,malicious_plain,1,0.0098,0.9822,0.0079
3689,c2_beacon,protocol_mimicry,malicious_obfuscated,malicious_obfuscated,1,0.0939,0.0119,0.8942
3690,c2_beacon,none,malicious_plain,malicious_plain,1,0.0113,0.9631,0.0257
3691,voip,none,benign,benign,1,0.9765,0.0119,0.0116
3692,data_exfiltration,none,malicious_plain,malicious_plain,1,0.0134,0.9750,0.0116
3693,port_scan,none,malicious_plain,malicious_plain,1,0.0144,0.9208,0.0648
3694,brute_force,fragmentation+block_padding+timing_jitter,malicious_obfuscated,malicious_obfuscated,1,0.0098,0.0115,0.9787
3695,file_download,none,benign,benign,1,0.9710,0.0174,0.0116
3696,ddos_flood,none,malicious_plain,malicious_plain,1,0.0117,0.9536,0.0347
3697,reverse_shell,protocol_mimicry,malicious_obfuscated,malicious_obfuscated,1,0.4011,0.0170,0.5819
3698,data_exfiltration,none,malicious_plain,malicious_plain,1,0.0151,0.9717,0.0133
3699,reverse_shell,none,malicious_plain,malicious_plain,1,0.0107,0.9644,0.0249
3700,c2_beacon,fragmentation+dummy_injection+tunnel_encapsulation,malicious_obfuscated,malicious_obfuscated,1,0.0126,0.0100,0.9774
3701,web_browsing,fragmentation+tunnel_encapsulation,benign,malicious_obfuscated,0,0.1015,0.0101,0.8885
3702,data_exfiltration,block_padding+dummy_injection+tunnel_encapsulation,malicious_obfuscated,malicious_obfuscated,1,0.0107,0.0091,0.9802
3703,video_streaming,protocol_mimicry,benign,benign,1,0.9720,0.0125,0.0154
3704,ssh_interactive,random_padding,benign,benign,1,0.8384,0.0140,0.1477
3705,data_exfiltration,timing_jitter,malicious_obfuscated,malicious_obfuscated,1,0.0116,0.0275,0.9609
3706,ddos_flood,none,malicious_plain,malicious_plain,1,0.0124,0.9420,0.0456
3707,video_streaming,fragmentation+tunnel_encapsulation,benign,benign,1,0.9752,0.0135,0.0113
3708,ssh_interactive,block_padding+constant_rate_shaping,benign,benign,1,0.7346,0.0128,0.2526
3709,c2_beacon,fragmentation+block_padding+random_padding,malicious_obfuscated,malicious_obfuscated,1,0.0408,0.0231,0.9362
3710,data_exfiltration,protocol_mimicry,malicious_obfuscated,malicious_obfuscated,1,0.0163,0.0126,0.9711
3711,brute_force,protocol_mimicry+fragmentation,malicious_obfuscated,benign,0,0.5063,0.0234,0.4703
3712,brute_force,none,malicious_plain,malicious_plain,1,0.0120,0.9539,0.0341
3713,c2_beacon,none,malicious_plain,malicious_plain,1,0.0115,0.9508,0.0377
3714,port_scan,protocol_mimicry,malicious_obfuscated,malicious_obfuscated,1,0.0142,0.0088,0.9769
3715,ddos_flood,none,malicious_plain,malicious_plain,1,0.0101,0.9638,0.0260
3716,data_exfiltration,random_padding,malicious_obfuscated,malicious_obfuscated,1,0.0127,0.0092,0.9781
3717,video_streaming,none,benign,benign,1,0.9680,0.0174,0.0146
3718,c2_beacon,none,malicious_plain,malicious_plain,1,0.0097,0.9698,0.0204
3719,reverse_shell,none,malicious_plain,malicious_plain,1,0.0099,0.9643,0.0258
3720,c2_beacon,none,malicious_plain,malicious_plain,1,0.0100,0.9646,0.0254
3721,ssh_interactive,protocol_mimicry+dummy_injection+tunnel_encapsulation,benign,malicious_obfuscated,0,0.3787,0.0206,0.6007
3722,data_exfiltration,none,malicious_plain,malicious_plain,1,0.0141,0.9754,0.0105
3723,brute_force,none,malicious_plain,malicious_plain,1,0.0137,0.9346,0.0518
3724,port_scan,dummy_injection+tunnel_encapsulation,malicious_obfuscated,malicious_obfuscated,1,0.0151,0.0101,0.9748
3725,file_download,none,benign,benign,1,0.9707,0.0150,0.0143
3726,video_streaming,random_padding+timing_jitter+tunnel_encapsulation,benign,benign,1,0.9757,0.0147,0.0096
3727,video_streaming,none,benign,benign,1,0.9665,0.0199,0.0136
3728,dns_query,dummy_injection,benign,benign,1,0.7929,0.0242,0.1829
3729,ssh_interactive,none,benign,benign,1,0.9696,0.0139,0.0165
3730,port_scan,none,malicious_plain,malicious_plain,1,0.0119,0.9422,0.0460
3731,reverse_shell,timing_jitter,malicious_obfuscated,malicious_plain,0,0.0156,0.8128,0.1716
3732,brute_force,none,malicious_plain,malicious_plain,1,0.0120,0.9553,0.0326
3733,data_exfiltration,none,malicious_plain,malicious_plain,1,0.0113,0.9798,0.0089
3734,reverse_shell,none,malicious_plain,malicious_plain,1,0.0089,0.9681,0.0230
3735,c2_beacon,constant_rate_shaping,malicious_obfuscated,malicious_obfuscated,1,0.1367,0.0140,0.8492
3736,port_scan,timing_jitter,malicious_obfuscated,malicious_obfuscated,1,0.0083,0.0096,0.9822
3737,ddos_flood,random_padding,malicious_obfuscated,malicious_obfuscated,1,0.0075,0.0107,0.9818
3738,ddos_flood,none,malicious_plain,malicious_plain,1,0.0109,0.9572,0.0319
3739,file_download,none,benign,benign,1,0.9715,0.0155,0.0130
3740,reverse_shell,none,malicious_plain,malicious_plain,1,0.0271,0.9640,0.0088
3741,c2_beacon,protocol_mimicry+timing_jitter,malicious_obfuscated,malicious_obfuscated,1,0.0442,0.0081,0.9477
3742,reverse_shell,protocol_mimicry+dummy_injection,malicious_obfuscated,malicious_obfuscated,1,0.1927,0.0190,0.7883
3743,c2_beacon,none,malicious_plain,malicious_plain,1,0.0126,0.9619,0.0255
3744,ssh_interactive,none,benign,benign,1,0.9754,0.0128,0.0118
3745,dns_query,protocol_mimicry+dummy_injection+tunnel_encapsulation,benign,malicious_obfuscated,0,0.4525,0.0389,0.5087
3746,voip,none,benign,benign,1,0.9737,0.0129,0.0134
3747,file_download,none,benign,benign,1,0.9713,0.0153,0.0134
3748,port_scan,none,malicious_plain,malicious_plain,1,0.0108,0.9409,0.0484
3749,port_scan,none,malicious_plain,malicious_plain,1,0.0121,0.9494,0.0385
3750,c2_beacon,none,malicious_plain,malicious_plain,1,0.0116,0.9417,0.0467
3751,brute_force,none,malicious_plain,malicious_plain,1,0.0116,0.9605,0.0279
3752,web_browsing,timing_jitter+tunnel_encapsulation,benign,benign,1,0.9694,0.0137,0.0169
3753,data_exfiltration,dummy_injection,malicious_obfuscated,malicious_obfuscated,1,0.0107,0.0085,0.9808
3754,file_download,none,benign,benign,1,0.9748,0.0141,0.0111
3755,port_scan,none,malicious_plain,malicious_plain,1,0.0107,0.9421,0.0472
3756,ddos_flood,fragmentation,malicious_obfuscated,malicious_plain,0,0.0128,0.9533,0.0339
3757,port_scan,fragmentation+random_padding+dummy_injection,malicious_obfuscated,malicious_obfuscated,1,0.0089,0.0105,0.9806
3758,brute_force,timing_jitter,malicious_obfuscated,malicious_plain,0,0.0214,0.6445,0.3341
3759,brute_force,none,malicious_plain,malicious_plain,1,0.0124,0.9476,0.0401
3760,voip,protocol_mimicry+block_padding+tunnel_encapsulation,benign,malicious_obfuscated,0,0.4524,0.0118,0.5358
3761,voip,block_padding+constant_rate_shaping+tunnel_encapsulation,benign,malicious_obfuscated,0,0.1664,0.0136,0.8199
3762,ddos_flood,none,malicious_plain,malicious_plain,1,0.0099,0.9715,0.0186
3763,c2_beacon,dummy_injection+timing_jitter+tunnel_encapsulation,malicious_obfuscated,malicious_obfuscated,1,0.0095,0.0114,0.9792
3764,data_exfiltration,none,malicious_plain,malicious_plain,1,0.0133,0.9712,0.0154
3765,data_exfiltration,block_padding+timing_jitter+tunnel_encapsulation,malicious_obfuscated,malicious_obfuscated,1,0.0089,0.0099,0.9813
3766,reverse_shell,protocol_mimicry+dummy_injection+timing_jitter,malicious_obfuscated,malicious_obfuscated,1,0.0272,0.0084,0.9644
3767,reverse_shell,block_padding+dummy_injection+timing_jitter,malicious_obfuscated,malicious_obfuscated,1,0.0173,0.0098,0.9729
3768,file_download,none,benign,benign,1,0.9720,0.0164,0.0116
3769,dns_query,dummy_injection+timing_jitter+tunnel_encapsulation,benign,benign,1,0.9405,0.0234,0.0361
3770,voip,none,benign,benign,1,0.9766,0.0132,0.0101
3771,reverse_shell,tunnel_encapsulation,malicious_obfuscated,malicious_obfuscated,1,0.0322,0.0200,0.9478
3772,voip,none,benign,benign,1,0.9741,0.0124,0.0135
3773,voip,protocol_mimicry+timing_jitter+constant_rate_shaping,benign,malicious_obfuscated,0,0.2494,0.0130,0.7376
3774,video_streaming,none,benign,benign,1,0.9683,0.0150,0.0168
3775,port_scan,fragmentation+timing_jitter+constant_rate_shaping,malicious_obfuscated,malicious_obfuscated,1,0.3770,0.0119,0.6111
3776,data_exfiltration,none,malicious_plain,malicious_plain,1,0.0110,0.9756,0.0134
3777,c2_beacon,protocol_mimicry+random_padding+constant_rate_shaping,malicious_obfuscated,malicious_obfuscated,1,0.1135,0.0100,0.8766
3778,port_scan,none,malicious_plain,malicious_plain,1,0.0110,0.9024,0.0866
3779,port_scan,none,malicious_plain,malicious_plain,1,0.0123,0.9459,0.0418
3780,data_exfiltration,none,malicious_plain,malicious_plain,1,0.0133,0.9770,0.0097
3781,web_browsing,none,benign,benign,1,0.9753,0.0091,0.0155
3782,c2_beacon,fragmentation+block_padding,malicious_obfuscated,malicious_obfuscated,1,0.0062,0.0082,0.9856
3783,voip,none,benign,benign,1,0.9766,0.0117,0.0117
3784,port_scan,timing_jitter+constant_rate_shaping+tunnel_encapsulation,malicious_obfuscated,benign,0,0.5446,0.0103,0.4450
3785,brute_force,none,malicious_plain,malicious_plain,1,0.0135,0.9615,0.0250
3786,data_exfiltration,none,malicious_plain,malicious_plain,1,0.0157,0.9716,0.0127
3787,brute_force,tunnel_encapsulation,malicious_obfuscated,malicious_obfuscated,1,0.0176,0.0155,0.9669
3788,ddos_flood,tunnel_encapsulation,malicious_obfuscated,malicious_obfuscated,1,0.0099,0.0095,0.9806
3789,file_download,none,benign,benign,1,0.9730,0.0116,0.0154
3790,ssh_interactive,none,benign,benign,1,0.9754,0.0113,0.0133
3791,port_scan,protocol_mimicry+block_padding+constant_rate_shaping,malicious_obfuscated,malicious_obfuscated,1,0.0224,0.0105,0.9670
3792,ddos_flood,none,malicious_plain,malicious_plain,1,0.0108,0.9693,0.0199
3793,reverse_shell,none,malicious_plain,malicious_plain,1,0.0154,0.9362,0.0484
3794,brute_force,block_padding+random_padding,malicious_obfuscated,malicious_obfuscated,1,0.0191,0.0410,0.9399
3795,video_streaming,none,benign,benign,1,0.9704,0.0162,0.0134
3796,ddos_flood,dummy_injection+timing_jitter,malicious_obfuscated,malicious_obfuscated,1,0.0121,0.0116,0.9762
3797,reverse_shell,timing_jitter,malicious_obfuscated,malicious_obfuscated,1,0.0155,0.0182,0.9664
3798,web_browsing,fragmentation,benign,benign,1,0.9624,0.0117,0.0259
3799,reverse_shell,fragmentation+random_padding,malicious_obfuscated,malicious_obfuscated,1,0.0091,0.0087,0.9821
3800,brute_force,random_padding+constant_rate_shaping,malicious_obfuscated,malicious_obfuscated,1,0.1122,0.0107,0.8772
3801,file_download,none,benign,benign,1,0.9679,0.0194,0.0128
3802,web_browsing,dummy_injection+constant_rate_shaping+tunnel_encapsulation,benign,benign,1,0.6428,0.0275,0.3297
3803,c2_beacon,none,malicious_plain,malicious_plain,1,0.0128,0.9501,0.0371
3804,data_exfiltration,timing_jitter,malicious_obfuscated,malicious_obfuscated,1,0.0098,0.0131,0.9772
3805,reverse_shell,none,malicious_plain,malicious_plain,1,0.0105,0.9705,0.0190
3806,voip,none,benign,benign,1,0.9739,0.0146,0.0114
3807,video_streaming,none,benign,benign,1,0.9697,0.0183,0.0120
3808,video_streaming,dummy_injection,benign,benign,1,0.9681,0.0203,0.0116
3809,ssh_interactive,none,benign,benign,1,0.9774,0.0115,0.0111
3810,brute_force,none,malicious_plain,malicious_plain,1,0.0136,0.9528,0.0336
3811,c2_beacon,protocol_mimicry+random_padding,malicious_obfuscated,malicious_obfuscated,1,0.0403,0.0116,0.9481
3812,c2_beacon,block_padding+dummy_injection,malicious_obfuscated,malicious_obfuscated,1,0.0059,0.0105,0.9837
3813,brute_force,none,malicious_plain,malicious_plain,1,0.0111,0.9510,0.0379
3814,ssh_interactive,dummy_injection,benign,benign,1,0.9507,0.0110,0.0383
3815,data_exfiltration,timing_jitter,malicious_obfuscated,malicious_obfuscated,1,0.0081,0.0580,0.9339
3816,web_browsing,random_padding,benign,benign,1,0.9686,0.0093,0.0221
3817,port_scan,none,malicious_plain,malicious_plain,1,0.0108,0.9373,0.0519
3818,port_scan,none,malicious_plain,malicious_plain,1,0.0151,0.9215,0.0634
3819,video_streaming,dummy_injection+constant_rate_shaping,benign,benign,1,0.9759,0.0117,0.0123
3820,ddos_flood,none,malicious_plain,malicious_plain,1,0.0124,0.9519,0.0358
3821,brute_force,protocol_mimicry+block_padding+dummy_injection,malicious_obfuscated,malicious_obfuscated,1,0.0546,0.0126,0.9328
3822,data_exfiltration,constant_rate_shaping,malicious_obfuscated,malicious_obfuscated,1,0.0074,0.0092,0.9835
3823,brute_force,none,malicious_plain,malicious_plain,1,0.0136,0.9382,0.0482
3824,web_browsing,none,benign,benign,1,0.9788,0.0110,0.0101
3825,ddos_flood,none,malicious_plain,malicious_plain,1,0.0126,0.9541,0.0333
3826,reverse_shell,none,malicious_plain,malicious_plain,1,0.0110,0.9739,0.0152
3827,voip,timing_jitter,benign,benign,1,0.9511,0.0136,0.0353
3828,port_scan,protocol_mimicry+dummy_injection,malicious_obfuscated,malicious_obfuscated,1,0.0124,0.0126,0.9750
3829,file_download,none,benign,benign,1,0.9731,0.0156,0.0112
3830,brute_force,protocol_mimicry,malicious_obfuscated,malicious_obfuscated,1,0.0201,0.0106,0.9693
3831,ssh_interactive,none,benign,benign,1,0.9792,0.0126,0.0081
3832,c2_beacon,timing_jitter+constant_rate_shaping,malicious_obfuscated,malicious_obfuscated,1,0.0652,0.0092,0.9257
3833,ssh_interactive,tunnel_encapsulation,benign,benign,1,0.9762,0.0115,0.0123
3834,ddos_flood,protocol_mimicry+random_padding+dummy_injection,malicious_obfuscated,malicious_obfuscated,1,0.0246,0.0149,0.9604
3835,c2_beacon,protocol_mimicry+random_padding,malicious_obfuscated,malicious_obfuscated,1,0.1144,0.0133,0.8723
3836,ddos_flood,none,malicious_plain,malicious_plain,1,0.0117,0.9493,0.0390
3837,reverse_shell,protocol_mimicry+random_padding+timing_jitter,malicious_obfuscated,benign,0,0.9557,0.0199,0.0244
3838,file_download,protocol_mimicry+dummy_injection+constant_rate_shaping,benign,benign,1,0.9526,0.0097,0.0377
3839,voip,protocol_mimicry+block_padding,benign,benign,1,0.4952,0.0242,0.4806
3840,file_download,none,benign,benign,1,0.9712,0.0138,0.0150
3841,ddos_flood,random_padding,malicious_obfuscated,malicious_obfuscated,1,0.0074,0.0101,0.9825
3842,video_streaming,none,benign,benign,1,0.9714,0.0173,0.0113
3843,port_scan,none,malicious_plain,malicious_plain,1,0.0139,0.9247,0.0613
3844,file_download,block_padding+tunnel_encapsulation,benign,benign,1,0.9738,0.0135,0.0127
3845,voip,none,benign,benign,1,0.9758,0.0124,0.0118
3846,c2_beacon,random_padding,malicious_obfuscated,malicious_obfuscated,1,0.0084,0.0189,0.9727
3847,video_streaming,none,benign,benign,1,0.9699,0.0162,0.0138
3848,voip,none,benign,benign,1,0.9730,0.0123,0.0147
3849,port_scan,fragmentation+constant_rate_shaping,malicious_obfuscated,malicious_obfuscated,1,0.0326,0.0101,0.9573
3850,c2_beacon,random_padding+dummy_injection+tunnel_encapsulation,malicious_obfuscated,malicious_obfuscated,1,0.0072,0.0110,0.9819
3851,video_streaming,none,benign,benign,1,0.9718,0.0164,0.0119
3852,ssh_interactive,none,benign,benign,1,0.9766,0.0125,0.0109
3853,reverse_shell,block_padding,malicious_obfuscated,malicious_obfuscated,1,0.0107,0.0121,0.9772
3854,port_scan,none,malicious_plain,malicious_plain,1,0.0117,0.9285,0.0598
3855,data_exfiltration,none,malicious_plain,malicious_plain,1,0.0194,0.9501,0.0305
3856,data_exfiltration,fragmentation+dummy_injection,malicious_obfuscated,malicious_obfuscated,1,0.0239,0.0094,0.9667
3857,brute_force,tunnel_encapsulation,malicious_obfuscated,malicious_obfuscated,1,0.0386,0.0482,0.9132
3858,c2_beacon,tunnel_encapsulation,malicious_obfuscated,malicious_obfuscated,1,0.0081,0.0160,0.9759
3859,ddos_flood,none,malicious_plain,malicious_plain,1,0.0107,0.9493,0.0400
3860,web_browsing,fragmentation+random_padding+tunnel_encapsulation,benign,benign,1,0.9701,0.0134,0.0166
3861,port_scan,none,malicious_plain,malicious_plain,1,0.0119,0.9386,0.0495
3862,data_exfiltration,block_padding+timing_jitter,malicious_obfuscated,malicious_obfuscated,1,0.0081,0.0099,0.9820
3863,reverse_shell,none,malicious_plain,malicious_plain,1,0.0107,0.9669,0.0224
3864,ssh_interactive,none,benign,benign,1,0.9783,0.0122,0.0095
3865,c2_beacon,none,malicious_plain,malicious_plain,1,0.0146,0.9471,0.0383
3866,brute_force,none,malicious_plain,malicious_plain,1,0.0151,0.9427,0.0422
3867,ddos_flood,dummy_injection,malicious_obfuscated,malicious_obfuscated,1,0.0157,0.0101,0.9742
3868,ddos_flood,none,malicious_plain,malicious_plain,1,0.0132,0.9526,0.0343
3869,data_exfiltration,fragmentation+constant_rate_shaping,malicious_obfuscated,malicious_obfuscated,1,0.0158,0.0107,0.9735
3870,voip,tunnel_encapsulation,benign,benign,1,0.9677,0.0096,0.0227
3871,ddos_flood,none,malicious_plain,malicious_plain,1,0.0122,0.9622,0.0256
3872,file_download,none,benign,benign,1,0.9713,0.0159,0.0128
3873,port_scan,none,malicious_plain,malicious_plain,1,0.0127,0.9361,0.0511
3874,c2_beacon,none,malicious_plain,malicious_plain,1,0.0173,0.9333,0.0494
3875,c2_beacon,fragmentation+random_padding,malicious_obfuscated,malicious_obfuscated,1,0.0058,0.0096,0.9847
3876,c2_beacon,block_padding+random_padding,malicious_obfuscated,malicious_obfuscated,1,0.0114,0.0206,0.9680
3877,ssh_interactive,none,benign,benign,1,0.9764,0.0128,0.0108
3878,web_browsing,none,benign,benign,1,0.9747,0.0095,0.0158
3879,data_exfiltration,fragmentation+dummy_injection+constant_rate_shaping,malicious_obfuscated,malicious_obfuscated,1,0.0413,0.0108,0.9479
3880,port_scan,protocol_mimicry+fragmentation,malicious_obfuscated,malicious_obfuscated,1,0.0242,0.0149,0.9610
3881,data_exfiltration,protocol_mimicry+dummy_injection+tunnel_encapsulation,malicious_obfuscated,malicious_obfuscated,1,0.0374,0.0152,0.9474
3882,port_scan,none,malicious_plain,malicious_plain,1,0.0123,0.9299,0.0578
3883,voip,none,benign,benign,1,0.9749,0.0151,0.0100
3884,ddos_flood,none,malicious_plain,malicious_plain,1,0.0104,0.9554,0.0342
3885,data_exfiltration,none,malicious_plain,malicious_plain,1,0.0559,0.6197,0.3244
3886,ddos_flood,none,malicious_plain,malicious_plain,1,0.0117,0.9561,0.0322
3887,ddos_flood,none,malicious_plain,malicious_plain,1,0.0103,0.9406,0.0491
3888,ddos_flood,none,malicious_plain,malicious_plain,1,0.0144,0.9492,0.0364
3889,web_browsing,none,benign,benign,1,0.9745,0.0091,0.0164
3890,ddos_flood,block_padding+dummy_injection,malicious_obfuscated,malicious_obfuscated,1,0.0168,0.0093,0.9739
3891,voip,none,benign,benign,1,0.9762,0.0120,0.0118
3892,brute_force,random_padding,malicious_obfuscated,malicious_obfuscated,1,0.0140,0.0134,0.9726
3893,voip,none,benign,benign,1,0.9761,0.0123,0.0116
3894,reverse_shell,fragmentation+timing_jitter+tunnel_encapsulation,malicious_obfuscated,malicious_obfuscated,1,0.0143,0.0087,0.9770
3895,video_streaming,protocol_mimicry+fragmentation+tunnel_encapsulation,benign,benign,1,0.9797,0.0133,0.0070
3896,port_scan,protocol_mimicry,malicious_obfuscated,malicious_obfuscated,1,0.0138,0.0119,0.9743
3897,data_exfiltration,none,malicious_plain,malicious_plain,1,0.0139,0.9754,0.0107
3898,dns_query,tunnel_encapsulation,benign,benign,1,0.9087,0.0377,0.0536
3899,reverse_shell,none,malicious_plain,malicious_plain,1,0.0086,0.9768,0.0146
3900,reverse_shell,none,malicious_plain,malicious_plain,1,0.0332,0.9362,0.0306
3901,data_exfiltration,constant_rate_shaping,malicious_obfuscated,malicious_obfuscated,1,0.0149,0.0117,0.9734
3902,reverse_shell,fragmentation+block_padding,malicious_obfuscated,malicious_obfuscated,1,0.0120,0.0095,0.9785
3903,ssh_interactive,constant_rate_shaping,benign,benign,1,0.8298,0.0126,0.1576
3904,ssh_interactive,none,benign,benign,1,0.9792,0.0117,0.0092
3905,reverse_shell,none,malicious_plain,malicious_plain,1,0.0125,0.9555,0.0321
3906,voip,none,benign,benign,1,0.9762,0.0125,0.0113
3907,c2_beacon,protocol_mimicry+tunnel_encapsulation,malicious_obfuscated,malicious_obfuscated,1,0.0488,0.0079,0.9433
3908,port_scan,none,malicious_plain,malicious_plain,1,0.0112,0.9303,0.0585
3909,ssh_interactive,none,benign,benign,1,0.9657,0.0154,0.0189
3910,file_download,none,benign,benign,1,0.9720,0.0155,0.0125
3911,c2_beacon,protocol_mimicry+constant_rate_shaping,malicious_obfuscated,malicious_obfuscated,1,0.0577,0.0091,0.9332
3912,data_exfiltration,fragmentation,malicious_obfuscated,malicious_obfuscated,1,0.0097,0.0093,0.9810
3913,data_exfiltration,protocol_mimicry,malicious_obfuscated,malicious_obfuscated,1,0.0281,0.0109,0.9610
3914,port_scan,random_padding+timing_jitter+tunnel_encapsulation,malicious_obfuscated,malicious_obfuscated,1,0.0170,0.0144,0.9686
3915,video_streaming,none,benign,benign,1,0.9659,0.0205,0.0136
3916,ssh_interactive,none,benign,benign,1,0.9784,0.0124,0.0092
3917,web_browsing,none,benign,benign,1,0.9786,0.0085,0.0129
3918,ddos_flood,tunnel_encapsulation,malicious_obfuscated,malicious_obfuscated,1,0.0085,0.0099,0.9816
3919,video_streaming,none,benign,benign,1,0.9690,0.0170,0.0140
3920,voip,none,benign,benign,1,0.9740,0.0128,0.0131
3921,ssh_interactive,none,benign,benign,1,0.9726,0.0144,0.0130
3922,brute_force,none,malicious_plain,malicious_plain,1,0.0127,0.9471,0.0402
3923,video_streaming,dummy_injection+tunnel_encapsulation,benign,benign,1,0.9845,0.0107,0.0048
3924,port_scan,protocol_mimicry,malicious_obfuscated,malicious_obfuscated,1,0.0134,0.0112,0.9754
3925,file_download,dummy_injection,benign,benign,1,0.9598,0.0193,0.0209
3926,reverse_shell,none,malicious_plain,malicious_plain,1,0.0247,0.9636,0.0117
3927,video_streaming,none,benign,benign,1,0.9681,0.0168,0.0151
3928,voip,none,benign,benign,1,0.9746,0.0145,0.0109
3929,data_exfiltration,none,malicious_plain,malicious_plain,1,0.0108,0.9813,0.0080
3930,file_download,none,benign,benign,1,0.9683,0.0205,0.0112
3931,reverse_shell,fragmentation+random_padding+timing_jitter,malicious_obfuscated,malicious_obfuscated,1,0.0160,0.0190,0.9650
3932,data_exfiltration,none,malicious_plain,malicious_plain,1,0.0106,0.9811,0.0083
3933,video_streaming,protocol_mimicry+block_padding+timing_jitter,benign,benign,1,0.9779,0.0143,0.0078
3934,voip,protocol_mimicry,benign,benign,1,0.7669,0.0236,0.2095
3935,reverse_shell,block_padding+random_padding+timing_jitter,malicious_obfuscated,malicious_obfuscated,1,0.1724,0.0152,0.8124
3936,file_download,none,benign,benign,1,0.9715,0.0183,0.0103
3937,reverse_shell,none,malicious_plain,malicious_plain,1,0.0244,0.9640,0.0116
3938,video_streaming,fragmentation+timing_jitter+tunnel_encapsulation,benign,benign,1,0.9772,0.0150,0.0078
3939,brute_force,none,malicious_plain,malicious_plain,1,0.0253,0.9046,0.0702
3940,dns_query,protocol_mimicry+dummy_injection,benign,benign,1,0.9461,0.0195,0.0344
3941,video_streaming,protocol_mimicry+fragmentation+tunnel_encapsulation,benign,benign,1,0.9687,0.0167,0.0146
3942,voip,none,benign,benign,1,0.9779,0.0135,0.0085
3943,data_exfiltration,none,malicious_plain,malicious_plain,1,0.0122,0.9774,0.0104
3944,web_browsing,none,benign,benign,1,0.9754,0.0100,0.0146
3945,brute_force,block_padding+random_padding,malicious_obfuscated,malicious_obfuscated,1,0.0132,0.0116,0.9751
3946,video_streaming,none,benign,benign,1,0.9628,0.0185,0.0188
3947,port_scan,none,malicious_plain,malicious_plain,1,0.0146,0.9454,0.0400
3948,ssh_interactive,none,benign,benign,1,0.9745,0.0126,0.0129
3949,video_streaming,none,benign,benign,1,0.9673,0.0166,0.0162
3950,c2_beacon,none,malicious_plain,malicious_plain,1,0.0073,0.9653,0.0274
3951,reverse_shell,none,malicious_plain,malicious_plain,1,0.0091,0.9793,0.0116
3952,ddos_flood,block_padding+timing_jitter+tunnel_encapsulation,malicious_obfuscated,malicious_obfuscated,1,0.0132,0.0120,0.9747
3953,brute_force,block_padding,malicious_obfuscated,malicious_obfuscated,1,0.0111,0.0098,0.9791
3954,reverse_shell,none,malicious_plain,malicious_plain,1,0.0429,0.9353,0.0218
3955,video_streaming,protocol_mimicry+block_padding+constant_rate_shaping,benign,benign,1,0.9437,0.0154,0.0409
3956,web_browsing,block_padding,benign,benign,1,0.9793,0.0103,0.0103
3957,file_download,protocol_mimicry+constant_rate_shaping+tunnel_encapsulation,benign,malicious_obfuscated,0,0.3920,0.0082,0.5998
3958,reverse_shell,none,malicious_plain,malicious_plain,1,0.0177,0.9695,0.0128
3959,reverse_shell,none,malicious_plain,malicious_plain,1,0.0103,0.9723,0.0174
3960,data_exfiltration,none,malicious_plain,malicious_plain,1,0.0154,0.9724,0.0122
3961,reverse_shell,dummy_injection+constant_rate_shaping,malicious_obfuscated,malicious_obfuscated,1,0.4399,0.0133,0.5468
3962,brute_force,none,malicious_plain,malicious_plain,1,0.0138,0.9586,0.0276
3963,reverse_shell,timing_jitter,malicious_obfuscated,malicious_obfuscated,1,0.0213,0.0278,0.9509
3964,video_streaming,none,benign,benign,1,0.9684,0.0155,0.0161
3965,web_browsing,none,benign,benign,1,0.9753,0.0135,0.0112
3966,reverse_shell,none,malicious_plain,malicious_plain,1,0.0092,0.9729,0.0179
3967,ssh_interactive,random_padding,benign,benign,1,0.9167,0.0109,0.0725
3968,c2_beacon,fragmentation+constant_rate_shaping+tunnel_encapsulation,malicious_obfuscated,malicious_obfuscated,1,0.0896,0.0153,0.8951
3969,file_download,timing_jitter+constant_rate_shaping,benign,benign,1,0.9034,0.0124,0.0842
3970,c2_beacon,protocol_mimicry+fragmentation+tunnel_encapsulation,malicious_obfuscated,malicious_obfuscated,1,0.0396,0.0102,0.9503
3971,data_exfiltration,none,malicious_plain,malicious_plain,1,0.0117,0.9807,0.0076
3972,ssh_interactive,none,benign,benign,1,0.9763,0.0101,0.0136
3973,c2_beacon,block_padding+timing_jitter,malicious_obfuscated,malicious_obfuscated,1,0.0090,0.0103,0.9807
3974,ssh_interactive,none,benign,benign,1,0.9760,0.0114,0.0126
3975,reverse_shell,fragmentation+dummy_injection+tunnel_encapsulation,malicious_obfuscated,malicious_obfuscated,1,0.0167,0.0104,0.9729
3976,port_scan,none,malicious_plain,malicious_plain,1,0.0146,0.9274,0.0579
3977,brute_force,block_padding+dummy_injection+timing_jitter,malicious_obfuscated,malicious_obfuscated,1,0.0171,0.0108,0.9721
3978,voip,timing_jitter+constant_rate_shaping,benign,benign,1,0.8151,0.0113,0.1735
3979,port_scan,protocol_mimicry+random_padding+dummy_injection,malicious_obfuscated,malicious_obfuscated,1,0.0236,0.0122,0.9642
3980,data_exfiltration,none,malicious_plain,malicious_plain,1,0.0147,0.9690,0.0163
3981,data_exfiltration,fragmentation+block_padding+tunnel_encapsulation,malicious_obfuscated,malicious_obfuscated,1,0.0094,0.0098,0.9809
3982,data_exfiltration,fragmentation+tunnel_encapsulation,malicious_obfuscated,malicious_obfuscated,1,0.0091,0.0097,0.9812
3983,data_exfiltration,none,malicious_plain,malicious_plain,1,0.0112,0.9806,0.0082
3984,reverse_shell,none,malicious_plain,malicious_plain,1,0.0114,0.9748,0.0139
3985,video_streaming,protocol_mimicry,benign,benign,1,0.9681,0.0147,0.0172
3986,video_streaming,block_padding+tunnel_encapsulation,benign,benign,1,0.9786,0.0134,0.0080
3987,file_download,none,benign,benign,1,0.9681,0.0170,0.0149
3988,ssh_interactive,none,benign,benign,1,0.9763,0.0133,0.0103
3989,ddos_flood,constant_rate_shaping,malicious_obfuscated,malicious_obfuscated,1,0.0121,0.0114,0.9766
3990,data_exfiltration,protocol_mimicry+fragmentation+tunnel_encapsulation,malicious_obfuscated,malicious_obfuscated,1,0.0144,0.0116,0.9740
3991,reverse_shell,fragmentation+random_padding+dummy_injection,malicious_obfuscated,benign,0,0.8196,0.0253,0.1551
3992,reverse_shell,block_padding+tunnel_encapsulation,malicious_obfuscated,malicious_obfuscated,1,0.1317,0.0155,0.8528
3993,data_exfiltration,none,malicious_plain,malicious_plain,1,0.0137,0.9723,0.0139
3994,data_exfiltration,none,malicious_plain,malicious_plain,1,0.0130,0.9768,0.0102
3995,data_exfiltration,none,malicious_plain,malicious_plain,1,0.0210,0.9560,0.0229
3996,c2_beacon,fragmentation+random_padding+timing_jitter,malicious_obfuscated,malicious_obfuscated,1,0.0088,0.0090,0.9822
3997,voip,none,benign,benign,1,0.9757,0.0134,0.0108
3998,c2_beacon,timing_jitter,malicious_obfuscated,malicious_plain,0,0.0255,0.6829,0.2916
3999,video_streaming,fragmentation,benign,benign,1,0.9702,0.0124,0.0174
4000,port_scan,protocol_mimicry+dummy_injection+tunnel_encapsulation,malicious_obfuscated,malicious_obfuscated,1,0.0075,0.0091,0.9833
