index,profile,recipe,y_true,y_pred,correct,benign,malicious_plain,malicious_obfuscated
0,file_download,random_padding+timing_jitter+tunnel_encapsulation,benign,benign,1,0.9742,0.0141,0.0118
1,port_scan,none,malicious_plain,malicious_plain,1,0.0142,0.9399,0.0459
2,video_streaming,none,benign,benign,1,0.9639,0.0206,0.0155
3,brute_force,constant_rate_shaping+tunnel_encapsulation,malicious_obfuscated,malicious_obfuscated,1,0.1612,0.0177,0.8211
4,video_streaming,dummy_injection+timing_jitter,benign,benign,1,0.9652,0.0232,0.0116
5,data_exfiltration,none,malicious_plain,malicious_plain,1,0.0195,0.9703,0.0102
6,ddos_flood,none,malicious_plain,malicious_plain,1,0.0151,0.9487,0.0362
7,reverse_shell,none,malicious_plain,malicious_plain,1,0.0106,0.9575,0.0319
8,video_streaming,random_padding+timing_jitter,benign,benign,1,0.9598,0.0237,0.0165
9,brute_force,fragmentation+constant_rate_shaping,malicious_obfuscated,malicious_obfuscated,1,0.2929,0.0315,0.6756
10,video_streaming,none,benign,benign,1,0.9576,0.0216,0.0208
11,reverse_shell,none,malicious_plain,malicious_plain,1,0.0104,0.9795,0.0101
12,data_exfiltration,random_padding+constant_rate_shaping,malicious_obfuscated,malicious_obfuscated,1,0.0072,0.0089,0.9840
13,reverse_shell,none,malicious_plain,malicious_plain,1,0.0434,0.9043,0.0523
14,port_scan,none,malicious_plain,malicious_plain,1,0.0140,0.9464,0.0396
15,port_scan,none,malicious_plain,malicious_plain,1,0.0144,0.9427,0.0430
16,data_exfiltration,block_padding,malicious_obfuscated,malicious_obfuscated,1,0.0267,0.0273,0.9460
17,port_scan,constant_rate_shaping,malicious_obfuscated,malicious_obfuscated,1,0.0710,0.0191,0.9099
18,file_download,protocol_mimicry+random_padding,benign,benign,1,0.9694,0.0184,0.0122
19,brute_force,none,malicious_plain,malicious_plain,1,0.0200,0.9350,0.0450
20,data_exfiltration,random_padding+timing_jitter,malicious_obfuscated,malicious_obfuscated,1,0.0206,0.0205,0.9589
21,port_scan,block_padding+constant_rate_shaping,malicious_obfuscated,malicious_obfuscated,1,0.0501,0.0132,0.9367
22,ssh_interactive,none,benign,benign,1,0.9284,0.0530,0.0186
23,brute_force,none,malicious_plain,malicious_plain,1,0.0139,0.9482,0.0379
24,reverse_shell,constant_rate_shaping,malicious_obfuscated,malicious_obfuscated,1,0.2385,0.0194,0.7421
25,video_streaming,tunnel_encapsulation,benign,benign,1,0.9544,0.0242,0.0214
26,ddos_flood,constant_rate_shaping,malicious_obfuscated,malicious_obfuscated,1,0.0267,0.0193,0.9539
27,video_streaming,none,benign,benign,1,0.9507,0.0294,0.0199
28,port_scan,none,malicious_plain,malicious_plain,1,0.0210,0.9431,0.0360
29,file_download,none,benign,benign,1,0.9637,0.0212,0.0151
30,voip,none,benign,benign,1,0.9778,0.0150,0.0072
31,voip,fragmentation,benign,benign,1,0.9775,0.0149,0.0075
32,port_scan,none,malicious_plain,malicious_plain,1,0.0153,0.9304,0.0543
33,port_scan,none,malicious_plain,malicious_plain,1,0.0099,0.9641,0.0259
34,ssh_interactive,none,benign,benign,1,0.9658,0.0213,0.0129
35,file_download,block_padding+random_padding+tunnel_encapsulation,benign,benign,1,0.9687,0.0167,0.0146
36,reverse_shell,protocol_mimicry+random_padding+dummy_injection,malicious_obfuscated,benign,0,0.6310,0.0455,0.3235
37,brute_force,block_padding,malicious_obfuscated,malicious_obfuscated,1,0.0975,0.0568,0.8456
38,data_exfiltration,none,malicious_plain,malicious_plain,1,0.0155,0.9753,0.0092
39,web_browsing,none,benign,benign,1,0.9449,0.0352,0.0199
40,video_streaming,protocol_mimicry+tunnel_encapsulation,benign,benign,1,0.9733,0.0155,0.0111
41,ddos_flood,none,malicious_plain,malicious_plain,1,0.0169,0.9265,0.0566
42,reverse_shell,none,malicious_plain,malicious_plain,1,0.0167,0.9682,0.0151
43,brute_force,block_padding,malicious_obfuscated,malicious_obfuscated,1,0.0456,0.0416,0.9128
44,reverse_shell,none,malicious_plain,malicious_plain,1,0.0382,0.9527,0.0091
45,web_browsing,block_padding+dummy_injection+constant_rate_shaping,benign,benign,1,0.6894,0.0172,0.2933
46,reverse_shell,dummy_injection,malicious_obfuscated,benign,0,0.5404,0.0329,0.4267
47,video_streaming,none,benign,benign,1,0.9531,0.0259,0.0210
48,web_browsing,tunnel_encapsulation,benign,benign,1,0.9163,0.0226,0.0611
49,reverse_shell,none,malicious_plain,malicious_plain,1,0.0087,0.9733,0.0179
50,file_download,block_padding,benign,benign,1,0.9619,0.0205,0.0176
51,c2_beacon,none,malicious_plain,malicious_plain,1,0.0170,0.9423,0.0407
52,brute_force,none,malicious_plain,malicious_plain,1,0.0166,0.9374,0.0460
53,data_exfiltration,none,malicious_plain,malicious_plain,1,0.0272,0.9659,0.0068
54,video_streaming,none,benign,benign,1,0.9650,0.0187,0.0163
55,reverse_shell,none,malicious_plain,malicious_plain,1,0.0077,0.9718,0.0205
56,data_exfiltration,random_padding+tunnel_encapsulation,malicious_obfuscated,malicious_obfuscated,1,0.0077,0.0092,0.9830
57,ssh_interactive,none,benign,benign,1,0.9683,0.0204,0.0114
58,c2_beacon,timing_jitter,malicious_obfuscated,malicious_plain,0,0.0154,0.9370,0.0475
59,port_scan,none,malicious_plain,malicious_plain,1,0.0264,0.9014,0.0722
60,web_browsing,constant_rate_shaping,benign,benign,1,0.8638,0.0397,0.0965
61,reverse_shell,protocol_mimicry+fragmentation+random_padding,malicious_obfuscated,malicious_obfuscated,1,0.0522,0.0250,0.9228
62,c2_beacon,dummy_injection+timing_jitter+constant_rate_shaping,malicious_obfuscated,malicious_obfuscated,1,0.1833,0.0164,0.8003
63,c2_beacon,protocol_mimicry+fragmentation+constant_rate_shaping,malicious_obfuscated,malicious_obfuscated,1,0.1538,0.0250,0.8211
64,brute_force,none,malicious_plain,malicious_plain,1,0.0157,0.9350,0.0493
65,reverse_shell,fragmentation+timing_jitter,malicious_obfuscated,malicious_obfuscated,1,0.0276,0.0160,0.9565
66,ddos_flood,constant_rate_shaping+tunnel_encapsulation,malicious_obfuscated,malicious_obfuscated,1,0.0403,0.0185,0.9412
67,web_browsing,tunnel_encapsulation,benign,benign,1,0.9514,0.0173,0.0314
68,c2_beacon,none,malicious_plain,malicious_plain,1,0.0211,0.9339,0.0450
69,video_streaming,fragmentation+random_padding+dummy_injection,benign,benign,1,0.9683,0.0193,0.0124
70,file_download,dummy_injection,benign,benign,1,0.9711,0.0101,0.0188
71,ddos_flood,random_padding+timing_jitter,malicious_obfuscated,malicious_obfuscated,1,0.0146,0.0323,0.9531
72,c2_beacon,none,malicious_plain,malicious_plain,1,0.0194,0.9393,0.0413
73,c2_beacon,block_padding+timing_jitter,malicious_obfuscated,malicious_obfuscated,1,0.0204,0.0370,0.9426
74,port_scan,protocol_mimicry+dummy_injection,malicious_obfuscated,malicious_obfuscated,1,0.0498,0.0730,0.8772
75,ddos_flood,timing_jitter+constant_rate_shaping+tunnel_encapsulation,malicious_obfuscated,malicious_obfuscated,1,0.0420,0.0197,0.9383
76,file_download,none,benign,benign,1,0.9621,0.0225,0.0154
77,port_scan,protocol_mimicry+dummy_injection,malicious_obfuscated,malicious_obfuscated,1,0.0149,0.0153,0.9698
78,ssh_interactive,none,benign,benign,1,0.9458,0.0316,0.0226
79,ddos_flood,protocol_mimicry+block_padding,malicious_obfuscated,malicious_obfuscated,1,0.0209,0.0147,0.9644
80,web_browsing,none,benign,benign,1,0.9537,0.0258,0.0205
81,voip,none,benign,benign,1,0.9740,0.0169,0.0091
82,web_browsing,none,benign,benign,1,0.9799,0.0130,0.0072
83,port_scan,dummy_injection+constant_rate_shaping+tunnel_encapsulation,malicious_obfuscated,malicious_obfuscated,1,0.3004,0.0145,0.6851
84,ssh_interactive,none,benign,benign,1,0.9636,0.0204,0.0159
85,data_exfiltration,protocol_mimicry+random_padding,malicious_obfuscated,malicious_obfuscated,1,0.0227,0.0215,0.9558
86,port_scan,dummy_injection,malicious_obfuscated,malicious_obfuscated,1,0.0268,0.0760,0.8972
87,video_streaming,fragmentation+random_padding,benign,benign,1,0.9675,0.0201,0.0123
88,ssh_interactive,random_padding+dummy_injection,benign,benign,1,0.9558,0.0184,0.0258
89,web_browsing,none,benign,benign,1,0.9218,0.0477,0.0305
90,port_scan,fragmentation+random_padding,malicious_obfuscated,malicious_obfuscated,1,0.0139,0.0090,0.9771
91,data_exfiltration,none,malicious_plain,malicious_plain,1,0.0145,0.9772,0.0083
92,reverse_shell,fragmentation,malicious_obfuscated,malicious_obfuscated,1,0.0197,0.0162,0.9641
93,data_exfiltration,constant_rate_shaping,malicious_obfuscated,malicious_obfuscated,1,0.0346,0.0205,0.9449
94,web_browsing,none,benign,benign,1,0.9818,0.0122,0.0060
95,data_exfiltration,protocol_mimicry+constant_rate_shaping,malicious_obfuscated,malicious_obfuscated,1,0.1567,0.0120,0.8312
96,c2_beacon,none,malicious_plain,malicious_plain,1,0.0191,0.9313,0.0496
97,ddos_flood,none,malicious_plain,malicious_plain,1,0.0167,0.9469,0.0364
98,ssh_interactive,fragmentation,benign,benign,1,0.8942,0.0249,0.0809
99,video_streaming,none,benign,benign,1,0.9775,0.0131,0.0094
100,c2_beacon,fragmentation+timing_jitter,malicious_obfuscated,malicious_obfuscated,1,0.0241,0.0652,0.9108
101,brute_force,fragmentation,malicious_obfuscated,malicious_plain,0,0.0201,0.9309,0.0489
102,reverse_shell,block_padding+timing_jitter+constant_rate_shaping,malicious_obfuscated,malicious_obfuscated,1,0.2000,0.0185,0.7814
103,brute_force,none,malicious_plain,malicious_plain,1,0.0212,0.9377,0.0411
104,c2_beacon,none,malicious_plain,malicious_plain,1,0.0170,0.9410,0.0420
105,web_browsing,timing_jitter+tunnel_encapsulation,benign,benign,1,0.8287,0.0191,0.1521
106,c2_beacon,random_padding+constant_rate_shaping,malicious_obfuscated,malicious_obfuscated,1,0.1340,0.0205,0.8456
107,data_exfiltration,none,malicious_plain,malicious_plain,1,0.0243,0.9666,0.0090
108,video_streaming,none,benign,benign,1,0.9181,0.0441,0.0378
109,reverse_shell,constant_rate_shaping,malicious_obfuscated,malicious_obfuscated,1,0.2797,0.0157,0.7046
110,web_browsing,protocol_mimicry+fragmentation+tunnel_encapsulation,benign,benign,1,0.7542,0.0274,0.2184
111,ssh_interactive,none,benign,benign,1,0.9677,0.0200,0.0123
112,ssh_interactive,none,benign,benign,1,0.9600,0.0215,0.0186
113,video_streaming,protocol_mimicry+timing_jitter+constant_rate_shaping,benign,benign,1,0.8166,0.0433,0.1401
114,ssh_interactive,fragmentation+dummy_injection,benign,benign,1,0.8989,0.0235,0.0776
115,video_streaming,none,benign,benign,1,0.9712,0.0171,0.0117
116,c2_beacon,none,malicious_plain,malicious_plain,1,0.0141,0.9432,0.0427
117,data_exfiltration,timing_jitter+tunnel_encapsulation,malicious_obfuscated,malicious_obfuscated,1,0.0080,0.0107,0.9813
118,reverse_shell,random_padding+tunnel_encapsulation,malicious_obfuscated,malicious_plain,0,0.0238,0.8086,0.1676
119,voip,none,benign,benign,1,0.9766,0.0151,0.0082
120,data_exfiltration,none,malicious_plain,malicious_plain,1,0.0155,0.9750,0.0095
121,ddos_flood,constant_rate_shaping,malicious_obfuscated,malicious_obfuscated,1,0.0123,0.0141,0.9736
122,reverse_shell,none,malicious_plain,malicious_plain,1,0.0082,0.9644,0.0274
123,data_exfiltration,none,malicious_plain,malicious_plain,1,0.0174,0.9718,0.0108
124,file_download,none,benign,benign,1,0.9720,0.0164,0.0116
125,c2_beacon,none,malicious_plain,malicious_plain,1,0.0219,0.9304,0.0478
126,port_scan,none,malicious_plain,malicious_plain,1,0.0141,0.9423,0.0436
127,reverse_shell,timing_jitter+constant_rate_shaping,malicious_obfuscated,benign,0,0.6658,0.0333,0.3009
128,video_streaming,none,benign,benign,1,0.9591,0.0205,0.0204
129,brute_force,protocol_mimicry+dummy_injection+constant_rate_shaping,malicious_obfuscated,malicious_obfuscated,1,0.2785,0.0220,0.6994
130,data_exfiltration,protocol_mimicry+dummy_injection,malicious_obfuscated,malicious_obfuscated,1,0.0283,0.0193,0.9524
131,file_download,none,benign,benign,1,0.9764,0.0140,0.0095
132,data_exfiltration,none,malicious_plain,malicious_plain,1,0.0199,0.9723,0.0078
133,file_download,protocol_mimicry+fragmentation+dummy_injection,benign,benign,1,0.9426,0.0170,0.0404
134,brute_force,fragmentation,malicious_obfuscated,malicious_obfuscated,1,0.0073,0.0286,0.9641
135,ssh_interactive,none,benign,benign,1,0.9285,0.0369,0.0346
136,reverse_shell,random_padding,malicious_obfuscated,malicious_obfuscated,1,0.0775,0.1257,0.7968
137,web_browsing,protocol_mimicry+constant_rate_shaping+tunnel_encapsulation,benign,benign,1,0.8919,0.0467,0.0614
138,ddos_flood,none,malicious_plain,malicious_plain,1,0.0182,0.9499,0.0318
139,c2_beacon,none,malicious_plain,malicious_plain,1,0.0147,0.9465,0.0388
140,brute_force,fragmentation+block_padding+tunnel_encapsulation,malicious_obfuscated,malicious_obfuscated,1,0.0455,0.0416,0.9130
141,ssh_interactive,none,benign,benign,1,0.9669,0.0217,0.0114
142,port_scan,block_padding,malicious_obfuscated,malicious_obfuscated,1,0.0299,0.0090,0.9611
143,ddos_flood,none,malicious_plain,malicious_plain,1,0.0171,0.9508,0.0321
144,ssh_interactive,none,benign,benign,1,0.9749,0.0189,0.0062
145,video_streaming,none,benign,benign,1,0.9626,0.0213,0.0161
146,file_download,none,benign,benign,1,0.9672,0.0183,0.0145
147,ssh_interactive,none,benign,benign,1,0.9661,0.0207,0.0132
148,video_streaming,none,benign,benign,1,0.9711,0.0178,0.0110
149,port_scan,none,malicious_plain,malicious_plain,1,0.0083,0.9684,0.0233
150,file_download,fragmentation+constant_rate_shaping,benign,benign,1,0.4938,0.0858,0.4205
151,video_streaming,protocol_mimicry+random_padding+constant_rate_shaping,benign,benign,1,0.9022,0.0310,0.0668
152,video_streaming,fragmentation+block_padding,benign,benign,1,0.9343,0.0255,0.0402
153,ddos_flood,protocol_mimicry+timing_jitter,malicious_obfuscated,malicious_obfuscated,1,0.0086,0.0153,0.9760
154,ssh_interactive,none,benign,benign,1,0.9703,0.0190,0.0107
155,voip,fragmentation+tunnel_encapsulation,benign,benign,1,0.9678,0.0126,0.0196
156,ssh_interactive,none,benign,benign,1,0.9524,0.0278,0.0198
157,voip,protocol_mimicry+fragmentation+dummy_injection,benign,benign,1,0.7111,0.0389,0.2500
158,video_streaming,none,benign,benign,1,0.9427,0.0338,0.0234
159,brute_force,block_padding+timing_jitter+constant_rate_shaping,malicious_obfuscated,malicious_obfuscated,1,0.1108,0.0118,0.8774
160,port_scan,none,malicious_plain,malicious_plain,1,0.0168,0.9248,0.0584
161,ddos_flood,none,malicious_plain,malicious_plain,1,0.0150,0.9529,0.0321
162,web_browsing,random_padding+dummy_injection+timing_jitter,benign,benign,1,0.9481,0.0185,0.0333
163,reverse_shell,none,malicious_plain,malicious_plain,1,0.0212,0.9554,0.0234
164,ssh_interactive,none,benign,benign,1,0.9637,0.0219,0.0145
165,c2_beacon,fragmentation+random_padding+constant_rate_shaping,malicious_obfuscated,benign,0,0.4951,0.0231,0.4818
166,c2_beacon,none,malicious_plain,malicious_plain,1,0.0117,0.9476,0.0407
167,port_scan,protocol_mimicry+fragmentation+tunnel_encapsulation,malicious_obfuscated,malicious_obfuscated,1,0.0187,0.0134,0.9679
168,video_streaming,none,benign,benign,1,0.9610,0.0250,0.0140
169,voip,protocol_mimicry+random_padding+tunnel_encapsulation,benign,benign,1,0.9215,0.0140,0.0645
170,voip,fragmentation,benign,benign,1,0.9753,0.0158,0.0089
171,ssh_interactive,none,benign,benign,1,0.9661,0.0226,0.0113
172,brute_force,random_padding,malicious_obfuscated,malicious_obfuscated,1,0.0217,0.0463,0.9320
173,data_exfiltration,random_padding+tunnel_encapsulation,malicious_obfuscated,malicious_obfuscated,1,0.0141,0.0290,0.9569
174,brute_force,protocol_mimicry+timing_jitter+constant_rate_shaping,malicious_obfuscated,malicious_obfuscated,1,0.0426,0.0249,0.9324
175,port_scan,none,malicious_plain,malicious_plain,1,0.0124,0.9427,0.0448
176,reverse_shell,random_padding+timing_jitter+constant_rate_shaping,malicious_obfuscated,malicious_obfuscated,1,0.1236,0.0141,0.8624
177,ddos_flood,constant_rate_shaping,malicious_obfuscated,malicious_obfuscated,1,0.0368,0.0249,0.9383
178,port_scan,none,malicious_plain,malicious_plain,1,0.0155,0.9377,0.0467
179,file_download,timing_jitter,benign,benign,1,0.9640,0.0214,0.0146
180,reverse_shell,none,malicious_plain,malicious_plain,1,0.0095,0.9631,0.0274
181,voip,tunnel_encapsulation,benign,benign,1,0.9727,0.0112,0.0161
182,brute_force,none,malicious_plain,malicious_plain,1,0.0182,0.9424,0.0393
183,brute_force,none,malicious_plain,malicious_plain,1,0.0148,0.9342,0.0510
184,reverse_shell,none,malicious_plain,malicious_plain,1,0.0172,0.9387,0.0441
185,ssh_interactive,none,benign,benign,1,0.9641,0.0227,0.0132
186,ddos_flood,protocol_mimicry+random_padding+tunnel_encapsulation,malicious_obfuscated,malicious_obfuscated,1,0.0310,0.0151,0.9539
187,reverse_shell,timing_jitter,malicious_obfuscated,malicious_plain,0,0.0249,0.7730,0.2021
188,ddos_flood,none,malicious_plain,malicious_plain,1,0.0140,0.9535,0.0325
189,data_exfiltration,protocol_mimicry+timing_jitter,malicious_obfuscated,malicious_obfuscated,1,0.0138,0.0143,0.9720
190,data_exfiltration,none,malicious_plain,malicious_plain,1,0.0169,0.9742,0.0088
191,brute_force,random_padding+tunnel_encapsulation,malicious_obfuscated,malicious_obfuscated,1,0.0354,0.0213,0.9432
192,ddos_flood,none,malicious_plain,malicious_plain,1,0.0175,0.9491,0.0333
193,port_scan,none,malicious_plain,malicious_plain,1,0.0120,0.9518,0.0362
194,brute_force,none,malicious_plain,malicious_plain,1,0.0209,0.9272,0.0520
195,c2_beacon,block_padding+dummy_injection+timing_jitter,malicious_obfuscated,malicious_obfuscated,1,0.0077,0.0060,0.9863
196,reverse_shell,protocol_mimicry+dummy_injection+timing_jitter,malicious_obfuscated,malicious_obfuscated,1,0.0620,0.0215,0.9165
197,data_exfiltration,dummy_injection+constant_rate_shaping+tunnel_encapsulation,malicious_obfuscated,malicious_obfuscated,1,0.0526,0.0206,0.9268
198,reverse_shell,none,malicious_plain,malicious_plain,1,0.0085,0.9692,0.0223
199,data_exfiltration,none,malicious_plain,malicious_plain,1,0.0216,0.9689,0.0095
200,brute_force,protocol_mimicry+fragmentation+dummy_injection,malicious_obfuscated,malicious_obfuscated,1,0.1156,0.0305,0.8539
201,web_browsing,random_padding+timing_jitter+tunnel_encapsulation,benign,benign,1,0.8650,0.0258,0.1092
202,ddos_flood,protocol_mimicry+dummy_injection,malicious_obfuscated,malicious_obfuscated,1,0.0420,0.0192,0.9388
203,ddos_flood,random_padding,malicious_obfuscated,malicious_obfuscated,1,0.0305,0.0497,0.9199
204,ddos_flood,none,malicious_plain,malicious_plain,1,0.0159,0.9538,0.0303
205,ddos_flood,none,malicious_plain,malicious_plain,1,0.0170,0.9517,0.0313
206,ddos_flood,protocol_mimicry+block_padding+timing_jitter,malicious_obfuscated,malicious_obfuscated,1,0.0164,0.0084,0.9752
207,reverse_shell,timing_jitter+constant_rate_shaping+tunnel_encapsulation,malicious_obfuscated,malicious_obfuscated,1,0.1786,0.0172,0.8042
208,brute_force,tunnel_encapsulation,malicious_obfuscated,malicious_plain,0,0.0173,0.9311,0.0516
209,c2_beacon,none,malicious_plain,malicious_plain,1,0.0123,0.9276,0.0601
210,port_scan,none,malicious_plain,malicious_plain,1,0.0173,0.9225,0.0602
211,c2_beacon,protocol_mimicry,malicious_obfuscated,malicious_obfuscated,1,0.0382,0.0137,0.9481
212,ssh_interactive,block_padding+random_padding+dummy_injection,benign,benign,1,0.9582,0.0116,0.0302
213,reverse_shell,none,malicious_plain,malicious_plain,1,0.0106,0.9791,0.0103
214,data_exfiltration,none,malicious_plain,malicious_plain,1,0.0230,0.9619,0.0150
215,port_scan,none,malicious_plain,malicious_plain,1,0.0113,0.9493,0.0394
216,ddos_flood,none,malicious_plain,malicious_plain,1,0.0133,0.9536,0.0331
217,file_download,none,benign,benign,1,0.9657,0.0196,0.0147
218,reverse_shell,none,malicious_plain,malicious_plain,1,0.0090,0.9373,0.0538
219,ssh_interactive,none,benign,benign,1,0.9607,0.0231,0.0163
220,ssh_interactive,random_padding+timing_jitter,benign,benign,1,0.9615,0.0162,0.0222
221,voip,tunnel_encapsulation,benign,benign,1,0.9554,0.0138,0.0308
222,ddos_flood,random_padding+dummy_injection,malicious_obfuscated,malicious_obfuscated,1,0.0186,0.0167,0.9647
223,reverse_shell,none,malicious_plain,malicious_plain,1,0.0119,0.9689,0.0193
224,file_download,none,benign,benign,1,0.9641,0.0197,0.0163
225,file_download,none,benign,benign,1,0.9694,0.0181,0.0125
226,brute_force,none,malicious_plain,malicious_plain,1,0.0175,0.9468,0.0357
227,brute_force,timing_jitter+tunnel_encapsulation,malicious_obfuscated,malicious_obfuscated,1,0.0226,0.0279,0.9494
228,video_streaming,none,benign,benign,1,0.9706,0.0155,0.0139
229,c2_beacon,none,malicious_plain,malicious_plain,1,0.0206,0.9399,0.0395
230,video_streaming,protocol_mimicry+constant_rate_shaping,benign,benign,1,0.9065,0.0356,0.0579
231,c2_beacon,none,malicious_plain,malicious_plain,1,0.0195,0.9374,0.0431
232,ddos_flood,dummy_injection+tunnel_encapsulation,malicious_obfuscated,malicious_obfuscated,1,0.0119,0.0102,0.9779
233,ddos_flood,none,malicious_plain,malicious_plain,1,0.0148,0.9514,0.0338
234,port_scan,dummy_injection+timing_jitter+constant_rate_shaping,malicious_obfuscated,malicious_obfuscated,1,0.0692,0.0111,0.9197
235,ssh_interactive,dummy_injection,benign,benign,1,0.8716,0.0205,0.1079
236,ssh_interactive,none,benign,benign,1,0.9621,0.0193,0.0186
237,reverse_shell,dummy_injection+constant_rate_shaping,malicious_obfuscated,malicious_obfuscated,1,0.2984,0.0192,0.6824
238,brute_force,block_padding+dummy_injection,malicious_obfuscated,malicious_obfuscated,1,0.0157,0.0120,0.9723
239,port_scan,none,malicious_plain,malicious_plain,1,0.0160,0.9371,0.0469
240,brute_force,none,malicious_plain,malicious_plain,1,0.0148,0.9358,0.0494
241,ddos_flood,none,malicious_plain,malicious_plain,1,0.0149,0.9554,0.0298
242,ssh_interactive,none,benign,benign,1,0.9195,0.0494,0.0311
243,ssh_interactive,none,benign,benign,1,0.9724,0.0172,0.0104
244,voip,none,benign,benign,1,0.9755,0.0151,0.0094
245,brute_force,none,malicious_plain,malicious_plain,1,0.0189,0.9343,0.0468
246,data_exfiltration,none,malicious_plain,malicious_plain,1,0.0163,0.9733,0.0103
247,port_scan,constant_rate_shaping,malicious_obfuscated,malicious_obfuscated,1,0.0900,0.0145,0.8955
248,brute_force,protocol_mimicry+fragmentation+timing_jitter,malicious_obfuscated,malicious_obfuscated,1,0.1167,0.0315,0.8518
249,reverse_shell,constant_rate_shaping+tunnel_encapsulation,malicious_obfuscated,malicious_obfuscated,1,0.1285,0.0113,0.8602
250,web_browsing,random_padding+tunnel_encapsulation,benign,benign,1,0.9504,0.0172,0.0324
251,brute_force,none,malicious_plain,malicious_plain,1,0.0164,0.9296,0.0539
252,reverse_shell,fragmentation+random_padding,malicious_obfuscated,malicious_obfuscated,1,0.0312,0.0202,0.9485
253,c2_beacon,none,malicious_plain,malicious_plain,1,0.0144,0.9454,0.0401
254,ssh_interactive,none,benign,benign,1,0.9744,0.0155,0.0101
255,file_download,none,benign,benign,1,0.9585,0.0206,0.0209
256,ssh_interactive,random_padding+tunnel_encapsulation,benign,benign,1,0.9505,0.0161,0.0334
257,ddos_flood,fragmentation+random_padding,malicious_obfuscated,malicious_obfuscated,1,0.0424,0.0267,0.9309
258,port_scan,none,malicious_plain,malicious_plain,1,0.0108,0.9562,0.0330
259,data_exfiltration,timing_jitter,malicious_obfuscated,malicious_obfuscated,1,0.0083,0.0248,0.9669
260,ssh_interactive,none,benign,benign,1,0.9680,0.0205,0.0116
261,file_download,none,benign,benign,1,0.9631,0.0199,0.0170
262,video_streaming,random_padding+constant_rate_shaping+tunnel_encapsulation,benign,benign,1,0.9507,0.0253,0.0240
263,reverse_shell,none,malicious_plain,malicious_plain,1,0.0122,0.9757,0.0122
264,c2_beacon,protocol_mimicry+constant_rate_shaping+tunnel_encapsulation,malicious_obfuscated,malicious_obfuscated,1,0.0359,0.0228,0.9413
265,port_scan,random_padding+tunnel_encapsulation,malicious_obfuscated,malicious_obfuscated,1,0.0187,0.0328,0.9484
266,port_scan,none,malicious_plain,malicious_plain,1,0.0161,0.9316,0.0523
267,reverse_shell,protocol_mimicry+tunnel_encapsulation,malicious_obfuscated,malicious_obfuscated,1,0.0758,0.0206,0.9036
268,reverse_shell,protocol_mimicry+dummy_injection,malicious_obfuscated,malicious_obfuscated,1,0.4434,0.0257,0.5309
269,brute_force,none,malicious_plain,malicious_plain,1,0.0156,0.9408,0.0436
270,ddos_flood,none,malicious_plain,malicious_plain,1,0.0184,0.9482,0.0335
271,data_exfiltration,timing_jitter,malicious_obfuscated,malicious_obfuscated,1,0.0196,0.0569,0.9235
272,brute_force,dummy_injection,malicious_obfuscated,malicious_obfuscated,1,0.1721,0.0483,0.7796
273,video_streaming,none,benign,benign,1,0.9697,0.0166,0.0138
274,voip,none,benign,benign,1,0.9791,0.0141,0.0068
275,data_exfiltration,block_padding+dummy_injection+timing_jitter,malicious_obfuscated,malicious_obfuscated,1,0.0242,0.0098,0.9660
276,port_scan,none,malicious_plain,malicious_plain,1,0.0156,0.9275,0.0569
277,c2_beacon,fragmentation+timing_jitter,malicious_obfuscated,malicious_obfuscated,1,0.0249,0.0491,0.9260
278,ssh_interactive,random_padding+dummy_injection,benign,benign,1,0.9411,0.0166,0.0423
279,file_download,none,benign,benign,1,0.9717,0.0161,0.0123
280,brute_force,none,malicious_plain,malicious_plain,1,0.0171,0.9479,0.0350
281,reverse_shell,protocol_mimicry+block_padding+random_padding,malicious_obfuscated,malicious_obfuscated,1,0.0399,0.0152,0.9449
282,c2_beacon,none,malicious_plain,malicious_plain,1,0.0201,0.9317,0.0482
283,c2_beacon,none,malicious_plain,malicious_plain,1,0.0155,0.9404,0.0441
284,c2_beacon,none,malicious_plain,malicious_plain,1,0.0194,0.9351,0.0455
285,c2_beacon,none,malicious_plain,malicious_plain,1,0.0189,0.9371,0.0440
286,c2_beacon,none,malicious_plain,malicious_plain,1,0.0157,0.9460,0.0383
287,data_exfiltration,fragmentation,malicious_obfuscated,malicious_obfuscated,1,0.0235,0.0276,0.9489
288,ddos_flood,block_padding+timing_jitter+tunnel_encapsulation,malicious_obfuscated,malicious_obfuscated,1,0.0235,0.0159,0.9606
289,port_scan,none,malicious_plain,malicious_plain,1,0.0123,0.9486,0.0390
290,reverse_shell,timing_jitter+constant_rate_shaping+tunnel_encapsulation,malicious_obfuscated,malicious_obfuscated,1,0.3750,0.0221,0.6030
291,reverse_shell,protocol_mimicry+timing_jitter,malicious_obfuscated,malicious_obfuscated,1,0.0577,0.0182,0.9241
292,port_scan,dummy_injection,malicious_obfuscated,malicious_obfuscated,1,0.0351,0.0381,0.9268
293,port_scan,block_padding,malicious_obfuscated,malicious_obfuscated,1,0.0230,0.0101,0.9669
294,voip,none,benign,benign,1,0.9768,0.0156,0.0076
295,c2_beacon,none,malicious_plain,malicious_plain,1,0.0145,0.9447,0.0408
296,ssh_interactive,none,benign,benign,1,0.9765,0.0155,0.0080
297,data_exfiltration,none,malicious_plain,malicious_plain,1,0.0232,0.9651,0.0117
298,reverse_shell,dummy_injection,malicious_obfuscated,malicious_obfuscated,1,0.0474,0.0350,0.9176
299,port_scan,none,malicious_plain,malicious_plain,1,0.0123,0.9468,0.0409
300,reverse_shell,fragmentation+dummy_injection+timing_jitter,malicious_obfuscated,malicious_obfuscated,1,0.0541,0.0194,0.9264
301,port_scan,none,malicious_plain,malicious_plain,1,0.0096,0.9570,0.0334
302,brute_force,none,malicious_plain,malicious_plain,1,0.0130,0.9493,0.0378
303,data_exfiltration,none,malicious_plain,malicious_plain,1,0.0213,0.9699,0.0089
304,video_streaming,block_padding+timing_jitter,benign,benign,1,0.9773,0.0120,0.0107
305,port_scan,dummy_injection,malicious_obfuscated,malicious_obfuscated,1,0.0442,0.0426,0.9131
306,video_streaming,none,benign,benign,1,0.9686,0.0172,0.0142
307,voip,protocol_mimicry+block_padding+timing_jitter,benign,malicious_obfuscated,0,0.4529,0.0216,0.5255
308,web_browsing,none,benign,benign,1,0.9259,0.0544,0.0197
309,ddos_flood,protocol_mimicry+block_padding+random_padding,malicious_obfuscated,malicious_obfuscated,1,0.0136,0.0210,0.9654
310,voip,constant_rate_shaping+tunnel_encapsulation,benign,malicious_obfuscated,0,0.2034,0.0193,0.7773
311,brute_force,fragmentation+tunnel_encapsulation,malicious_obfuscated,malicious_obfuscated,1,0.0120,0.0394,0.9486
312,ssh_interactive,none,benign,benign,1,0.9729,0.0169,0.0101
313,ddos_flood,fragmentation+constant_rate_shaping+tunnel_encapsulation,malicious_obfuscated,malicious_obfuscated,1,0.0399,0.0255,0.9346
314,brute_force,block_padding+random_padding,malicious_obfuscated,malicious_obfuscated,1,0.0280,0.0175,0.9546
315,reverse_shell,none,malicious_plain,malicious_plain,1,0.0144,0.9761,0.0095
316,voip,none,benign,benign,1,0.9733,0.0174,0.0092
317,brute_force,timing_jitter,malicious_obfuscated,malicious_plain,0,0.0182,0.9134,0.0684
318,file_download,none,benign,benign,1,0.9704,0.0171,0.0125
319,data_exfiltration,none,malicious_plain,malicious_plain,1,0.0164,0.9737,0.0099
320,c2_beacon,random_padding+constant_rate_shaping,malicious_obfuscated,malicious_obfuscated,1,0.0873,0.0110,0.9018
321,ssh_interactive,constant_rate_shaping,benign,malicious_obfuscated,0,0.4672,0.0227,0.5101
322,voip,none,benign,benign,1,0.9747,0.0163,0.0090
323,web_browsing,none,benign,benign,1,0.9773,0.0129,0.0099
324,voip,none,benign,benign,1,0.9700,0.0190,0.0110
325,c2_beacon,fragmentation+block_padding+constant_rate_shaping,malicious_obfuscated,malicious_obfuscated,1,0.2423,0.0206,0.7371
326,c2_beacon,none,malicious_plain,malicious_plain,1,0.0254,0.9218,0.0528
327,c2_beacon,protocol_mimicry+fragmentation,malicious_obfuscated,malicious_obfuscated,1,0.0882,0.0397,0.8721
328,brute_force,none,malicious_plain,malicious_plain,1,0.0143,0.9374,0.0483
329,ssh_interactive,none,benign,benign,1,0.9584,0.0248,0.0168
330,file_download,none,benign,benign,1,0.9571,0.0229,0.0200
331,port_scan,timing_jitter,malicious_obfuscated,malicious_obfuscated,1,0.0140,0.0181,0.9678
332,c2_beacon,dummy_injection+timing_jitter,malicious_obfuscated,malicious_obfuscated,1,0.0141,0.0164,0.9695
333,data_exfiltration,none,malicious_plain,malicious_plain,1,0.0169,0.9741,0.0090
334,c2_beacon,none,malicious_plain,malicious_plain,1,0.0177,0.8969,0.0854
335,reverse_shell,none,malicious_plain,malicious_plain,1,0.0078,0.9762,0.0160
336,file_download,none,benign,benign,1,0.9679,0.0185,0.0137
337,reverse_shell,none,malicious_plain,malicious_plain,1,0.0098,0.9655,0.0247
338,voip,protocol_mimicry+fragmentation+random_padding,benign,benign,1,0.7274,0.0394,0.2332
339,ddos_flood,timing_jitter,malicious_obfuscated,malicious_obfuscated,1,0.0105,0.0238,0.9657
340,video_streaming,dummy_injection+constant_rate_shaping+tunnel_encapsulation,benign,benign,1,0.9342,0.0225,0.0434
341,ssh_interactive,none,benign,benign,1,0.9746,0.0172,0.0082
342,reverse_shell,none,malicious_plain,malicious_plain,1,0.0085,0.9707,0.0208
343,c2_beacon,protocol_mimicry,malicious_obfuscated,malicious_obfuscated,1,0.0910,0.0201,0.8888
344,data_exfiltration,none,malicious_plain,malicious_plain,1,0.0185,0.9713,0.0102
345,brute_force,block_padding+random_padding+constant_rate_shaping,malicious_obfuscated,malicious_obfuscated,1,0.2444,0.0184,0.7373
346,brute_force,fragmentation+block_padding,malicious_obfuscated,malicious_obfuscated,1,0.0194,0.0178,0.9627
347,data_exfiltration,block_padding+timing_jitter,malicious_obfuscated,malicious_obfuscated,1,0.0052,0.0088,0.9859
348,voip,none,benign,benign,1,0.9795,0.0141,0.0064
349,ddos_flood,none,malicious_plain,malicious_plain,1,0.0145,0.9563,0.0292
350,video_streaming,block_padding+dummy_injection+constant_rate_shaping,benign,benign,1,0.9528,0.0208,0.0264
351,reverse_shell,none,malicious_plain,malicious_plain,1,0.0103,0.9594,0.0303
352,c2_beacon,none,malicious_plain,malicious_plain,1,0.0160,0.9397,0.0443
353,brute_force,dummy_injection,malicious_obfuscated,malicious_obfuscated,1,0.0109,0.0164,0.9727
354,data_exfiltration,none,malicious_plain,malicious_plain,1,0.0172,0.9729,0.0099
355,data_exfiltration,block_padding,malicious_obfuscated,malicious_obfuscated,1,0.0281,0.0209,0.9509
356,reverse_shell,none,malicious_plain,malicious_plain,1,0.0157,0.9659,0.0184
357,ddos_flood,protocol_mimicry+block_padding+constant_rate_shaping,malicious_obfuscated,malicious_obfuscated,1,0.0214,0.0311,0.9475
358,video_streaming,none,benign,benign,1,0.9661,0.0207,0.0132
359,c2_beacon,block_padding+random_padding,malicious_obfuscated,malicious_obfuscated,1,0.0127,0.0362,0.9512
360,reverse_shell,none,malicious_plain,malicious_plain,1,0.0062,0.9841,0.0097
361,brute_force,none,malicious_plain,malicious_plain,1,0.0146,0.9392,0.0461
362,ssh_interactive,none,benign,benign,1,0.9638,0.0233,0.0129
363,port_scan,protocol_mimicry+dummy_injection,malicious_obfuscated,malicious_obfuscated,1,0.0109,0.0158,0.9733
364,brute_force,none,malicious_plain,malicious_plain,1,0.0215,0.9271,0.0515
365,data_exfiltration,none,malicious_plain,malicious_plain,1,0.0135,0.9787,0.0077
366,c2_beacon,block_padding+random_padding+dummy_injection,malicious_obfuscated,malicious_obfuscated,1,0.0134,0.0167,0.9699
367,data_exfiltration,timing_jitter,malicious_obfuscated,malicious_obfuscated,1,0.0163,0.0582,0.9254
368,voip,none,benign,benign,1,0.9739,0.0169,0.0093
369,c2_beacon,timing_jitter+constant_rate_shaping,malicious_obfuscated,malicious_obfuscated,1,0.1534,0.0127,0.8340
370,c2_beacon,none,malicious_plain,malicious_plain,1,0.0120,0.9511,0.0368
371,brute_force,none,malicious_plain,malicious_plain,1,0.0207,0.9273,0.0520
372,file_download,none,benign,benign,1,0.9694,0.0183,0.0124
373,data_exfiltration,none,malicious_plain,malicious_plain,1,0.0220,0.9650,0.0130
374,data_exfiltration,none,malicious_plain,malicious_plain,1,0.0254,0.9665,0.0081
375,ddos_flood,none,malicious_plain,malicious_plain,1,0.0147,0.9496,0.0357
376,brute_force,none,malicious_plain,malicious_plain,1,0.0177,0.9390,0.0433
377,ddos_flood,none,malicious_plain,malicious_plain,1,0.0142,0.9561,0.0297
378,video_streaming,none,benign,benign,1,0.9662,0.0194,0.0144
379,reverse_shell,none,malicious_plain,malicious_plain,1,0.0226,0.9126,0.0648
380,file_download,none,benign,benign,1,0.9549,0.0272,0.0178
381,port_scan,none,malicious_plain,malicious_plain,1,0.0126,0.9559,0.0314
382,ddos_flood,none,malicious_plain,malicious_plain,1,0.0146,0.9547,0.0308
383,port_scan,none,malicious_plain,malicious_plain,1,0.0165,0.9503,0.0332
384,ddos_flood,protocol_mimicry+random_padding+constant_rate_shaping,malicious_obfuscated,malicious_obfuscated,1,0.0210,0.0145,0.9644
385,data_exfiltration,protocol_mimicry,malicious_obfuscated,malicious_obfuscated,1,0.0618,0.0317,0.9065
386,port_scan,dummy_injection+timing_jitter,malicious_obfuscated,malicious_obfuscated,1,0.0526,0.0179,0.9295
387,reverse_shell,none,malicious_plain,malicious_plain,1,0.0217,0.9688,0.0094
388,c2_beacon,none,malicious_plain,malicious_plain,1,0.0145,0.9459,0.0396
389,c2_beacon,protocol_mimicry+constant_rate_shaping,malicious_obfuscated,malicious_obfuscated,1,0.1592,0.0146,0.8263
390,web_browsing,none,benign,benign,1,0.9855,0.0097,0.0048
391,data_exfiltration,fragmentation+tunnel_encapsulation,malicious_obfuscated,malicious_obfuscated,1,0.0135,0.0169,0.9696
392,brute_force,none,malicious_plain,malicious_plain,1,0.0147,0.9420,0.0433
393,web_browsing,none,benign,benign,1,0.9705,0.0206,0.0089
394,file_download,none,benign,benign,1,0.9616,0.0224,0.0161
395,ssh_interactive,none,benign,benign,1,0.9651,0.0171,0.0177
396,reverse_shell,none,malicious_plain,malicious_plain,1,0.0718,0.9033,0.0249
397,ssh_interactive,block_padding,benign,benign,1,0.9319,0.0158,0.0523
398,data_exfiltration,random_padding+tunnel_encapsulation,malicious_obfuscated,malicious_obfuscated,1,0.0081,0.0196,0.9723
399,brute_force,protocol_mimicry+block_padding+dummy_injection,malicious_obfuscated,malicious_obfuscated,1,0.0239,0.0076,0.9685
400,c2_beacon,none,malicious_plain,malicious_plain,1,0.0163,0.9469,0.0369
401,ssh_interactive,none,benign,benign,1,0.9653,0.0201,0.0146
402,port_scan,block_padding+dummy_injection,malicious_obfuscated,malicious_obfuscated,1,0.0311,0.0110,0.9579
403,brute_force,none,malicious_plain,malicious_plain,1,0.0173,0.9293,0.0534
404,data_exfiltration,none,malicious_plain,malicious_plain,1,0.0249,0.9668,0.0083
405,c2_beacon,none,malicious_plain,malicious_plain,1,0.0139,0.9460,0.0400
406,c2_beacon,block_padding+dummy_injection,malicious_obfuscated,malicious_obfuscated,1,0.0098,0.0052,0.9849
407,ddos_flood,protocol_mimicry+random_padding+constant_rate_shaping,malicious_obfuscated,malicious_obfuscated,1,0.0193,0.0163,0.9644
408,port_scan,tunnel_encapsulation,malicious_obfuscated,malicious_obfuscated,1,0.0264,0.0224,0.9512
409,ssh_interactive,none,benign,benign,1,0.9716,0.0175,0.0109
410,ddos_flood,fragmentation+random_padding+tunnel_encapsulation,malicious_obfuscated,malicious_obfuscated,1,0.0211,0.0116,0.9674
411,reverse_shell,constant_rate_shaping+tunnel_encapsulation,malicious_obfuscated,malicious_obfuscated,1,0.2398,0.0248,0.7354
412,reverse_shell,dummy_injection,malicious_obfuscated,malicious_obfuscated,1,0.0297,0.0253,0.9450
413,reverse_shell,tunnel_encapsulation,malicious_obfuscated,malicious_obfuscated,1,0.0574,0.0372,0.9054
414,reverse_shell,protocol_mimicry,malicious_obfuscated,malicious_obfuscated,1,0.2040,0.0605,0.7354
415,ddos_flood,protocol_mimicry+random_padding+dummy_injection,malicious_obfuscated,malicious_obfuscated,1,0.0283,0.0162,0.9555
416,ssh_interactive,fragmentation+timing_jitter,benign,benign,1,0.9058,0.0214,0.0727
417,ddos_flood,block_padding,malicious_obfuscated,malicious_obfuscated,1,0.0313,0.0220,0.9467
418,port_scan,none,malicious_plain,malicious_plain,1,0.0164,0.9490,0.0346
419,web_browsing,fragmentation,benign,benign,1,0.8567,0.0282,0.1151
420,voip,none,benign,benign,1,0.9771,0.0153,0.0076
421,voip,timing_jitter,benign,benign,1,0.9447,0.0241,0.0312
422,reverse_shell,none,malicious_plain,malicious_plain,1,0.0056,0.9821,0.0124
423,ddos_flood,protocol_mimicry+timing_jitter,malicious_obfuscated,malicious_obfuscated,1,0.0143,0.0183,0.9674
424,reverse_shell,dummy_injection,malicious_obfuscated,malicious_plain,0,0.0105,0.9764,0.0131
425,data_exfiltration,none,malicious_plain,malicious_plain,1,0.0165,0.9741,0.0094
426,ddos_flood,none,malicious_plain,malicious_plain,1,0.0140,0.9568,0.0292
427,c2_beacon,none,malicious_plain,malicious_plain,1,0.0169,0.9381,0.0450
428,ddos_flood,none,malicious_plain,malicious_plain,1,0.0151,0.9522,0.0326
429,video_streaming,protocol_mimicry+dummy_injection+tunnel_encapsulation,benign,benign,1,0.9768,0.0134,0.0098
430,brute_force,none,malicious_plain,malicious_plain,1,0.0176,0.9317,0.0507
431,port_scan,none,malicious_plain,malicious_plain,1,0.0123,0.9496,0.0382
432,web_browsing,none,benign,benign,1,0.9842,0.0087,0.0071
433,brute_force,protocol_mimicry+dummy_injection,malicious_obfuscated,malicious_obfuscated,1,0.0411,0.0310,0.9279
434,data_exfiltration,none,malicious_plain,malicious_plain,1,0.0195,0.9714,0.0090
435,data_exfiltration,none,malicious_plain,malicious_plain,1,0.0235,0.9688,0.0077
436,c2_beacon,block_padding+constant_rate_shaping+tunnel_encapsulation,malicious_obfuscated,malicious_obfuscated,1,0.0947,0.0091,0.8962
437,ssh_interactive,none,benign,benign,1,0.9742,0.0167,0.0091
438,dns_query,block_padding+constant_rate_shaping,benign,malicious_obfuscated,0,0.1061,0.0091,0.8848
439,reverse_shell,random_padding+dummy_injection+timing_jitter,malicious_obfuscated,malicious_obfuscated,1,0.0201,0.0152,0.9648
440,c2_beacon,none,malicious_plain,malicious_plain,1,0.0181,0.9435,0.0383
441,web_browsing,none,benign,benign,1,0.9790,0.0129,0.0081
442,port_scan,none,malicious_plain,malicious_plain,1,0.0164,0.9494,0.0342
443,reverse_shell,dummy_injection,malicious_obfuscated,benign,0,0.6700,0.0303,0.2998
444,c2_beacon,none,malicious_plain,malicious_plain,1,0.0152,0.9467,0.0381
445,video_streaming,protocol_mimicry,benign,benign,1,0.9826,0.0113,0.0061
446,ssh_interactive,none,benign,benign,1,0.9684,0.0172,0.0144
447,brute_force,none,malicious_plain,malicious_plain,1,0.0164,0.9371,0.0465
448,brute_force,none,malicious_plain,malicious_plain,1,0.0175,0.9287,0.0538
449,c2_beacon,none,malicious_plain,malicious_plain,1,0.0202,0.9336,0.0461
450,file_download,block_padding+timing_jitter,benign,benign,1,0.9633,0.0203,0.0164
451,voip,protocol_mimicry,benign,benign,1,0.5438,0.0222,0.4341
452,brute_force,none,malicious_plain,malicious_plain,1,0.0153,0.9326,0.0522
453,web_browsing,none,benign,benign,1,0.9773,0.0124,0.0103
454,reverse_shell,none,malicious_plain,malicious_plain,1,0.0136,0.9622,0.0243
455,web_browsing,protocol_mimicry+random_padding,benign,benign,1,0.9368,0.0276,0.0356
456,data_exfiltration,none,malicious_plain,malicious_plain,1,0.0155,0.9757,0.0089
457,ddos_flood,fragmentation+dummy_injection+constant_rate_shaping,malicious_obfuscated,malicious_obfuscated,1,0.1467,0.0344,0.8189
458,port_scan,constant_rate_shaping,malicious_obfuscated,malicious_obfuscated,1,0.0393,0.0187,0.9419
459,port_scan,none,malicious_plain,malicious_plain,1,0.0135,0.9429,0.0436
460,c2_beacon,none,malicious_plain,malicious_plain,1,0.0215,0.9366,0.0419
461,c2_beacon,none,malicious_plain,malicious_plain,1,0.0213,0.9351,0.0435
462,c2_beacon,none,malicious_plain,malicious_plain,1,0.0182,0.9348,0.0470
463,voip,none,benign,benign,1,0.9761,0.0160,0.0080
464,web_browsing,none,benign,benign,1,0.9799,0.0123,0.0077
465,voip,none,benign,benign,1,0.9754,0.0157,0.0089
466,voip,protocol_mimicry+block_padding+dummy_injection,benign,benign,1,0.7984,0.0218,0.1798
467,video_streaming,none,benign,benign,1,0.9611,0.0221,0.0168
468,data_exfiltration,fragmentation+block_padding,malicious_obfuscated,malicious_obfuscated,1,0.0373,0.0124,0.9503
469,c2_beacon,none,malicious_plain,malicious_plain,1,0.0122,0.9414,0.0464
470,voip,none,benign,benign,1,0.9774,0.0149,0.0077
471,port_scan,fragmentation+block_padding+dummy_injection,malicious_obfuscated,malicious_obfuscated,1,0.0295,0.0085,0.9620
472,port_scan,none,malicious_plain,malicious_plain,1,0.0150,0.9380,0.0470
473,data_exfiltration,fragmentation+block_padding,malicious_obfuscated,malicious_obfuscated,1,0.0212,0.0204,0.9584
474,port_scan,constant_rate_shaping,malicious_obfuscated,malicious_obfuscated,1,0.0243,0.0111,0.9646
475,port_scan,none,malicious_plain,malicious_plain,1,0.0109,0.9509,0.0382
476,data_exfiltration,none,malicious_plain,malicious_plain,1,0.0235,0.9678,0.0088
477,web_browsing,fragmentation+block_padding+random_padding,benign,benign,1,0.9625,0.0186,0.0189
478,port_scan,none,malicious_plain,malicious_plain,1,0.0157,0.9494,0.0348
479,voip,none,benign,benign,1,0.9779,0.0148,0.0073
480,port_scan,tunnel_encapsulation,malicious_obfuscated,malicious_obfuscated,1,0.0179,0.0262,0.9558
481,data_exfiltration,none,malicious_plain,malicious_plain,1,0.0171,0.9734,0.0094
482,port_scan,block_padding+dummy_injection+tunnel_encapsulation,malicious_obfuscated,malicious_obfuscated,1,0.0315,0.0108,0.9577
483,ssh_interactive,none,benign,benign,1,0.9646,0.0221,0.0133
484,web_browsing,none,benign,benign,1,0.9531,0.0265,0.0204
485,brute_force,fragmentation+tunnel_encapsulation,malicious_obfuscated,malicious_obfuscated,1,0.0590,0.0565,0.8845
486,ssh_interactive,protocol_mimicry+fragmentation+random_padding,benign,benign,1,0.9783,0.0095,0.0122
487,reverse_shell,dummy_injection,malicious_obfuscated,malicious_obfuscated,1,0.0311,0.0685,0.9004
488,brute_force,block_padding,malicious_obfuscated,malicious_obfuscated,1,0.0657,0.0469,0.8874
489,data_exfiltration,none,malicious_plain,malicious_plain,1,0.0178,0.9708,0.0114
490,c2_beacon,none,malicious_plain,malicious_plain,1,0.0180,0.9373,0.0447
491,brute_force,protocol_mimicry+dummy_injection,malicious_obfuscated,malicious_obfuscated,1,0.0174,0.0214,0.9612
492,c2_beacon,block_padding+random_padding+timing_jitter,malicious_obfuscated,malicious_obfuscated,1,0.0168,0.0530,0.9302
493,port_scan,none,malicious_plain,malicious_plain,1,0.0131,0.9571,0.0298
494,file_download,protocol_mimicry,benign,benign,1,0.9750,0.0144,0.0106
495,ddos_flood,block_padding+constant_rate_shaping+tunnel_encapsulation,malicious_obfuscated,malicious_obfuscated,1,0.0175,0.0176,0.9649
496,voip,none,benign,benign,1,0.9773,0.0152,0.0075
497,brute_force,none,malicious_plain,malicious_plain,1,0.0151,0.9411,0.0438
498,c2_beacon,protocol_mimicry,malicious_obfuscated,malicious_obfuscated,1,0.3561,0.0482,0.5957
499,web_browsing,constant_rate_shaping+tunnel_encapsulation,benign,malicious_obfuscated,0,0.2316,0.0132,0.7552
500,ssh_interactive,none,benign,benign,1,0.9742,0.0163,0.0094
501,brute_force,constant_rate_shaping+tunnel_encapsulation,malicious_obfuscated,malicious_obfuscated,1,0.0972,0.0119,0.8909
502,c2_beacon,none,malicious_plain,malicious_plain,1,0.0157,0.9490,0.0353
503,ssh_interactive,none,benign,benign,1,0.9723,0.0206,0.0071
504,c2_beacon,fragmentation+block_padding+timing_jitter,malicious_obfuscated,malicious_obfuscated,1,0.0198,0.0173,0.9629
505,c2_beacon,none,malicious_plain,malicious_plain,1,0.0163,0.9464,0.0372
506,web_browsing,none,benign,benign,1,0.9867,0.0085,0.0048
507,brute_force,none,malicious_plain,malicious_plain,1,0.0147,0.9445,0.0409
508,brute_force,none,malicious_plain,malicious_plain,1,0.0174,0.9321,0.0504
509,c2_beacon,protocol_mimicry+random_padding+timing_jitter,malicious_obfuscated,malicious_obfuscated,1,0.0316,0.0200,0.9484
510,web_browsing,random_padding+dummy_injection+tunnel_encapsulation,benign,benign,1,0.9555,0.0145,0.0300
511,data_exfiltration,random_padding+constant_rate_shaping+tunnel_encapsulation,malicious_obfuscated,malicious_obfuscated,1,0.0429,0.0481,0.9089
512,data_exfiltration,dummy_injection,malicious_obfuscated,malicious_obfuscated,1,0.0532,0.0132,0.9336
513,data_exfiltration,block_padding,malicious_obfuscated,malicious_obfuscated,1,0.0219,0.0198,0.9583
514,file_download,none,benign,benign,1,0.9663,0.0202,0.0135
515,brute_force,dummy_injection,malicious_obfuscated,malicious_obfuscated,1,0.1311,0.0425,0.8264
516,dns_query,constant_rate_shaping,benign,benign,1,0.7801,0.0247,0.1952
517,brute_force,block_padding,malicious_obfuscated,malicious_obfuscated,1,0.0525,0.0600,0.8875
518,web_browsing,none,benign,benign,1,0.9777,0.0160,0.0063
519,video_streaming,none,benign,benign,1,0.9774,0.0135,0.0092
520,c2_beacon,none,malicious_plain,malicious_plain,1,0.0138,0.9470,0.0392
521,c2_beacon,fragmentation,malicious_obfuscated,malicious_obfuscated,1,0.0212,0.0410,0.9377
522,brute_force,fragmentation+block_padding+constant_rate_shaping,malicious_obfuscated,malicious_obfuscated,1,0.1451,0.0234,0.8315
523,video_streaming,none,benign,benign,1,0.9607,0.0201,0.0192
524,data_exfiltration,random_padding+tunnel_encapsulation,malicious_obfuscated,malicious_obfuscated,1,0.0072,0.0073,0.9855
525,web_browsing,timing_jitter+tunnel_encapsulation,benign,benign,1,0.9095,0.0233,0.0672
526,port_scan,random_padding,malicious_obfuscated,malicious_obfuscated,1,0.0172,0.0114,0.9714
527,ddos_flood,timing_jitter+constant_rate_shaping+tunnel_encapsulation,malicious_obfuscated,malicious_obfuscated,1,0.0371,0.0096,0.9533
528,ddos_flood,none,malicious_plain,malicious_plain,1,0.0222,0.9372,0.0406
529,ssh_interactive,none,benign,benign,1,0.9715,0.0188,0.0097
530,web_browsing,none,benign,benign,1,0.9379,0.0456,0.0166
531,reverse_shell,none,malicious_plain,malicious_plain,1,0.1370,0.8502,0.0129
532,ddos_flood,none,malicious_plain,malicious_plain,1,0.0154,0.9536,0.0310
533,web_browsing,protocol_mimicry+timing_jitter,benign,benign,1,0.9109,0.0296,0.0595
534,c2_beacon,dummy_injection,malicious_obfuscated,malicious_obfuscated,1,0.0064,0.0074,0.9862
535,video_streaming,none,benign,benign,1,0.9460,0.0281,0.0259
536,c2_beacon,none,malicious_plain,malicious_plain,1,0.0156,0.9426,0.0418
537,web_browsing,none,benign,benign,1,0.9570,0.0281,0.0149
538,brute_force,none,malicious_plain,malicious_plain,1,0.0148,0.9376,0.0476
539,dns_query,protocol_mimicry+block_padding+dummy_injection,benign,benign,1,0.9506,0.0104,0.0389
540,brute_force,none,malicious_plain,malicious_plain,1,0.0147,0.9363,0.0490
541,port_scan,none,malicious_plain,malicious_plain,1,0.0179,0.9290,0.0531
542,brute_force,none,malicious_plain,malicious_plain,1,0.0177,0.9292,0.0531
543,c2_beacon,fragmentation+dummy_injection,malicious_obfuscated,malicious_obfuscated,1,0.0154,0.0093,0.9753
544,ssh_interactive,none,benign,benign,1,0.9737,0.0156,0.0107
545,c2_beacon,none,malicious_plain,malicious_plain,1,0.0172,0.9350,0.0478
546,brute_force,timing_jitter,malicious_obfuscated,malicious_plain,0,0.0242,0.9165,0.0593
547,ddos_flood,none,malicious_plain,malicious_plain,1,0.0168,0.9511,0.0322
548,video_streaming,block_padding+tunnel_encapsulation,benign,benign,1,0.9766,0.0131,0.0103
549,web_browsing,none,benign,benign,1,0.9581,0.0272,0.0147
550,ddos_flood,none,malicious_plain,malicious_plain,1,0.0236,0.9225,0.0539
551,ddos_flood,none,malicious_plain,malicious_plain,1,0.0163,0.9481,0.0356
552,reverse_shell,constant_rate_shaping,malicious_obfuscated,malicious_obfuscated,1,0.2080,0.0146,0.7773
553,c2_beacon,none,malicious_plain,malicious_plain,1,0.0207,0.9400,0.0393
554,data_exfiltration,protocol_mimicry+random_padding+timing_jitter,malicious_obfuscated,malicious_obfuscated,1,0.0220,0.0173,0.9607
555,reverse_shell,protocol_mimicry,malicious_obfuscated,malicious_obfuscated,1,0.0772,0.0192,0.9035
556,port_scan,block_padding+timing_jitter,malicious_obfuscated,malicious_obfuscated,1,0.0147,0.0093,0.9760
557,file_download,fragmentation,benign,benign,1,0.9543,0.0242,0.0215
558,reverse_shell,none,malicious_plain,malicious_plain,1,0.0580,0.8802,0.0617
559,brute_force,none,malicious_plain,malicious_plain,1,0.0154,0.9284,0.0562
560,data_exfiltration,none,malicious_plain,malicious_plain,1,0.0176,0.9727,0.0096
561,reverse_shell,protocol_mimicry+block_padding+timing_jitter,malicious_obfuscated,malicious_obfuscated,1,0.0972,0.0161,0.8868
562,c2_beacon,none,malicious_plain,malicious_plain,1,0.0199,0.9343,0.0458
563,c2_beacon,fragmentation,malicious_obfuscated,malicious_obfuscated,1,0.0207,0.0400,0.9393
564,web_browsing,none,benign,benign,1,0.9857,0.0100,0.0042
565,file_download,constant_rate_shaping+tunnel_encapsulation,benign,benign,1,0.9759,0.0162,0.0078
566,video_streaming,none,benign,benign,1,0.9633,0.0197,0.0169
567,brute_force,protocol_mimicry,malicious_obfuscated,malicious_obfuscated,1,0.0300,0.0129,0.9571
568,file_download,protocol_mimicry,benign,benign,1,0.5363,0.1841,0.2796
569,c2_beacon,random_padding+dummy_injection+constant_rate_shaping,malicious_obfuscated,malicious_obfuscated,1,0.1011,0.0116,0.8873
570,video_streaming,random_padding,benign,benign,1,0.9744,0.0161,0.0095
571,ssh_interactive,protocol_mimicry,benign,benign,1,0.9583,0.0138,0.0279
572,reverse_shell,none,malicious_plain,malicious_plain,1,0.0166,0.9443,0.0391
573,web_browsing,block_padding+timing_jitter,benign,malicious_obfuscated,0,0.4345,0.0227,0.5428
574,ddos_flood,none,malicious_plain,malicious_plain,1,0.0176,0.9390,0.0434
575,web_browsing,none,benign,benign,1,0.9690,0.0168,0.0141
576,file_download,none,benign,benign,1,0.9640,0.0189,0.0171
577,brute_force,block_padding+random_padding+tunnel_encapsulation,malicious_obfuscated,malicious_obfuscated,1,0.0209,0.0105,0.9686
578,port_scan,none,malicious_plain,malicious_plain,1,0.0107,0.9519,0.0374
579,c2_beacon,none,malicious_plain,malicious_plain,1,0.0152,0.9393,0.0454
580,c2_beacon,none,malicious_plain,malicious_plain,1,0.0160,0.9313,0.0527
581,port_scan,none,malicious_plain,malicious_plain,1,0.0267,0.9334,0.0399
582,ddos_flood,none,malicious_plain,malicious_plain,1,0.0162,0.9519,0.0319
583,ddos_flood,none,malicious_plain,malicious_plain,1,0.0183,0.9322,0.0496
584,voip,none,benign,benign,1,0.9767,0.0161,0.0072
585,ddos_flood,fragmentation+constant_rate_shaping,malicious_obfuscated,malicious_obfuscated,1,0.0090,0.0133,0.9777
586,brute_force,block_padding+dummy_injection+tunnel_encapsulation,malicious_obfuscated,malicious_obfuscated,1,0.0131,0.0310,0.9558
587,brute_force,block_padding+tunnel_encapsulation,malicious_obfuscated,malicious_obfuscated,1,0.0592,0.0550,0.8857
588,ddos_flood,none,malicious_plain,malicious_plain,1,0.0158,0.9511,0.0332
589,file_download,none,benign,benign,1,0.9621,0.0210,0.0169
590,brute_force,none,malicious_plain,malicious_plain,1,0.0169,0.9331,0.0499
591,reverse_shell,protocol_mimicry+block_padding+timing_jitter,malicious_obfuscated,malicious_obfuscated,1,0.0775,0.0122,0.9103
592,ddos_flood,random_padding,malicious_obfuscated,malicious_obfuscated,1,0.0230,0.0102,0.9668
593,data_exfiltration,timing_jitter+tunnel_encapsulation,malicious_obfuscated,malicious_obfuscated,1,0.0084,0.0107,0.9809
594,brute_force,random_padding+timing_jitter+tunnel_encapsulation,malicious_obfuscated,malicious_obfuscated,1,0.0314,0.0251,0.9435
595,data_exfiltration,none,malicious_plain,malicious_plain,1,0.0165,0.9739,0.0096
596,brute_force,block_padding,malicious_obfuscated,malicious_obfuscated,1,0.0195,0.0173,0.9632
597,c2_beacon,none,malicious_plain,malicious_plain,1,0.0148,0.9512,0.0341
598,data_exfiltration,timing_jitter+constant_rate_shaping+tunnel_encapsulation,malicious_obfuscated,malicious_obfuscated,1,0.2074,0.0499,0.7427
599,video_streaming,none,benign,benign,1,0.9588,0.0245,0.0167
600,c2_beacon,none,malicious_plain,malicious_plain,1,0.0165,0.9452,0.0384
601,data_exfiltration,none,malicious_plain,malicious_plain,1,0.0224,0.9700,0.0076
602,ddos_flood,none,malicious_plain,malicious_plain,1,0.0173,0.9506,0.0321
603,port_scan,none,malicious_plain,malicious_plain,1,0.0198,0.9451,0.0352
604,ssh_interactive,none,benign,benign,1,0.9315,0.0379,0.0306
605,port_scan,random_padding+timing_jitter+constant_rate_shaping,malicious_obfuscated,malicious_obfuscated,1,0.0400,0.0099,0.9501
606,ssh_interactive,none,benign,benign,1,0.9747,0.0157,0.0096
607,brute_force,none,malicious_plain,malicious_plain,1,0.0150,0.9401,0.0449
608,data_exfiltration,fragmentation+timing_jitter,malicious_obfuscated,malicious_obfuscated,1,0.0123,0.0223,0.9654
609,web_browsing,none,benign,benign,1,0.9222,0.0394,0.0385
610,file_download,fragmentation+timing_jitter+constant_rate_shaping,benign,malicious_obfuscated,0,0.3674,0.0308,0.6019
611,reverse_shell,dummy_injection+tunnel_encapsulation,malicious_obfuscated,malicious_obfuscated,1,0.0401,0.0125,0.9474
612,data_exfiltration,random_padding+dummy_injection,malicious_obfuscated,malicious_obfuscated,1,0.0157,0.0072,0.9771
613,port_scan,none,malicious_plain,malicious_plain,1,0.0144,0.9552,0.0304
614,ssh_interactive,none,benign,benign,1,0.9663,0.0187,0.0150
615,ssh_interactive,none,benign,benign,1,0.9527,0.0269,0.0204
616,web_browsing,none,benign,benign,1,0.8488,0.1232,0.0279
617,data_exfiltration,fragmentation,malicious_obfuscated,malicious_obfuscated,1,0.0210,0.0318,0.9472
618,reverse_shell,protocol_mimicry+fragmentation+constant_rate_shaping,malicious_obfuscated,malicious_obfuscated,1,0.3849,0.0221,0.5931
619,ddos_flood,none,malicious_plain,malicious_plain,1,0.0170,0.9500,0.0329
620,c2_beacon,protocol_mimicry+dummy_injection,malicious_obfuscated,malicious_obfuscated,1,0.0363,0.0232,0.9405
621,file_download,none,benign,benign,1,0.9689,0.0163,0.0147
622,data_exfiltration,none,malicious_plain,malicious_plain,1,0.0207,0.9692,0.0100
623,ddos_flood,none,malicious_plain,malicious_plain,1,0.0184,0.9483,0.0333
624,voip,protocol_mimicry+dummy_injection+tunnel_encapsulation,benign,benign,1,0.8832,0.0231,0.0938
625,data_exfiltration,protocol_mimicry,malicious_obfuscated,malicious_obfuscated,1,0.0260,0.0119,0.9622
626,port_scan,dummy_injection+timing_jitter,malicious_obfuscated,malicious_obfuscated,1,0.0436,0.0172,0.9392
627,ddos_flood,none,malicious_plain,malicious_plain,1,0.0172,0.9490,0.0339
628,reverse_shell,none,malicious_plain,malicious_plain,1,0.0078,0.9746,0.0176
629,video_streaming,none,benign,benign,1,0.9633,0.0219,0.0147
630,data_exfiltration,none,malicious_plain,malicious_plain,1,0.0166,0.9741,0.0093
631,web_browsing,none,benign,benign,1,0.9896,0.0078,0.0026
632,brute_force,none,malicious_plain,malicious_plain,1,0.0169,0.9355,0.0476
633,port_scan,block_padding+tunnel_encapsulation,malicious_obfuscated,malicious_obfuscated,1,0.0128,0.0081,0.9790
634,ssh_interactive,none,benign,benign,1,0.9311,0.0283,0.0406
635,data_exfiltration,block_padding+random_padding,malicious_obfuscated,malicious_obfuscated,1,0.0277,0.0135,0.9588
636,brute_force,none,malicious_plain,malicious_plain,1,0.0168,0.9297,0.0535
637,ddos_flood,none,malicious_plain,malicious_plain,1,0.0169,0.9517,0.0315
638,ssh_interactive,none,benign,benign,1,0.9735,0.0158,0.0107
639,c2_beacon,none,malicious_plain,malicious_plain,1,0.0192,0.9395,0.0413
640,port_scan,protocol_mimicry+random_padding+tunnel_encapsulation,malicious_obfuscated,malicious_obfuscated,1,0.0297,0.0188,0.9516
641,video_streaming,none,benign,benign,1,0.9664,0.0190,0.0146
642,reverse_shell,none,malicious_plain,malicious_plain,1,0.0138,0.9578,0.0283
643,c2_beacon,none,malicious_plain,malicious_plain,1,0.0186,0.9363,0.0450
644,data_exfiltration,none,malicious_plain,malicious_plain,1,0.0170,0.9744,0.0087
645,data_exfiltration,none,malicious_plain,malicious_plain,1,0.0179,0.9737,0.0084
646,port_scan,constant_rate_shaping,malicious_obfuscated,malicious_obfuscated,1,0.0954,0.0139,0.8906
647,voip,none,benign,benign,1,0.9748,0.0162,0.0090
648,brute_force,none,malicious_plain,malicious_plain,1,0.0205,0.9295,0.0500
649,c2_beacon,none,malicious_plain,malicious_plain,1,0.0125,0.9521,0.0353
650,file_download,timing_jitter+tunnel_encapsulation,benign,benign,1,0.9666,0.0178,0.0156
651,port_scan,protocol_mimicry+dummy_injection,malicious_obfuscated,malicious_obfuscated,1,0.0330,0.0340,0.9330
652,reverse_shell,none,malicious_plain,malicious_plain,1,0.0097,0.9658,0.0245
653,web_browsing,protocol_mimicry+fragmentation+timing_jitter,benign,malicious_obfuscated,0,0.2472,0.0706,0.6823
654,data_exfiltration,dummy_injection,malicious_obfuscated,malicious_obfuscated,1,0.0103,0.0189,0.9709
655,c2_beacon,constant_rate_shaping,malicious_obfuscated,malicious_obfuscated,1,0.1082,0.0106,0.8813
656,ddos_flood,constant_rate_shaping+tunnel_encapsulation,malicious_obfuscated,malicious_obfuscated,1,0.0341,0.0259,0.9400
657,reverse_shell,fragmentation,malicious_obfuscated,malicious_obfuscated,1,0.0136,0.0136,0.9729
658,file_download,random_padding+timing_jitter+constant_rate_shaping,benign,benign,1,0.9327,0.0205,0.0468
659,ddos_flood,random_padding,malicious_obfuscated,malicious_obfuscated,1,0.0314,0.0145,0.9540
660,web_browsing,none,benign,benign,1,0.9561,0.0258,0.0181
661,file_download,none,benign,benign,1,0.9582,0.0226,0.0192
662,brute_force,none,malicious_plain,malicious_plain,1,0.0179,0.9270,0.0550
663,video_streaming,dummy_injection,benign,benign,1,0.9635,0.0194,0.0170
664,brute_force,fragmentation,malicious_obfuscated,malicious_obfuscated,1,0.0100,0.0332,0.9568
665,voip,none,benign,benign,1,0.9744,0.0168,0.0088
666,ssh_interactive,none,benign,benign,1,0.9772,0.0160,0.0067
667,web_browsing,random_padding,benign,benign,1,0.9807,0.0096,0.0097
668,ddos_flood,timing_jitter+tunnel_encapsulation,malicious_obfuscated,malicious_obfuscated,1,0.0189,0.0243,0.9569
669,voip,none,benign,benign,1,0.9779,0.0147,0.0074
670,web_browsing,block_padding+timing_jitter+constant_rate_shaping,benign,malicious_obfuscated,0,0.3089,0.0256,0.6654
671,voip,protocol_mimicry+fragmentation+dummy_injection,benign,malicious_obfuscated,0,0.0719,0.0281,0.9000
672,ddos_flood,random_padding+constant_rate_shaping,malicious_obfuscated,malicious_obfuscated,1,0.0146,0.0174,0.9680
673,reverse_shell,none,malicious_plain,malicious_plain,1,0.0114,0.9565,0.0321
674,ssh_interactive,none,benign,benign,1,0.9687,0.0190,0.0123
675,port_scan,none,malicious_plain,malicious_plain,1,0.0132,0.9457,0.0411
676,web_browsing,tunnel_encapsulation,benign,benign,1,0.9509,0.0209,0.0282
677,port_scan,protocol_mimicry+dummy_injection,malicious_obfuscated,malicious_obfuscated,1,0.0144,0.0158,0.9699
678,brute_force,none,malicious_plain,malicious_plain,1,0.0201,0.9398,0.0401
679,brute_force,none,malicious_plain,malicious_plain,1,0.0158,0.9354,0.0488
680,web_browsing,constant_rate_shaping,benign,benign,1,0.9034,0.0420,0.0546
681,reverse_shell,none,malicious_plain,malicious_plain,1,0.0101,0.9594,0.0305
682,data_exfiltration,protocol_mimicry+random_padding,malicious_obfuscated,malicious_obfuscated,1,0.0369,0.0176,0.9455
683,c2_beacon,fragmentation+block_padding+random_padding,malicious_obfuscated,malicious_obfuscated,1,0.2042,0.0418,0.7541
684,c2_beacon,timing_jitter+constant_rate_shaping,malicious_obfuscated,malicious_obfuscated,1,0.1828,0.0127,0.8045
685,brute_force,block_padding+random_padding,malicious_obfuscated,malicious_obfuscated,1,0.0166,0.0346,0.9487
686,brute_force,none,malicious_plain,malicious_plain,1,0.0161,0.9400,0.0438
687,data_exfiltration,none,malicious_plain,malicious_plain,1,0.0263,0.9657,0.0081
688,ssh_interactive,fragmentation+random_padding,benign,benign,1,0.9570,0.0170,0.0260
689,web_browsing,none,benign,benign,1,0.9843,0.0112,0.0045
690,video_streaming,fragmentation+dummy_injection+constant_rate_shaping,benign,benign,1,0.7444,0.0424,0.2132
691,brute_force,none,malicious_plain,malicious_plain,1,0.0221,0.9262,0.0517
692,file_download,none,benign,benign,1,0.9715,0.0142,0.0143
693,video_streaming,none,benign,benign,1,0.9625,0.0203,0.0172
694,reverse_shell,protocol_mimicry+random_padding+dummy_injection,malicious_obfuscated,malicious_obfuscated,1,0.0354,0.0123,0.9523
695,voip,none,benign,benign,1,0.9757,0.0163,0.0081
696,port_scan,none,malicious_plain,malicious_plain,1,0.0125,0.9477,0.0398
697,video_streaming,tunnel_encapsulation,benign,benign,1,0.9726,0.0141,0.0133
698,voip,none,benign,benign,1,0.9776,0.0151,0.0073
699,voip,none,benign,benign,1,0.9706,0.0189,0.0105
700,ssh_interactive,none,benign,benign,1,0.9491,0.0269,0.0240
701,web_browsing,none,benign,benign,1,0.9865,0.0083,0.0052
702,reverse_shell,fragmentation+constant_rate_shaping,malicious_obfuscated,malicious_obfuscated,1,0.2272,0.0259,0.7469
703,file_download,none,benign,benign,1,0.9715,0.0168,0.0117
704,ddos_flood,fragmentation+random_padding+timing_jitter,malicious_obfuscated,malicious_obfuscated,1,0.0153,0.0318,0.9529
705,reverse_shell,none,malicious_plain,malicious_plain,1,0.0162,0.9453,0.0385
706,brute_force,none,malicious_plain,malicious_plain,1,0.0157,0.9291,0.0552
707,brute_force,timing_jitter,malicious_obfuscated,malicious_plain,0,0.0171,0.9312,0.0517
708,reverse_shell,none,malicious_plain,malicious_plain,1,0.0092,0.9794,0.0114
709,c2_beacon,protocol_mimicry+fragmentation+timing_jitter,malicious_obfuscated,malicious_obfuscated,1,0.2065,0.0204,0.7731
710,data_exfiltration,none,malicious_plain,malicious_plain,1,0.0213,0.9647,0.0140
711,web_browsing,constant_rate_shaping,benign,malicious_obfuscated,0,0.3573,0.0197,0.6230
712,port_scan,none,malicious_plain,malicious_plain,1,0.0192,0.9473,0.0335
713,ddos_flood,dummy_injection+timing_jitter,malicious_obfuscated,malicious_obfuscated,1,0.0144,0.0213,0.9642
714,port_scan,random_padding+timing_jitter,malicious_obfuscated,malicious_obfuscated,1,0.0121,0.0182,0.9697
715,brute_force,random_padding+timing_jitter,malicious_obfuscated,malicious_obfuscated,1,0.0135,0.0176,0.9689
716,c2_beacon,block_padding+constant_rate_shaping+tunnel_encapsulation,malicious_obfuscated,malicious_obfuscated,1,0.2970,0.0176,0.6854
717,web_browsing,protocol_mimicry+dummy_injection+tunnel_encapsulation,benign,malicious_obfuscated,0,0.0490,0.0095,0.9415
718,c2_beacon,protocol_mimicry+fragmentation+dummy_injection,malicious_obfuscated,benign,0,0.7572,0.0251,0.2177
719,file_download,none,benign,benign,1,0.9669,0.0192,0.0139
720,ssh_interactive,none,benign,benign,1,0.9699,0.0169,0.0132
721,ddos_flood,random_padding,malicious_obfuscated,malicious_obfuscated,1,0.0253,0.0126,0.9621
722,voip,none,benign,benign,1,0.9741,0.0165,0.0094
723,reverse_shell,none,malicious_plain,malicious_plain,1,0.0172,0.9595,0.0233
724,web_browsing,block_padding+dummy_injection+tunnel_encapsulation,benign,benign,1,0.9144,0.0163,0.0694
725,ssh_interactive,fragmentation+random_padding+constant_rate_shaping,benign,malicious_obfuscated,0,0.3350,0.0229,0.6421
726,reverse_shell,none,malicious_plain,malicious_plain,1,0.0132,0.9514,0.0354
727,port_scan,none,malicious_plain,malicious_plain,1,0.0223,0.8908,0.0869
728,reverse_shell,protocol_mimicry+fragmentation+timing_jitter,malicious_obfuscated,malicious_obfuscated,1,0.0961,0.0156,0.8883
729,reverse_shell,fragmentation,malicious_obfuscated,malicious_obfuscated,1,0.0158,0.0129,0.9712
730,reverse_shell,fragmentation,malicious_obfuscated,malicious_obfuscated,1,0.0436,0.0234,0.9330
731,data_exfiltration,block_padding+dummy_injection+tunnel_encapsulation,malicious_obfuscated,malicious_obfuscated,1,0.3573,0.0293,0.6134
732,video_streaming,none,benign,benign,1,0.9633,0.0221,0.0146
733,port_scan,none,malicious_plain,malicious_plain,1,0.0125,0.9392,0.0483
734,ddos_flood,none,malicious_plain,malicious_plain,1,0.0158,0.9528,0.0314
735,reverse_shell,none,malicious_plain,malicious_plain,1,0.0098,0.9548,0.0353
736,file_download,none,benign,benign,1,0.9696,0.0188,0.0116
737,video_streaming,protocol_mimicry+dummy_injection+constant_rate_shaping,benign,benign,1,0.8972,0.0354,0.0673
738,c2_beacon,block_padding,malicious_obfuscated,malicious_obfuscated,1,0.0366,0.0457,0.9177
739,ddos_flood,none,malicious_plain,malicious_plain,1,0.0149,0.9535,0.0316
740,brute_force,fragmentation+random_padding+timing_jitter,malicious_obfuscated,malicious_obfuscated,1,0.0413,0.0537,0.9050
741,port_scan,none,malicious_plain,malicious_plain,1,0.0100,0.9618,0.0282
742,c2_beacon,none,malicious_plain,malicious_plain,1,0.0188,0.9372,0.0440
743,reverse_shell,tunnel_encapsulation,malicious_obfuscated,malicious_plain,0,0.0175,0.8511,0.1313
744,video_streaming,none,benign,benign,1,0.9691,0.0181,0.0128
745,brute_force,none,malicious_plain,malicious_plain,1,0.0165,0.9408,0.0428
746,voip,none,benign,benign,1,0.9758,0.0151,0.0092
747,ddos_flood,random_padding,malicious_obfuscated,malicious_obfuscated,1,0.0274,0.0126,0.9600
748,brute_force,none,malicious_plain,malicious_plain,1,0.0164,0.9358,0.0478
749,c2_beacon,none,malicious_plain,malicious_plain,1,0.0195,0.9306,0.0499
750,ssh_interactive,none,benign,benign,1,0.9744,0.0157,0.0098
751,ddos_flood,none,malicious_plain,malicious_plain,1,0.0166,0.9502,0.0333
752,ddos_flood,fragmentation+constant_rate_shaping,malicious_obfuscated,malicious_obfuscated,1,0.0183,0.0170,0.9647
753,data_exfiltration,none,malicious_plain,malicious_plain,1,0.0158,0.9747,0.0095
754,ddos_flood,dummy_injection,malicious_obfuscated,malicious_obfuscated,1,0.0241,0.0511,0.9248
755,ddos_flood,protocol_mimicry,malicious_obfuscated,malicious_obfuscated,1,0.0265,0.0175,0.9560
756,file_download,fragmentation+block_padding,benign,benign,1,0.9638,0.0199,0.0164
757,c2_beacon,fragmentation+block_padding,malicious_obfuscated,malicious_obfuscated,1,0.0350,0.0370,0.9280
758,reverse_shell,none,malicious_plain,malicious_plain,1,0.0162,0.9398,0.0440
759,c2_beacon,fragmentation+constant_rate_shaping+tunnel_encapsulation,malicious_obfuscated,malicious_obfuscated,1,0.1109,0.0209,0.8683
760,reverse_shell,none,malicious_plain,malicious_plain,1,0.0178,0.9562,0.0260
761,data_exfiltration,block_padding+random_padding+dummy_injection,malicious_obfuscated,malicious_obfuscated,1,0.0310,0.0080,0.9610
762,file_download,fragmentation+random_padding,benign,benign,1,0.9570,0.0289,0.0142
763,data_exfiltration,protocol_mimicry+block_padding,malicious_obfuscated,malicious_obfuscated,1,0.0284,0.0205,0.9511
764,voip,block_padding+dummy_injection+tunnel_encapsulation,benign,benign,1,0.5388,0.0203,0.4409
765,video_streaming,none,benign,benign,1,0.9628,0.0236,0.0135
766,brute_force,none,malicious_plain,malicious_plain,1,0.0163,0.9307,0.0531
767,port_scan,block_padding+constant_rate_shaping+tunnel_encapsulation,malicious_obfuscated,malicious_obfuscated,1,0.0211,0.0129,0.9660
768,reverse_shell,dummy_injection+constant_rate_shaping,malicious_obfuscated,malicious_obfuscated,1,0.1962,0.0172,0.7866
769,ddos_flood,random_padding+dummy_injection+tunnel_encapsulation,malicious_obfuscated,malicious_obfuscated,1,0.0104,0.0179,0.9717
770,brute_force,dummy_injection+tunnel_encapsulation,malicious_obfuscated,malicious_obfuscated,1,0.0988,0.0381,0.8631
771,brute_force,tunnel_encapsulation,malicious_obfuscated,malicious_plain,0,0.0162,0.9329,0.0509
772,port_scan,none,malicious_plain,malicious_plain,1,0.0194,0.9221,0.0585
773,file_download,none,benign,benign,1,0.9748,0.0152,0.0100
774,c2_beacon,none,malicious_plain,malicious_plain,1,0.0170,0.9385,0.0446
775,video_streaming,block_padding+random_padding+timing_jitter,benign,benign,1,0.9688,0.0204,0.0109
776,voip,dummy_injection+tunnel_encapsulation,benign,benign,1,0.8428,0.0110,0.1463
777,ddos_flood,protocol_mimicry+fragmentation+constant_rate_shaping,malicious_obfuscated,malicious_obfuscated,1,0.0243,0.0353,0.9404
778,ddos_flood,dummy_injection+timing_jitter,malicious_obfuscated,malicious_obfuscated,1,0.0106,0.0139,0.9755
779,video_streaming,none,benign,benign,1,0.9529,0.0269,0.0202
780,port_scan,none,malicious_plain,malicious_plain,1,0.0133,0.9400,0.0468
781,video_streaming,none,benign,benign,1,0.9574,0.0233,0.0193
782,port_scan,none,malicious_plain,malicious_plain,1,0.0161,0.9314,0.0525
783,port_scan,none,malicious_plain,malicious_plain,1,0.0122,0.9498,0.0380
784,ddos_flood,constant_rate_shaping,malicious_obfuscated,malicious_obfuscated,1,0.0442,0.0356,0.9201
785,brute_force,none,malicious_plain,malicious_plain,1,0.0228,0.9274,0.0498
786,web_browsing,none,benign,benign,1,0.9895,0.0073,0.0033
787,web_browsing,none,benign,benign,1,0.9889,0.0061,0.0050
788,c2_beacon,fragmentation,malicious_obfuscated,malicious_obfuscated,1,0.0132,0.0128,0.9740
789,c2_beacon,none,malicious_plain,malicious_plain,1,0.0143,0.9475,0.0382
790,port_scan,constant_rate_shaping+tunnel_encapsulation,malicious_obfuscated,malicious_obfuscated,1,0.0769,0.0278,0.8953
791,reverse_shell,none,malicious_plain,malicious_plain,1,0.0220,0.9586,0.0194
792,port_scan,none,malicious_plain,malicious_plain,1,0.0136,0.9594,0.0270
793,c2_beacon,block_padding+tunnel_encapsulation,malicious_obfuscated,malicious_obfuscated,1,0.0195,0.0120,0.9685
794,data_exfiltration,none,malicious_plain,malicious_plain,1,0.0227,0.9614,0.0158
795,brute_force,none,malicious_plain,malicious_plain,1,0.0211,0.9249,0.0540
796,c2_beacon,none,malicious_plain,malicious_plain,1,0.0223,0.9334,0.0443
797,ddos_flood,timing_jitter,malicious_obfuscated,malicious_obfuscated,1,0.0312,0.0573,0.9115
798,ssh_interactive,none,benign,benign,1,0.9726,0.0140,0.0134
799,ddos_flood,fragmentation+timing_jitter+tunnel_encapsulation,malicious_obfuscated,malicious_obfuscated,1,0.0167,0.0223,0.9610
800,ssh_interactive,fragmentation,benign,benign,1,0.9408,0.0191,0.0402
801,c2_beacon,block_padding+random_padding,malicious_obfuscated,malicious_obfuscated,1,0.0136,0.0372,0.9493
802,c2_beacon,protocol_mimicry+dummy_injection,malicious_obfuscated,malicious_obfuscated,1,0.0489,0.0204,0.9307
803,ddos_flood,dummy_injection+constant_rate_shaping,malicious_obfuscated,malicious_obfuscated,1,0.1504,0.0278,0.8217
804,data_exfiltration,none,malicious_plain,malicious_plain,1,0.0171,0.9743,0.0086
805,c2_beacon,fragmentation+timing_jitter,malicious_obfuscated,malicious_obfuscated,1,0.0208,0.0368,0.9424
806,web_browsing,block_padding,benign,benign,1,0.9733,0.0113,0.0154
807,ssh_interactive,none,benign,benign,1,0.9771,0.0163,0.0065
808,brute_force,none,malicious_plain,malicious_plain,1,0.0185,0.9388,0.0427
809,video_streaming,none,benign,benign,1,0.9697,0.0180,0.0123
810,ddos_flood,none,malicious_plain,malicious_plain,1,0.0185,0.9472,0.0342
811,ssh_interactive,none,benign,benign,1,0.9705,0.0177,0.0119
812,voip,none,benign,benign,1,0.9729,0.0172,0.0099
813,port_scan,none,malicious_plain,malicious_plain,1,0.0203,0.9201,0.0596
814,port_scan,dummy_injection+constant_rate_shaping+tunnel_encapsulation,malicious_obfuscated,malicious_obfuscated,1,0.0441,0.0130,0.9429
815,brute_force,none,malicious_plain,malicious_plain,1,0.0170,0.9361,0.0469
816,voip,none,benign,benign,1,0.9760,0.0159,0.0080
817,video_streaming,none,benign,benign,1,0.9579,0.0226,0.0195
818,port_scan,none,malicious_plain,malicious_plain,1,0.0143,0.9410,0.0447
819,file_download,none,benign,benign,1,0.9628,0.0208,0.0163
820,port_scan,none,malicious_plain,malicious_plain,1,0.0123,0.9449,0.0428
821,c2_beacon,none,malicious_plain,malicious_plain,1,0.0197,0.9375,0.0428
822,voip,none,benign,benign,1,0.9782,0.0146,0.0072
823,port_scan,none,malicious_plain,malicious_plain,1,0.0183,0.9032,0.0785
824,brute_force,none,malicious_plain,malicious_plain,1,0.0167,0.9420,0.0413
825,ddos_flood,none,malicious_plain,malicious_plain,1,0.0186,0.9494,0.0320
826,brute_force,none,malicious_plain,malicious_plain,1,0.0177,0.9185,0.0638
827,reverse_shell,none,malicious_plain,malicious_plain,1,0.0066,0.9753,0.0181
828,video_streaming,none,benign,benign,1,0.9756,0.0148,0.0096
829,web_browsing,fragmentation+dummy_injection+timing_jitter,benign,benign,1,0.7717,0.0286,0.1996
830,data_exfiltration,dummy_injection,malicious_obfuscated,malicious_obfuscated,1,0.0194,0.0299,0.9507
831,reverse_shell,protocol_mimicry+fragmentation,malicious_obfuscated,malicious_obfuscated,1,0.0247,0.0189,0.9564
832,port_scan,fragmentation,malicious_obfuscated,malicious_plain,0,0.0183,0.9452,0.0364
833,file_download,protocol_mimicry+block_padding+tunnel_encapsulation,benign,benign,1,0.9732,0.0165,0.0103
834,reverse_shell,none,malicious_plain,malicious_plain,1,0.0146,0.9584,0.0270
835,reverse_shell,tunnel_encapsulation,malicious_obfuscated,malicious_obfuscated,1,0.0607,0.0325,0.9068
836,c2_beacon,protocol_mimicry+tunnel_encapsulation,malicious_obfuscated,malicious_obfuscated,1,0.1158,0.0537,0.8305
837,reverse_shell,fragmentation+timing_jitter+tunnel_encapsulation,malicious_obfuscated,malicious_obfuscated,1,0.0380,0.0269,0.9351
838,reverse_shell,none,malicious_plain,malicious_plain,1,0.0109,0.9810,0.0081
839,data_exfiltration,none,malicious_plain,malicious_plain,1,0.0187,0.9717,0.0096
840,voip,random_padding,benign,benign,1,0.9721,0.0186,0.0093
841,port_scan,none,malicious_plain,malicious_plain,1,0.0138,0.9421,0.0441
842,port_scan,constant_rate_shaping,malicious_obfuscated,malicious_obfuscated,1,0.0551,0.0331,0.9119
843,file_download,none,benign,benign,1,0.9570,0.0241,0.0189
844,ddos_flood,protocol_mimicry+timing_jitter,malicious_obfuscated,malicious_obfuscated,1,0.0161,0.0124,0.9715
845,file_download,block_padding+dummy_injection,benign,benign,1,0.9555,0.0151,0.0293
846,video_streaming,random_padding+timing_jitter+tunnel_encapsulation,benign,benign,1,0.9672,0.0199,0.0128
847,reverse_shell,fragmentation+dummy_injection+constant_rate_shaping,malicious_obfuscated,malicious_obfuscated,1,0.4492,0.0228,0.5280
848,ddos_flood,fragmentation+block_padding,malicious_obfuscated,malicious_obfuscated,1,0.0372,0.0289,0.9339
849,ddos_flood,none,malicious_plain,malicious_plain,1,0.0155,0.9503,0.0341
850,video_streaming,none,benign,benign,1,0.9532,0.0266,0.0202
851,c2_beacon,block_padding+timing_jitter+tunnel_encapsulation,malicious_obfuscated,malicious_obfuscated,1,0.0251,0.0085,0.9664
852,brute_force,fragmentation+block_padding+timing_jitter,malicious_obfuscated,malicious_obfuscated,1,0.0304,0.0138,0.9559
853,ssh_interactive,none,benign,benign,1,0.9616,0.0213,0.0171
854,c2_beacon,protocol_mimicry+fragmentation+block_padding,malicious_obfuscated,malicious_obfuscated,1,0.2010,0.0198,0.7792
855,web_browsing,random_padding+timing_jitter+constant_rate_shaping,benign,malicious_obfuscated,0,0.2352,0.0130,0.7518
856,c2_beacon,random_padding+constant_rate_shaping+tunnel_encapsulation,malicious_obfuscated,malicious_obfuscated,1,0.0955,0.0111,0.8934
857,voip,random_padding,benign,benign,1,0.9592,0.0112,0.0296
858,reverse_shell,block_padding+timing_jitter,malicious_obfuscated,malicious_obfuscated,1,0.0267,0.0187,0.9546
859,data_exfiltration,dummy_injection+constant_rate_shaping+tunnel_encapsulation,malicious_obfuscated,malicious_obfuscated,1,0.2331,0.0510,0.7158
860,reverse_shell,protocol_mimicry+block_padding+dummy_injection,malicious_obfuscated,malicious_obfuscated,1,0.1842,0.0131,0.8026
861,data_exfiltration,protocol_mimicry+block_padding+constant_rate_shaping,malicious_obfuscated,malicious_obfuscated,1,0.0202,0.0143,0.9655
862,port_scan,none,malicious_plain,malicious_plain,1,0.0187,0.9206,0.0607
863,data_exfiltration,constant_rate_shaping,malicious_obfuscated,malicious_obfuscated,1,0.0317,0.0213,0.9470
864,brute_force,none,malicious_plain,malicious_plain,1,0.0162,0.9452,0.0386
865,ddos_flood,none,malicious_plain,malicious_plain,1,0.0168,0.9494,0.0337
866,ddos_flood,dummy_injection,malicious_obfuscated,malicious_obfuscated,1,0.0250,0.0953,0.8797
867,video_streaming,none,benign,benign,1,0.9670,0.0179,0.0151
868,file_download,none,benign,benign,1,0.9705,0.0153,0.0142
869,voip,none,benign,benign,1,0.9734,0.0166,0.0100
870,port_scan,constant_rate_shaping,malicious_obfuscated,malicious_obfuscated,1,0.0436,0.0163,0.9401
871,video_streaming,protocol_mimicry+fragmentation+dummy_injection,benign,benign,1,0.8939,0.0306,0.0755
872,c2_beacon,fragmentation+block_padding+random_padding,malicious_obfuscated,malicious_obfuscated,1,0.0133,0.0233,0.9634
873,ddos_flood,none,malicious_plain,malicious_plain,1,0.0175,0.9380,0.0445
874,reverse_shell,none,malicious_plain,malicious_plain,1,0.0592,0.9114,0.0294
875,data_exfiltration,protocol_mimicry+block_padding+dummy_injection,malicious_obfuscated,malicious_obfuscated,1,0.1700,0.0281,0.8019
876,web_browsing,none,benign,benign,1,0.9807,0.0139,0.0054
877,ddos_flood,fragmentation+block_padding,malicious_obfuscated,malicious_obfuscated,1,0.0281,0.0258,0.9461
878,web_browsing,none,benign,benign,1,0.9278,0.0394,0.0328
879,ddos_flood,none,malicious_plain,malicious_plain,1,0.0169,0.9505,0.0326
880,data_exfiltration,none,malicious_plain,malicious_plain,1,0.0225,0.9657,0.0118
881,reverse_shell,none,malicious_plain,malicious_plain,1,0.0195,0.9651,0.0153
882,reverse_shell,none,malicious_plain,malicious_plain,1,0.0136,0.9710,0.0154
883,video_streaming,random_padding+dummy_injection,benign,benign,1,0.9734,0.0144,0.0122
884,brute_force,none,malicious_plain,malicious_plain,1,0.0178,0.9360,0.0463
885,data_exfiltration,protocol_mimicry+fragmentation,malicious_obfuscated,malicious_obfuscated,1,0.0121,0.0189,0.9690
886,file_download,fragmentation+timing_jitter,benign,benign,1,0.7251,0.0584,0.2166
887,port_scan,protocol_mimicry+block_padding+constant_rate_shaping,malicious_obfuscated,malicious_obfuscated,1,0.0346,0.0179,0.9475
888,voip,none,benign,benign,1,0.9744,0.0151,0.0105
889,web_browsing,block_padding,benign,benign,1,0.9584,0.0205,0.0210
890,ssh_interactive,none,benign,benign,1,0.9715,0.0193,0.0092
891,brute_force,none,malicious_plain,malicious_plain,1,0.0162,0.9315,0.0523
892,voip,fragmentation+block_padding+timing_jitter,benign,benign,1,0.7215,0.0231,0.2554
893,reverse_shell,protocol_mimicry+block_padding,malicious_obfuscated,malicious_obfuscated,1,0.1474,0.0270,0.8256
894,ssh_interactive,none,benign,benign,1,0.9602,0.0240,0.0158
895,port_scan,fragmentation+random_padding+constant_rate_shaping,malicious_obfuscated,malicious_obfuscated,1,0.0762,0.0186,0.9051
896,brute_force,none,malicious_plain,malicious_plain,1,0.0163,0.9392,0.0445
897,brute_force,none,malicious_plain,malicious_plain,1,0.0163,0.9393,0.0444
898,c2_beacon,none,malicious_plain,malicious_plain,1,0.0184,0.9369,0.0447
899,brute_force,fragmentation+random_padding+dummy_injection,malicious_obfuscated,malicious_obfuscated,1,0.0208,0.0178,0.9614
900,port_scan,timing_jitter,malicious_obfuscated,malicious_obfuscated,1,0.0182,0.0254,0.9564
901,reverse_shell,protocol_mimicry+random_padding+tunnel_encapsulation,malicious_obfuscated,malicious_obfuscated,1,0.0432,0.0132,0.9436
902,c2_beacon,block_padding+random_padding,malicious_obfuscated,malicious_obfuscated,1,0.0141,0.0428,0.9431
903,port_scan,fragmentation+block_padding,malicious_obfuscated,malicious_obfuscated,1,0.0277,0.0114,0.9608
904,data_exfiltration,dummy_injection,malicious_obfuscated,malicious_obfuscated,1,0.0265,0.0336,0.9400
905,brute_force,none,malicious_plain,malicious_plain,1,0.0144,0.9404,0.0452
906,data_exfiltration,fragmentation+dummy_injection,malicious_obfuscated,malicious_obfuscated,1,0.0094,0.0092,0.9814
907,voip,none,benign,benign,1,0.9772,0.0157,0.0070
908,brute_force,fragmentation,malicious_obfuscated,malicious_obfuscated,1,0.1315,0.0416,0.8269
909,ddos_flood,none,malicious_plain,malicious_plain,1,0.0150,0.9535,0.0315
910,c2_beacon,fragmentation,malicious_obfuscated,malicious_obfuscated,1,0.0298,0.1211,0.8492
911,web_browsing,none,benign,benign,1,0.9704,0.0203,0.0094
912,port_scan,none,malicious_plain,malicious_plain,1,0.0104,0.9566,0.0330
913,brute_force,none,malicious_plain,malicious_plain,1,0.0171,0.9282,0.0547
914,brute_force,block_padding+random_padding,malicious_obfuscated,malicious_obfuscated,1,0.0151,0.0184,0.9666
915,c2_beacon,fragmentation+random_padding+timing_jitter,malicious_obfuscated,malicious_obfuscated,1,0.0246,0.0126,0.9628
916,voip,fragmentation+block_padding+dummy_injection,benign,benign,1,0.8642,0.0190,0.1168
917,port_scan,none,malicious_plain,malicious_plain,1,0.0202,0.9455,0.0342
918,data_exfiltration,protocol_mimicry+fragmentation+tunnel_encapsulation,malicious_obfuscated,malicious_obfuscated,1,0.0526,0.0219,0.9254
919,port_scan,none,malicious_plain,malicious_plain,1,0.0176,0.9252,0.0572
920,video_streaming,protocol_mimicry+constant_rate_shaping,benign,malicious_obfuscated,0,0.2936,0.0177,0.6887
921,voip,fragmentation+timing_jitter+constant_rate_shaping,benign,benign,1,0.5110,0.0294,0.4596
922,reverse_shell,protocol_mimicry+timing_jitter+tunnel_encapsulation,malicious_obfuscated,malicious_obfuscated,1,0.0649,0.0193,0.9158
923,reverse_shell,block_padding,malicious_obfuscated,malicious_obfuscated,1,0.0177,0.0197,0.9627
924,port_scan,none,malicious_plain,malicious_plain,1,0.0100,0.9611,0.0289
925,c2_beacon,dummy_injection,malicious_obfuscated,malicious_obfuscated,1,0.0125,0.0215,0.9660
926,brute_force,none,malicious_plain,malicious_plain,1,0.0172,0.9411,0.0416
927,c2_beacon,block_padding+dummy_injection,malicious_obfuscated,malicious_obfuscated,1,0.0088,0.0056,0.9855
928,video_streaming,none,benign,benign,1,0.9621,0.0240,0.0139
929,port_scan,none,malicious_plain,malicious_plain,1,0.0103,0.9585,0.0312
930,ssh_interactive,none,benign,benign,1,0.9648,0.0206,0.0145
931,video_streaming,none,benign,benign,1,0.9717,0.0163,0.0120
932,brute_force,random_padding+timing_jitter,malicious_obfuscated,malicious_obfuscated,1,0.0143,0.0186,0.9671
933,reverse_shell,protocol_mimicry+fragmentation+block_padding,malicious_obfuscated,malicious_obfuscated,1,0.0579,0.0070,0.9351
934,voip,none,benign,benign,1,0.9775,0.0151,0.0074
935,ddos_flood,tunnel_encapsulation,malicious_obfuscated,malicious_obfuscated,1,0.0244,0.0234,0.9522
936,video_streaming,random_padding,benign,benign,1,0.9494,0.0260,0.0246
937,video_streaming,none,benign,benign,1,0.9673,0.0179,0.0148
938,port_scan,fragmentation+timing_jitter,malicious_obfuscated,malicious_obfuscated,1,0.0161,0.0170,0.9669
939,c2_beacon,none,malicious_plain,malicious_plain,1,0.0163,0.9390,0.0446
940,data_exfiltration,none,malicious_plain,malicious_plain,1,0.0230,0.9629,0.0142
941,port_scan,none,malicious_plain,malicious_plain,1,0.0175,0.9446,0.0379
942,reverse_shell,dummy_injection,malicious_obfuscated,malicious_obfuscated,1,0.1676,0.0885,0.7439
943,c2_beacon,dummy_injection,malicious_obfuscated,malicious_obfuscated,1,0.0118,0.0178,0.9704
944,ddos_flood,none,malicious_plain,malicious_plain,1,0.0193,0.9503,0.0304
945,c2_beacon,none,malicious_plain,malicious_plain,1,0.0128,0.9514,0.0358
946,c2_beacon,none,malicious_plain,malicious_plain,1,0.0160,0.9483,0.0358
947,c2_beacon,block_padding+dummy_injection+timing_jitter,malicious_obfuscated,malicious_obfuscated,1,0.0065,0.0041,0.9894
948,c2_beacon,protocol_mimicry,malicious_obfuscated,malicious_obfuscated,1,0.0489,0.0192,0.9319
949,reverse_shell,none,malicious_plain,benign,0,0.5813,0.3860,0.0328
950,ddos_flood,none,malicious_plain,malicious_plain,1,0.0177,0.9466,0.0357
951,brute_force,none,malicious_plain,malicious_plain,1,0.0146,0.9450,0.0404
952,video_streaming,none,benign,benign,1,0.9645,0.0203,0.0152
953,web_browsing,none,benign,benign,1,0.9798,0.0154,0.0048
954,data_exfiltration,protocol_mimicry+constant_rate_shaping+tunnel_encapsulation,malicious_obfuscated,malicious_obfuscated,1,0.0652,0.0073,0.9275
955,dns_query,protocol_mimicry+block_padding+tunnel_encapsulation,benign,benign,1,0.8583,0.0119,0.1297
956,port_scan,none,malicious_plain,malicious_plain,1,0.0105,0.9533,0.0362
957,web_browsing,none,benign,benign,1,0.9723,0.0124,0.0153
958,web_browsing,none,benign,benign,1,0.9787,0.0135,0.0077
959,c2_beacon,timing_jitter+constant_rate_shaping,malicious_obfuscated,malicious_obfuscated,1,0.2023,0.0191,0.7786
960,voip,none,benign,benign,1,0.9768,0.0152,0.0080
961,brute_force,none,malicious_plain,malicious_plain,1,0.0238,0.9332,0.0430
962,brute_force,protocol_mimicry,malicious_obfuscated,malicious_obfuscated,1,0.0455,0.0221,0.9324
963,c2_beacon,protocol_mimicry,malicious_obfuscated,malicious_obfuscated,1,0.1023,0.0217,0.8760
964,reverse_shell,random_padding,malicious_obfuscated,malicious_obfuscated,1,0.0584,0.1512,0.7904
965,video_streaming,none,benign,benign,1,0.9685,0.0169,0.0147
966,data_exfiltration,random_padding+constant_rate_shaping,malicious_obfuscated,malicious_obfuscated,1,0.0144,0.0156,0.9700
967,file_download,dummy_injection,benign,benign,1,0.9656,0.0136,0.0209
968,data_exfiltration,constant_rate_shaping,malicious_obfuscated,malicious_obfuscated,1,0.0217,0.0254,0.9529
969,port_scan,none,malicious_plain,malicious_plain,1,0.0150,0.9395,0.0456
970,reverse_shell,none,malicious_plain,malicious_plain,1,0.0078,0.9708,0.0214
971,voip,protocol_mimicry+fragmentation+dummy_injection,benign,benign,1,0.8377,0.0411,0.1212
972,data_exfiltration,none,malicious_plain,malicious_plain,1,0.0161,0.9748,0.0092
973,web_browsing,none,benign,benign,1,0.9389,0.0361,0.0250
974,ddos_flood,protocol_mimicry+timing_jitter+constant_rate_shaping,malicious_obfuscated,malicious_obfuscated,1,0.0553,0.0150,0.9297
975,c2_beacon,protocol_mimicry+fragmentation+tunnel_encapsulation,malicious_obfuscated,malicious_obfuscated,1,0.1363,0.0198,0.8439
976,file_download,none,benign,benign,1,0.9428,0.0330,0.0242
977,dns_query,protocol_mimicry+tunnel_encapsulation,benign,benign,1,0.9421,0.0131,0.0447
978,ssh_interactive,random_padding+constant_rate_shaping+tunnel_encapsulation,benign,benign,1,0.6432,0.0211,0.3358
979,voip,tunnel_encapsulation,benign,benign,1,0.9750,0.0167,0.0083
980,data_exfiltration,protocol_mimicry+block_padding+random_padding,malicious_obfuscated,malicious_obfuscated,1,0.0289,0.0185,0.9525
981,file_download,none,benign,benign,1,0.9685,0.0175,0.0140
982,ddos_flood,none,malicious_plain,malicious_plain,1,0.0151,0.9547,0.0302
983,web_browsing,none,benign,benign,1,0.8494,0.1166,0.0341
984,c2_beacon,fragmentation+constant_rate_shaping+tunnel_encapsulation,malicious_obfuscated,malicious_obfuscated,1,0.1644,0.0205,0.8151
985,ddos_flood,none,malicious_plain,malicious_plain,1,0.0165,0.9416,0.0419
986,port_scan,block_padding+random_padding+dummy_injection,malicious_obfuscated,malicious_obfuscated,1,0.0229,0.0090,0.9681
987,voip,random_padding+dummy_injection+tunnel_encapsulation,benign,benign,1,0.9551,0.0149,0.0300
988,brute_force,fragmentation,malicious_obfuscated,malicious_obfuscated,1,0.0602,0.0377,0.9021
989,c2_beacon,none,malicious_plain,malicious_plain,1,0.0137,0.9472,0.0391
990,brute_force,none,malicious_plain,malicious_plain,1,0.0207,0.9294,0.0499
991,web_browsing,none,benign,benign,1,0.9658,0.0212,0.0130
992,file_download,none,benign,benign,1,0.9663,0.0197,0.0140
993,reverse_shell,fragmentation,malicious_obfuscated,malicious_obfuscated,1,0.0176,0.0197,0.9628
994,port_scan,fragmentation+tunnel_encapsulation,malicious_obfuscated,malicious_obfuscated,1,0.0131,0.0126,0.9744
995,video_streaming,none,benign,benign,1,0.9682,0.0181,0.0136
996,reverse_shell,block_padding+random_padding+constant_rate_shaping,malicious_obfuscated,malicious_obfuscated,1,0.2298,0.0173,0.7529
997,reverse_shell,none,malicious_plain,malicious_plain,1,0.0284,0.9629,0.0087
998,reverse_shell,block_padding+dummy_injection,malicious_obfuscated,malicious_obfuscated,1,0.0198,0.0312,0.9489
999,port_scan,random_padding+dummy_injection+tunnel_encapsulation,malicious_obfuscated,malicious_obfuscated,1,0.0340,0.0121,0.9538
1000,ddos_flood,none,malicious_plain,malicious_plain,1,0.0185,0.9302,0.0512
1001,ssh_interactive,none,benign,benign,1,0.9726,0.0175,0.0099
1002,data_exfiltration,protocol_mimicry,malicious_obfuscated,malicious_obfuscated,1,0.0345,0.0222,0.9433
1003,file_download,none,benign,benign,1,0.9669,0.0193,0.0138
1004,voip,none,benign,benign,1,0.9759,0.0162,0.0079
1005,c2_beacon,none,malicious_plain,malicious_plain,1,0.0144,0.9430,0.0426
1006,ddos_flood,dummy_injection,malicious_obfuscated,malicious_obfuscated,1,0.0193,0.0288,0.9519
1007,ssh_interactive,fragmentation+timing_jitter,benign,benign,1,0.9232,0.0198,0.0570
1008,data_exfiltration,protocol_mimicry+dummy_injection+tunnel_encapsulation,malicious_obfuscated,malicious_obfuscated,1,0.1232,0.0223,0.8545
1009,ddos_flood,none,malicious_plain,malicious_plain,1,0.0147,0.9528,0.0325
1010,port_scan,block_padding+tunnel_encapsulation,malicious_obfuscated,malicious_obfuscated,1,0.0182,0.0144,0.9674
1011,data_exfiltration,none,malicious_plain,malicious_plain,1,0.0207,0.9697,0.0096
1012,video_streaming,protocol_mimicry+constant_rate_shaping,benign,malicious_obfuscated,0,0.3622,0.0184,0.6194
1013,brute_force,none,malicious_plain,malicious_plain,1,0.0183,0.9295,0.0523
1014,port_scan,protocol_mimicry+random_padding,malicious_obfuscated,malicious_obfuscated,1,0.0247,0.0254,0.9499
1015,c2_beacon,none,malicious_plain,malicious_plain,1,0.0183,0.9344,0.0473
1016,voip,none,benign,benign,1,0.9767,0.0157,0.0076
1017,reverse_shell,none,malicious_plain,malicious_plain,1,0.0266,0.9562,0.0172
1018,port_scan,none,malicious_plain,malicious_plain,1,0.0147,0.9395,0.0458
1019,port_scan,fragmentation+block_padding+constant_rate_shaping,malicious_obfuscated,malicious_obfuscated,1,0.0234,0.0145,0.9621
1020,port_scan,none,malicious_plain,malicious_plain,1,0.0103,0.9613,0.0284
1021,voip,none,benign,benign,1,0.9781,0.0150,0.0069
1022,data_exfiltration,none,malicious_plain,malicious_plain,1,0.0178,0.9742,0.0079
1023,ddos_flood,protocol_mimicry+block_padding+tunnel_encapsulation,malicious_obfuscated,malicious_obfuscated,1,0.0206,0.0081,0.9713
1024,ddos_flood,none,malicious_plain,malicious_plain,1,0.0160,0.9517,0.0323
1025,ddos_flood,none,malicious_plain,malicious_plain,1,0.0118,0.9603,0.0279
1026,reverse_shell,fragmentation+random_padding+constant_rate_shaping,malicious_obfuscated,malicious_obfuscated,1,0.1693,0.0165,0.8143
1027,file_download,block_padding,benign,benign,1,0.9673,0.0186,0.0141
1028,data_exfiltration,protocol_mimicry+block_padding+tunnel_encapsulation,malicious_obfuscated,malicious_obfuscated,1,0.0901,0.0184,0.8914
1029,web_browsing,none,benign,benign,1,0.9816,0.0112,0.0073
1030,brute_force,none,malicious_plain,malicious_plain,1,0.0282,0.9265,0.0453
1031,data_exfiltration,timing_jitter+constant_rate_shaping,malicious_obfuscated,malicious_obfuscated,1,0.0848,0.0078,0.9074
1032,ssh_interactive,none,benign,benign,1,0.9698,0.0175,0.0127
1033,brute_force,fragmentation+block_padding+constant_rate_shaping,malicious_obfuscated,malicious_obfuscated,1,0.3697,0.0199,0.6104
1034,file_download,none,benign,benign,1,0.9713,0.0158,0.0129
1035,ddos_flood,none,malicious_plain,malicious_plain,1,0.0171,0.9417,0.0412
1036,reverse_shell,none,malicious_plain,malicious_plain,1,0.0077,0.9424,0.0498
1037,port_scan,none,malicious_plain,malicious_plain,1,0.0117,0.9479,0.0404
1038,ssh_interactive,none,benign,benign,1,0.9681,0.0164,0.0155
1039,ssh_interactive,fragmentation+timing_jitter+constant_rate_shaping,benign,benign,1,0.7288,0.0227,0.2485
1040,file_download,protocol_mimicry+random_padding+tunnel_encapsulation,benign,benign,1,0.9525,0.0188,0.0286
1041,brute_force,none,malicious_plain,malicious_plain,1,0.0170,0.9381,0.0449
1042,video_streaming,none,benign,benign,1,0.9519,0.0277,0.0204
1043,video_streaming,none,benign,benign,1,0.9612,0.0245,0.0144
1044,reverse_shell,protocol_mimicry+dummy_injection+timing_jitter,malicious_obfuscated,malicious_obfuscated,1,0.1763,0.0179,0.8058
1045,brute_force,none,malicious_plain,malicious_plain,1,0.0167,0.9383,0.0449
1046,c2_beacon,random_padding+timing_jitter+constant_rate_shaping,malicious_obfuscated,malicious_obfuscated,1,0.1312,0.0154,0.8534
1047,c2_beacon,none,malicious_plain,malicious_plain,1,0.0159,0.9434,0.0408
1048,reverse_shell,none,malicious_plain,malicious_plain,1,0.0178,0.9532,0.0290
1049,web_browsing,none,benign,benign,1,0.9703,0.0190,0.0108
1050,port_scan,none,malicious_plain,malicious_plain,1,0.0113,0.9547,0.0340
1051,ddos_flood,none,malicious_plain,malicious_plain,1,0.0190,0.9413,0.0397
1052,data_exfiltration,block_padding+tunnel_encapsulation,malicious_obfuscated,malicious_obfuscated,1,0.0169,0.0388,0.9443
1053,reverse_shell,dummy_injection+timing_jitter+constant_rate_shaping,malicious_obfuscated,malicious_obfuscated,1,0.2155,0.0157,0.7688
1054,reverse_shell,none,malicious_plain,malicious_plain,1,0.0146,0.9712,0.0143
1055,ddos_flood,none,malicious_plain,malicious_plain,1,0.0158,0.9495,0.0347
1056,ssh_interactive,none,benign,benign,1,0.9721,0.0197,0.0082
1057,brute_force,fragmentation+timing_jitter,malicious_obfuscated,malicious_obfuscated,1,0.0888,0.0413,0.8699
1058,ddos_flood,tunnel_encapsulation,malicious_obfuscated,malicious_obfuscated,1,0.0247,0.0204,0.9550
1059,port_scan,none,malicious_plain,malicious_plain,1,0.0137,0.9401,0.0462
1060,web_browsing,protocol_mimicry+block_padding+constant_rate_shaping,benign,benign,1,0.9213,0.0211,0.0577
1061,brute_force,protocol_mimicry,malicious_obfuscated,malicious_obfuscated,1,0.0668,0.0203,0.9129
1062,reverse_shell,none,malicious_plain,malicious_plain,1,0.0103,0.9778,0.0120
1063,brute_force,fragmentation+timing_jitter+constant_rate_shaping,malicious_obfuscated,malicious_obfuscated,1,0.1925,0.0191,0.7884
1064,ddos_flood,block_padding,malicious_obfuscated,malicious_obfuscated,1,0.0279,0.0173,0.9548
1065,file_download,none,benign,benign,1,0.9693,0.0185,0.0122
1066,voip,fragmentation,benign,benign,1,0.9754,0.0160,0.0087
1067,brute_force,constant_rate_shaping+tunnel_encapsulation,malicious_obfuscated,malicious_obfuscated,1,0.2262,0.0211,0.7527
1068,port_scan,none,malicious_plain,malicious_plain,1,0.0120,0.9404,0.0476
1069,reverse_shell,protocol_mimicry+fragmentation+timing_jitter,malicious_obfuscated,malicious_obfuscated,1,0.0216,0.0079,0.9705
1070,reverse_shell,none,malicious_plain,malicious_plain,1,0.0077,0.9816,0.0107
1071,brute_force,fragmentation+tunnel_encapsulation,malicious_obfuscated,malicious_obfuscated,1,0.0578,0.0429,0.8993
1072,port_scan,none,malicious_plain,malicious_plain,1,0.0094,0.9611,0.0295
1073,voip,block_padding+random_padding+tunnel_encapsulation,benign,benign,1,0.9445,0.0130,0.0425
1074,web_browsing,none,benign,benign,1,0.9789,0.0152,0.0059
1075,ssh_interactive,block_padding+timing_jitter+constant_rate_shaping,benign,benign,1,0.6150,0.0284,0.3567
1076,voip,none,benign,benign,1,0.9762,0.0158,0.0080
1077,port_scan,none,malicious_plain,malicious_plain,1,0.0139,0.9430,0.0431
1078,file_download,none,benign,benign,1,0.9661,0.0204,0.0136
1079,voip,none,benign,benign,1,0.9774,0.0150,0.0076
1080,port_scan,none,malicious_plain,malicious_plain,1,0.0122,0.9572,0.0306
1081,port_scan,none,malicious_plain,malicious_plain,1,0.0129,0.9438,0.0433
1082,brute_force,random_padding,malicious_obfuscated,malicious_obfuscated,1,0.0272,0.0345,0.9383
1083,file_download,none,benign,benign,1,0.9769,0.0131,0.0101
1084,voip,none,benign,benign,1,0.9783,0.0146,0.0071
1085,data_exfiltration,block_padding+timing_jitter+constant_rate_shaping,malicious_obfuscated,malicious_obfuscated,1,0.1001,0.0162,0.8836
1086,brute_force,none,malicious_plain,malicious_plain,1,0.0157,0.9347,0.0495
1087,brute_force,random_padding,malicious_obfuscated,malicious_obfuscated,1,0.0190,0.0349,0.9462
1088,data_exfiltration,block_padding,malicious_obfuscated,malicious_obfuscated,1,0.0215,0.0266,0.9519
1089,ddos_flood,block_padding+random_padding+timing_jitter,malicious_obfuscated,malicious_obfuscated,1,0.0232,0.0249,0.9519
1090,brute_force,none,malicious_plain,malicious_plain,1,0.0215,0.9298,0.0486
1091,port_scan,none,malicious_plain,malicious_plain,1,0.0161,0.9340,0.0499
1092,ssh_interactive,none,benign,benign,1,0.9716,0.0172,0.0112
1093,ddos_flood,none,malicious_plain,malicious_plain,1,0.0170,0.9505,0.0325
1094,voip,none,benign,benign,1,0.9766,0.0155,0.0080
1095,port_scan,none,malicious_plain,malicious_plain,1,0.0123,0.9376,0.0501
1096,data_exfiltration,none,malicious_plain,malicious_plain,1,0.0199,0.9700,0.0102
1097,ssh_interactive,none,benign,benign,1,0.9692,0.0182,0.0127
1098,ssh_interactive,protocol_mimicry+fragmentation+tunnel_encapsulation,benign,benign,1,0.7778,0.0166,0.2055
1099,data_exfiltration,none,malicious_plain,malicious_plain,1,0.0144,0.9779,0.0077
1100,brute_force,none,malicious_plain,malicious_plain,1,0.0160,0.9284,0.0556
1101,c2_beacon,none,malicious_plain,malicious_plain,1,0.0164,0.9429,0.0406
1102,data_exfiltration,block_padding+tunnel_encapsulation,malicious_obfuscated,malicious_obfuscated,1,0.0115,0.0223,0.9662
1103,ssh_interactive,none,benign,benign,1,0.9738,0.0173,0.0088
1104,ddos_flood,none,malicious_plain,malicious_plain,1,0.0159,0.9505,0.0337
1105,data_exfiltration,none,malicious_plain,malicious_plain,1,0.0238,0.9667,0.0095
1106,data_exfiltration,random_padding,malicious_obfuscated,malicious_obfuscated,1,0.0304,0.0288,0.9407
1107,brute_force,timing_jitter,malicious_obfuscated,malicious_plain,0,0.0230,0.8674,0.1096
1108,ssh_interactive,block_padding+timing_jitter,benign,benign,1,0.5389,0.0197,0.4415
1109,web_browsing,none,benign,benign,1,0.9743,0.0155,0.0102
1110,brute_force,block_padding,malicious_obfuscated,malicious_obfuscated,1,0.0466,0.0345,0.9188
1111,port_scan,tunnel_encapsulation,malicious_obfuscated,malicious_obfuscated,1,0.0230,0.0288,0.9482
1112,port_scan,dummy_injection+constant_rate_shaping,malicious_obfuscated,malicious_obfuscated,1,0.3518,0.0256,0.6226
1113,data_exfiltration,none,malicious_plain,malicious_plain,1,0.0165,0.9752,0.0083
1114,voip,none,benign,benign,1,0.9777,0.0149,0.0074
1115,reverse_shell,none,malicious_plain,malicious_plain,1,0.0165,0.9597,0.0238
1116,reverse_shell,none,malicious_plain,malicious_plain,1,0.0114,0.9457,0.0430
1117,reverse_shell,none,malicious_plain,malicious_plain,1,0.0079,0.9502,0.0419
1118,port_scan,random_padding+tunnel_encapsulation,malicious_obfuscated,malicious_obfuscated,1,0.0173,0.0103,0.9724
1119,voip,none,benign,benign,1,0.9771,0.0158,0.0071
1120,ssh_interactive,none,benign,benign,1,0.9701,0.0185,0.0115
1121,ssh_interactive,constant_rate_shaping,benign,benign,1,0.5229,0.0279,0.4491
1122,brute_force,none,malicious_plain,malicious_plain,1,0.0156,0.9347,0.0497
1123,data_exfiltration,none,malicious_plain,malicious_plain,1,0.0182,0.9744,0.0074
1124,data_exfiltration,none,malicious_plain,malicious_plain,1,0.0171,0.9730,0.0099
1125,c2_beacon,none,malicious_plain,malicious_plain,1,0.0156,0.9438,0.0405
1126,data_exfiltration,fragmentation+tunnel_encapsulation,malicious_obfuscated,malicious_obfuscated,1,0.0206,0.0166,0.9628
1127,brute_force,none,malicious_plain,malicious_plain,1,0.0168,0.9288,0.0544
1128,web_browsing,none,benign,benign,1,0.9481,0.0248,0.0271
1129,port_scan,none,malicious_plain,malicious_plain,1,0.0171,0.9268,0.0562
1130,port_scan,none,malicious_plain,malicious_plain,1,0.0167,0.9533,0.0301
1131,data_exfiltration,none,malicious_plain,malicious_plain,1,0.0210,0.9673,0.0117
1132,port_scan,fragmentation+timing_jitter,malicious_obfuscated,malicious_obfuscated,1,0.0208,0.0468,0.9324
1133,data_exfiltration,none,malicious_plain,malicious_plain,1,0.0181,0.9722,0.0097
1134,ddos_flood,protocol_mimicry+dummy_injection+constant_rate_shaping,malicious_obfuscated,malicious_obfuscated,1,0.4498,0.0323,0.5179
1135,ddos_flood,none,malicious_plain,malicious_plain,1,0.0169,0.9518,0.0313
1136,ddos_flood,fragmentation+block_padding,malicious_obfuscated,malicious_obfuscated,1,0.0258,0.0231,0.9511
1137,port_scan,none,malicious_plain,malicious_plain,1,0.0121,0.9485,0.0394
1138,ddos_flood,block_padding+tunnel_encapsulation,malicious_obfuscated,malicious_obfuscated,1,0.0241,0.0138,0.9621
1139,c2_beacon,none,malicious_plain,malicious_plain,1,0.0181,0.9343,0.0476
1140,file_download,protocol_mimicry+block_padding+dummy_injection,benign,benign,1,0.9051,0.0229,0.0720
1141,file_download,protocol_mimicry,benign,benign,1,0.9801,0.0124,0.0075
1142,ssh_interactive,none,benign,benign,1,0.9610,0.0221,0.0169
1143,reverse_shell,protocol_mimicry,malicious_obfuscated,malicious_obfuscated,1,0.0709,0.0148,0.9142
1144,web_browsing,none,benign,benign,1,0.9820,0.0113,0.0067
1145,port_scan,fragmentation+random_padding,malicious_obfuscated,malicious_obfuscated,1,0.0221,0.0202,0.9577
1146,c2_beacon,protocol_mimicry,malicious_obfuscated,malicious_obfuscated,1,0.1218,0.0238,0.8544
1147,file_download,random_padding,benign,benign,1,0.9654,0.0199,0.0147
1148,ddos_flood,protocol_mimicry+random_padding+constant_rate_shaping,malicious_obfuscated,malicious_obfuscated,1,0.0262,0.0137,0.9601
1149,brute_force,block_padding+dummy_injection+constant_rate_shaping,malicious_obfuscated,malicious_obfuscated,1,0.3371,0.0269,0.6360
1150,voip,fragmentation+random_padding+dummy_injection,benign,benign,1,0.9681,0.0115,0.0204
1151,brute_force,protocol_mimicry+fragmentation+constant_rate_shaping,malicious_obfuscated,malicious_obfuscated,1,0.0259,0.0106,0.9634
1152,reverse_shell,fragmentation+tunnel_encapsulation,malicious_obfuscated,malicious_obfuscated,1,0.0371,0.0094,0.9535
1153,web_browsing,none,benign,benign,1,0.9734,0.0150,0.0117
1154,c2_beacon,none,malicious_plain,malicious_plain,1,0.0210,0.9384,0.0406
1155,ssh_interactive,none,benign,benign,1,0.9465,0.0297,0.0238
1156,c2_beacon,protocol_mimicry+block_padding,malicious_obfuscated,malicious_obfuscated,1,0.0410,0.0085,0.9504
1157,reverse_shell,random_padding+timing_jitter,malicious_obfuscated,malicious_obfuscated,1,0.0283,0.2434,0.7283
1158,file_download,none,benign,benign,1,0.9701,0.0161,0.0138
1159,reverse_shell,none,malicious_plain,malicious_plain,1,0.0165,0.9663,0.0172
1160,ssh_interactive,none,benign,benign,1,0.9753,0.0175,0.0073
1161,voip,none,benign,benign,1,0.9749,0.0165,0.0086
1162,web_browsing,tunnel_encapsulation,benign,benign,1,0.9314,0.0207,0.0479
1163,file_download,fragmentation+random_padding+tunnel_encapsulation,benign,benign,1,0.9748,0.0176,0.0077
1164,ddos_flood,protocol_mimicry+fragmentation+random_padding,malicious_obfuscated,malicious_obfuscated,1,0.0280,0.0255,0.9465
1165,reverse_shell,none,malicious_plain,malicious_plain,1,0.0150,0.9675,0.0174
1166,data_exfiltration,none,malicious_plain,malicious_plain,1,0.0211,0.9688,0.0101
1167,data_exfiltration,none,malicious_plain,malicious_plain,1,0.0180,0.9728,0.0093
1168,port_scan,protocol_mimicry+tunnel_encapsulation,malicious_obfuscated,malicious_obfuscated,1,0.0186,0.0375,0.9439
1169,brute_force,none,malicious_plain,malicious_plain,1,0.0214,0.9179,0.0607
1170,voip,none,benign,benign,1,0.9756,0.0164,0.0081
1171,reverse_shell,tunnel_encapsulation,malicious_obfuscated,malicious_obfuscated,1,0.0943,0.0294,0.8763
1172,ddos_flood,block_padding,malicious_obfuscated,malicious_obfuscated,1,0.0312,0.0320,0.9368
1173,data_exfiltration,none,malicious_plain,malicious_plain,1,0.0176,0.9729,0.0096
1174,voip,none,benign,benign,1,0.9755,0.0163,0.0082
1175,web_browsing,protocol_mimicry+block_padding+random_padding,benign,benign,1,0.9395,0.0241,0.0365
1176,reverse_shell,dummy_injection+timing_jitter+constant_rate_shaping,malicious_obfuscated,malicious_obfuscated,1,0.1875,0.0253,0.7872
1177,video_streaming,none,benign,benign,1,0.9689,0.0193,0.0118
1178,c2_beacon,none,malicious_plain,malicious_plain,1,0.0181,0.9429,0.0390
1179,data_exfiltration,none,malicious_plain,malicious_plain,1,0.0140,0.9767,0.0092
1180,c2_beacon,constant_rate_shaping,malicious_obfuscated,malicious_obfuscated,1,0.2297,0.0241,0.7462
1181,data_exfiltration,none,malicious_plain,malicious_plain,1,0.0214,0.9677,0.0110
1182,ssh_interactive,random_padding,benign,benign,1,0.9679,0.0187,0.0134
1183,data_exfiltration,none,malicious_plain,malicious_plain,1,0.0204,0.9694,0.0102
1184,file_download,none,benign,benign,1,0.9666,0.0199,0.0136
1185,c2_beacon,none,malicious_plain,malicious_plain,1,0.0167,0.9430,0.0403
1186,data_exfiltration,none,malicious_plain,malicious_plain,1,0.0178,0.9730,0.0092
1187,reverse_shell,random_padding+timing_jitter,malicious_obfuscated,malicious_obfuscated,1,0.0206,0.0358,0.9436
1188,ddos_flood,tunnel_encapsulation,malicious_obfuscated,malicious_obfuscated,1,0.0284,0.0245,0.9470
1189,data_exfiltration,none,malicious_plain,malicious_plain,1,0.0235,0.9684,0.0081
1190,brute_force,dummy_injection+tunnel_encapsulation,malicious_obfuscated,malicious_obfuscated,1,0.0309,0.0259,0.9432
1191,reverse_shell,none,malicious_plain,malicious_plain,1,0.0170,0.9611,0.0219
1192,ssh_interactive,none,benign,benign,1,0.9649,0.0229,0.0122
1193,ssh_interactive,fragmentation+dummy_injection,benign,benign,1,0.8835,0.0230,0.0935
1194,brute_force,none,malicious_plain,malicious_plain,1,0.0226,0.9411,0.0363
1195,data_exfiltration,none,malicious_plain,malicious_plain,1,0.0206,0.9665,0.0129
1196,ddos_flood,none,malicious_plain,malicious_plain,1,0.0187,0.9487,0.0326
1197,file_download,none,benign,benign,1,0.9467,0.0314,0.0219
1198,c2_beacon,none,malicious_plain,malicious_plain,1,0.0156,0.9467,0.0377
1199,ssh_interactive,none,benign,benign,1,0.9665,0.0208,0.0127
1200,c2_beacon,block_padding+timing_jitter,malicious_obfuscated,malicious_obfuscated,1,0.0348,0.0331,0.9321
1201,reverse_shell,fragmentation+dummy_injection,malicious_obfuscated,malicious_obfuscated,1,0.0268,0.0185,0.9547
1202,ssh_interactive,fragmentation+timing_jitter+constant_rate_shaping,benign,malicious_obfuscated,0,0.3777,0.0236,0.5987
1203,port_scan,none,malicious_plain,malicious_plain,1,0.0133,0.9466,0.0401
1204,c2_beacon,none,malicious_plain,malicious_plain,1,0.0156,0.9469,0.0375
1205,video_streaming,none,benign,benign,1,0.9587,0.0245,0.0168
1206,voip,none,benign,benign,1,0.9723,0.0173,0.0104
1207,reverse_shell,random_padding+constant_rate_shaping,malicious_obfuscated,malicious_obfuscated,1,0.1704,0.0151,0.8145
1208,port_scan,none,malicious_plain,malicious_plain,1,0.0151,0.9553,0.0296
1209,brute_force,fragmentation+constant_rate_shaping,malicious_obfuscated,malicious_obfuscated,1,0.1195,0.0132,0.8672
1210,reverse_shell,none,malicious_plain,malicious_plain,1,0.0114,0.9341,0.0546
1211,ddos_flood,none,malicious_plain,malicious_plain,1,0.0160,0.9482,0.0358
1212,brute_force,none,malicious_plain,malicious_plain,1,0.0156,0.9341,0.0503
1213,ssh_interactive,tunnel_encapsulation,benign,benign,1,0.9446,0.0201,0.0353
1214,ddos_flood,random_padding+tunnel_encapsulation,malicious_obfuscated,malicious_obfuscated,1,0.0157,0.0108,0.9735
1215,data_exfiltration,fragmentation,malicious_obfuscated,malicious_obfuscated,1,0.0226,0.0291,0.9483
1216,data_exfiltration,none,malicious_plain,malicious_plain,1,0.0207,0.9687,0.0105
1217,ssh_interactive,none,benign,benign,1,0.9594,0.0259,0.0147
1218,voip,none,benign,benign,1,0.9738,0.0168,0.0094
1219,c2_beacon,fragmentation+timing_jitter+tunnel_encapsulation,malicious_obfuscated,malicious_obfuscated,1,0.0202,0.0101,0.9697
1220,data_exfiltration,none,malicious_plain,malicious_plain,1,0.0171,0.9751,0.0078
1221,reverse_shell,none,malicious_plain,malicious_plain,1,0.0160,0.9586,0.0253
1222,voip,none,benign,benign,1,0.9783,0.0146,0.0071
1223,data_exfiltration,block_padding+random_padding,malicious_obfuscated,malicious_obfuscated,1,0.0193,0.0105,0.9702
1224,file_download,none,benign,benign,1,0.9485,0.0301,0.0214
1225,c2_beacon,none,malicious_plain,malicious_plain,1,0.0144,0.9450,0.0405
1226,ssh_interactive,none,benign,benign,1,0.9674,0.0196,0.0130
1227,web_browsing,none,benign,benign,1,0.9430,0.0386,0.0184
1228,brute_force,none,malicious_plain,malicious_plain,1,0.0168,0.9310,0.0521
1229,brute_force,protocol_mimicry+random_padding+tunnel_encapsulation,malicious_obfuscated,malicious_obfuscated,1,0.2218,0.0243,0.7539
1230,reverse_shell,constant_rate_shaping,malicious_obfuscated,benign,0,0.5674,0.0310,0.4015
1231,reverse_shell,fragmentation+dummy_injection,malicious_obfuscated,malicious_obfuscated,1,0.0227,0.0146,0.9627
1232,port_scan,fragmentation+timing_jitter,malicious_obfuscated,malicious_obfuscated,1,0.0180,0.0367,0.9454
1233,brute_force,none,malicious_plain,malicious_plain,1,0.0164,0.9354,0.0482
1234,c2_beacon,none,malicious_plain,malicious_plain,1,0.0173,0.9356,0.0471
1235,c2_beacon,none,malicious_plain,malicious_plain,1,0.0209,0.9293,0.0498
1236,web_browsing,none,benign,benign,1,0.9502,0.0426,0.0072
1237,data_exfiltration,none,malicious_plain,malicious_plain,1,0.0197,0.9704,0.0099
1238,voip,none,benign,benign,1,0.9767,0.0153,0.0080
1239,port_scan,protocol_mimicry+timing_jitter,malicious_obfuscated,malicious_obfuscated,1,0.0095,0.0092,0.9813
1240,video_streaming,none,benign,benign,1,0.9650,0.0224,0.0126
1241,ddos_flood,none,malicious_plain,malicious_plain,1,0.0150,0.9509,0.0341
1242,ddos_flood,protocol_mimicry+block_padding+random_padding,malicious_obfuscated,malicious_obfuscated,1,0.0103,0.0225,0.9672
1243,ddos_flood,none,malicious_plain,malicious_plain,1,0.0175,0.9512,0.0314
1244,ssh_interactive,fragmentation+random_padding+tunnel_encapsulation,benign,benign,1,0.9589,0.0142,0.0269
1245,c2_beacon,none,malicious_plain,malicious_plain,1,0.0166,0.9382,0.0452
1246,ddos_flood,protocol_mimicry+dummy_injection,malicious_obfuscated,malicious_obfuscated,1,0.0153,0.0266,0.9581
1247,data_exfiltration,timing_jitter,malicious_obfuscated,malicious_obfuscated,1,0.0093,0.0381,0.9526
1248,reverse_shell,fragmentation,malicious_obfuscated,malicious_obfuscated,1,0.0217,0.0126,0.9657
1249,brute_force,none,malicious_plain,malicious_plain,1,0.0155,0.9408,0.0437
1250,c2_beacon,none,malicious_plain,malicious_plain,1,0.0130,0.9469,0.0401
1251,web_browsing,block_padding+random_padding+constant_rate_shaping,benign,benign,1,0.8050,0.0221,0.1729
1252,data_exfiltration,fragmentation+random_padding+constant_rate_shaping,malicious_obfuscated,malicious_obfuscated,1,0.0684,0.0128,0.9188
1253,port_scan,tunnel_encapsulation,malicious_obfuscated,malicious_obfuscated,1,0.0254,0.0364,0.9382
1254,video_streaming,tunnel_encapsulation,benign,benign,1,0.9524,0.0228,0.0248
1255,reverse_shell,protocol_mimicry+timing_jitter,malicious_obfuscated,malicious_obfuscated,1,0.0680,0.0137,0.9182
1256,dns_query,protocol_mimicry+block_padding+dummy_injection,benign,benign,1,0.7629,0.0276,0.2095
1257,c2_beacon,none,malicious_plain,malicious_plain,1,0.0200,0.9355,0.0445
1258,reverse_shell,none,malicious_plain,malicious_plain,1,0.0181,0.9573,0.0246
1259,web_browsing,none,benign,benign,1,0.9747,0.0130,0.0123
1260,file_download,none,benign,benign,1,0.9636,0.0213,0.0151
1261,data_exfiltration,timing_jitter+tunnel_encapsulation,malicious_obfuscated,malicious_obfuscated,1,0.0067,0.0155,0.9778
1262,file_download,random_padding+timing_jitter,benign,benign,1,0.9724,0.0174,0.0102
1263,web_browsing,none,benign,benign,1,0.9608,0.0243,0.0149
1264,web_browsing,none,benign,benign,1,0.9834,0.0118,0.0048
1265,c2_beacon,none,malicious_plain,malicious_plain,1,0.0148,0.9406,0.0446
1266,video_streaming,none,benign,benign,1,0.9694,0.0184,0.0122
1267,ddos_flood,protocol_mimicry+block_padding+random_padding,malicious_obfuscated,malicious_obfuscated,1,0.0110,0.0197,0.9693
1268,c2_beacon,none,malicious_plain,malicious_plain,1,0.0166,0.9421,0.0413
1269,ssh_interactive,none,benign,benign,1,0.9706,0.0200,0.0094
1270,data_exfiltration,protocol_mimicry+random_padding+constant_rate_shaping,malicious_obfuscated,malicious_obfuscated,1,0.0551,0.0186,0.9263
1271,c2_beacon,protocol_mimicry+block_padding+random_padding,malicious_obfuscated,malicious_obfuscated,1,0.0357,0.0142,0.9501
1272,ddos_flood,none,malicious_plain,malicious_plain,1,0.0205,0.9478,0.0317
1273,data_exfiltration,tunnel_encapsulation,malicious_obfuscated,malicious_obfuscated,1,0.0087,0.0205,0.9708
1274,ssh_interactive,none,benign,benign,1,0.9660,0.0187,0.0153
1275,web_browsing,random_padding+dummy_injection+timing_jitter,benign,benign,1,0.8999,0.0181,0.0820
1276,data_exfiltration,none,malicious_plain,malicious_plain,1,0.0167,0.9732,0.0101
1277,c2_beacon,fragmentation+block_padding,malicious_obfuscated,malicious_obfuscated,1,0.0283,0.0201,0.9516
1278,c2_beacon,protocol_mimicry+fragmentation+constant_rate_shaping,malicious_obfuscated,malicious_obfuscated,1,0.0516,0.0149,0.9335
1279,ddos_flood,protocol_mimicry+dummy_injection+tunnel_encapsulation,malicious_obfuscated,malicious_obfuscated,1,0.0303,0.0130,0.9567
1280,video_streaming,block_padding+random_padding+constant_rate_shaping,benign,benign,1,0.9451,0.0350,0.0199
1281,reverse_shell,none,malicious_plain,malicious_plain,1,0.0104,0.9487,0.0409
1282,video_streaming,none,benign,benign,1,0.9514,0.0296,0.0190
1283,c2_beacon,none,malicious_plain,malicious_plain,1,0.0169,0.9425,0.0406
1284,brute_force,none,malicious_plain,malicious_plain,1,0.0161,0.9296,0.0543
1285,ddos_flood,none,malicious_plain,malicious_plain,1,0.0164,0.9502,0.0334
1286,voip,constant_rate_shaping,benign,benign,1,0.5409,0.0199,0.4393
1287,ddos_flood,none,malicious_plain,malicious_plain,1,0.0181,0.9512,0.0307
1288,brute_force,fragmentation,malicious_obfuscated,malicious_plain,0,0.0184,0.9384,0.0433
1289,c2_beacon,none,malicious_plain,malicious_plain,1,0.0197,0.9243,0.0560
1290,port_scan,none,malicious_plain,malicious_plain,1,0.0219,0.9319,0.0462
1291,voip,block_padding,benign,benign,1,0.9034,0.0258,0.0708
1292,web_browsing,none,benign,benign,1,0.9572,0.0299,0.0129
1293,ssh_interactive,none,benign,benign,1,0.9681,0.0206,0.0112
1294,voip,none,benign,benign,1,0.9777,0.0149,0.0074
1295,ddos_flood,fragmentation,malicious_obfuscated,malicious_plain,0,0.0150,0.9514,0.0337
1296,brute_force,protocol_mimicry+tunnel_encapsulation,malicious_obfuscated,benign,0,0.4939,0.0397,0.4665
1297,brute_force,none,malicious_plain,malicious_plain,1,0.0171,0.9390,0.0439
1298,c2_beacon,none,malicious_plain,malicious_plain,1,0.0108,0.9544,0.0348
1299,c2_beacon,none,malicious_plain,malicious_plain,1,0.0167,0.9446,0.0387
1300,ddos_flood,none,malicious_plain,malicious_plain,1,0.0157,0.9523,0.0320
1301,brute_force,block_padding+dummy_injection+timing_jitter,malicious_obfuscated,malicious_obfuscated,1,0.0803,0.0258,0.8939
1302,dns_query,protocol_mimicry+constant_rate_shaping,benign,benign,1,0.9254,0.0109,0.0637
1303,c2_beacon,none,malicious_plain,malicious_plain,1,0.0197,0.9270,0.0533
1304,reverse_shell,fragmentation+random_padding,malicious_obfuscated,malicious_obfuscated,1,0.0387,0.0135,0.9479
1305,brute_force,tunnel_encapsulation,malicious_obfuscated,malicious_obfuscated,1,0.0696,0.0531,0.8773
1306,file_download,none,benign,benign,1,0.9621,0.0215,0.0165
1307,reverse_shell,none,malicious_plain,malicious_plain,1,0.0089,0.9458,0.0453
1308,reverse_shell,none,malicious_plain,malicious_plain,1,0.0149,0.9580,0.0271
1309,data_exfiltration,random_padding+constant_rate_shaping,malicious_obfuscated,malicious_obfuscated,1,0.0356,0.0258,0.9386
1310,reverse_shell,fragmentation+dummy_injection,malicious_obfuscated,malicious_obfuscated,1,0.0218,0.0123,0.9659
1311,c2_beacon,random_padding+dummy_injection+timing_jitter,malicious_obfuscated,malicious_obfuscated,1,0.0086,0.0161,0.9753
1312,data_exfiltration,fragmentation+constant_rate_shaping,malicious_obfuscated,malicious_obfuscated,1,0.0718,0.0382,0.8900
1313,brute_force,timing_jitter,malicious_obfuscated,malicious_plain,0,0.0157,0.9462,0.0381
1314,port_scan,none,malicious_plain,malicious_plain,1,0.0169,0.9291,0.0539
1315,reverse_shell,none,malicious_plain,malicious_plain,1,0.0086,0.9653,0.0261
1316,file_download,none,benign,benign,1,0.9556,0.0238,0.0206
1317,c2_beacon,none,malicious_plain,malicious_plain,1,0.0180,0.9354,0.0467
1318,brute_force,none,malicious_plain,malicious_plain,1,0.0213,0.9315,0.0472
1319,port_scan,random_padding+tunnel_encapsulation,malicious_obfuscated,malicious_obfuscated,1,0.0324,0.0248,0.9428
1320,c2_beacon,block_padding+timing_jitter,malicious_obfuscated,malicious_obfuscated,1,0.0243,0.0171,0.9586
1321,web_browsing,block_padding+random_padding+tunnel_encapsulation,benign,benign,1,0.9366,0.0229,0.0405
1322,file_download,constant_rate_shaping,benign,benign,1,0.9131,0.0218,0.0652
1323,web_browsing,none,benign,benign,1,0.9672,0.0215,0.0113
1324,ssh_interactive,dummy_injection+timing_jitter+constant_rate_shaping,benign,malicious_obfuscated,0,0.1385,0.0118,0.8497
1325,c2_beacon,random_padding+dummy_injection,malicious_obfuscated,malicious_obfuscated,1,0.0108,0.0131,0.9761
1326,reverse_shell,none,malicious_plain,malicious_plain,1,0.0339,0.9351,0.0310
1327,c2_beacon,none,malicious_plain,malicious_plain,1,0.0227,0.9237,0.0536
1328,ddos_flood,random_padding+constant_rate_shaping,malicious_obfuscated,malicious_obfuscated,1,0.0116,0.0159,0.9725
1329,web_browsing,none,benign,benign,1,0.9759,0.0172,0.0069
1330,c2_beacon,none,malicious_plain,malicious_plain,1,0.0126,0.9450,0.0423
1331,voip,none,benign,benign,1,0.9722,0.0179,0.0099
1332,c2_beacon,random_padding+constant_rate_shaping+tunnel_encapsulation,malicious_obfuscated,malicious_obfuscated,1,0.1385,0.0122,0.8493
1333,ssh_interactive,none,benign,benign,1,0.9607,0.0206,0.0188
1334,web_browsing,none,benign,benign,1,0.7490,0.2127,0.0383
1335,c2_beacon,none,malicious_plain,malicious_plain,1,0.0214,0.9335,0.0451
1336,voip,protocol_mimicry+fragmentation+block_padding,benign,benign,1,0.8430,0.0182,0.1388
1337,reverse_shell,none,malicious_plain,malicious_plain,1,0.0098,0.9725,0.0177
1338,web_browsing,none,benign,benign,1,0.9428,0.0319,0.0252
1339,ssh_interactive,none,benign,benign,1,0.9690,0.0201,0.0110
1340,data_exfiltration,none,malicious_plain,malicious_plain,1,0.0181,0.9723,0.0095
1341,data_exfiltration,none,malicious_plain,malicious_plain,1,0.0191,0.9714,0.0095
1342,reverse_shell,protocol_mimicry+random_padding+tunnel_encapsulation,malicious_obfuscated,malicious_obfuscated,1,0.0535,0.0227,0.9237
1343,c2_beacon,tunnel_encapsulation,malicious_obfuscated,malicious_obfuscated,1,0.0373,0.0211,0.9417
1344,web_browsing,none,benign,benign,1,0.9778,0.0148,0.0074
1345,reverse_shell,none,malicious_plain,malicious_plain,1,0.0065,0.9773,0.0163
1346,brute_force,protocol_mimicry+fragmentation+timing_jitter,malicious_obfuscated,malicious_obfuscated,1,0.0763,0.0200,0.9037
1347,web_browsing,none,benign,benign,1,0.9792,0.0156,0.0052
1348,reverse_shell,protocol_mimicry+tunnel_encapsulation,malicious_obfuscated,benign,0,0.5093,0.0427,0.4479
1349,ddos_flood,protocol_mimicry+timing_jitter,malicious_obfuscated,malicious_obfuscated,1,0.0130,0.0145,0.9725
1350,video_streaming,none,benign,benign,1,0.9705,0.0166,0.0130
1351,brute_force,none,malicious_plain,malicious_plain,1,0.0202,0.9273,0.0525
1352,reverse_shell,random_padding,malicious_obfuscated,malicious_obfuscated,1,0.2004,0.0983,0.7014
1353,ssh_interactive,none,benign,benign,1,0.9738,0.0186,0.0076
1354,port_scan,none,malicious_plain,malicious_plain,1,0.0103,0.9548,0.0349
1355,web_browsing,none,benign,benign,1,0.9550,0.0312,0.0138
1356,voip,none,benign,benign,1,0.9746,0.0168,0.0086
1357,brute_force,protocol_mimicry,malicious_obfuscated,malicious_obfuscated,1,0.0341,0.0120,0.9539
1358,ddos_flood,none,malicious_plain,malicious_plain,1,0.0155,0.9516,0.0330
1359,reverse_shell,none,malicious_plain,malicious_plain,1,0.0159,0.9621,0.0220
1360,voip,none,benign,benign,1,0.9772,0.0154,0.0074
1361,file_download,protocol_mimicry,benign,benign,1,0.9544,0.0237,0.0218
1362,c2_beacon,none,malicious_plain,malicious_plain,1,0.0153,0.9487,0.0360
1363,dns_query,constant_rate_shaping,benign,benign,1,0.9493,0.0139,0.0368
1364,file_download,none,benign,benign,1,0.9459,0.0271,0.0270
1365,brute_force,protocol_mimicry,malicious_obfuscated,malicious_obfuscated,1,0.0322,0.0249,0.9429
1366,video_streaming,none,benign,benign,1,0.9578,0.0256,0.0166
1367,web_browsing,none,benign,benign,1,0.9546,0.0232,0.0222
1368,ddos_flood,protocol_mimicry+constant_rate_shaping,malicious_obfuscated,malicious_obfuscated,1,0.0441,0.0286,0.9273
1369,ssh_interactive,tunnel_encapsulation,benign,benign,1,0.9628,0.0159,0.0213
1370,file_download,none,benign,benign,1,0.9667,0.0207,0.0126
1371,video_streaming,fragmentation+random_padding+constant_rate_shaping,benign,benign,1,0.9505,0.0271,0.0223
1372,ddos_flood,fragmentation,malicious_obfuscated,malicious_plain,0,0.0166,0.9539,0.0295
1373,data_exfiltration,none,malicious_plain,malicious_plain,1,0.0194,0.9723,0.0083
1374,c2_beacon,protocol_mimicry+block_padding,malicious_obfuscated,malicious_obfuscated,1,0.0285,0.0071,0.9644
1375,port_scan,none,malicious_plain,malicious_plain,1,0.0125,0.9446,0.0429
1376,c2_beacon,constant_rate_shaping,malicious_obfuscated,malicious_obfuscated,1,0.1157,0.0172,0.8671
1377,video_streaming,none,benign,benign,1,0.9574,0.0247,0.0179
1378,brute_force,protocol_mimicry+timing_jitter+constant_rate_shaping,malicious_obfuscated,malicious_obfuscated,1,0.0410,0.0129,0.9461
1379,port_scan,none,malicious_plain,malicious_plain,1,0.0132,0.9437,0.0431
1380,port_scan,none,malicious_plain,malicious_plain,1,0.0152,0.9324,0.0524
1381,voip,none,benign,benign,1,0.9725,0.0177,0.0098
1382,video_streaming,none,benign,benign,1,0.9701,0.0161,0.0138
1383,ddos_flood,protocol_mimicry+random_padding+constant_rate_shaping,malicious_obfuscated,malicious_obfuscated,1,0.0120,0.0145,0.9735
1384,ddos_flood,none,malicious_plain,malicious_plain,1,0.0164,0.9516,0.0320
1385,web_browsing,none,benign,benign,1,0.9705,0.0196,0.0100
1386,brute_force,protocol_mimicry+random_padding+timing_jitter,malicious_obfuscated,malicious_obfuscated,1,0.0394,0.0205,0.9401
1387,video_streaming,none,benign,benign,1,0.9586,0.0242,0.0172
1388,voip,none,benign,benign,1,0.9756,0.0166,0.0078
1389,ddos_flood,none,malicious_plain,malicious_plain,1,0.0162,0.9532,0.0307
1390,voip,protocol_mimicry,benign,benign,1,0.5928,0.0236,0.3835
1391,reverse_shell,none,malicious_plain,malicious_plain,1,0.0183,0.9517,0.0300
1392,reverse_shell,protocol_mimicry+timing_jitter+constant_rate_shaping,malicious_obfuscated,malicious_obfuscated,1,0.2301,0.0251,0.7449
1393,brute_force,none,malicious_plain,malicious_plain,1,0.0170,0.9483,0.0348
1394,brute_force,none,malicious_plain,malicious_plain,1,0.0169,0.9440,0.0392
1395,ssh_interactive,none,benign,benign,1,0.9678,0.0210,0.0112
1396,data_exfiltration,none,malicious_plain,malicious_plain,1,0.0150,0.9772,0.0078
1397,file_download,none,benign,benign,1,0.9777,0.0138,0.0085
1398,ddos_flood,none,malicious_plain,malicious_plain,1,0.0161,0.9530,0.0310
1399,brute_force,none,malicious_plain,malicious_plain,1,0.0161,0.9308,0.0531
1400,ssh_interactive,none,benign,benign,1,0.9694,0.0195,0.0111
1401,video_streaming,protocol_mimicry,benign,benign,1,0.9239,0.0403,0.0359
1402,reverse_shell,none,malicious_plain,malicious_plain,1,0.0093,0.9583,0.0324
1403,voip,none,benign,benign,1,0.9748,0.0161,0.0091
1404,web_browsing,none,benign,benign,1,0.7111,0.1496,0.1393
1405,c2_beacon,none,malicious_plain,malicious_plain,1,0.0165,0.9362,0.0473
1406,brute_force,dummy_injection+timing_jitter,malicious_obfuscated,malicious_obfuscated,1,0.3093,0.0543,0.6363
1407,file_download,none,benign,benign,1,0.9611,0.0215,0.0174
1408,ddos_flood,none,malicious_plain,malicious_plain,1,0.0147,0.9531,0.0322
1409,port_scan,tunnel_encapsulation,malicious_obfuscated,malicious_obfuscated,1,0.0107,0.0135,0.9758
1410,ddos_flood,fragmentation+timing_jitter,malicious_obfuscated,malicious_obfuscated,1,0.0186,0.0391,0.9423
1411,voip,none,benign,benign,1,0.9776,0.0148,0.0077
1412,ssh_interactive,protocol_mimicry,benign,benign,1,0.8427,0.0173,0.1400
1413,port_scan,random_padding,malicious_obfuscated,malicious_obfuscated,1,0.0180,0.0087,0.9734
1414,video_streaming,none,benign,benign,1,0.9609,0.0231,0.0160
1415,ssh_interactive,protocol_mimicry+fragmentation+dummy_injection,benign,malicious_obfuscated,0,0.0797,0.0191,0.9012
1416,dns_query,protocol_mimicry+block_padding+tunnel_encapsulation,benign,benign,1,0.8058,0.0455,0.1486
1417,video_streaming,fragmentation+random_padding,benign,benign,1,0.9703,0.0191,0.0106
1418,ddos_flood,none,malicious_plain,malicious_plain,1,0.0202,0.9492,0.0307
1419,brute_force,protocol_mimicry,malicious_obfuscated,malicious_obfuscated,1,0.0438,0.0173,0.9389
1420,brute_force,fragmentation+block_padding+constant_rate_shaping,malicious_obfuscated,malicious_obfuscated,1,0.3579,0.0234,0.6187
1421,c2_beacon,none,malicious_plain,malicious_plain,1,0.0220,0.9340,0.0439
1422,video_streaming,none,benign,benign,1,0.9537,0.0253,0.0210
1423,data_exfiltration,fragmentation+random_padding+timing_jitter,malicious_obfuscated,malicious_obfuscated,1,0.0196,0.0219,0.9584
1424,web_browsing,block_padding+dummy_injection,benign,benign,1,0.9534,0.0098,0.0368
1425,data_exfiltration,none,malicious_plain,malicious_plain,1,0.0187,0.9741,0.0072
1426,data_exfiltration,block_padding+timing_jitter,malicious_obfuscated,malicious_obfuscated,1,0.0136,0.0095,0.9768
1427,ddos_flood,none,malicious_plain,malicious_plain,1,0.0164,0.9522,0.0314
1428,port_scan,none,malicious_plain,malicious_plain,1,0.0113,0.9608,0.0279
1429,web_browsing,none,benign,benign,1,0.9822,0.0100,0.0079
1430,port_scan,none,malicious_plain,malicious_plain,1,0.0201,0.9324,0.0476
1431,c2_beacon,fragmentation,malicious_obfuscated,malicious_obfuscated,1,0.0297,0.0708,0.8996
1432,web_browsing,none,benign,benign,1,0.9762,0.0110,0.0128
1433,c2_beacon,none,malicious_plain,malicious_plain,1,0.0154,0.9108,0.0738
1434,ddos_flood,none,malicious_plain,malicious_plain,1,0.0150,0.9549,0.0301
1435,reverse_shell,none,malicious_plain,malicious_plain,1,0.0269,0.9582,0.0149
1436,port_scan,block_padding+random_padding,malicious_obfuscated,malicious_obfuscated,1,0.0170,0.0154,0.9676
1437,brute_force,none,malicious_plain,malicious_plain,1,0.0179,0.9376,0.0445
1438,video_streaming,random_padding,benign,benign,1,0.9642,0.0200,0.0158
1439,web_browsing,fragmentation+dummy_injection+tunnel_encapsulation,benign,benign,1,0.9599,0.0200,0.0202
1440,data_exfiltration,none,malicious_plain,malicious_plain,1,0.0147,0.9767,0.0086
1441,reverse_shell,none,malicious_plain,malicious_plain,1,0.0398,0.7200,0.2402
1442,reverse_shell,constant_rate_shaping,malicious_obfuscated,malicious_obfuscated,1,0.1906,0.0259,0.7835
1443,data_exfiltration,dummy_injection+tunnel_encapsulation,malicious_obfuscated,malicious_obfuscated,1,0.0355,0.0088,0.9557
1444,brute_force,block_padding+constant_rate_shaping,malicious_obfuscated,malicious_obfuscated,1,0.1442,0.0185,0.8372
1445,file_download,none,benign,benign,1,0.9654,0.0181,0.0165
1446,c2_beacon,none,malicious_plain,malicious_plain,1,0.0141,0.9457,0.0401
1447,c2_beacon,none,malicious_plain,malicious_plain,1,0.0155,0.9442,0.0403
1448,file_download,none,benign,benign,1,0.9651,0.0194,0.0155
1449,brute_force,fragmentation+block_padding+random_padding,malicious_obfuscated,malicious_obfuscated,1,0.0324,0.0313,0.9363
1450,brute_force,none,malicious_plain,malicious_plain,1,0.0141,0.9417,0.0442
1451,file_download,none,benign,benign,1,0.9545,0.0230,0.0226
1452,video_streaming,none,benign,benign,1,0.9437,0.0323,0.0241
1453,video_streaming,random_padding+timing_jitter,benign,benign,1,0.9699,0.0217,0.0084
1454,brute_force,none,malicious_plain,malicious_plain,1,0.0212,0.9278,0.0509
1455,web_browsing,none,benign,benign,1,0.9607,0.0252,0.0141
1456,brute_force,constant_rate_shaping,malicious_obfuscated,malicious_obfuscated,1,0.3076,0.0190,0.6735
1457,ddos_flood,random_padding,malicious_obfuscated,malicious_obfuscated,1,0.0244,0.0180,0.9575
1458,reverse_shell,dummy_injection,malicious_obfuscated,malicious_obfuscated,1,0.0690,0.0793,0.8517
1459,data_exfiltration,protocol_mimicry+constant_rate_shaping,malicious_obfuscated,malicious_obfuscated,1,0.1098,0.0343,0.8560
1460,video_streaming,none,benign,benign,1,0.9658,0.0203,0.0139
1461,data_exfiltration,block_padding+random_padding,malicious_obfuscated,malicious_obfuscated,1,0.0347,0.0439,0.9215
1462,reverse_shell,none,malicious_plain,malicious_plain,1,0.0142,0.9458,0.0400
1463,web_browsing,fragmentation+timing_jitter,benign,benign,1,0.7994,0.0508,0.1498
1464,ssh_interactive,none,benign,benign,1,0.9692,0.0195,0.0113
1465,ddos_flood,none,malicious_plain,malicious_plain,1,0.0152,0.9548,0.0300
1466,c2_beacon,none,malicious_plain,malicious_plain,1,0.0207,0.9282,0.0511
1467,ddos_flood,fragmentation+dummy_injection,malicious_obfuscated,malicious_obfuscated,1,0.0253,0.0911,0.8835
1468,port_scan,fragmentation+block_padding+timing_jitter,malicious_obfuscated,malicious_obfuscated,1,0.0210,0.0093,0.9697
1469,ddos_flood,none,malicious_plain,malicious_plain,1,0.0166,0.9483,0.0351
1470,c2_beacon,block_padding+random_padding,malicious_obfuscated,malicious_obfuscated,1,0.0159,0.0498,0.9343
1471,port_scan,timing_jitter+constant_rate_shaping,malicious_obfuscated,malicious_obfuscated,1,0.2022,0.0170,0.7808
1472,reverse_shell,none,malicious_plain,malicious_plain,1,0.0104,0.9673,0.0223
1473,file_download,dummy_injection+timing_jitter+tunnel_encapsulation,benign,benign,1,0.9659,0.0120,0.0220
1474,data_exfiltration,fragmentation+block_padding,malicious_obfuscated,malicious_obfuscated,1,0.0300,0.0168,0.9532
1475,reverse_shell,fragmentation+random_padding+tunnel_encapsulation,malicious_obfuscated,malicious_obfuscated,1,0.0183,0.0217,0.9600
1476,c2_beacon,random_padding+timing_jitter+tunnel_encapsulation,malicious_obfuscated,malicious_obfuscated,1,0.0196,0.0088,0.9716
1477,port_scan,block_padding+timing_jitter+tunnel_encapsulation,malicious_obfuscated,malicious_obfuscated,1,0.0173,0.0137,0.9690
1478,video_streaming,timing_jitter,benign,benign,1,0.9708,0.0181,0.0111
1479,ssh_interactive,none,benign,benign,1,0.9678,0.0177,0.0146
1480,data_exfiltration,random_padding+timing_jitter+constant_rate_shaping,malicious_obfuscated,malicious_obfuscated,1,0.1374,0.0181,0.8444
1481,video_streaming,none,benign,benign,1,0.9504,0.0269,0.0227
1482,port_scan,none,malicious_plain,malicious_plain,1,0.0146,0.9350,0.0504
1483,ddos_flood,none,malicious_plain,malicious_plain,1,0.0172,0.9512,0.0316
1484,web_browsing,none,benign,benign,1,0.9845,0.0111,0.0044
1485,ddos_flood,fragmentation,malicious_obfuscated,malicious_plain,0,0.0183,0.9354,0.0463
1486,voip,none,benign,benign,1,0.9787,0.0143,0.0070
1487,c2_beacon,fragmentation+block_padding+tunnel_encapsulation,malicious_obfuscated,malicious_obfuscated,1,0.0397,0.0477,0.9126
1488,brute_force,none,malicious_plain,malicious_plain,1,0.0171,0.9304,0.0526
1489,ddos_flood,block_padding+dummy_injection+timing_jitter,malicious_obfuscated,malicious_obfuscated,1,0.0199,0.0135,0.9666
1490,data_exfiltration,none,malicious_plain,malicious_plain,1,0.0279,0.9622,0.0100
1491,port_scan,none,malicious_plain,malicious_plain,1,0.0182,0.9241,0.0577
1492,ddos_flood,random_padding+timing_jitter+tunnel_encapsulation,malicious_obfuscated,malicious_obfuscated,1,0.0076,0.0219,0.9705
1493,c2_beacon,random_padding+tunnel_encapsulation,malicious_obfuscated,malicious_obfuscated,1,0.0136,0.0457,0.9407
1494,voip,none,benign,benign,1,0.9768,0.0155,0.0077
1495,voip,none,benign,benign,1,0.9739,0.0168,0.0092
1496,file_download,protocol_mimicry+fragmentation,benign,benign,1,0.9174,0.0356,0.0470
1497,ddos_flood,timing_jitter+constant_rate_shaping,malicious_obfuscated,malicious_obfuscated,1,0.1322,0.0216,0.8462
1498,reverse_shell,none,malicious_plain,malicious_plain,1,0.0095,0.9779,0.0126
1499,web_browsing,none,benign,benign,1,0.9730,0.0163,0.0107
1500,reverse_shell,protocol_mimicry+dummy_injection+tunnel_encapsulation,malicious_obfuscated,benign,0,0.5483,0.0209,0.4308
1501,file_download,none,benign,benign,1,0.9655,0.0199,0.0146
1502,data_exfiltration,none,malicious_plain,malicious_plain,1,0.0171,0.9746,0.0083
1503,reverse_shell,dummy_injection+timing_jitter+tunnel_encapsulation,malicious_obfuscated,malicious_obfuscated,1,0.1538,0.0136,0.8326
1504,port_scan,none,malicious_plain,malicious_plain,1,0.0147,0.9515,0.0338
1505,data_exfiltration,random_padding,malicious_obfuscated,malicious_obfuscated,1,0.0233,0.0326,0.9441
1506,ddos_flood,dummy_injection,malicious_obfuscated,malicious_obfuscated,1,0.0263,0.0636,0.9101
1507,brute_force,block_padding,malicious_obfuscated,malicious_obfuscated,1,0.0104,0.0119,0.9776
1508,data_exfiltration,fragmentation+constant_rate_shaping,malicious_obfuscated,malicious_obfuscated,1,0.0975,0.0210,0.8816
1509,file_download,none,benign,benign,1,0.9662,0.0199,0.0139
1510,video_streaming,none,benign,benign,1,0.9671,0.0217,0.0112
1511,voip,none,benign,benign,1,0.9780,0.0146,0.0074
1512,ssh_interactive,none,benign,benign,1,0.9703,0.0195,0.0102
1513,brute_force,none,malicious_plain,malicious_plain,1,0.0182,0.9302,0.0515
1514,port_scan,none,malicious_plain,malicious_plain,1,0.0150,0.9369,0.0481
1515,c2_beacon,none,malicious_plain,malicious_plain,1,0.0144,0.9494,0.0362
1516,video_streaming,timing_jitter+constant_rate_shaping,benign,malicious_obfuscated,0,0.3409,0.0276,0.6315
1517,ddos_flood,tunnel_encapsulation,malicious_obfuscated,malicious_obfuscated,1,0.0307,0.0278,0.9415
1518,ssh_interactive,protocol_mimicry,benign,malicious_obfuscated,0,0.1369,0.0320,0.8312
1519,brute_force,none,malicious_plain,malicious_plain,1,0.0183,0.9263,0.0554
1520,file_download,none,benign,benign,1,0.9651,0.0192,0.0157
1521,port_scan,dummy_injection,malicious_obfuscated,malicious_obfuscated,1,0.0387,0.0674,0.8938
1522,ddos_flood,block_padding,malicious_obfuscated,malicious_obfuscated,1,0.0537,0.0265,0.9198
1523,web_browsing,none,benign,benign,1,0.9784,0.0154,0.0062
1524,c2_beacon,timing_jitter,malicious_obfuscated,malicious_plain,0,0.0150,0.9458,0.0392
1525,c2_beacon,block_padding+random_padding+tunnel_encapsulation,malicious_obfuscated,malicious_obfuscated,1,0.0338,0.0209,0.9454
1526,voip,none,benign,benign,1,0.9763,0.0159,0.0079
1527,brute_force,fragmentation+constant_rate_shaping,malicious_obfuscated,malicious_obfuscated,1,0.4212,0.0258,0.5529
1528,c2_beacon,fragmentation+block_padding+timing_jitter,malicious_obfuscated,malicious_obfuscated,1,0.0199,0.0186,0.9615
1529,reverse_shell,none,malicious_plain,malicious_plain,1,0.0341,0.9312,0.0347
1530,c2_beacon,block_padding+timing_jitter+constant_rate_shaping,malicious_obfuscated,malicious_obfuscated,1,0.1966,0.0186,0.7848
1531,reverse_shell,none,malicious_plain,malicious_plain,1,0.0146,0.9464,0.0390
1532,video_streaming,none,benign,benign,1,0.9459,0.0318,0.0223
1533,c2_beacon,none,malicious_plain,malicious_plain,1,0.0192,0.9401,0.0408
1534,ddos_flood,protocol_mimicry+timing_jitter+tunnel_encapsulation,malicious_obfuscated,malicious_obfuscated,1,0.0136,0.0184,0.9680
1535,brute_force,constant_rate_shaping,malicious_obfuscated,malicious_obfuscated,1,0.2687,0.0209,0.7104
1536,data_exfiltration,none,malicious_plain,malicious_plain,1,0.0157,0.9753,0.0090
1537,ddos_flood,none,malicious_plain,malicious_plain,1,0.0185,0.9510,0.0306
1538,ssh_interactive,none,benign,benign,1,0.9573,0.0223,0.0203
1539,brute_force,none,malicious_plain,malicious_plain,1,0.0211,0.9436,0.0353
1540,web_browsing,none,benign,benign,1,0.9585,0.0205,0.0211
1541,video_streaming,none,benign,benign,1,0.9673,0.0189,0.0138
1542,video_streaming,protocol_mimicry+random_padding+timing_jitter,benign,benign,1,0.9504,0.0236,0.0260
1543,file_download,none,benign,benign,1,0.9514,0.0241,0.0244
1544,reverse_shell,protocol_mimicry,malicious_obfuscated,malicious_obfuscated,1,0.2719,0.0421,0.6860
1545,file_download,fragmentation+block_padding,benign,benign,1,0.9197,0.0263,0.0540
1546,ssh_interactive,block_padding+timing_jitter+tunnel_encapsulation,benign,benign,1,0.8693,0.0219,0.1088
1547,voip,protocol_mimicry,benign,benign,1,0.9590,0.0138,0.0272
1548,port_scan,protocol_mimicry+timing_jitter+tunnel_encapsulation,malicious_obfuscated,malicious_obfuscated,1,0.0182,0.0239,0.9579
1549,file_download,none,benign,benign,1,0.9581,0.0248,0.0171
1550,reverse_shell,protocol_mimicry+block_padding+dummy_injection,malicious_obfuscated,malicious_obfuscated,1,0.3832,0.0206,0.5962
1551,data_exfiltration,protocol_mimicry+block_padding+tunnel_encapsulation,malicious_obfuscated,malicious_obfuscated,1,0.0171,0.0114,0.9715
1552,c2_beacon,fragmentation+dummy_injection+constant_rate_shaping,malicious_obfuscated,malicious_obfuscated,1,0.2368,0.0192,0.7440
1553,web_browsing,protocol_mimicry+constant_rate_shaping+tunnel_encapsulation,benign,benign,1,0.5969,0.0390,0.3640
1554,file_download,protocol_mimicry+constant_rate_shaping+tunnel_encapsulation,benign,benign,1,0.9567,0.0281,0.0152
1555,voip,none,benign,benign,1,0.9762,0.0156,0.0082
1556,brute_force,none,malicious_plain,malicious_plain,1,0.0162,0.9358,0.0481
1557,c2_beacon,fragmentation,malicious_obfuscated,malicious_obfuscated,1,0.0267,0.0395,0.9338
1558,c2_beacon,none,malicious_plain,malicious_plain,1,0.0128,0.9505,0.0367
1559,brute_force,none,malicious_plain,malicious_plain,1,0.0152,0.9450,0.0398
1560,data_exfiltration,random_padding+dummy_injection+constant_rate_shaping,malicious_obfuscated,malicious_obfuscated,1,0.1764,0.0235,0.8001
1561,brute_force,constant_rate_shaping,malicious_obfuscated,malicious_obfuscated,1,0.1184,0.0141,0.8675
1562,reverse_shell,none,malicious_plain,malicious_plain,1,0.0396,0.9452,0.0153
1563,ddos_flood,none,malicious_plain,malicious_plain,1,0.0142,0.9551,0.0307
1564,brute_force,random_padding+constant_rate_shaping,malicious_obfuscated,malicious_obfuscated,1,0.2169,0.0189,0.7643
1565,brute_force,none,malicious_plain,malicious_plain,1,0.0172,0.9401,0.0427
1566,ddos_flood,random_padding,malicious_obfuscated,malicious_obfuscated,1,0.0155,0.0165,0.9680
1567,video_streaming,none,benign,benign,1,0.9696,0.0181,0.0123
1568,file_download,protocol_mimicry+constant_rate_shaping,benign,benign,1,0.9376,0.0275,0.0348
1569,voip,none,benign,benign,1,0.9770,0.0154,0.0075
1570,brute_force,dummy_injection+timing_jitter,malicious_obfuscated,malicious_obfuscated,1,0.0086,0.0230,0.9685
1571,web_browsing,none,benign,benign,1,0.9783,0.0135,0.0082
1572,brute_force,none,malicious_plain,malicious_plain,1,0.0158,0.9441,0.0401
1573,port_scan,none,malicious_plain,malicious_plain,1,0.0249,0.9357,0.0395
1574,ssh_interactive,none,benign,benign,1,0.9658,0.0195,0.0147
1575,voip,random_padding+tunnel_encapsulation,benign,benign,1,0.9414,0.0100,0.0486
1576,reverse_shell,none,malicious_plain,malicious_plain,1,0.1732,0.7735,0.0533
1577,port_scan,dummy_injection+constant_rate_shaping+tunnel_encapsulation,malicious_obfuscated,malicious_obfuscated,1,0.0430,0.0245,0.9325
1578,data_exfiltration,random_padding+constant_rate_shaping,malicious_obfuscated,malicious_obfuscated,1,0.0170,0.0199,0.9631
1579,data_exfiltration,random_padding+constant_rate_shaping,malicious_obfuscated,malicious_obfuscated,1,0.0523,0.0198,0.9279
1580,ssh_interactive,none,benign,benign,1,0.9640,0.0195,0.0165
1581,brute_force,block_padding+dummy_injection+tunnel_encapsulation,malicious_obfuscated,malicious_obfuscated,1,0.2171,0.0238,0.7592
1582,ddos_flood,none,malicious_plain,malicious_plain,1,0.0244,0.8433,0.1323
1583,ssh_interactive,protocol_mimicry+block_padding+dummy_injection,benign,benign,1,0.7655,0.0197,0.2148
1584,ssh_interactive,none,benign,benign,1,0.9369,0.0280,0.0351
1585,ddos_flood,dummy_injection+constant_rate_shaping,malicious_obfuscated,malicious_obfuscated,1,0.1682,0.0384,0.7934
1586,data_exfiltration,protocol_mimicry+block_padding,malicious_obfuscated,malicious_obfuscated,1,0.0250,0.0131,0.9620
1587,reverse_shell,none,malicious_plain,malicious_plain,1,0.0066,0.9622,0.0311
1588,ddos_flood,none,malicious_plain,malicious_plain,1,0.0139,0.9550,0.0311
1589,reverse_shell,none,malicious_plain,malicious_plain,1,0.0165,0.9619,0.0216
1590,brute_force,block_padding+dummy_injection,malicious_obfuscated,malicious_obfuscated,1,0.0378,0.0132,0.9490
1591,ddos_flood,none,malicious_plain,malicious_plain,1,0.0148,0.9561,0.0291
1592,port_scan,none,malicious_plain,malicious_plain,1,0.0148,0.9357,0.0495
1593,data_exfiltration,protocol_mimicry+dummy_injection+tunnel_encapsulation,malicious_obfuscated,malicious_obfuscated,1,0.0120,0.0125,0.9755
1594,c2_beacon,protocol_mimicry+random_padding+constant_rate_shaping,malicious_obfuscated,malicious_obfuscated,1,0.2047,0.0414,0.7539
1595,ddos_flood,none,malicious_plain,malicious_plain,1,0.0260,0.8413,0.1327
1596,brute_force,timing_jitter+constant_rate_shaping,malicious_obfuscated,malicious_obfuscated,1,0.0737,0.0100,0.9163
1597,port_scan,none,malicious_plain,malicious_plain,1,0.0131,0.9453,0.0416
1598,video_streaming,none,benign,benign,1,0.9575,0.0241,0.0184
1599,file_download,none,benign,benign,1,0.9654,0.0205,0.0141
1600,data_exfiltration,none,malicious_plain,malicious_plain,1,0.0165,0.9731,0.0104
1601,port_scan,block_padding+timing_jitter+constant_rate_shaping,malicious_obfuscated,malicious_obfuscated,1,0.1175,0.0113,0.8712
1602,port_scan,none,malicious_plain,malicious_plain,1,0.0120,0.9510,0.0370
1603,ssh_interactive,none,benign,benign,1,0.9706,0.0178,0.0116
1604,ssh_interactive,protocol_mimicry+constant_rate_shaping,benign,malicious_obfuscated,0,0.2179,0.0163,0.7659
1605,ddos_flood,protocol_mimicry+random_padding+dummy_injection,malicious_obfuscated,malicious_obfuscated,1,0.0171,0.0159,0.9670
1606,brute_force,none,malicious_plain,malicious_plain,1,0.0162,0.9446,0.0392
1607,port_scan,none,malicious_plain,malicious_plain,1,0.0153,0.9308,0.0540
1608,video_streaming,block_padding+constant_rate_shaping,benign,benign,1,0.8350,0.0343,0.1307
1609,video_streaming,none,benign,benign,1,0.9607,0.0251,0.0142
1610,web_browsing,none,benign,benign,1,0.9748,0.0148,0.0104
1611,port_scan,protocol_mimicry+timing_jitter,malicious_obfuscated,malicious_obfuscated,1,0.0079,0.0080,0.9841
1612,data_exfiltration,protocol_mimicry+fragmentation+constant_rate_shaping,malicious_obfuscated,malicious_obfuscated,1,0.0122,0.0116,0.9762
1613,web_browsing,none,benign,benign,1,0.9761,0.0150,0.0089
1614,c2_beacon,timing_jitter,malicious_obfuscated,malicious_plain,0,0.0153,0.9451,0.0396
1615,reverse_shell,none,malicious_plain,malicious_plain,1,0.0951,0.8816,0.0233
1616,video_streaming,protocol_mimicry+tunnel_encapsulation,benign,benign,1,0.9702,0.0191,0.0107
1617,voip,none,benign,benign,1,0.9758,0.0163,0.0079
1618,reverse_shell,protocol_mimicry+block_padding,malicious_obfuscated,malicious_obfuscated,1,0.1337,0.0139,0.8524
1619,ddos_flood,none,malicious_plain,malicious_plain,1,0.0174,0.9495,0.0331
1620,c2_beacon,random_padding+timing_jitter+tunnel_encapsulation,malicious_obfuscated,malicious_obfuscated,1,0.0244,0.0255,0.9501
1621,reverse_shell,timing_jitter+tunnel_encapsulation,malicious_obfuscated,malicious_obfuscated,1,0.0599,0.0124,0.9277
1622,port_scan,protocol_mimicry+block_padding+random_padding,malicious_obfuscated,malicious_obfuscated,1,0.0112,0.0130,0.9758
1623,voip,dummy_injection+timing_jitter+constant_rate_shaping,benign,malicious_obfuscated,0,0.4227,0.0310,0.5463
1624,video_streaming,none,benign,benign,1,0.9739,0.0161,0.0100
1625,ddos_flood,fragmentation+block_padding+dummy_injection,malicious_obfuscated,malicious_obfuscated,1,0.0240,0.0116,0.9644
1626,web_browsing,fragmentation+timing_jitter,benign,malicious_obfuscated,0,0.3980,0.0383,0.5637
1627,video_streaming,none,benign,benign,1,0.9651,0.0194,0.0154
1628,voip,random_padding,benign,benign,1,0.9774,0.0094,0.0132
1629,web_browsing,none,benign,benign,1,0.9410,0.0385,0.0205
1630,voip,protocol_mimicry+random_padding+dummy_injection,benign,benign,1,0.6857,0.0243,0.2900
1631,web_browsing,none,benign,benign,1,0.9812,0.0124,0.0064
1632,brute_force,random_padding+dummy_injection+constant_rate_shaping,malicious_obfuscated,malicious_obfuscated,1,0.1496,0.0161,0.8343
1633,ddos_flood,none,malicious_plain,malicious_plain,1,0.0143,0.9509,0.0349
1634,voip,block_padding+timing_jitter+tunnel_encapsulation,benign,benign,1,0.4947,0.0215,0.4838
1635,reverse_shell,tunnel_encapsulation,malicious_obfuscated,malicious_obfuscated,1,0.0305,0.0330,0.9365
1636,ssh_interactive,none,benign,benign,1,0.9367,0.0323,0.0310
1637,ddos_flood,random_padding,malicious_obfuscated,malicious_obfuscated,1,0.0309,0.0803,0.8888
1638,reverse_shell,protocol_mimicry+tunnel_encapsulation,malicious_obfuscated,malicious_obfuscated,1,0.1957,0.0324,0.7718
1639,file_download,none,benign,benign,1,0.9696,0.0178,0.0127
1640,port_scan,dummy_injection+timing_jitter,malicious_obfuscated,malicious_obfuscated,1,0.0270,0.0264,0.9466
1641,port_scan,tunnel_encapsulation,malicious_obfuscated,malicious_obfuscated,1,0.0160,0.0206,0.9634
1642,ddos_flood,fragmentation+random_padding+dummy_injection,malicious_obfuscated,malicious_obfuscated,1,0.0198,0.0178,0.9625
1643,data_exfiltration,dummy_injection+timing_jitter,malicious_obfuscated,malicious_obfuscated,1,0.0197,0.0200,0.9603
1644,port_scan,none,malicious_plain,malicious_plain,1,0.0164,0.9353,0.0483
1645,brute_force,fragmentation+constant_rate_shaping,malicious_obfuscated,malicious_obfuscated,1,0.2107,0.0258,0.7635
1646,video_streaming,none,benign,benign,1,0.9720,0.0149,0.0130
1647,ddos_flood,none,malicious_plain,malicious_plain,1,0.0170,0.9517,0.0313
1648,port_scan,timing_jitter+constant_rate_shaping,malicious_obfuscated,malicious_obfuscated,1,0.0346,0.0131,0.9523
1649,brute_force,none,malicious_plain,malicious_plain,1,0.0155,0.9342,0.0503
1650,ddos_flood,none,malicious_plain,malicious_plain,1,0.0178,0.9496,0.0326
1651,reverse_shell,dummy_injection,malicious_obfuscated,malicious_obfuscated,1,0.0219,0.0315,0.9466
1652,file_download,none,benign,benign,1,0.9626,0.0200,0.0174
1653,data_exfiltration,none,malicious_plain,malicious_plain,1,0.0220,0.9697,0.0082
1654,c2_beacon,none,malicious_plain,malicious_plain,1,0.0191,0.9389,0.0420
1655,video_streaming,fragmentation+dummy_injection,benign,benign,1,0.8956,0.0343,0.0701
1656,data_exfiltration,none,malicious_plain,malicious_plain,1,0.0197,0.9699,0.0104
1657,reverse_shell,protocol_mimicry+dummy_injection+tunnel_encapsulation,malicious_obfuscated,malicious_obfuscated,1,0.0691,0.0127,0.9181
1658,c2_beacon,none,malicious_plain,malicious_plain,1,0.0129,0.9489,0.0382
1659,data_exfiltration,none,malicious_plain,malicious_plain,1,0.0207,0.9701,0.0092
1660,voip,none,benign,benign,1,0.9786,0.0145,0.0069
1661,c2_beacon,fragmentation+block_padding+timing_jitter,malicious_obfuscated,malicious_obfuscated,1,0.0312,0.0340,0.9348
1662,video_streaming,none,benign,benign,1,0.9686,0.0175,0.0139
1663,data_exfiltration,timing_jitter,malicious_obfuscated,malicious_obfuscated,1,0.0086,0.0212,0.9703
1664,brute_force,protocol_mimicry+block_padding+constant_rate_shaping,malicious_obfuscated,malicious_obfuscated,1,0.0356,0.0149,0.9495
1665,brute_force,tunnel_encapsulation,malicious_obfuscated,malicious_obfuscated,1,0.0678,0.0473,0.8849
1666,file_download,none,benign,benign,1,0.9725,0.0173,0.0101
1667,video_streaming,protocol_mimicry+block_padding,benign,benign,1,0.9685,0.0168,0.0147
1668,ssh_interactive,none,benign,benign,1,0.9630,0.0228,0.0141
1669,brute_force,none,malicious_plain,malicious_plain,1,0.0201,0.9253,0.0546
1670,brute_force,none,malicious_plain,malicious_plain,1,0.0210,0.9413,0.0376
1671,c2_beacon,none,malicious_plain,malicious_plain,1,0.0200,0.9386,0.0414
1672,c2_beacon,none,malicious_plain,malicious_plain,1,0.0108,0.9537,0.0355
1673,c2_beacon,none,malicious_plain,malicious_plain,1,0.0159,0.9431,0.0410
1674,web_browsing,none,benign,benign,1,0.9809,0.0116,0.0075
1675,ddos_flood,none,malicious_plain,malicious_plain,1,0.0149,0.9562,0.0289
1676,port_scan,none,malicious_plain,malicious_plain,1,0.0140,0.9405,0.0455
1677,data_exfiltration,none,malicious_plain,malicious_plain,1,0.0185,0.9719,0.0096
1678,ddos_flood,none,malicious_plain,malicious_plain,1,0.0152,0.9519,0.0329
1679,port_scan,none,malicious_plain,malicious_plain,1,0.0184,0.9464,0.0352
1680,data_exfiltration,none,malicious_plain,malicious_plain,1,0.0199,0.9699,0.0102
1681,reverse_shell,block_padding+dummy_injection+constant_rate_shaping,malicious_obfuscated,malicious_obfuscated,1,0.2575,0.0134,0.7290
1682,file_download,fragmentation+block_padding,benign,benign,1,0.9605,0.0198,0.0197
1683,file_download,none,benign,benign,1,0.9698,0.0178,0.0124
1684,video_streaming,none,benign,benign,1,0.9651,0.0209,0.0140
1685,data_exfiltration,none,malicious_plain,malicious_plain,1,0.0169,0.9740,0.0091
1686,video_streaming,none,benign,benign,1,0.9583,0.0245,0.0171
1687,c2_beacon,fragmentation+dummy_injection,malicious_obfuscated,malicious_obfuscated,1,0.0206,0.0150,0.9643
1688,brute_force,none,malicious_plain,malicious_plain,1,0.0186,0.9387,0.0427
1689,data_exfiltration,none,malicious_plain,malicious_plain,1,0.0191,0.9715,0.0094
1690,ssh_interactive,fragmentation+random_padding+dummy_injection,benign,benign,1,0.9160,0.0184,0.0656
1691,ssh_interactive,fragmentation+dummy_injection+timing_jitter,benign,benign,1,0.8740,0.0258,0.1002
1692,web_browsing,random_padding+timing_jitter+constant_rate_shaping,benign,malicious_obfuscated,0,0.2723,0.0174,0.7102
1693,ddos_flood,protocol_mimicry,malicious_obfuscated,malicious_obfuscated,1,0.0336,0.0242,0.9422
1694,c2_beacon,none,malicious_plain,malicious_plain,1,0.0141,0.9451,0.0408
1695,web_browsing,block_padding,benign,benign,1,0.8632,0.0273,0.1095
1696,ddos_flood,none,malicious_plain,malicious_plain,1,0.0171,0.9507,0.0322
1697,file_download,none,benign,benign,1,0.9589,0.0247,0.0164
1698,data_exfiltration,none,malicious_plain,malicious_plain,1,0.0151,0.9759,0.0090
1699,ddos_flood,block_padding+constant_rate_shaping,malicious_obfuscated,malicious_obfuscated,1,0.0263,0.0379,0.9358
1700,ddos_flood,protocol_mimicry+timing_jitter,malicious_obfuscated,malicious_obfuscated,1,0.0174,0.0139,0.9688
1701,brute_force,none,malicious_plain,malicious_plain,1,0.0179,0.9430,0.0391
1702,port_scan,protocol_mimicry+fragmentation+timing_jitter,malicious_obfuscated,malicious_obfuscated,1,0.0246,0.0205,0.9549
1703,port_scan,constant_rate_shaping+tunnel_encapsulation,malicious_obfuscated,malicious_obfuscated,1,0.0292,0.0115,0.9593
1704,voip,protocol_mimicry,benign,benign,1,0.8390,0.0269,0.1340
1705,port_scan,none,malicious_plain,malicious_plain,1,0.0135,0.9437,0.0428
1706,c2_beacon,none,malicious_plain,malicious_plain,1,0.0142,0.9458,0.0400
1707,c2_beacon,fragmentation+random_padding+timing_jitter,malicious_obfuscated,malicious_obfuscated,1,0.0110,0.0139,0.9751
1708,data_exfiltration,none,malicious_plain,malicious_plain,1,0.0186,0.9723,0.0091
1709,file_download,constant_rate_shaping,benign,benign,1,0.9366,0.0344,0.0290
1710,video_streaming,tunnel_encapsulation,benign,benign,1,0.9713,0.0158,0.0128
1711,voip,none,benign,benign,1,0.9746,0.0166,0.0088
1712,brute_force,timing_jitter+constant_rate_shaping,malicious_obfuscated,malicious_obfuscated,1,0.2352,0.0240,0.7408
1713,file_download,none,benign,benign,1,0.9582,0.0224,0.0193
1714,brute_force,block_padding+constant_rate_shaping,malicious_obfuscated,malicious_obfuscated,1,0.0737,0.0076,0.9186
1715,ddos_flood,none,malicious_plain,malicious_plain,1,0.0150,0.9536,0.0314
1716,data_exfiltration,random_padding+dummy_injection+tunnel_encapsulation,malicious_obfuscated,malicious_obfuscated,1,0.0427,0.0102,0.9471
1717,ddos_flood,none,malicious_plain,malicious_plain,1,0.0160,0.9497,0.0344
1718,file_download,none,benign,benign,1,0.9548,0.0261,0.0191
1719,port_scan,none,malicious_plain,malicious_plain,1,0.0132,0.9530,0.0338
1720,ddos_flood,none,malicious_plain,malicious_plain,1,0.0182,0.9486,0.0331
1721,ssh_interactive,none,benign,benign,1,0.9672,0.0174,0.0153
1722,brute_force,none,malicious_plain,malicious_plain,1,0.0164,0.9429,0.0407
1723,ddos_flood,protocol_mimicry+block_padding+timing_jitter,malicious_obfuscated,malicious_obfuscated,1,0.0162,0.0188,0.9650
1724,reverse_shell,dummy_injection+timing_jitter,malicious_obfuscated,malicious_obfuscated,1,0.0414,0.0475,0.9111
1725,video_streaming,tunnel_encapsulation,benign,benign,1,0.9672,0.0167,0.0161
1726,port_scan,block_padding+random_padding+dummy_injection,malicious_obfuscated,malicious_obfuscated,1,0.0326,0.0147,0.9527
1727,file_download,none,benign,benign,1,0.9719,0.0135,0.0146
1728,brute_force,none,malicious_plain,malicious_plain,1,0.0170,0.9448,0.0382
1729,c2_beacon,protocol_mimicry+timing_jitter+tunnel_encapsulation,malicious_obfuscated,malicious_obfuscated,1,0.0624,0.0166,0.9210
1730,web_browsing,none,benign,benign,1,0.9785,0.0127,0.0088
1731,reverse_shell,block_padding+random_padding,malicious_obfuscated,malicious_obfuscated,1,0.0159,0.0380,0.9461
1732,c2_beacon,none,malicious_plain,malicious_plain,1,0.0190,0.9370,0.0440
1733,web_browsing,none,benign,benign,1,0.8824,0.0762,0.0414
1734,brute_force,fragmentation+constant_rate_shaping,malicious_obfuscated,malicious_obfuscated,1,0.3521,0.0236,0.6243
1735,file_download,protocol_mimicry+random_padding+timing_jitter,benign,benign,1,0.9794,0.0129,0.0077
1736,brute_force,none,malicious_plain,malicious_plain,1,0.0172,0.9330,0.0498
1737,port_scan,dummy_injection+constant_rate_shaping+tunnel_encapsulation,malicious_obfuscated,malicious_obfuscated,1,0.0667,0.0161,0.9172
1738,ssh_interactive,none,benign,benign,1,0.9724,0.0157,0.0119
1739,port_scan,block_padding+random_padding+dummy_injection,malicious_obfuscated,malicious_obfuscated,1,0.0513,0.0132,0.9356
1740,file_download,none,benign,benign,1,0.9669,0.0199,0.0132
1741,reverse_shell,none,malicious_plain,malicious_plain,1,0.0077,0.9563,0.0361
1742,reverse_shell,none,malicious_plain,malicious_plain,1,0.2209,0.7457,0.0334
1743,ddos_flood,fragmentation+random_padding+dummy_injection,malicious_obfuscated,malicious_obfuscated,1,0.0140,0.0079,0.9781
1744,ssh_interactive,fragmentation+dummy_injection+tunnel_encapsulation,benign,benign,1,0.9168,0.0138,0.0695
1745,file_download,protocol_mimicry+dummy_injection+timing_jitter,benign,benign,1,0.8644,0.0309,0.1047
1746,web_browsing,block_padding+random_padding+tunnel_encapsulation,benign,benign,1,0.9396,0.0170,0.0435
1747,reverse_shell,none,malicious_plain,malicious_plain,1,0.0270,0.9616,0.0114
1748,reverse_shell,fragmentation+block_padding+random_padding,malicious_obfuscated,malicious_obfuscated,1,0.0203,0.0221,0.9576
1749,port_scan,dummy_injection+constant_rate_shaping,malicious_obfuscated,malicious_obfuscated,1,0.3242,0.0173,0.6585
1750,c2_beacon,none,malicious_plain,malicious_plain,1,0.0142,0.9463,0.0396
1751,data_exfiltration,none,malicious_plain,malicious_plain,1,0.0163,0.9733,0.0104
1752,brute_force,random_padding,malicious_obfuscated,malicious_obfuscated,1,0.0187,0.0410,0.9403
1753,c2_beacon,protocol_mimicry+dummy_injection,malicious_obfuscated,benign,0,0.5263,0.0228,0.4509
1754,data_exfiltration,random_padding,malicious_obfuscated,malicious_obfuscated,1,0.0283,0.0273,0.9445
1755,video_streaming,none,benign,benign,1,0.9676,0.0197,0.0127
1756,brute_force,none,malicious_plain,malicious_plain,1,0.0230,0.9304,0.0466
1757,video_streaming,none,benign,benign,1,0.9682,0.0162,0.0156
1758,video_streaming,none,benign,benign,1,0.9399,0.0315,0.0286
1759,ssh_interactive,dummy_injection,benign,benign,1,0.8519,0.0412,0.1069
1760,web_browsing,none,benign,benign,1,0.9636,0.0236,0.0128
1761,voip,protocol_mimicry+timing_jitter,benign,benign,1,0.7429,0.0249,0.2322
1762,ddos_flood,none,malicious_plain,malicious_plain,1,0.0172,0.9467,0.0361
1763,data_exfiltration,none,malicious_plain,malicious_plain,1,0.0164,0.9736,0.0099
1764,port_scan,none,malicious_plain,malicious_plain,1,0.0139,0.9416,0.0444
1765,data_exfiltration,none,malicious_plain,malicious_plain,1,0.0158,0.9758,0.0084
1766,port_scan,protocol_mimicry+fragmentation,malicious_obfuscated,malicious_obfuscated,1,0.0160,0.0186,0.9653
1767,ddos_flood,random_padding,malicious_obfuscated,malicious_obfuscated,1,0.0262,0.0131,0.9607
1768,voip,timing_jitter+constant_rate_shaping,benign,malicious_obfuscated,0,0.2663,0.0213,0.7124
1769,brute_force,none,malicious_plain,malicious_plain,1,0.0187,0.9304,0.0509
1770,ddos_flood,random_padding+constant_rate_shaping,malicious_obfuscated,malicious_obfuscated,1,0.0140,0.0165,0.9695
1771,ddos_flood,random_padding+dummy_injection,malicious_obfuscated,malicious_obfuscated,1,0.0181,0.0096,0.9723
1772,web_browsing,none,benign,benign,1,0.9672,0.0190,0.0138
1773,data_exfiltration,none,malicious_plain,malicious_plain,1,0.0168,0.9736,0.0096
1774,data_exfiltration,block_padding+dummy_injection,malicious_obfuscated,malicious_obfuscated,1,0.0192,0.0087,0.9721
1775,c2_beacon,none,malicious_plain,malicious_plain,1,0.0180,0.9420,0.0400
1776,c2_beacon,timing_jitter,malicious_obfuscated,malicious_plain,0,0.0162,0.9339,0.0499
1777,port_scan,random_padding+constant_rate_shaping,malicious_obfuscated,malicious_obfuscated,1,0.0221,0.0125,0.9654
1778,brute_force,none,malicious_plain,malicious_plain,1,0.0138,0.9443,0.0419
1779,ddos_flood,none,malicious_plain,malicious_plain,1,0.0168,0.9517,0.0315
1780,voip,protocol_mimicry,benign,benign,1,0.8834,0.0195,0.0971
1781,video_streaming,none,benign,benign,1,0.9613,0.0235,0.0152
1782,file_download,none,benign,benign,1,0.9680,0.0184,0.0136
1783,ddos_flood,none,malicious_plain,malicious_plain,1,0.0167,0.9490,0.0343
1784,ddos_flood,block_padding,malicious_obfuscated,malicious_obfuscated,1,0.0223,0.0219,0.9558
1785,voip,none,benign,benign,1,0.9731,0.0176,0.0094
1786,web_browsing,none,benign,benign,1,0.9820,0.0108,0.0071
1787,c2_beacon,none,malicious_plain,malicious_plain,1,0.0155,0.9408,0.0438
1788,web_browsing,none,benign,benign,1,0.9672,0.0236,0.0092
1789,web_browsing,protocol_mimicry,benign,benign,1,0.5208,0.0496,0.4296
1790,reverse_shell,dummy_injection,malicious_obfuscated,malicious_obfuscated,1,0.2858,0.0942,0.6200
1791,ssh_interactive,none,benign,benign,1,0.9677,0.0207,0.0117
1792,c2_beacon,fragmentation+tunnel_encapsulation,malicious_obfuscated,malicious_obfuscated,1,0.0148,0.0088,0.9764
1793,port_scan,none,malicious_plain,malicious_plain,1,0.0158,0.9317,0.0524
1794,reverse_shell,tunnel_encapsulation,malicious_obfuscated,malicious_obfuscated,1,0.0374,0.0239,0.9386
1795,ssh_interactive,none,benign,benign,1,0.9624,0.0226,0.0150
1796,file_download,protocol_mimicry+block_padding,benign,benign,1,0.9559,0.0172,0.0269
1797,ssh_interactive,none,benign,benign,1,0.9632,0.0224,0.0145
1798,reverse_shell,none,malicious_plain,malicious_plain,1,0.0137,0.9688,0.0175
1799,reverse_shell,tunnel_encapsulation,malicious_obfuscated,malicious_obfuscated,1,0.2570,0.0442,0.6988
1800,c2_beacon,none,malicious_plain,malicious_plain,1,0.0159,0.9405,0.0436
1801,c2_beacon,none,malicious_plain,malicious_plain,1,0.0159,0.9472,0.0369
1802,data_exfiltration,none,malicious_plain,malicious_plain,1,0.0173,0.9730,0.0097
1803,c2_beacon,none,malicious_plain,malicious_plain,1,0.0151,0.9458,0.0390
1804,voip,block_padding,benign,benign,1,0.7079,0.0240,0.2682
1805,brute_force,none,malicious_plain,malicious_plain,1,0.0223,0.9331,0.0447
1806,voip,none,benign,benign,1,0.9763,0.0161,0.0076
1807,c2_beacon,none,malicious_plain,malicious_plain,1,0.0183,0.9394,0.0423
1808,web_browsing,protocol_mimicry+fragmentation+dummy_injection,benign,benign,1,0.9677,0.0119,0.0204
1809,brute_force,dummy_injection,malicious_obfuscated,malicious_obfuscated,1,0.0178,0.0256,0.9567
1810,video_streaming,protocol_mimicry+tunnel_encapsulation,benign,benign,1,0.9849,0.0091,0.0060
1811,c2_beacon,none,malicious_plain,malicious_plain,1,0.0233,0.9250,0.0517
1812,voip,none,benign,benign,1,0.9756,0.0162,0.0082
1813,reverse_shell,block_padding,malicious_obfuscated,malicious_obfuscated,1,0.0240,0.0248,0.9512
1814,reverse_shell,tunnel_encapsulation,malicious_obfuscated,malicious_obfuscated,1,0.0488,0.0089,0.9423
1815,port_scan,dummy_injection,malicious_obfuscated,malicious_obfuscated,1,0.0216,0.1096,0.8688
1816,video_streaming,none,benign,benign,1,0.9544,0.0248,0.0208
1817,voip,none,benign,benign,1,0.9777,0.0148,0.0074
1818,ddos_flood,dummy_injection+timing_jitter+constant_rate_shaping,malicious_obfuscated,malicious_obfuscated,1,0.1921,0.0221,0.7858
1819,port_scan,none,malicious_plain,malicious_plain,1,0.0094,0.9653,0.0254
1820,file_download,none,benign,benign,1,0.9662,0.0194,0.0144
1821,brute_force,none,malicious_plain,malicious_plain,1,0.0156,0.9389,0.0456
1822,brute_force,block_padding+constant_rate_shaping,malicious_obfuscated,malicious_obfuscated,1,0.1806,0.0224,0.7970
1823,port_scan,block_padding+dummy_injection,malicious_obfuscated,malicious_obfuscated,1,0.0304,0.0191,0.9506
1824,data_exfiltration,none,malicious_plain,malicious_plain,1,0.0194,0.9702,0.0104
1825,file_download,none,benign,benign,1,0.9565,0.0241,0.0195
1826,ddos_flood,dummy_injection,malicious_obfuscated,malicious_obfuscated,1,0.0255,0.1208,0.8538
1827,reverse_shell,random_padding+timing_jitter+constant_rate_shaping,malicious_obfuscated,malicious_obfuscated,1,0.1822,0.0181,0.7997
1828,ddos_flood,block_padding+tunnel_encapsulation,malicious_obfuscated,malicious_obfuscated,1,0.0223,0.0127,0.9650
1829,data_exfiltration,block_padding+dummy_injection+constant_rate_shaping,malicious_obfuscated,malicious_obfuscated,1,0.2099,0.0258,0.7643
1830,port_scan,timing_jitter+tunnel_encapsulation,malicious_obfuscated,malicious_obfuscated,1,0.0115,0.0193,0.9691
1831,c2_beacon,protocol_mimicry,malicious_obfuscated,malicious_obfuscated,1,0.0701,0.0121,0.9178
1832,brute_force,fragmentation+timing_jitter+constant_rate_shaping,malicious_obfuscated,malicious_obfuscated,1,0.2588,0.0218,0.7194
1833,file_download,block_padding+random_padding,benign,benign,1,0.9525,0.0273,0.0201
1834,data_exfiltration,none,malicious_plain,malicious_plain,1,0.0185,0.9714,0.0101
1835,ddos_flood,none,malicious_plain,malicious_plain,1,0.0149,0.9508,0.0343
1836,port_scan,none,malicious_plain,malicious_plain,1,0.0112,0.9516,0.0372
1837,c2_beacon,none,malicious_plain,malicious_plain,1,0.0164,0.9384,0.0452
1838,brute_force,none,malicious_plain,malicious_plain,1,0.0139,0.9481,0.0380
1839,c2_beacon,none,malicious_plain,malicious_plain,1,0.0187,0.9432,0.0381
1840,video_streaming,none,benign,benign,1,0.9596,0.0240,0.0164
1841,web_browsing,none,benign,benign,1,0.9627,0.0176,0.0197
1842,data_exfiltration,none,malicious_plain,malicious_plain,1,0.0193,0.9710,0.0097
1843,video_streaming,none,benign,benign,1,0.9594,0.0229,0.0177
1844,c2_beacon,none,malicious_plain,malicious_plain,1,0.0150,0.9411,0.0439
1845,ddos_flood,dummy_injection,malicious_obfuscated,malicious_obfuscated,1,0.0292,0.0387,0.9321
1846,file_download,fragmentation+random_padding,benign,benign,1,0.9813,0.0132,0.0055
1847,ddos_flood,protocol_mimicry+random_padding,malicious_obfuscated,malicious_obfuscated,1,0.0303,0.0203,0.9494
1848,c2_beacon,fragmentation+block_padding+tunnel_encapsulation,malicious_obfuscated,malicious_obfuscated,1,0.0433,0.0102,0.9464
1849,ssh_interactive,none,benign,benign,1,0.9732,0.0172,0.0096
1850,c2_beacon,none,malicious_plain,malicious_plain,1,0.0171,0.9418,0.0411
1851,reverse_shell,none,malicious_plain,malicious_plain,1,0.0057,0.9809,0.0134
1852,data_exfiltration,none,malicious_plain,malicious_plain,1,0.0228,0.9673,0.0098
1853,port_scan,timing_jitter+constant_rate_shaping+tunnel_encapsulation,malicious_obfuscated,malicious_obfuscated,1,0.1036,0.0105,0.8859
1854,reverse_shell,dummy_injection,malicious_obfuscated,malicious_obfuscated,1,0.1371,0.0332,0.8297
1855,data_exfiltration,constant_rate_shaping,malicious_obfuscated,malicious_obfuscated,1,0.0387,0.0172,0.9441
1856,data_exfiltration,none,malicious_plain,malicious_plain,1,0.0176,0.9717,0.0107
1857,web_browsing,none,benign,benign,1,0.9727,0.0152,0.0121
1858,voip,none,benign,benign,1,0.9750,0.0164,0.0086
1859,video_streaming,none,benign,benign,1,0.9639,0.0209,0.0152
1860,reverse_shell,dummy_injection+tunnel_encapsulation,malicious_obfuscated,malicious_obfuscated,1,0.0874,0.0333,0.8793
1861,data_exfiltration,none,malicious_plain,malicious_plain,1,0.0183,0.9725,0.0092
1862,data_exfiltration,none,malicious_plain,malicious_plain,1,0.0189,0.9718,0.0093
1863,reverse_shell,protocol_mimicry+timing_jitter+tunnel_encapsulation,malicious_obfuscated,malicious_obfuscated,1,0.2617,0.0203,0.7181
1864,reverse_shell,none,malicious_plain,malicious_plain,1,0.0129,0.9615,0.0255
1865,data_exfiltration,none,malicious_plain,malicious_plain,1,0.0235,0.9681,0.0084
1866,c2_beacon,protocol_mimicry+fragmentation+random_padding,malicious_obfuscated,benign,0,0.5379,0.0525,0.4096
1867,port_scan,none,malicious_plain,malicious_plain,1,0.0132,0.9368,0.0500
1868,file_download,none,benign,benign,1,0.9634,0.0204,0.0162
1869,web_browsing,none,benign,benign,1,0.9707,0.0165,0.0128
1870,voip,none,benign,benign,1,0.9767,0.0161,0.0072
1871,reverse_shell,none,malicious_plain,malicious_plain,1,0.0097,0.9715,0.0189
1872,video_streaming,none,benign,benign,1,0.9378,0.0360,0.0261
1873,ddos_flood,none,malicious_plain,malicious_plain,1,0.0211,0.8991,0.0798
1874,video_streaming,fragmentation,benign,benign,1,0.9447,0.0262,0.0290
1875,file_download,none,benign,benign,1,0.9630,0.0224,0.0146
1876,voip,none,benign,benign,1,0.9735,0.0171,0.0094
1877,voip,block_padding+tunnel_encapsulation,benign,benign,1,0.8724,0.0210,0.1066
1878,web_browsing,none,benign,benign,1,0.9768,0.0122,0.0110
1879,port_scan,random_padding,malicious_obfuscated,malicious_obfuscated,1,0.0217,0.0123,0.9660
1880,brute_force,none,malicious_plain,malicious_plain,1,0.0186,0.9300,0.0515
1881,ddos_flood,protocol_mimicry+block_padding+dummy_injection,malicious_obfuscated,malicious_obfuscated,1,0.0264,0.0116,0.9620
1882,brute_force,timing_jitter,malicious_obfuscated,malicious_plain,0,0.0206,0.9187,0.0607
1883,video_streaming,none,benign,benign,1,0.9645,0.0209,0.0146
1884,c2_beacon,none,malicious_plain,malicious_plain,1,0.0159,0.9434,0.0408
1885,port_scan,protocol_mimicry+tunnel_encapsulation,malicious_obfuscated,malicious_obfuscated,1,0.0213,0.0207,0.9580
1886,c2_beacon,none,malicious_plain,malicious_plain,1,0.0125,0.9553,0.0321
1887,reverse_shell,tunnel_encapsulation,malicious_obfuscated,malicious_obfuscated,1,0.1017,0.0850,0.8133
1888,video_streaming,none,benign,benign,1,0.9477,0.0321,0.0202
1889,ssh_interactive,random_padding+constant_rate_shaping,benign,benign,1,0.5834,0.0253,0.3913
1890,ddos_flood,random_padding,malicious_obfuscated,malicious_obfuscated,1,0.0196,0.0111,0.9693
1891,port_scan,dummy_injection,malicious_obfuscated,malicious_obfuscated,1,0.0288,0.0374,0.9338
1892,ddos_flood,block_padding+dummy_injection,malicious_obfuscated,malicious_obfuscated,1,0.0175,0.0182,0.9643
1893,ssh_interactive,none,benign,benign,1,0.9652,0.0211,0.0137
1894,c2_beacon,none,malicious_plain,malicious_plain,1,0.0147,0.9537,0.0316
1895,data_exfiltration,none,malicious_plain,malicious_plain,1,0.0190,0.9705,0.0105
1896,brute_force,protocol_mimicry+timing_jitter,malicious_obfuscated,malicious_obfuscated,1,0.0271,0.0187,0.9542
1897,port_scan,protocol_mimicry,malicious_obfuscated,malicious_obfuscated,1,0.0664,0.1274,0.8063
1898,reverse_shell,protocol_mimicry+random_padding+tunnel_encapsulation,malicious_obfuscated,malicious_obfuscated,1,0.3436,0.0268,0.6296
1899,file_download,none,benign,benign,1,0.9461,0.0286,0.0253
1900,port_scan,none,malicious_plain,malicious_plain,1,0.0145,0.9570,0.0285
1901,data_exfiltration,none,malicious_plain,malicious_plain,1,0.0225,0.9682,0.0093
1902,c2_beacon,protocol_mimicry,malicious_obfuscated,malicious_obfuscated,1,0.0394,0.0339,0.9268
1903,data_exfiltration,block_padding+random_padding+dummy_injection,malicious_obfuscated,malicious_obfuscated,1,0.0200,0.0064,0.9737
1904,video_streaming,protocol_mimicry+block_padding+random_padding,benign,benign,1,0.9767,0.0141,0.0091
1905,brute_force,none,malicious_plain,malicious_plain,1,0.0175,0.9272,0.0553
1906,web_browsing,none,benign,benign,1,0.9851,0.0076,0.0073
1907,port_scan,none,malicious_plain,malicious_plain,1,0.0158,0.9524,0.0319
1908,data_exfiltration,protocol_mimicry,malicious_obfuscated,malicious_obfuscated,1,0.0166,0.0167,0.9667
1909,data_exfiltration,none,malicious_plain,malicious_plain,1,0.0171,0.9733,0.0095
1910,data_exfiltration,none,malicious_plain,malicious_plain,1,0.0167,0.9735,0.0099
1911,ddos_flood,tunnel_encapsulation,malicious_obfuscated,malicious_obfuscated,1,0.0251,0.0217,0.9532
1912,port_scan,none,malicious_plain,malicious_plain,1,0.0186,0.9459,0.0355
1913,data_exfiltration,protocol_mimicry+fragmentation,malicious_obfuscated,malicious_obfuscated,1,0.0290,0.0211,0.9499
1914,brute_force,constant_rate_shaping,malicious_obfuscated,malicious_obfuscated,1,0.1374,0.0155,0.8471
1915,ddos_flood,protocol_mimicry+fragmentation,malicious_obfuscated,malicious_obfuscated,1,0.0215,0.0240,0.9545
1916,video_streaming,none,benign,benign,1,0.9701,0.0156,0.0143
1917,data_exfiltration,none,malicious_plain,malicious_plain,1,0.0266,0.9657,0.0077
1918,ddos_flood,fragmentation+block_padding+dummy_injection,malicious_obfuscated,malicious_obfuscated,1,0.0142,0.0128,0.9730
1919,brute_force,none,malicious_plain,malicious_plain,1,0.0213,0.9286,0.0501
1920,data_exfiltration,none,malicious_plain,malicious_plain,1,0.0244,0.9680,0.0076
1921,ssh_interactive,timing_jitter,benign,benign,1,0.9676,0.0161,0.0163
1922,voip,none,benign,benign,1,0.9771,0.0151,0.0078
1923,file_download,none,benign,benign,1,0.9629,0.0206,0.0165
1924,reverse_shell,protocol_mimicry+timing_jitter+tunnel_encapsulation,malicious_obfuscated,benign,0,0.7362,0.0490,0.2148
1925,c2_beacon,constant_rate_shaping,malicious_obfuscated,malicious_obfuscated,1,0.1762,0.0156,0.8083
1926,reverse_shell,none,malicious_plain,malicious_plain,1,0.0240,0.9348,0.0412
1927,brute_force,none,malicious_plain,malicious_plain,1,0.0144,0.9460,0.0396
1928,brute_force,none,malicious_plain,malicious_plain,1,0.0206,0.9411,0.0383
1929,reverse_shell,none,malicious_plain,malicious_plain,1,0.0069,0.9676,0.0255
1930,port_scan,dummy_injection+tunnel_encapsulation,malicious_obfuscated,malicious_obfuscated,1,0.0248,0.0369,0.9383
1931,brute_force,fragmentation+constant_rate_shaping,malicious_obfuscated,malicious_obfuscated,1,0.1086,0.0120,0.8793
1932,file_download,fragmentation+block_padding,benign,benign,1,0.9652,0.0200,0.0149
1933,brute_force,none,malicious_plain,malicious_plain,1,0.0182,0.9346,0.0472
1934,c2_beacon,protocol_mimicry,malicious_obfuscated,malicious_obfuscated,1,0.0859,0.0616,0.8525
1935,web_browsing,none,benign,benign,1,0.9799,0.0143,0.0057
1936,brute_force,none,malicious_plain,malicious_plain,1,0.0160,0.9411,0.0429
1937,ddos_flood,none,malicious_plain,malicious_plain,1,0.0169,0.9209,0.0622
1938,reverse_shell,none,malicious_plain,benign,0,0.5044,0.4243,0.0713
1939,ddos_flood,none,malicious_plain,malicious_plain,1,0.0225,0.9278,0.0497
1940,file_download,none,benign,benign,1,0.9685,0.0179,0.0135
1941,port_scan,protocol_mimicry+block_padding,malicious_obfuscated,malicious_obfuscated,1,0.0102,0.0082,0.9816
1942,video_streaming,random_padding,benign,benign,1,0.9497,0.0255,0.0248
1943,brute_force,none,malicious_plain,malicious_plain,1,0.0171,0.9412,0.0417
1944,video_streaming,none,benign,benign,1,0.9648,0.0212,0.0141
1945,ssh_interactive,block_padding+tunnel_encapsulation,benign,benign,1,0.9129,0.0271,0.0600
1946,reverse_shell,none,malicious_plain,malicious_plain,1,0.0171,0.9732,0.0097
1947,data_exfiltration,none,malicious_plain,malicious_plain,1,0.0185,0.9700,0.0115
1948,data_exfiltration,none,malicious_plain,malicious_plain,1,0.0146,0.9770,0.0084
1949,ddos_flood,constant_rate_shaping,malicious_obfuscated,malicious_obfuscated,1,0.0208,0.0135,0.9657
1950,ddos_flood,none,malicious_plain,malicious_plain,1,0.0159,0.9523,0.0319
1951,reverse_shell,none,malicious_plain,malicious_plain,1,0.0208,0.9459,0.0333
1952,reverse_shell,none,malicious_plain,malicious_plain,1,0.0092,0.9494,0.0415
1953,file_download,none,benign,benign,1,0.9654,0.0206,0.0140
1954,video_streaming,none,benign,benign,1,0.9623,0.0200,0.0177
1955,video_streaming,none,benign,benign,1,0.9692,0.0183,0.0125
1956,c2_beacon,random_padding+constant_rate_shaping+tunnel_encapsulation,malicious_obfuscated,malicious_obfuscated,1,0.1523,0.0154,0.8324
1957,brute_force,protocol_mimicry+tunnel_encapsulation,malicious_obfuscated,malicious_obfuscated,1,0.0288,0.0341,0.9371
1958,brute_force,fragmentation+timing_jitter+tunnel_encapsulation,malicious_obfuscated,malicious_obfuscated,1,0.0277,0.0370,0.9353
1959,ssh_interactive,timing_jitter,benign,benign,1,0.9672,0.0202,0.0126
1960,voip,tunnel_encapsulation,benign,benign,1,0.9629,0.0133,0.0238
1961,brute_force,none,malicious_plain,malicious_plain,1,0.0178,0.9279,0.0544
1962,brute_force,protocol_mimicry+dummy_injection+timing_jitter,malicious_obfuscated,benign,0,0.6571,0.0256,0.3173
1963,voip,fragmentation+timing_jitter+constant_rate_shaping,benign,benign,1,0.5967,0.0242,0.3791
1964,data_exfiltration,random_padding+constant_rate_shaping+tunnel_encapsulation,malicious_obfuscated,malicious_obfuscated,1,0.0468,0.0425,0.9107
1965,c2_beacon,protocol_mimicry+random_padding,malicious_obfuscated,malicious_obfuscated,1,0.1174,0.0100,0.8726
1966,file_download,none,benign,benign,1,0.9680,0.0180,0.0139
1967,video_streaming,random_padding+constant_rate_shaping,benign,benign,1,0.9548,0.0234,0.0218
1968,port_scan,none,malicious_plain,malicious_plain,1,0.0119,0.9413,0.0468
1969,c2_beacon,protocol_mimicry,malicious_obfuscated,malicious_obfuscated,1,0.0339,0.0078,0.9583
1970,reverse_shell,block_padding+dummy_injection,malicious_obfuscated,malicious_obfuscated,1,0.0693,0.0409,0.8899
1971,data_exfiltration,none,malicious_plain,malicious_plain,1,0.0189,0.9710,0.0101
1972,c2_beacon,dummy_injection+constant_rate_shaping+tunnel_encapsulation,malicious_obfuscated,malicious_obfuscated,1,0.3451,0.0175,0.6374
1973,brute_force,none,malicious_plain,malicious_plain,1,0.0171,0.9328,0.0501
1974,brute_force,none,malicious_plain,malicious_plain,1,0.0155,0.9431,0.0414
1975,data_exfiltration,protocol_mimicry+block_padding,malicious_obfuscated,malicious_obfuscated,1,0.0213,0.0142,0.9644
1976,file_download,none,benign,benign,1,0.9716,0.0161,0.0123
1977,file_download,none,benign,benign,1,0.9652,0.0196,0.0152
1978,ddos_flood,none,malicious_plain,malicious_plain,1,0.0154,0.9521,0.0326
1979,web_browsing,none,benign,benign,1,0.9803,0.0125,0.0072
1980,reverse_shell,protocol_mimicry+fragmentation+dummy_injection,malicious_obfuscated,malicious_obfuscated,1,0.4603,0.0338,0.5058
1981,voip,protocol_mimicry+random_padding,benign,benign,1,0.9588,0.0167,0.0245
1982,data_exfiltration,fragmentation+block_padding+dummy_injection,malicious_obfuscated,malicious_obfuscated,1,0.0352,0.0106,0.9543
1983,voip,none,benign,benign,1,0.9780,0.0146,0.0074
1984,c2_beacon,constant_rate_shaping,malicious_obfuscated,malicious_obfuscated,1,0.3569,0.0297,0.6134
1985,c2_beacon,none,malicious_plain,malicious_plain,1,0.0168,0.9432,0.0400
1986,reverse_shell,dummy_injection,malicious_obfuscated,malicious_obfuscated,1,0.0920,0.2570,0.6510
1987,brute_force,none,malicious_plain,malicious_plain,1,0.0189,0.9313,0.0497
1988,voip,protocol_mimicry+dummy_injection+timing_jitter,benign,benign,1,0.7295,0.0197,0.2508
1989,ddos_flood,random_padding,malicious_obfuscated,malicious_obfuscated,1,0.0253,0.0139,0.9607
1990,brute_force,block_padding+tunnel_encapsulation,malicious_obfuscated,malicious_obfuscated,1,0.0393,0.0376,0.9231
1991,file_download,dummy_injection+constant_rate_shaping+tunnel_encapsulation,benign,benign,1,0.9685,0.0204,0.0110
1992,data_exfiltration,timing_jitter,malicious_obfuscated,malicious_obfuscated,1,0.0063,0.0203,0.9734
1993,data_exfiltration,none,malicious_plain,malicious_plain,1,0.0151,0.9746,0.0102
1994,ddos_flood,fragmentation,malicious_obfuscated,malicious_plain,0,0.0154,0.9514,0.0332
1995,port_scan,none,malicious_plain,malicious_plain,1,0.0193,0.9136,0.0671
1996,port_scan,timing_jitter,malicious_obfuscated,malicious_obfuscated,1,0.0130,0.0313,0.9557
1997,voip,constant_rate_shaping,benign,benign,1,0.5231,0.0277,0.4492
1998,brute_force,none,malicious_plain,malicious_plain,1,0.0166,0.9349,0.0484
1999,port_scan,none,malicious_plain,malicious_plain,1,0.0217,0.9256,0.0527
2000,reverse_shell,fragmentation,malicious_obfuscated,malicious_obfuscated,1,0.0294,0.0142,0.9564
2001,ddos_flood,none,malicious_plain,malicious_plain,1,0.0219,0.9186,0.0595
2002,c2_beacon,none,malicious_plain,malicious_plain,1,0.0150,0.9452,0.0399
2003,ddos_flood,fragmentation+constant_rate_shaping+tunnel_encapsulation,malicious_obfuscated,malicious_obfuscated,1,0.0305,0.0118,0.9577
2004,port_scan,none,malicious_plain,malicious_plain,1,0.0112,0.9506,0.0382
2005,video_streaming,none,benign,benign,1,0.9555,0.0239,0.0207
2006,ddos_flood,block_padding+constant_rate_shaping,malicious_obfuscated,malicious_obfuscated,1,0.0425,0.0302,0.9273
2007,video_streaming,none,benign,benign,1,0.9734,0.0153,0.0114
2008,data_exfiltration,protocol_mimicry+fragmentation+timing_jitter,malicious_obfuscated,malicious_obfuscated,1,0.0366,0.0243,0.9391
2009,ssh_interactive,random_padding,benign,benign,1,0.9515,0.0181,0.0305
2010,ddos_flood,timing_jitter,malicious_obfuscated,malicious_obfuscated,1,0.0239,0.0482,0.9280
2011,web_browsing,fragmentation+block_padding+tunnel_encapsulation,benign,benign,1,0.7744,0.0260,0.1995
2012,port_scan,none,malicious_plain,malicious_plain,1,0.0148,0.9294,0.0558
2013,data_exfiltration,none,malicious_plain,malicious_plain,1,0.0204,0.9701,0.0095
2014,brute_force,fragmentation+block_padding+tunnel_encapsulation,malicious_obfuscated,malicious_obfuscated,1,0.0329,0.0335,0.9336
2015,port_scan,none,malicious_plain,malicious_plain,1,0.0188,0.9180,0.0632
2016,data_exfiltration,none,malicious_plain,malicious_plain,1,0.0230,0.9650,0.0120
2017,data_exfiltration,random_padding+dummy_injection+constant_rate_shaping,malicious_obfuscated,malicious_obfuscated,1,0.0652,0.0216,0.9133
2018,data_exfiltration,none,malicious_plain,malicious_plain,1,0.0173,0.9736,0.0092
2019,file_download,none,benign,benign,1,0.9661,0.0194,0.0145
2020,reverse_shell,none,malicious_plain,malicious_plain,1,0.0123,0.9719,0.0158
2021,port_scan,random_padding,malicious_obfuscated,malicious_obfuscated,1,0.0192,0.0174,0.9634
2022,ssh_interactive,block_padding+timing_jitter,benign,benign,1,0.9335,0.0108,0.0557
2023,reverse_shell,protocol_mimicry,malicious_obfuscated,malicious_obfuscated,1,0.1808,0.0346,0.7846
2024,data_exfiltration,none,malicious_plain,malicious_plain,1,0.0158,0.9748,0.0094
2025,data_exfiltration,random_padding+timing_jitter+constant_rate_shaping,malicious_obfuscated,malicious_obfuscated,1,0.0315,0.0076,0.9608
2026,ddos_flood,none,malicious_plain,malicious_plain,1,0.0155,0.9511,0.0334
2027,c2_beacon,fragmentation+dummy_injection,malicious_obfuscated,malicious_obfuscated,1,0.0539,0.0164,0.9297
2028,video_streaming,random_padding,benign,benign,1,0.9630,0.0212,0.0158
2029,reverse_shell,none,malicious_plain,malicious_plain,1,0.0055,0.9643,0.0302
2030,file_download,none,benign,benign,1,0.9732,0.0164,0.0104
2031,reverse_shell,none,malicious_plain,malicious_plain,1,0.0098,0.9379,0.0522
2032,video_streaming,none,benign,benign,1,0.9507,0.0283,0.0209
2033,video_streaming,none,benign,benign,1,0.9640,0.0218,0.0142
2034,file_download,timing_jitter,benign,benign,1,0.9657,0.0197,0.0145
2035,port_scan,none,malicious_plain,malicious_plain,1,0.0123,0.9595,0.0281
2036,voip,none,benign,benign,1,0.9764,0.0161,0.0075
2037,data_exfiltration,constant_rate_shaping,malicious_obfuscated,malicious_obfuscated,1,0.0386,0.0234,0.9379
2038,reverse_shell,tunnel_encapsulation,malicious_obfuscated,malicious_obfuscated,1,0.0316,0.0115,0.9569
2039,data_exfiltration,protocol_mimicry+fragmentation+dummy_injection,malicious_obfuscated,malicious_obfuscated,1,0.0837,0.0235,0.8928
2040,port_scan,none,malicious_plain,malicious_plain,1,0.0123,0.9474,0.0404
2041,voip,none,benign,benign,1,0.9765,0.0159,0.0076
2042,ssh_interactive,none,benign,benign,1,0.9686,0.0194,0.0120
2043,web_browsing,none,benign,benign,1,0.9662,0.0246,0.0092
2044,data_exfiltration,none,malicious_plain,malicious_plain,1,0.0252,0.9672,0.0076
2045,port_scan,none,malicious_plain,malicious_plain,1,0.0135,0.9416,0.0449
2046,brute_force,none,malicious_plain,malicious_plain,1,0.0189,0.9372,0.0439
2047,reverse_shell,protocol_mimicry+block_padding,malicious_obfuscated,malicious_obfuscated,1,0.3045,0.0126,0.6830
2048,c2_beacon,none,malicious_plain,malicious_plain,1,0.0158,0.9517,0.0324
2049,c2_beacon,none,malicious_plain,malicious_plain,1,0.0172,0.9463,0.0366
2050,c2_beacon,block_padding+random_padding,malicious_obfuscated,malicious_obfuscated,1,0.0151,0.0363,0.9485
2051,data_exfiltration,none,malicious_plain,malicious_plain,1,0.0158,0.9750,0.0092
2052,c2_beacon,fragmentation+dummy_injection+constant_rate_shaping,malicious_obfuscated,malicious_obfuscated,1,0.2376,0.0304,0.7320
2053,voip,none,benign,benign,1,0.9780,0.0153,0.0067
2054,voip,block_padding+dummy_injection+constant_rate_shaping,benign,benign,1,0.5682,0.0242,0.4076
2055,data_exfiltration,none,malicious_plain,malicious_plain,1,0.0178,0.9737,0.0085
2056,file_download,none,benign,benign,1,0.9536,0.0250,0.0214
2057,reverse_shell,none,malicious_plain,malicious_plain,1,0.0092,0.9648,0.0260
2058,ddos_flood,protocol_mimicry+tunnel_encapsulation,malicious_obfuscated,malicious_obfuscated,1,0.0183,0.0222,0.9595
2059,video_streaming,dummy_injection+constant_rate_shaping,benign,benign,1,0.9055,0.0377,0.0568
2060,file_download,none,benign,benign,1,0.9678,0.0181,0.0140
2061,ssh_interactive,protocol_mimicry+fragmentation+dummy_injection,benign,benign,1,0.7097,0.0648,0.2255
2062,reverse_shell,fragmentation+tunnel_encapsulation,malicious_obfuscated,malicious_obfuscated,1,0.0373,0.0151,0.9476
2063,reverse_shell,none,malicious_plain,malicious_plain,1,0.0821,0.8856,0.0323
2064,ddos_flood,none,malicious_plain,malicious_plain,1,0.0198,0.9438,0.0365
2065,c2_beacon,fragmentation,malicious_obfuscated,malicious_obfuscated,1,0.0301,0.0764,0.8935
2066,video_streaming,none,benign,benign,1,0.9671,0.0219,0.0111
2067,c2_beacon,timing_jitter+tunnel_encapsulation,malicious_obfuscated,malicious_obfuscated,1,0.0313,0.0171,0.9515
2068,c2_beacon,fragmentation+random_padding,malicious_obfuscated,malicious_obfuscated,1,0.0169,0.0080,0.9751
2069,reverse_shell,block_padding+timing_jitter,malicious_obfuscated,malicious_obfuscated,1,0.0209,0.0345,0.9445
2070,brute_force,none,malicious_plain,malicious_plain,1,0.0162,0.9339,0.0499
2071,web_browsing,block_padding+tunnel_encapsulation,benign,benign,1,0.9385,0.0252,0.0363
2072,port_scan,tunnel_encapsulation,malicious_obfuscated,malicious_obfuscated,1,0.0325,0.0348,0.9327
2073,c2_beacon,block_padding+timing_jitter,malicious_obfuscated,malicious_obfuscated,1,0.0341,0.0295,0.9364
2074,voip,none,benign,benign,1,0.9755,0.0164,0.0081
2075,c2_beacon,none,malicious_plain,malicious_plain,1,0.0182,0.9374,0.0444
2076,voip,none,benign,benign,1,0.9755,0.0164,0.0082
2077,data_exfiltration,dummy_injection,malicious_obfuscated,malicious_obfuscated,1,0.0435,0.0171,0.9394
2078,file_download,none,benign,benign,1,0.9672,0.0191,0.0137
2079,data_exfiltration,none,malicious_plain,malicious_plain,1,0.0153,0.9760,0.0087
2080,c2_beacon,timing_jitter,malicious_obfuscated,malicious_obfuscated,1,0.0337,0.1051,0.8611
2081,port_scan,block_padding+random_padding+timing_jitter,malicious_obfuscated,malicious_obfuscated,1,0.0063,0.0127,0.9810
2082,port_scan,protocol_mimicry+fragmentation+constant_rate_shaping,malicious_obfuscated,malicious_obfuscated,1,0.0292,0.0212,0.9496
2083,reverse_shell,none,malicious_plain,malicious_plain,1,0.0417,0.9183,0.0400
2084,ddos_flood,none,malicious_plain,malicious_plain,1,0.0168,0.9506,0.0326
2085,data_exfiltration,tunnel_encapsulation,malicious_obfuscated,malicious_obfuscated,1,0.0105,0.0110,0.9785
2086,c2_beacon,none,malicious_plain,malicious_plain,1,0.0171,0.9461,0.0368
2087,reverse_shell,none,malicious_plain,malicious_plain,1,0.0277,0.8993,0.0730
2088,ddos_flood,none,malicious_plain,malicious_plain,1,0.0162,0.9220,0.0618
2089,ddos_flood,protocol_mimicry+timing_jitter+tunnel_encapsulation,malicious_obfuscated,malicious_obfuscated,1,0.0241,0.0129,0.9629
2090,brute_force,random_padding+timing_jitter,malicious_obfuscated,malicious_obfuscated,1,0.0175,0.0233,0.9592
2091,reverse_shell,none,malicious_plain,malicious_plain,1,0.0746,0.8888,0.0365
2092,port_scan,none,malicious_plain,malicious_plain,1,0.0124,0.9515,0.0361
2093,brute_force,protocol_mimicry,malicious_obfuscated,malicious_obfuscated,1,0.0176,0.0168,0.9656
2094,voip,protocol_mimicry+block_padding,benign,benign,1,0.5059,0.0318,0.4623
2095,reverse_shell,none,malicious_plain,malicious_plain,1,0.0093,0.9380,0.0526
2096,data_exfiltration,block_padding+tunnel_encapsulation,malicious_obfuscated,malicious_obfuscated,1,0.0101,0.0095,0.9805
2097,file_download,none,benign,benign,1,0.9607,0.0213,0.0180
2098,data_exfiltration,random_padding,malicious_obfuscated,malicious_obfuscated,1,0.0280,0.0256,0.9464
2099,dns_query,fragmentation+block_padding+tunnel_encapsulation,benign,benign,1,0.9369,0.0297,0.0335
2100,ddos_flood,none,malicious_plain,malicious_plain,1,0.0173,0.9508,0.0319
2101,port_scan,none,malicious_plain,malicious_plain,1,0.0170,0.9364,0.0466
2102,ssh_interactive,none,benign,benign,1,0.9625,0.0204,0.0171
2103,voip,timing_jitter+constant_rate_shaping+tunnel_encapsulation,benign,malicious_obfuscated,0,0.2007,0.0162,0.7831
2104,port_scan,fragmentation+random_padding+tunnel_encapsulation,malicious_obfuscated,malicious_obfuscated,1,0.0204,0.0196,0.9601
2105,c2_beacon,fragmentation+timing_jitter+tunnel_encapsulation,malicious_obfuscated,malicious_obfuscated,1,0.0282,0.0086,0.9631
2106,ddos_flood,none,malicious_plain,malicious_plain,1,0.0159,0.9509,0.0332
2107,video_streaming,none,benign,benign,1,0.9475,0.0325,0.0200
2108,c2_beacon,none,malicious_plain,malicious_plain,1,0.0163,0.9430,0.0407
2109,ssh_interactive,none,benign,benign,1,0.9756,0.0152,0.0092
2110,data_exfiltration,fragmentation,malicious_obfuscated,malicious_obfuscated,1,0.0202,0.0319,0.9479
2111,data_exfiltration,fragmentation+timing_jitter,malicious_obfuscated,malicious_obfuscated,1,0.0166,0.0214,0.9620
2112,reverse_shell,block_padding+dummy_injection+constant_rate_shaping,malicious_obfuscated,malicious_obfuscated,1,0.1927,0.0123,0.7950
2113,voip,constant_rate_shaping,benign,malicious_obfuscated,0,0.3710,0.0255,0.6036
2114,voip,block_padding+dummy_injection,benign,benign,1,0.8785,0.0232,0.0984
2115,file_download,none,benign,benign,1,0.9598,0.0220,0.0182
2116,ssh_interactive,block_padding+timing_jitter,benign,benign,1,0.8765,0.0148,0.1087
2117,ddos_flood,none,malicious_plain,malicious_plain,1,0.0149,0.9538,0.0313
2118,web_browsing,random_padding+timing_jitter,benign,benign,1,0.9746,0.0116,0.0138
2119,ssh_interactive,none,benign,benign,1,0.9681,0.0162,0.0157
2120,ddos_flood,dummy_injection+tunnel_encapsulation,malicious_obfuscated,malicious_obfuscated,1,0.0073,0.0082,0.9845
2121,brute_force,none,malicious_plain,malicious_plain,1,0.0174,0.9338,0.0488
2122,port_scan,none,malicious_plain,malicious_plain,1,0.0153,0.9386,0.0461
2123,port_scan,protocol_mimicry+fragmentation+block_padding,malicious_obfuscated,malicious_obfuscated,1,0.0391,0.0252,0.9357
2124,data_exfiltration,none,malicious_plain,malicious_plain,1,0.0180,0.9727,0.0094
2125,c2_beacon,none,malicious_plain,malicious_plain,1,0.0129,0.9467,0.0405
2126,reverse_shell,fragmentation+dummy_injection+timing_jitter,malicious_obfuscated,malicious_obfuscated,1,0.3533,0.0284,0.6183
2127,port_scan,dummy_injection+tunnel_encapsulation,malicious_obfuscated,malicious_obfuscated,1,0.0108,0.0121,0.9771
2128,c2_beacon,none,malicious_plain,malicious_plain,1,0.0216,0.9347,0.0437
2129,c2_beacon,none,malicious_plain,malicious_plain,1,0.0162,0.9478,0.0360
2130,voip,none,benign,benign,1,0.9778,0.0148,0.0073
2131,voip,none,benign,benign,1,0.9750,0.0161,0.0090
2132,port_scan,fragmentation+block_padding+tunnel_encapsulation,malicious_obfuscated,malicious_obfuscated,1,0.0134,0.0162,0.9704
2133,brute_force,constant_rate_shaping,malicious_obfuscated,malicious_obfuscated,1,0.0990,0.0111,0.8900
2134,data_exfiltration,protocol_mimicry+fragmentation+random_padding,malicious_obfuscated,malicious_obfuscated,1,0.0357,0.0278,0.9365
2135,ssh_interactive,random_padding+timing_jitter+tunnel_encapsulation,benign,benign,1,0.9356,0.0185,0.0459
2136,ssh_interactive,none,benign,benign,1,0.9769,0.0159,0.0072
2137,brute_force,none,malicious_plain,malicious_plain,1,0.0176,0.9304,0.0520
2138,c2_beacon,none,malicious_plain,malicious_plain,1,0.0201,0.9365,0.0434
2139,video_streaming,none,benign,benign,1,0.9627,0.0223,0.0150
2140,data_exfiltration,fragmentation+timing_jitter,malicious_obfuscated,malicious_obfuscated,1,0.0139,0.0280,0.9581
2141,port_scan,none,malicious_plain,malicious_plain,1,0.0183,0.9227,0.0589
2142,port_scan,none,malicious_plain,malicious_plain,1,0.0101,0.9641,0.0258
2143,brute_force,timing_jitter+tunnel_encapsulation,malicious_obfuscated,malicious_obfuscated,1,0.0269,0.0277,0.9455
2144,web_browsing,none,benign,benign,1,0.8445,0.1105,0.0450
2145,ddos_flood,none,malicious_plain,malicious_plain,1,0.0165,0.9535,0.0300
2146,reverse_shell,fragmentation,malicious_obfuscated,malicious_obfuscated,1,0.0223,0.0136,0.9641
2147,video_streaming,none,benign,benign,1,0.9520,0.0277,0.0203
2148,ddos_flood,none,malicious_plain,malicious_plain,1,0.0147,0.9546,0.0307
2149,data_exfiltration,tunnel_encapsulation,malicious_obfuscated,malicious_obfuscated,1,0.0074,0.0089,0.9836
2150,ddos_flood,none,malicious_plain,malicious_plain,1,0.0175,0.9511,0.0313
2151,video_streaming,block_padding,benign,benign,1,0.9671,0.0224,0.0105
2152,c2_beacon,none,malicious_plain,malicious_plain,1,0.0172,0.9375,0.0452
2153,c2_beacon,random_padding+constant_rate_shaping,malicious_obfuscated,malicious_obfuscated,1,0.1189,0.0099,0.8711
2154,reverse_shell,block_padding,malicious_obfuscated,malicious_obfuscated,1,0.0675,0.0490,0.8835
2155,port_scan,protocol_mimicry+block_padding+random_padding,malicious_obfuscated,malicious_obfuscated,1,0.0404,0.0203,0.9394
2156,brute_force,protocol_mimicry+block_padding+constant_rate_shaping,malicious_obfuscated,malicious_obfuscated,1,0.0168,0.0114,0.9718
2157,data_exfiltration,none,malicious_plain,malicious_plain,1,0.0170,0.9737,0.0093
2158,ssh_interactive,none,benign,benign,1,0.9609,0.0240,0.0151
2159,c2_beacon,random_padding+dummy_injection+constant_rate_shaping,malicious_obfuscated,malicious_obfuscated,1,0.1298,0.0141,0.8561
2160,c2_beacon,protocol_mimicry+timing_jitter+tunnel_encapsulation,malicious_obfuscated,malicious_obfuscated,1,0.2377,0.0203,0.7420
2161,ddos_flood,block_padding+timing_jitter+tunnel_encapsulation,malicious_obfuscated,malicious_obfuscated,1,0.0154,0.0162,0.9684
2162,brute_force,fragmentation+random_padding+tunnel_encapsulation,malicious_obfuscated,malicious_obfuscated,1,0.0177,0.0119,0.9703
2163,c2_beacon,timing_jitter,malicious_obfuscated,malicious_obfuscated,1,0.0369,0.1871,0.7760
2164,reverse_shell,fragmentation+block_padding,malicious_obfuscated,malicious_obfuscated,1,0.4308,0.0434,0.5258
2165,ddos_flood,timing_jitter+constant_rate_shaping+tunnel_encapsulation,malicious_obfuscated,malicious_obfuscated,1,0.0703,0.0138,0.9159
2166,ddos_flood,block_padding+timing_jitter+tunnel_encapsulation,malicious_obfuscated,malicious_obfuscated,1,0.0192,0.0208,0.9600
2167,c2_beacon,none,malicious_plain,malicious_plain,1,0.0196,0.9361,0.0443
2168,port_scan,random_padding,malicious_obfuscated,malicious_obfuscated,1,0.0178,0.0116,0.9707
2169,ddos_flood,fragmentation+random_padding,malicious_obfuscated,malicious_obfuscated,1,0.0270,0.0319,0.9412
2170,file_download,none,benign,benign,1,0.9658,0.0195,0.0147
2171,ssh_interactive,none,benign,benign,1,0.8817,0.0549,0.0634
2172,brute_force,none,malicious_plain,malicious_plain,1,0.0157,0.9333,0.0510
2173,brute_force,none,malicious_plain,malicious_plain,1,0.0152,0.9423,0.0426
2174,data_exfiltration,protocol_mimicry+timing_jitter,malicious_obfuscated,malicious_obfuscated,1,0.0278,0.0219,0.9503
2175,data_exfiltration,none,malicious_plain,malicious_plain,1,0.0235,0.9603,0.0162
2176,brute_force,none,malicious_plain,malicious_plain,1,0.0195,0.9294,0.0510
2177,data_exfiltration,none,malicious_plain,malicious_plain,1,0.0186,0.9723,0.0090
2178,c2_beacon,random_padding,malicious_obfuscated,malicious_obfuscated,1,0.0147,0.0388,0.9465
2179,ddos_flood,timing_jitter+constant_rate_shaping,malicious_obfuscated,malicious_obfuscated,1,0.0995,0.0309,0.8696
2180,ddos_flood,dummy_injection,malicious_obfuscated,malicious_obfuscated,1,0.0237,0.0365,0.9398
2181,reverse_shell,dummy_injection,malicious_obfuscated,malicious_plain,0,0.0183,0.9171,0.0645
2182,brute_force,none,malicious_plain,malicious_plain,1,0.0157,0.9375,0.0468
2183,video_streaming,none,benign,benign,1,0.9567,0.0257,0.0175
2184,ddos_flood,random_padding+constant_rate_shaping+tunnel_encapsulation,malicious_obfuscated,malicious_obfuscated,1,0.0178,0.0169,0.9653
2185,reverse_shell,timing_jitter+tunnel_encapsulation,malicious_obfuscated,benign,0,0.4662,0.0700,0.4638
2186,voip,dummy_injection+timing_jitter+tunnel_encapsulation,benign,benign,1,0.9534,0.0101,0.0365
2187,voip,block_padding+random_padding,benign,benign,1,0.9704,0.0176,0.0120
2188,reverse_shell,random_padding+dummy_injection,malicious_obfuscated,malicious_obfuscated,1,0.2279,0.0465,0.7257
2189,data_exfiltration,none,malicious_plain,malicious_plain,1,0.0177,0.9732,0.0091
2190,data_exfiltration,none,malicious_plain,malicious_plain,1,0.0172,0.9749,0.0079
2191,reverse_shell,block_padding+constant_rate_shaping,malicious_obfuscated,malicious_obfuscated,1,0.2952,0.0166,0.6882
2192,ssh_interactive,protocol_mimicry+block_padding+timing_jitter,benign,malicious_obfuscated,0,0.2955,0.0180,0.6865
2193,ddos_flood,protocol_mimicry+block_padding+timing_jitter,malicious_obfuscated,malicious_obfuscated,1,0.0190,0.0093,0.9717
2194,ssh_interactive,protocol_mimicry+dummy_injection,benign,benign,1,0.9286,0.0138,0.0576
2195,c2_beacon,protocol_mimicry,malicious_obfuscated,malicious_obfuscated,1,0.1031,0.0313,0.8656
2196,ddos_flood,none,malicious_plain,malicious_plain,1,0.0174,0.9241,0.0585
2197,data_exfiltration,block_padding+random_padding+constant_rate_shaping,malicious_obfuscated,malicious_obfuscated,1,0.0247,0.0156,0.9597
2198,data_exfiltration,none,malicious_plain,malicious_plain,1,0.0174,0.9736,0.0090
2199,ddos_flood,fragmentation+block_padding,malicious_obfuscated,malicious_obfuscated,1,0.0401,0.0322,0.9277
2200,port_scan,none,malicious_plain,malicious_plain,1,0.0191,0.9204,0.0605
2201,c2_beacon,block_padding+constant_rate_shaping,malicious_obfuscated,malicious_obfuscated,1,0.1886,0.0192,0.7922
2202,c2_beacon,protocol_mimicry+fragmentation+constant_rate_shaping,malicious_obfuscated,malicious_obfuscated,1,0.0588,0.0098,0.9314
2203,reverse_shell,tunnel_encapsulation,malicious_obfuscated,malicious_obfuscated,1,0.0346,0.0160,0.9494
2204,file_download,none,benign,benign,1,0.9622,0.0209,0.0169
2205,video_streaming,none,benign,benign,1,0.9564,0.0260,0.0176
2206,reverse_shell,protocol_mimicry+constant_rate_shaping+tunnel_encapsulation,malicious_obfuscated,malicious_obfuscated,1,0.3530,0.0210,0.6260
2207,brute_force,fragmentation+random_padding,malicious_obfuscated,malicious_obfuscated,1,0.0262,0.0447,0.9291
2208,port_scan,protocol_mimicry,malicious_obfuscated,malicious_obfuscated,1,0.0219,0.0159,0.9622
2209,port_scan,protocol_mimicry,malicious_obfuscated,malicious_obfuscated,1,0.0100,0.0100,0.9800
2210,reverse_shell,constant_rate_shaping,malicious_obfuscated,malicious_obfuscated,1,0.3287,0.0196,0.6517
2211,reverse_shell,none,malicious_plain,malicious_plain,1,0.0360,0.9585,0.0055
2212,data_exfiltration,none,malicious_plain,malicious_plain,1,0.0165,0.9729,0.0106
2213,video_streaming,none,benign,benign,1,0.9564,0.0258,0.0178
2214,reverse_shell,block_padding+random_padding+tunnel_encapsulation,malicious_obfuscated,malicious_obfuscated,1,0.0537,0.0319,0.9144
2215,data_exfiltration,protocol_mimicry+fragmentation+timing_jitter,malicious_obfuscated,malicious_obfuscated,1,0.0232,0.0224,0.9544
2216,ddos_flood,none,malicious_plain,malicious_plain,1,0.0155,0.9520,0.0325
2217,ddos_flood,protocol_mimicry,malicious_obfuscated,malicious_obfuscated,1,0.0118,0.0328,0.9554
2218,brute_force,none,malicious_plain,malicious_plain,1,0.0146,0.9366,0.0488
2219,file_download,protocol_mimicry+fragmentation+timing_jitter,benign,benign,1,0.9706,0.0185,0.0109
2220,brute_force,none,malicious_plain,malicious_plain,1,0.0168,0.9409,0.0424
2221,c2_beacon,none,malicious_plain,malicious_plain,1,0.0204,0.9362,0.0434
2222,file_download,none,benign,benign,1,0.9767,0.0131,0.0101
2223,reverse_shell,protocol_mimicry+tunnel_encapsulation,malicious_obfuscated,malicious_obfuscated,1,0.4656,0.0458,0.4886
2224,c2_beacon,none,malicious_plain,malicious_plain,1,0.0191,0.9389,0.0421
2225,data_exfiltration,constant_rate_shaping+tunnel_encapsulation,malicious_obfuscated,malicious_obfuscated,1,0.0499,0.0371,0.9130
2226,port_scan,fragmentation+tunnel_encapsulation,malicious_obfuscated,malicious_plain,0,0.0305,0.7091,0.2604
2227,video_streaming,block_padding+dummy_injection+constant_rate_shaping,benign,benign,1,0.9450,0.0234,0.0316
2228,web_browsing,block_padding+timing_jitter+constant_rate_shaping,benign,malicious_obfuscated,0,0.4268,0.0180,0.5552
2229,port_scan,none,malicious_plain,malicious_plain,1,0.0163,0.9498,0.0339
2230,brute_force,block_padding,malicious_obfuscated,malicious_obfuscated,1,0.0319,0.0328,0.9353
2231,data_exfiltration,none,malicious_plain,malicious_plain,1,0.0169,0.9725,0.0106
2232,voip,tunnel_encapsulation,benign,benign,1,0.9655,0.0130,0.0214
2233,brute_force,fragmentation+timing_jitter+tunnel_encapsulation,malicious_obfuscated,malicious_obfuscated,1,0.0118,0.0277,0.9604
2234,c2_beacon,none,malicious_plain,malicious_plain,1,0.0184,0.9352,0.0464
2235,ddos_flood,none,malicious_plain,malicious_plain,1,0.0171,0.9509,0.0319
2236,video_streaming,none,benign,benign,1,0.9635,0.0211,0.0154
2237,port_scan,random_padding,malicious_obfuscated,malicious_obfuscated,1,0.0237,0.0141,0.9621
2238,ddos_flood,block_padding,malicious_obfuscated,malicious_obfuscated,1,0.0390,0.0315,0.9295
2239,reverse_shell,protocol_mimicry+timing_jitter,malicious_obfuscated,malicious_obfuscated,1,0.1483,0.0253,0.8264
2240,file_download,none,benign,benign,1,0.9500,0.0271,0.0229
2241,web_browsing,fragmentation+constant_rate_shaping+tunnel_encapsulation,benign,malicious_obfuscated,0,0.4583,0.0571,0.4847
2242,video_streaming,none,benign,benign,1,0.9685,0.0186,0.0129
2243,ssh_interactive,fragmentation+random_padding,benign,benign,1,0.9090,0.0232,0.0678
2244,ddos_flood,timing_jitter+tunnel_encapsulation,malicious_obfuscated,malicious_obfuscated,1,0.0196,0.0265,0.9539
2245,reverse_shell,none,malicious_plain,malicious_plain,1,0.0074,0.9606,0.0320
2246,video_streaming,none,benign,benign,1,0.9679,0.0211,0.0110
2247,reverse_shell,fragmentation+block_padding+constant_rate_shaping,malicious_obfuscated,malicious_obfuscated,1,0.1473,0.0182,0.8344
2248,c2_beacon,none,malicious_plain,malicious_plain,1,0.0232,0.9290,0.0477
2249,ssh_interactive,none,benign,benign,1,0.9420,0.0291,0.0289
2250,web_browsing,none,benign,benign,1,0.9656,0.0199,0.0145
2251,ddos_flood,none,malicious_plain,malicious_plain,1,0.0160,0.9511,0.0329
2252,ddos_flood,fragmentation,malicious_obfuscated,malicious_plain,0,0.0149,0.9513,0.0338
2253,port_scan,none,malicious_plain,malicious_plain,1,0.0137,0.9428,0.0435
2254,c2_beacon,protocol_mimicry+fragmentation+block_padding,malicious_obfuscated,malicious_obfuscated,1,0.0637,0.0108,0.9255
2255,voip,block_padding+random_padding+timing_jitter,benign,benign,1,0.9665,0.0114,0.0222
2256,data_exfiltration,none,malicious_plain,malicious_plain,1,0.0167,0.9755,0.0078
2257,brute_force,none,malicious_plain,malicious_plain,1,0.0174,0.9279,0.0547
2258,voip,none,benign,benign,1,0.9763,0.0161,0.0076
2259,ddos_flood,none,malicious_plain,malicious_plain,1,0.0150,0.9520,0.0330
2260,reverse_shell,random_padding+dummy_injection+constant_rate_shaping,malicious_obfuscated,malicious_obfuscated,1,0.2619,0.0169,0.7212
2261,voip,none,benign,benign,1,0.9727,0.0173,0.0100
2262,brute_force,protocol_mimicry+fragmentation,malicious_obfuscated,malicious_obfuscated,1,0.0408,0.0138,0.9454
2263,data_exfiltration,none,malicious_plain,malicious_plain,1,0.0201,0.9704,0.0095
2264,voip,fragmentation+dummy_injection+tunnel_encapsulation,benign,benign,1,0.6997,0.0449,0.2553
2265,reverse_shell,protocol_mimicry,malicious_obfuscated,malicious_obfuscated,1,0.3079,0.0460,0.6460
2266,web_browsing,none,benign,benign,1,0.9677,0.0199,0.0124
2267,c2_beacon,none,malicious_plain,malicious_plain,1,0.0151,0.9507,0.0343
2268,ddos_flood,none,malicious_plain,malicious_plain,1,0.0167,0.9488,0.0344
2269,port_scan,fragmentation+dummy_injection+timing_jitter,malicious_obfuscated,malicious_obfuscated,1,0.0375,0.0167,0.9458
2270,reverse_shell,none,malicious_plain,malicious_plain,1,0.0079,0.9722,0.0200
2271,ddos_flood,protocol_mimicry+dummy_injection,malicious_obfuscated,malicious_obfuscated,1,0.0405,0.0193,0.9402
2272,reverse_shell,none,malicious_plain,malicious_plain,1,0.0257,0.9406,0.0337
2273,brute_force,constant_rate_shaping,malicious_obfuscated,malicious_obfuscated,1,0.0816,0.0113,0.9071
2274,voip,none,benign,benign,1,0.9759,0.0161,0.0080
2275,ddos_flood,none,malicious_plain,malicious_plain,1,0.0159,0.9538,0.0303
2276,dns_query,constant_rate_shaping,benign,malicious_obfuscated,0,0.2242,0.0168,0.7590
2277,ssh_interactive,tunnel_encapsulation,benign,benign,1,0.9609,0.0144,0.0247
2278,data_exfiltration,fragmentation+block_padding,malicious_obfuscated,malicious_obfuscated,1,0.0188,0.0092,0.9721
2279,ssh_interactive,random_padding+timing_jitter+tunnel_encapsulation,benign,benign,1,0.9682,0.0142,0.0177
2280,ssh_interactive,none,benign,benign,1,0.9622,0.0229,0.0149
2281,c2_beacon,random_padding+timing_jitter,malicious_obfuscated,malicious_obfuscated,1,0.0233,0.4017,0.5750
2282,reverse_shell,none,malicious_plain,malicious_plain,1,0.0300,0.9039,0.0661
2283,port_scan,none,malicious_plain,malicious_plain,1,0.0123,0.9484,0.0393
2284,web_browsing,none,benign,benign,1,0.8411,0.1087,0.0502
2285,port_scan,constant_rate_shaping,malicious_obfuscated,malicious_obfuscated,1,0.0275,0.0142,0.9582
2286,web_browsing,protocol_mimicry+random_padding+tunnel_encapsulation,benign,malicious_obfuscated,0,0.2109,0.0612,0.7279
2287,data_exfiltration,protocol_mimicry+fragmentation+timing_jitter,malicious_obfuscated,malicious_obfuscated,1,0.0456,0.0261,0.9283
2288,voip,none,benign,benign,1,0.9778,0.0147,0.0075
2289,reverse_shell,none,malicious_plain,malicious_plain,1,0.0444,0.9445,0.0111
2290,file_download,none,benign,benign,1,0.9640,0.0202,0.0158
2291,port_scan,block_padding+timing_jitter+constant_rate_shaping,malicious_obfuscated,malicious_obfuscated,1,0.1981,0.0207,0.7813
2292,brute_force,protocol_mimicry,malicious_obfuscated,benign,0,0.6573,0.0974,0.2454
2293,port_scan,none,malicious_plain,malicious_plain,1,0.0179,0.9237,0.0584
2294,port_scan,none,malicious_plain,malicious_plain,1,0.0190,0.9121,0.0689
2295,ssh_interactive,none,benign,benign,1,0.9683,0.0186,0.0131
2296,data_exfiltration,none,malicious_plain,malicious_plain,1,0.0237,0.9676,0.0087
2297,ddos_flood,none,malicious_plain,malicious_plain,1,0.0189,0.9399,0.0413
2298,file_download,none,benign,benign,1,0.9631,0.0178,0.0192
2299,ssh_interactive,none,benign,benign,1,0.9644,0.0195,0.0161
2300,brute_force,block_padding,malicious_obfuscated,malicious_obfuscated,1,0.0867,0.0350,0.8783
2301,video_streaming,none,benign,benign,1,0.9649,0.0215,0.0137
2302,port_scan,none,malicious_plain,malicious_plain,1,0.0143,0.9412,0.0445
2303,ddos_flood,dummy_injection,malicious_obfuscated,malicious_obfuscated,1,0.0237,0.0561,0.9202
2304,port_scan,fragmentation+random_padding+timing_jitter,malicious_obfuscated,malicious_obfuscated,1,0.0131,0.0252,0.9616
2305,file_download,dummy_injection,benign,benign,1,0.9686,0.0138,0.0176
2306,voip,none,benign,benign,1,0.9728,0.0177,0.0095
2307,ssh_interactive,none,benign,benign,1,0.9694,0.0188,0.0118
2308,port_scan,none,malicious_plain,malicious_plain,1,0.0173,0.9443,0.0384
2309,web_browsing,fragmentation+constant_rate_shaping,benign,malicious_obfuscated,0,0.2216,0.0250,0.7534
2310,brute_force,none,malicious_plain,malicious_plain,1,0.0159,0.9365,0.0475
2311,ssh_interactive,none,benign,benign,1,0.9634,0.0227,0.0139
2312,video_streaming,none,benign,benign,1,0.9596,0.0251,0.0153
2313,file_download,none,benign,benign,1,0.9571,0.0243,0.0185
2314,voip,none,benign,benign,1,0.9770,0.0149,0.0082
2315,port_scan,protocol_mimicry+block_padding,malicious_obfuscated,malicious_obfuscated,1,0.0214,0.0079,0.9707
2316,brute_force,constant_rate_shaping+tunnel_encapsulation,malicious_obfuscated,malicious_obfuscated,1,0.2437,0.0216,0.7347
2317,ddos_flood,constant_rate_shaping,malicious_obfuscated,malicious_obfuscated,1,0.0505,0.0299,0.9196
2318,brute_force,protocol_mimicry+fragmentation+block_padding,malicious_obfuscated,malicious_obfuscated,1,0.0135,0.0067,0.9798
2319,c2_beacon,protocol_mimicry+block_padding,malicious_obfuscated,malicious_obfuscated,1,0.0397,0.0100,0.9503
2320,reverse_shell,none,malicious_plain,malicious_plain,1,0.0229,0.9293,0.0478
2321,data_exfiltration,protocol_mimicry+dummy_injection+timing_jitter,malicious_obfuscated,malicious_obfuscated,1,0.2553,0.0250,0.7197
2322,port_scan,block_padding+timing_jitter+constant_rate_shaping,malicious_obfuscated,malicious_obfuscated,1,0.1174,0.0120,0.8706
2323,c2_beacon,tunnel_encapsulation,malicious_obfuscated,malicious_obfuscated,1,0.0692,0.0261,0.9047
2324,file_download,none,benign,benign,1,0.9675,0.0185,0.0140
2325,ssh_interactive,tunnel_encapsulation,benign,benign,1,0.9606,0.0208,0.0186
2326,c2_beacon,tunnel_encapsulation,malicious_obfuscated,malicious_obfuscated,1,0.0259,0.0156,0.9584
2327,file_download,none,benign,benign,1,0.9631,0.0219,0.0150
2328,dns_query,block_padding+random_padding+tunnel_encapsulation,benign,benign,1,0.8112,0.0863,0.1024
2329,brute_force,random_padding+constant_rate_shaping,malicious_obfuscated,malicious_obfuscated,1,0.0789,0.0360,0.8851
2330,reverse_shell,none,malicious_plain,malicious_plain,1,0.0132,0.9543,0.0325
2331,c2_beacon,fragmentation+random_padding+constant_rate_shaping,malicious_obfuscated,malicious_obfuscated,1,0.2507,0.0186,0.7307
2332,ssh_interactive,protocol_mimicry+fragmentation+timing_jitter,benign,malicious_obfuscated,0,0.1136,0.0236,0.8628
2333,port_scan,block_padding+random_padding+dummy_injection,malicious_obfuscated,malicious_obfuscated,1,0.0806,0.0236,0.8959
2334,port_scan,none,malicious_plain,malicious_plain,1,0.0109,0.9537,0.0355
2335,video_streaming,none,benign,benign,1,0.9613,0.0202,0.0185
2336,brute_force,none,malicious_plain,malicious_plain,1,0.0165,0.9298,0.0537
2337,data_exfiltration,none,malicious_plain,malicious_plain,1,0.0232,0.9675,0.0093
2338,ssh_interactive,constant_rate_shaping+tunnel_encapsulation,benign,benign,1,0.6574,0.0278,0.3148
2339,port_scan,fragmentation+dummy_injection+timing_jitter,malicious_obfuscated,malicious_obfuscated,1,0.0740,0.0157,0.9103
2340,brute_force,none,malicious_plain,malicious_plain,1,0.0195,0.9372,0.0433
2341,file_download,none,benign,benign,1,0.9584,0.0225,0.0191
2342,port_scan,block_padding,malicious_obfuscated,malicious_obfuscated,1,0.0172,0.0153,0.9675
2343,file_download,random_padding+timing_jitter,benign,benign,1,0.9619,0.0234,0.0147
2344,ddos_flood,timing_jitter,malicious_obfuscated,malicious_obfuscated,1,0.0187,0.0405,0.9408
2345,brute_force,none,malicious_plain,malicious_plain,1,0.0159,0.9493,0.0348
2346,ssh_interactive,none,benign,benign,1,0.9760,0.0154,0.0086
2347,web_browsing,none,benign,benign,1,0.9811,0.0138,0.0051
2348,ddos_flood,none,malicious_plain,malicious_plain,1,0.0163,0.9529,0.0309
2349,file_download,none,benign,benign,1,0.9577,0.0227,0.0196
2350,reverse_shell,dummy_injection+timing_jitter,malicious_obfuscated,benign,0,0.7664,0.0276,0.2060
2351,ddos_flood,fragmentation+block_padding+random_padding,malicious_obfuscated,malicious_obfuscated,1,0.0253,0.0156,0.9591
2352,brute_force,dummy_injection+tunnel_encapsulation,malicious_obfuscated,malicious_obfuscated,1,0.2023,0.0346,0.7631
2353,reverse_shell,fragmentation+tunnel_encapsulation,malicious_obfuscated,malicious_obfuscated,1,0.0238,0.0096,0.9666
2354,video_streaming,none,benign,benign,1,0.9660,0.0200,0.0139
2355,file_download,random_padding+tunnel_encapsulation,benign,benign,1,0.9553,0.0236,0.0211
2356,ssh_interactive,fragmentation+dummy_injection+timing_jitter,benign,benign,1,0.9008,0.0240,0.0752
2357,ddos_flood,protocol_mimicry+dummy_injection,malicious_obfuscated,malicious_obfuscated,1,0.0206,0.0172,0.9622
2358,brute_force,none,malicious_plain,malicious_plain,1,0.0175,0.9367,0.0457
2359,c2_beacon,protocol_mimicry+tunnel_encapsulation,malicious_obfuscated,malicious_obfuscated,1,0.4761,0.0300,0.4938
2360,file_download,protocol_mimicry+constant_rate_shaping,benign,benign,1,0.9363,0.0275,0.0362
2361,voip,none,benign,benign,1,0.9768,0.0153,0.0079
2362,data_exfiltration,none,malicious_plain,malicious_plain,1,0.0161,0.9727,0.0112
2363,data_exfiltration,protocol_mimicry,malicious_obfuscated,malicious_obfuscated,1,0.0394,0.0187,0.9419
2364,data_exfiltration,none,malicious_plain,malicious_plain,1,0.0169,0.9755,0.0076
2365,ssh_interactive,none,benign,benign,1,0.9675,0.0197,0.0128
2366,data_exfiltration,none,malicious_plain,malicious_plain,1,0.0209,0.9693,0.0098
2367,port_scan,none,malicious_plain,malicious_plain,1,0.0120,0.9462,0.0419
2368,file_download,none,benign,benign,1,0.9427,0.0301,0.0272
2369,reverse_shell,none,malicious_plain,malicious_plain,1,0.0065,0.9543,0.0391
2370,ddos_flood,none,malicious_plain,malicious_plain,1,0.0134,0.9534,0.0333
2371,voip,protocol_mimicry+constant_rate_shaping,benign,malicious_obfuscated,0,0.4341,0.0445,0.5214
2372,ssh_interactive,none,benign,benign,1,0.9692,0.0193,0.0115
2373,voip,none,benign,benign,1,0.9766,0.0155,0.0079
2374,ssh_interactive,block_padding+constant_rate_shaping,benign,benign,1,0.4952,0.0225,0.4823
2375,reverse_shell,none,malicious_plain,malicious_plain,1,0.0092,0.9561,0.0347
2376,reverse_shell,none,malicious_plain,malicious_plain,1,0.0292,0.8171,0.1536
2377,data_exfiltration,none,malicious_plain,malicious_plain,1,0.0181,0.9726,0.0093
2378,c2_beacon,dummy_injection+timing_jitter,malicious_obfuscated,malicious_obfuscated,1,0.0118,0.0080,0.9802
2379,brute_force,fragmentation,malicious_obfuscated,malicious_obfuscated,1,0.0565,0.0642,0.8793
2380,port_scan,protocol_mimicry,malicious_obfuscated,malicious_obfuscated,1,0.0298,0.0523,0.9179
2381,reverse_shell,none,malicious_plain,malicious_plain,1,0.0100,0.9307,0.0594
2382,web_browsing,none,benign,benign,1,0.9576,0.0262,0.0162
2383,ssh_interactive,constant_rate_shaping,benign,benign,1,0.6004,0.0243,0.3753
2384,web_browsing,random_padding,benign,benign,1,0.8742,0.0248,0.1010
2385,brute_force,protocol_mimicry+dummy_injection,malicious_obfuscated,malicious_obfuscated,1,0.1252,0.0284,0.8464
2386,reverse_shell,block_padding+timing_jitter+constant_rate_shaping,malicious_obfuscated,malicious_obfuscated,1,0.1985,0.0205,0.7811
2387,port_scan,none,malicious_plain,malicious_plain,1,0.0194,0.9488,0.0318
2388,reverse_shell,random_padding,malicious_obfuscated,malicious_plain,0,0.0419,0.4870,0.4711
2389,port_scan,fragmentation+timing_jitter+tunnel_encapsulation,malicious_obfuscated,malicious_obfuscated,1,0.0254,0.0219,0.9527
2390,ddos_flood,fragmentation+block_padding+timing_jitter,malicious_obfuscated,malicious_obfuscated,1,0.0158,0.0156,0.9686
2391,ssh_interactive,none,benign,benign,1,0.9699,0.0178,0.0124
2392,ddos_flood,none,malicious_plain,malicious_plain,1,0.0145,0.9526,0.0329
2393,ssh_interactive,none,benign,benign,1,0.9607,0.0212,0.0181
2394,voip,none,benign,benign,1,0.9784,0.0145,0.0071
2395,ddos_flood,dummy_injection,malicious_obfuscated,malicious_obfuscated,1,0.0241,0.0997,0.8763
2396,voip,none,benign,benign,1,0.9780,0.0154,0.0066
2397,file_download,none,benign,benign,1,0.9553,0.0235,0.0213
2398,port_scan,none,malicious_plain,malicious_plain,1,0.0173,0.9310,0.0517
2399,c2_beacon,protocol_mimicry+random_padding,malicious_obfuscated,malicious_obfuscated,1,0.2952,0.0564,0.6484
2400,voip,none,benign,benign,1,0.9756,0.0150,0.0093
2401,ddos_flood,none,malicious_plain,malicious_plain,1,0.0150,0.9517,0.0333
2402,port_scan,none,malicious_plain,malicious_plain,1,0.0178,0.9506,0.0315
2403,file_download,none,benign,benign,1,0.9520,0.0283,0.0197
2404,web_browsing,none,benign,benign,1,0.9571,0.0274,0.0155
2405,c2_beacon,protocol_mimicry+tunnel_encapsulation,malicious_obfuscated,benign,0,0.5530,0.0320,0.4151
2406,c2_beacon,none,malicious_plain,malicious_plain,1,0.0185,0.9369,0.0447
2407,port_scan,none,malicious_plain,malicious_plain,1,0.0140,0.9368,0.0492
2408,ddos_flood,none,malicious_plain,malicious_plain,1,0.0157,0.9510,0.0332
2409,reverse_shell,block_padding+dummy_injection+constant_rate_shaping,malicious_obfuscated,malicious_obfuscated,1,0.4016,0.0213,0.5771
2410,brute_force,none,malicious_plain,malicious_plain,1,0.0169,0.9348,0.0484
2411,port_scan,none,malicious_plain,malicious_plain,1,0.0122,0.9423,0.0455
2412,data_exfiltration,none,malicious_plain,malicious_plain,1,0.0155,0.9753,0.0093
2413,reverse_shell,random_padding+timing_jitter,malicious_obfuscated,malicious_obfuscated,1,0.0213,0.1106,0.8681
2414,brute_force,none,malicious_plain,malicious_plain,1,0.0152,0.9412,0.0435
2415,video_streaming,timing_jitter,benign,benign,1,0.9651,0.0233,0.0117
2416,web_browsing,fragmentation+block_padding+random_padding,benign,benign,1,0.9581,0.0196,0.0224
2417,reverse_shell,constant_rate_shaping,malicious_obfuscated,malicious_obfuscated,1,0.2729,0.0187,0.7083
2418,voip,fragmentation+tunnel_encapsulation,benign,benign,1,0.5042,0.0376,0.4581
2419,port_scan,none,malicious_plain,malicious_plain,1,0.0098,0.9645,0.0257
2420,file_download,none,benign,benign,1,0.9382,0.0326,0.0292
2421,c2_beacon,random_padding,malicious_obfuscated,malicious_obfuscated,1,0.0163,0.0370,0.9467
2422,data_exfiltration,none,malicious_plain,malicious_plain,1,0.0172,0.9728,0.0100
2423,reverse_shell,none,malicious_plain,malicious_plain,1,0.0144,0.9620,0.0236
2424,video_streaming,fragmentation,benign,benign,1,0.9511,0.0268,0.0221
2425,data_exfiltration,block_padding+random_padding+tunnel_encapsulation,malicious_obfuscated,malicious_obfuscated,1,0.0090,0.0090,0.9819
2426,port_scan,none,malicious_plain,malicious_plain,1,0.0104,0.9529,0.0367
2427,web_browsing,protocol_mimicry,benign,benign,1,0.9220,0.0177,0.0604
2428,port_scan,none,malicious_plain,malicious_plain,1,0.0136,0.9390,0.0474
2429,port_scan,block_padding+dummy_injection+timing_jitter,malicious_obfuscated,malicious_obfuscated,1,0.0789,0.0125,0.9086
2430,brute_force,constant_rate_shaping,malicious_obfuscated,malicious_obfuscated,1,0.2336,0.0179,0.7485
2431,brute_force,none,malicious_plain,malicious_plain,1,0.0252,0.9348,0.0399
2432,voip,none,benign,benign,1,0.9759,0.0155,0.0086
2433,web_browsing,fragmentation+timing_jitter+tunnel_encapsulation,benign,benign,1,0.7770,0.0549,0.1681
2434,voip,none,benign,benign,1,0.9755,0.0163,0.0082
2435,voip,none,benign,benign,1,0.9729,0.0174,0.0097
2436,reverse_shell,none,malicious_plain,malicious_plain,1,0.0888,0.8808,0.0304
2437,file_download,none,benign,benign,1,0.9558,0.0245,0.0197
2438,ssh_interactive,none,benign,benign,1,0.9724,0.0153,0.0122
2439,ddos_flood,none,malicious_plain,malicious_plain,1,0.0148,0.9267,0.0585
2440,c2_beacon,none,malicious_plain,malicious_plain,1,0.0190,0.9373,0.0437
2441,voip,none,benign,benign,1,0.9765,0.0153,0.0082
2442,voip,timing_jitter,benign,benign,1,0.9564,0.0202,0.0234
2443,ddos_flood,protocol_mimicry+timing_jitter,malicious_obfuscated,malicious_obfuscated,1,0.0176,0.0192,0.9632
2444,web_browsing,none,benign,benign,1,0.9537,0.0274,0.0188
2445,web_browsing,none,benign,benign,1,0.9707,0.0165,0.0129
2446,port_scan,dummy_injection+timing_jitter,malicious_obfuscated,malicious_obfuscated,1,0.0348,0.0299,0.9353
2447,video_streaming,none,benign,benign,1,0.9594,0.0227,0.0179
2448,web_browsing,block_padding+tunnel_encapsulation,benign,benign,1,0.5371,0.0375,0.4254
2449,port_scan,none,malicious_plain,malicious_plain,1,0.0118,0.9495,0.0387
2450,file_download,none,benign,benign,1,0.9628,0.0212,0.0161
2451,c2_beacon,protocol_mimicry+block_padding+timing_jitter,malicious_obfuscated,malicious_obfuscated,1,0.1041,0.0185,0.8774
2452,c2_beacon,timing_jitter,malicious_obfuscated,malicious_plain,0,0.0158,0.9425,0.0417
2453,brute_force,protocol_mimicry+block_padding+dummy_injection,malicious_obfuscated,malicious_obfuscated,1,0.3846,0.0219,0.5936
2454,web_browsing,none,benign,benign,1,0.9151,0.0354,0.0494
2455,file_download,constant_rate_shaping,benign,benign,1,0.9192,0.0365,0.0444
2456,data_exfiltration,none,malicious_plain,malicious_plain,1,0.0145,0.9764,0.0091
2457,reverse_shell,none,malicious_plain,malicious_plain,1,0.0099,0.9694,0.0207
2458,brute_force,none,malicious_plain,malicious_plain,1,0.0151,0.9327,0.0522
2459,video_streaming,fragmentation,benign,benign,1,0.9500,0.0257,0.0242
2460,web_browsing,none,benign,benign,1,0.9404,0.0355,0.0241
2461,ddos_flood,block_padding+dummy_injection+tunnel_encapsulation,malicious_obfuscated,malicious_obfuscated,1,0.0080,0.0057,0.9863
2462,brute_force,none,malicious_plain,malicious_plain,1,0.0233,0.9309,0.0458
2463,web_browsing,none,benign,benign,1,0.9871,0.0087,0.0041
2464,ddos_flood,constant_rate_shaping,malicious_obfuscated,malicious_obfuscated,1,0.0309,0.0263,0.9428
2465,brute_force,none,malicious_plain,malicious_plain,1,0.0216,0.9204,0.0579
2466,port_scan,protocol_mimicry+random_padding,malicious_obfuscated,malicious_obfuscated,1,0.0396,0.0222,0.9381
2467,brute_force,none,malicious_plain,malicious_plain,1,0.0153,0.9383,0.0464
2468,port_scan,none,malicious_plain,malicious_plain,1,0.0126,0.9495,0.0379
2469,ddos_flood,fragmentation,malicious_obfuscated,malicious_plain,0,0.0152,0.9523,0.0325
2470,ddos_flood,random_padding,malicious_obfuscated,malicious_obfuscated,1,0.0222,0.0351,0.9427
2471,c2_beacon,none,malicious_plain,malicious_plain,1,0.0201,0.9399,0.0401
2472,reverse_shell,protocol_mimicry+tunnel_encapsulation,malicious_obfuscated,malicious_obfuscated,1,0.0732,0.0142,0.9127
2473,brute_force,none,malicious_plain,malicious_plain,1,0.0160,0.9301,0.0539
2474,video_streaming,none,benign,benign,1,0.9670,0.0186,0.0144
2475,port_scan,protocol_mimicry+fragmentation,malicious_obfuscated,malicious_obfuscated,1,0.0152,0.0177,0.9671
2476,c2_beacon,block_padding+random_padding+timing_jitter,malicious_obfuscated,malicious_obfuscated,1,0.0122,0.0261,0.9616
2477,voip,protocol_mimicry+dummy_injection+timing_jitter,benign,benign,1,0.9356,0.0109,0.0535
2478,data_exfiltration,none,malicious_plain,malicious_plain,1,0.0176,0.9727,0.0098
2479,c2_beacon,none,malicious_plain,malicious_plain,1,0.0138,0.9490,0.0372
2480,reverse_shell,none,malicious_plain,malicious_plain,1,0.0121,0.9784,0.0095
2481,web_browsing,none,benign,benign,1,0.9792,0.0139,0.0069
2482,brute_force,block_padding+random_padding,malicious_obfuscated,malicious_obfuscated,1,0.0214,0.0399,0.9387
2483,brute_force,none,malicious_plain,malicious_plain,1,0.0176,0.9351,0.0473
2484,c2_beacon,none,malicious_plain,malicious_plain,1,0.0207,0.9370,0.0422
2485,c2_beacon,none,malicious_plain,malicious_plain,1,0.0156,0.9450,0.0394
2486,port_scan,none,malicious_plain,malicious_plain,1,0.0141,0.9411,0.0448
2487,voip,timing_jitter+constant_rate_shaping,benign,malicious_obfuscated,0,0.2271,0.0207,0.7522
2488,ddos_flood,protocol_mimicry+fragmentation,malicious_obfuscated,malicious_obfuscated,1,0.0144,0.0250,0.9606
2489,video_streaming,block_padding,benign,benign,1,0.9651,0.0214,0.0135
2490,port_scan,constant_rate_shaping,malicious_obfuscated,malicious_obfuscated,1,0.1074,0.0180,0.8745
2491,brute_force,none,malicious_plain,malicious_plain,1,0.0165,0.9376,0.0460
2492,data_exfiltration,none,malicious_plain,malicious_plain,1,0.0228,0.9651,0.0121
2493,data_exfiltration,tunnel_encapsulation,malicious_obfuscated,malicious_obfuscated,1,0.0103,0.0264,0.9633
2494,data_exfiltration,block_padding+random_padding+tunnel_encapsulation,malicious_obfuscated,malicious_obfuscated,1,0.0074,0.0087,0.9839
2495,file_download,timing_jitter,benign,benign,1,0.9614,0.0216,0.0170
2496,brute_force,tunnel_encapsulation,malicious_obfuscated,malicious_obfuscated,1,0.0351,0.0433,0.9217
2497,ssh_interactive,none,benign,benign,1,0.9763,0.0166,0.0071
2498,port_scan,protocol_mimicry+block_padding+constant_rate_shaping,malicious_obfuscated,malicious_obfuscated,1,0.0407,0.0275,0.9318
2499,port_scan,none,malicious_plain,malicious_plain,1,0.0107,0.9624,0.0269
2500,brute_force,none,malicious_plain,malicious_plain,1,0.0163,0.9316,0.0520
2501,ssh_interactive,none,benign,benign,1,0.9659,0.0189,0.0151
2502,port_scan,protocol_mimicry+dummy_injection+constant_rate_shaping,malicious_obfuscated,malicious_obfuscated,1,0.0225,0.0113,0.9663
2503,data_exfiltration,none,malicious_plain,malicious_plain,1,0.0166,0.9746,0.0088
2504,ddos_flood,protocol_mimicry+constant_rate_shaping+tunnel_encapsulation,malicious_obfuscated,malicious_obfuscated,1,0.0136,0.0125,0.9739
2505,port_scan,protocol_mimicry+constant_rate_shaping,malicious_obfuscated,malicious_obfuscated,1,0.3826,0.0245,0.5928
2506,video_streaming,none,benign,benign,1,0.9627,0.0211,0.0162
2507,ssh_interactive,protocol_mimicry+tunnel_encapsulation,benign,benign,1,0.5335,0.0244,0.4421
2508,reverse_shell,random_padding,malicious_obfuscated,malicious_obfuscated,1,0.0314,0.0967,0.8719
2509,port_scan,dummy_injection,malicious_obfuscated,malicious_obfuscated,1,0.0242,0.0342,0.9416
2510,voip,none,benign,benign,1,0.9773,0.0151,0.0077
2511,c2_beacon,none,malicious_plain,malicious_plain,1,0.0180,0.9403,0.0417
2512,file_download,dummy_injection+constant_rate_shaping,benign,benign,1,0.5325,0.0456,0.4219
2513,reverse_shell,none,malicious_plain,malicious_plain,1,0.0074,0.9579,0.0346
2514,voip,none,benign,benign,1,0.9763,0.0164,0.0074
2515,voip,fragmentation+block_padding+tunnel_encapsulation,benign,benign,1,0.9419,0.0139,0.0443
2516,port_scan,constant_rate_shaping,malicious_obfuscated,malicious_obfuscated,1,0.0306,0.0173,0.9522
2517,brute_force,timing_jitter+constant_rate_shaping,malicious_obfuscated,malicious_obfuscated,1,0.3069,0.0204,0.6726
2518,reverse_shell,timing_jitter,malicious_obfuscated,malicious_obfuscated,1,0.0355,0.0647,0.8998
2519,voip,none,benign,benign,1,0.9776,0.0150,0.0074
2520,brute_force,none,malicious_plain,malicious_plain,1,0.0282,0.9276,0.0442
2521,web_browsing,fragmentation+constant_rate_shaping,benign,benign,1,0.8817,0.0437,0.0746
2522,brute_force,none,malicious_plain,malicious_plain,1,0.0153,0.9407,0.0439
2523,port_scan,none,malicious_plain,malicious_plain,1,0.0114,0.9501,0.0385
2524,reverse_shell,block_padding+timing_jitter+constant_rate_shaping,malicious_obfuscated,malicious_obfuscated,1,0.1471,0.0117,0.8412
2525,data_exfiltration,none,malicious_plain,malicious_plain,1,0.0274,0.9649,0.0078
2526,web_browsing,none,benign,benign,1,0.9641,0.0239,0.0120
2527,ddos_flood,protocol_mimicry+block_padding+random_padding,malicious_obfuscated,malicious_obfuscated,1,0.0228,0.0228,0.9544
2528,reverse_shell,random_padding+timing_jitter+constant_rate_shaping,malicious_obfuscated,malicious_obfuscated,1,0.1481,0.0129,0.8389
2529,ddos_flood,none,malicious_plain,malicious_plain,1,0.0137,0.9568,0.0296
2530,file_download,none,benign,benign,1,0.9689,0.0163,0.0148
2531,brute_force,none,malicious_plain,malicious_plain,1,0.0145,0.9381,0.0474
2532,voip,none,benign,benign,1,0.9787,0.0144,0.0069
2533,brute_force,none,malicious_plain,malicious_plain,1,0.0158,0.9441,0.0401
2534,port_scan,protocol_mimicry+timing_jitter+tunnel_encapsulation,malicious_obfuscated,malicious_obfuscated,1,0.0090,0.0060,0.9851
2535,c2_beacon,none,malicious_plain,malicious_plain,1,0.0187,0.9353,0.0460
2536,file_download,none,benign,benign,1,0.9616,0.0217,0.0167
2537,ssh_interactive,none,benign,benign,1,0.9649,0.0250,0.0101
2538,ddos_flood,none,malicious_plain,malicious_plain,1,0.0189,0.9471,0.0340
2539,data_exfiltration,none,malicious_plain,malicious_plain,1,0.0174,0.9723,0.0104
2540,brute_force,none,malicious_plain,malicious_plain,1,0.0164,0.9285,0.0551
2541,file_download,none,benign,benign,1,0.9600,0.0231,0.0169
2542,data_exfiltration,none,malicious_plain,malicious_plain,1,0.0160,0.9749,0.0091
2543,file_download,none,benign,benign,1,0.9661,0.0200,0.0139
2544,file_download,none,benign,benign,1,0.9456,0.0286,0.0258
2545,c2_beacon,dummy_injection,malicious_obfuscated,malicious_obfuscated,1,0.0186,0.0163,0.9650
2546,port_scan,protocol_mimicry+fragmentation+constant_rate_shaping,malicious_obfuscated,malicious_obfuscated,1,0.1762,0.0129,0.8109
2547,reverse_shell,none,malicious_plain,malicious_plain,1,0.0840,0.8709,0.0451
2548,dns_query,random_padding+dummy_injection,benign,benign,1,0.4758,0.1133,0.4109
2549,data_exfiltration,none,malicious_plain,malicious_plain,1,0.0217,0.9673,0.0110
2550,brute_force,fragmentation+timing_jitter+tunnel_encapsulation,malicious_obfuscated,malicious_obfuscated,1,0.0284,0.0336,0.9380
2551,c2_beacon,none,malicious_plain,malicious_plain,1,0.0187,0.9405,0.0407
2552,voip,block_padding+timing_jitter,benign,malicious_obfuscated,0,0.4658,0.0218,0.5125
2553,ddos_flood,random_padding+timing_jitter,malicious_obfuscated,malicious_obfuscated,1,0.0285,0.0203,0.9512
2554,data_exfiltration,protocol_mimicry+random_padding+timing_jitter,malicious_obfuscated,malicious_obfuscated,1,0.0202,0.0159,0.9639
2555,c2_beacon,tunnel_encapsulation,malicious_obfuscated,malicious_obfuscated,1,0.0586,0.0525,0.8889
2556,reverse_shell,none,malicious_plain,malicious_plain,1,0.0089,0.9610,0.0301
2557,port_scan,fragmentation+random_padding,malicious_obfuscated,malicious_obfuscated,1,0.0186,0.0119,0.9695
2558,video_streaming,none,benign,benign,1,0.9678,0.0180,0.0142
2559,port_scan,none,malicious_plain,malicious_plain,1,0.0157,0.9524,0.0319
2560,reverse_shell,none,malicious_plain,malicious_plain,1,0.0905,0.8958,0.0137
2561,brute_force,none,malicious_plain,malicious_plain,1,0.0159,0.9429,0.0412
2562,video_streaming,none,benign,benign,1,0.9681,0.0198,0.0121
2563,voip,none,benign,benign,1,0.9771,0.0153,0.0076
2564,port_scan,none,malicious_plain,malicious_plain,1,0.0105,0.9536,0.0359
2565,brute_force,dummy_injection+constant_rate_shaping,malicious_obfuscated,malicious_obfuscated,1,0.3065,0.0218,0.6717
2566,data_exfiltration,none,malicious_plain,malicious_plain,1,0.0193,0.9724,0.0083
2567,brute_force,none,malicious_plain,malicious_plain,1,0.0148,0.9469,0.0383
2568,file_download,none,benign,benign,1,0.9504,0.0256,0.0240
2569,video_streaming,protocol_mimicry+fragmentation+timing_jitter,benign,benign,1,0.9681,0.0165,0.0154
2570,ddos_flood,none,malicious_plain,malicious_plain,1,0.0176,0.9490,0.0334
2571,voip,none,benign,benign,1,0.9773,0.0152,0.0075
2572,brute_force,none,malicious_plain,malicious_plain,1,0.0194,0.9291,0.0515
2573,port_scan,block_padding,malicious_obfuscated,malicious_obfuscated,1,0.0270,0.0113,0.9617
2574,reverse_shell,timing_jitter,malicious_obfuscated,malicious_obfuscated,1,0.0279,0.1366,0.8354
2575,ddos_flood,none,malicious_plain,malicious_plain,1,0.0138,0.9548,0.0315
2576,video_streaming,none,benign,benign,1,0.9611,0.0222,0.0167
2577,c2_beacon,none,malicious_plain,malicious_plain,1,0.0159,0.9450,0.0390
2578,port_scan,protocol_mimicry+timing_jitter+tunnel_encapsulation,malicious_obfuscated,malicious_obfuscated,1,0.0218,0.0248,0.9533
2579,voip,protocol_mimicry+fragmentation,benign,benign,1,0.6669,0.0539,0.2792
2580,voip,fragmentation+dummy_injection+timing_jitter,benign,benign,1,0.9741,0.0135,0.0124
2581,ddos_flood,none,malicious_plain,malicious_plain,1,0.0223,0.9381,0.0396
2582,port_scan,none,malicious_plain,malicious_plain,1,0.0172,0.9266,0.0562
2583,ssh_interactive,none,benign,benign,1,0.9640,0.0212,0.0148
2584,data_exfiltration,none,malicious_plain,malicious_plain,1,0.0242,0.9678,0.0079
2585,reverse_shell,block_padding,malicious_obfuscated,malicious_obfuscated,1,0.1963,0.0471,0.7566
2586,web_browsing,none,benign,benign,1,0.9665,0.0178,0.0157
2587,data_exfiltration,none,malicious_plain,malicious_plain,1,0.0202,0.9715,0.0083
2588,file_download,none,benign,benign,1,0.9612,0.0210,0.0178
2589,video_streaming,none,benign,benign,1,0.9628,0.0213,0.0158
2590,ddos_flood,none,malicious_plain,malicious_plain,1,0.0162,0.9519,0.0319
2591,ddos_flood,fragmentation+dummy_injection,malicious_obfuscated,malicious_plain,0,0.0353,0.6097,0.3550
2592,voip,none,benign,benign,1,0.9750,0.0165,0.0085
2593,ddos_flood,fragmentation+random_padding+constant_rate_shaping,malicious_obfuscated,malicious_obfuscated,1,0.0181,0.0173,0.9646
2594,video_streaming,block_padding,benign,benign,1,0.9605,0.0229,0.0166
2595,c2_beacon,none,malicious_plain,malicious_plain,1,0.0178,0.9413,0.0410
2596,file_download,none,benign,benign,1,0.9619,0.0220,0.0162
2597,ddos_flood,none,malicious_plain,malicious_plain,1,0.0259,0.7824,0.1918
2598,port_scan,block_padding,malicious_obfuscated,malicious_obfuscated,1,0.0176,0.0191,0.9633
2599,ssh_interactive,constant_rate_shaping,benign,malicious_obfuscated,0,0.4229,0.0257,0.5514
2600,reverse_shell,none,malicious_plain,malicious_plain,1,0.0073,0.9556,0.0370
2601,reverse_shell,protocol_mimicry+random_padding,malicious_obfuscated,malicious_obfuscated,1,0.0605,0.0150,0.9245
2602,video_streaming,fragmentation+dummy_injection,benign,benign,1,0.9375,0.0264,0.0361
2603,video_streaming,none,benign,benign,1,0.9657,0.0214,0.0129
2604,reverse_shell,dummy_injection+tunnel_encapsulation,malicious_obfuscated,malicious_obfuscated,1,0.0291,0.0089,0.9621
2605,video_streaming,protocol_mimicry+fragmentation+constant_rate_shaping,benign,benign,1,0.7258,0.0419,0.2323
2606,web_browsing,timing_jitter,benign,benign,1,0.9450,0.0216,0.0333
2607,file_download,none,benign,benign,1,0.9669,0.0190,0.0141
2608,reverse_shell,none,malicious_plain,benign,0,0.9163,0.0557,0.0280
2609,voip,none,benign,benign,1,0.9774,0.0150,0.0076
2610,data_exfiltration,block_padding+tunnel_encapsulation,malicious_obfuscated,malicious_obfuscated,1,0.0154,0.0354,0.9491
2611,reverse_shell,protocol_mimicry+random_padding+dummy_injection,malicious_obfuscated,benign,0,0.6541,0.0760,0.2699
2612,port_scan,none,malicious_plain,malicious_plain,1,0.0193,0.9233,0.0574
2613,web_browsing,none,benign,benign,1,0.9432,0.0353,0.0215
2614,c2_beacon,random_padding+dummy_injection+tunnel_encapsulation,malicious_obfuscated,malicious_obfuscated,1,0.0151,0.0070,0.9779
2615,voip,fragmentation,benign,benign,1,0.8520,0.0302,0.1178
2616,c2_beacon,constant_rate_shaping,malicious_obfuscated,malicious_obfuscated,1,0.1135,0.0140,0.8725
2617,port_scan,none,malicious_plain,malicious_plain,1,0.0133,0.9551,0.0316
2618,c2_beacon,none,malicious_plain,malicious_plain,1,0.0161,0.9364,0.0475
2619,ddos_flood,none,malicious_plain,malicious_plain,1,0.0176,0.9386,0.0438
2620,dns_query,constant_rate_shaping,benign,benign,1,0.7779,0.0325,0.1896
2621,data_exfiltration,protocol_mimicry+fragmentation+dummy_injection,malicious_obfuscated,malicious_obfuscated,1,0.0551,0.0194,0.9255
2622,port_scan,none,malicious_plain,malicious_plain,1,0.0142,0.9424,0.0435
2623,brute_force,block_padding,malicious_obfuscated,malicious_obfuscated,1,0.0410,0.0175,0.9415
2624,file_download,none,benign,benign,1,0.9595,0.0205,0.0200
2625,web_browsing,none,benign,benign,1,0.9718,0.0149,0.0133
2626,c2_beacon,protocol_mimicry+random_padding,malicious_obfuscated,malicious_obfuscated,1,0.0379,0.0074,0.9547
2627,c2_beacon,block_padding+random_padding+constant_rate_shaping,malicious_obfuscated,malicious_obfuscated,1,0.1848,0.0164,0.7988
2628,file_download,fragmentation+block_padding+tunnel_encapsulation,benign,benign,1,0.8868,0.0305,0.0827
2629,file_download,none,benign,benign,1,0.9660,0.0190,0.0150
2630,data_exfiltration,fragmentation+timing_jitter,malicious_obfuscated,malicious_obfuscated,1,0.0136,0.0250,0.9614
2631,video_streaming,fragmentation+block_padding,benign,benign,1,0.9568,0.0230,0.0202
2632,reverse_shell,protocol_mimicry,malicious_obfuscated,malicious_obfuscated,1,0.0896,0.0249,0.8856
2633,data_exfiltration,protocol_mimicry+block_padding+random_padding,malicious_obfuscated,malicious_obfuscated,1,0.0396,0.0084,0.9520
2634,reverse_shell,none,malicious_plain,malicious_plain,1,0.0131,0.9575,0.0294
2635,brute_force,none,malicious_plain,malicious_plain,1,0.0178,0.9246,0.0576
2636,ssh_interactive,fragmentation+dummy_injection+timing_jitter,benign,benign,1,0.9246,0.0190,0.0564
2637,video_streaming,random_padding+dummy_injection,benign,benign,1,0.9585,0.0226,0.0189
2638,c2_beacon,none,malicious_plain,malicious_plain,1,0.0141,0.9467,0.0392
2639,brute_force,timing_jitter,malicious_obfuscated,malicious_obfuscated,1,0.0346,0.0837,0.8816
2640,ddos_flood,none,malicious_plain,malicious_plain,1,0.0132,0.9556,0.0312
2641,ssh_interactive,none,benign,benign,1,0.9749,0.0151,0.0100
2642,ddos_flood,none,malicious_plain,malicious_plain,1,0.0162,0.9493,0.0345
2643,file_download,block_padding,benign,benign,1,0.9649,0.0194,0.0157
2644,brute_force,none,malicious_plain,malicious_plain,1,0.0167,0.9402,0.0431
2645,voip,fragmentation,benign,benign,1,0.9743,0.0169,0.0089
2646,reverse_shell,protocol_mimicry+block_padding+dummy_injection,malicious_obfuscated,malicious_obfuscated,1,0.0608,0.0143,0.9249
2647,reverse_shell,fragmentation+tunnel_encapsulation,malicious_obfuscated,malicious_obfuscated,1,0.0416,0.0086,0.9499
2648,reverse_shell,block_padding+random_padding+timing_jitter,malicious_obfuscated,malicious_obfuscated,1,0.0235,0.0668,0.9097
2649,voip,none,benign,benign,1,0.9763,0.0159,0.0078
2650,data_exfiltration,block_padding+dummy_injection+tunnel_encapsulation,malicious_obfuscated,malicious_obfuscated,1,0.0321,0.0216,0.9463
2651,brute_force,constant_rate_shaping,malicious_obfuscated,malicious_obfuscated,1,0.2666,0.0226,0.7108
2652,voip,block_padding+timing_jitter,benign,benign,1,0.8299,0.0217,0.1485
2653,reverse_shell,timing_jitter,malicious_obfuscated,malicious_obfuscated,1,0.0398,0.2061,0.7541
2654,data_exfiltration,none,malicious_plain,malicious_plain,1,0.0203,0.9692,0.0105
2655,data_exfiltration,none,malicious_plain,malicious_plain,1,0.0156,0.9733,0.0111
2656,ddos_flood,random_padding,malicious_obfuscated,malicious_obfuscated,1,0.0257,0.0130,0.9613
2657,web_browsing,none,benign,benign,1,0.9141,0.0285,0.0574
2658,ddos_flood,none,malicious_plain,malicious_plain,1,0.0172,0.9397,0.0431
2659,port_scan,fragmentation+dummy_injection+constant_rate_shaping,malicious_obfuscated,malicious_obfuscated,1,0.3054,0.0177,0.6769
2660,reverse_shell,none,malicious_plain,malicious_plain,1,0.0113,0.9583,0.0303
2661,c2_beacon,block_padding,malicious_obfuscated,malicious_obfuscated,1,0.0145,0.0169,0.9686
2662,data_exfiltration,block_padding+timing_jitter,malicious_obfuscated,malicious_obfuscated,1,0.0055,0.0124,0.9822
2663,web_browsing,none,benign,benign,1,0.9830,0.0123,0.0046
2664,reverse_shell,none,malicious_plain,malicious_plain,1,0.0190,0.9378,0.0432
2665,file_download,timing_jitter,benign,benign,1,0.9471,0.0275,0.0254
2666,port_scan,none,malicious_plain,malicious_plain,1,0.0114,0.9535,0.0351
2667,brute_force,protocol_mimicry+block_padding,malicious_obfuscated,malicious_obfuscated,1,0.0994,0.0218,0.8788
2668,voip,none,benign,benign,1,0.9729,0.0177,0.0094
2669,data_exfiltration,fragmentation+block_padding+tunnel_encapsulation,malicious_obfuscated,malicious_obfuscated,1,0.0135,0.0090,0.9775
2670,file_download,none,benign,benign,1,0.9610,0.0220,0.0170
2671,reverse_shell,protocol_mimicry+dummy_injection,malicious_obfuscated,benign,0,0.9085,0.0320,0.0596
2672,c2_beacon,none,malicious_plain,malicious_plain,1,0.0139,0.9436,0.0425
2673,port_scan,protocol_mimicry+random_padding+tunnel_encapsulation,malicious_obfuscated,malicious_obfuscated,1,0.0363,0.0146,0.9491
2674,brute_force,dummy_injection+constant_rate_shaping,malicious_obfuscated,malicious_obfuscated,1,0.1357,0.0147,0.8496
2675,brute_force,protocol_mimicry+dummy_injection,malicious_obfuscated,malicious_obfuscated,1,0.3524,0.0257,0.6219
2676,video_streaming,none,benign,benign,1,0.9662,0.0192,0.0146
2677,brute_force,protocol_mimicry+tunnel_encapsulation,malicious_obfuscated,malicious_obfuscated,1,0.0134,0.0085,0.9781
2678,ssh_interactive,none,benign,benign,1,0.9726,0.0165,0.0109
2679,voip,none,benign,benign,1,0.9769,0.0147,0.0084
2680,reverse_shell,dummy_injection+timing_jitter+constant_rate_shaping,malicious_obfuscated,malicious_obfuscated,1,0.2068,0.0151,0.7780
2681,ddos_flood,fragmentation+block_padding+random_padding,malicious_obfuscated,malicious_obfuscated,1,0.0256,0.0103,0.9641
2682,port_scan,block_padding+constant_rate_shaping+tunnel_encapsulation,malicious_obfuscated,malicious_obfuscated,1,0.0689,0.0299,0.9011
2683,voip,none,benign,benign,1,0.9756,0.0152,0.0091
2684,video_streaming,none,benign,benign,1,0.9580,0.0265,0.0155
2685,reverse_shell,none,malicious_plain,malicious_plain,1,0.0064,0.9603,0.0333
2686,voip,protocol_mimicry+block_padding+constant_rate_shaping,benign,malicious_obfuscated,0,0.3030,0.0322,0.6648
2687,video_streaming,block_padding+random_padding,benign,benign,1,0.9693,0.0175,0.0132
2688,reverse_shell,constant_rate_shaping+tunnel_encapsulation,malicious_obfuscated,benign,0,0.4979,0.0264,0.4757
2689,data_exfiltration,none,malicious_plain,malicious_plain,1,0.0201,0.9700,0.0100
2690,data_exfiltration,none,malicious_plain,malicious_plain,1,0.0181,0.9733,0.0087
2691,video_streaming,none,benign,benign,1,0.9591,0.0210,0.0199
2692,ddos_flood,timing_jitter+constant_rate_shaping,malicious_obfuscated,malicious_obfuscated,1,0.1751,0.0389,0.7860
2693,video_streaming,none,benign,benign,1,0.9728,0.0157,0.0115
2694,ssh_interactive,none,benign,benign,1,0.9655,0.0204,0.0141
2695,ddos_flood,fragmentation+block_padding+tunnel_encapsulation,malicious_obfuscated,malicious_obfuscated,1,0.0224,0.0186,0.9590
2696,data_exfiltration,none,malicious_plain,malicious_plain,1,0.0208,0.9698,0.0095
2697,file_download,none,benign,benign,1,0.9660,0.0190,0.0150
2698,video_streaming,none,benign,benign,1,0.9622,0.0215,0.0164
2699,brute_force,timing_jitter,malicious_obfuscated,malicious_obfuscated,1,0.0292,0.1152,0.8556
2700,c2_beacon,dummy_injection+constant_rate_shaping,malicious_obfuscated,malicious_obfuscated,1,0.2152,0.0198,0.7650
2701,ssh_interactive,fragmentation,benign,benign,1,0.9570,0.0188,0.0242
2702,port_scan,timing_jitter,malicious_obfuscated,malicious_obfuscated,1,0.0145,0.0212,0.9643
2703,data_exfiltration,none,malicious_plain,malicious_plain,1,0.0144,0.9770,0.0087
2704,data_exfiltration,none,malicious_plain,malicious_plain,1,0.0147,0.9771,0.0082
2705,ddos_flood,none,malicious_plain,malicious_plain,1,0.0180,0.9499,0.0321
2706,data_exfiltration,none,malicious_plain,malicious_plain,1,0.0235,0.9681,0.0085
2707,reverse_shell,none,malicious_plain,malicious_plain,1,0.0100,0.9555,0.0345
2708,port_scan,none,malicious_plain,malicious_plain,1,0.0101,0.9626,0.0273
2709,file_download,none,benign,benign,1,0.9754,0.0149,0.0097
2710,c2_beacon,none,malicious_plain,malicious_plain,1,0.0173,0.9355,0.0471
2711,ssh_interactive,protocol_mimicry+block_padding+constant_rate_shaping,benign,benign,1,0.5988,0.0250,0.3762
2712,ddos_flood,none,malicious_plain,malicious_plain,1,0.0155,0.9485,0.0359
2713,brute_force,random_padding+tunnel_encapsulation,malicious_obfuscated,malicious_obfuscated,1,0.0265,0.0166,0.9569
2714,brute_force,random_padding+dummy_injection+timing_jitter,malicious_obfuscated,malicious_obfuscated,1,0.1586,0.0337,0.8077
2715,ddos_flood,none,malicious_plain,malicious_plain,1,0.0209,0.9341,0.0450
2716,port_scan,dummy_injection,malicious_obfuscated,malicious_obfuscated,1,0.0296,0.0669,0.9034
2717,reverse_shell,none,malicious_plain,malicious_plain,1,0.0170,0.9439,0.0391
2718,file_download,block_padding,benign,benign,1,0.9731,0.0178,0.0091
2719,web_browsing,none,benign,benign,1,0.9827,0.0110,0.0064
2720,ddos_flood,none,malicious_plain,malicious_plain,1,0.0152,0.9509,0.0339
2721,brute_force,none,malicious_plain,malicious_plain,1,0.0184,0.9331,0.0486
2722,ddos_flood,block_padding+constant_rate_shaping+tunnel_encapsulation,malicious_obfuscated,malicious_obfuscated,1,0.0240,0.0412,0.9348
2723,ssh_interactive,constant_rate_shaping,benign,benign,1,0.5832,0.0265,0.3903
2724,data_exfiltration,block_padding+random_padding,malicious_obfuscated,malicious_obfuscated,1,0.0214,0.0145,0.9641
2725,file_download,protocol_mimicry+dummy_injection+constant_rate_shaping,benign,malicious_obfuscated,0,0.1205,0.0227,0.8568
2726,video_streaming,none,benign,benign,1,0.9703,0.0163,0.0134
2727,voip,none,benign,benign,1,0.9762,0.0149,0.0089
2728,data_exfiltration,protocol_mimicry+dummy_injection+constant_rate_shaping,malicious_obfuscated,malicious_obfuscated,1,0.1702,0.0128,0.8169
2729,ssh_interactive,block_padding+timing_jitter+tunnel_encapsulation,benign,benign,1,0.9366,0.0137,0.0496
2730,video_streaming,none,benign,benign,1,0.9639,0.0223,0.0138
2731,c2_beacon,none,malicious_plain,malicious_plain,1,0.0153,0.9449,0.0398
2732,voip,none,benign,benign,1,0.9753,0.0159,0.0087
2733,file_download,none,benign,benign,1,0.9543,0.0223,0.0234
2734,file_download,none,benign,benign,1,0.9720,0.0169,0.0112
2735,reverse_shell,none,malicious_plain,malicious_plain,1,0.0102,0.9820,0.0078
2736,ddos_flood,protocol_mimicry+timing_jitter,malicious_obfuscated,malicious_obfuscated,1,0.0256,0.0226,0.9518
2737,web_browsing,none,benign,benign,1,0.9859,0.0083,0.0057
2738,video_streaming,none,benign,benign,1,0.9700,0.0163,0.0137
2739,video_streaming,none,benign,benign,1,0.9506,0.0296,0.0199
2740,dns_query,fragmentation+dummy_injection,benign,benign,1,0.9072,0.0611,0.0317
2741,port_scan,protocol_mimicry,malicious_obfuscated,malicious_obfuscated,1,0.0124,0.0128,0.9747
2742,port_scan,constant_rate_shaping,malicious_obfuscated,malicious_obfuscated,1,0.0354,0.0137,0.9509
2743,ddos_flood,fragmentation+timing_jitter,malicious_obfuscated,malicious_obfuscated,1,0.0152,0.0270,0.9578
2744,port_scan,none,malicious_plain,malicious_plain,1,0.0101,0.9637,0.0262
2745,ddos_flood,none,malicious_plain,malicious_plain,1,0.0165,0.9508,0.0327
2746,c2_beacon,protocol_mimicry+fragmentation,malicious_obfuscated,malicious_obfuscated,1,0.0456,0.0140,0.9404
2747,voip,none,benign,benign,1,0.9764,0.0155,0.0080
2748,ddos_flood,none,malicious_plain,malicious_plain,1,0.0135,0.9589,0.0276
2749,brute_force,none,malicious_plain,malicious_plain,1,0.0157,0.9332,0.0511
2750,web_browsing,none,benign,benign,1,0.9822,0.0108,0.0070
2751,data_exfiltration,protocol_mimicry,malicious_obfuscated,malicious_obfuscated,1,0.0129,0.0112,0.9759
2752,brute_force,none,malicious_plain,malicious_plain,1,0.0168,0.9372,0.0460
2753,data_exfiltration,none,malicious_plain,malicious_plain,1,0.0245,0.9664,0.0091
2754,file_download,none,benign,benign,1,0.9645,0.0208,0.0147
2755,web_browsing,none,benign,benign,1,0.9547,0.0285,0.0168
2756,reverse_shell,protocol_mimicry+fragmentation,malicious_obfuscated,malicious_obfuscated,1,0.0859,0.0167,0.8975
2757,web_browsing,none,benign,benign,1,0.9709,0.0156,0.0135
2758,brute_force,fragmentation,malicious_obfuscated,malicious_plain,0,0.0178,0.9318,0.0504
2759,reverse_shell,block_padding+random_padding,malicious_obfuscated,malicious_obfuscated,1,0.0349,0.3211,0.6440
2760,data_exfiltration,dummy_injection+timing_jitter+constant_rate_shaping,malicious_obfuscated,malicious_obfuscated,1,0.0269,0.0121,0.9610
2761,brute_force,protocol_mimicry+fragmentation+constant_rate_shaping,malicious_obfuscated,malicious_obfuscated,1,0.0239,0.0112,0.9649
2762,data_exfiltration,none,malicious_plain,malicious_plain,1,0.0176,0.9736,0.0088
2763,reverse_shell,none,malicious_plain,malicious_plain,1,0.0139,0.9739,0.0122
2764,voip,protocol_mimicry+fragmentation+dummy_injection,benign,benign,1,0.7187,0.0580,0.2233
2765,brute_force,fragmentation+constant_rate_shaping+tunnel_encapsulation,malicious_obfuscated,malicious_obfuscated,1,0.4054,0.0283,0.5663
2766,c2_beacon,none,malicious_plain,malicious_plain,1,0.0129,0.9604,0.0267
2767,voip,none,benign,benign,1,0.9780,0.0154,0.0066
2768,data_exfiltration,protocol_mimicry+block_padding+timing_jitter,malicious_obfuscated,malicious_obfuscated,1,0.0131,0.0096,0.9773
2769,data_exfiltration,none,malicious_plain,malicious_plain,1,0.0166,0.9743,0.0092
2770,web_browsing,none,benign,benign,1,0.9771,0.0141,0.0087
2771,brute_force,none,malicious_plain,malicious_plain,1,0.0169,0.9381,0.0451
2772,file_download,none,benign,benign,1,0.9673,0.0180,0.0146
2773,data_exfiltration,random_padding+dummy_injection+timing_jitter,malicious_obfuscated,malicious_obfuscated,1,0.0041,0.0080,0.9878
2774,brute_force,random_padding+tunnel_encapsulation,malicious_obfuscated,malicious_obfuscated,1,0.0338,0.0198,0.9464
2775,data_exfiltration,none,malicious_plain,malicious_plain,1,0.0147,0.9763,0.0091
2776,reverse_shell,none,malicious_plain,malicious_plain,1,0.0142,0.9700,0.0157
2777,web_browsing,none,benign,benign,1,0.9765,0.0133,0.0102
2778,c2_beacon,none,malicious_plain,malicious_plain,1,0.0169,0.9431,0.0400
2779,port_scan,none,malicious_plain,malicious_plain,1,0.0142,0.9386,0.0472
2780,port_scan,fragmentation+random_padding,malicious_obfuscated,malicious_obfuscated,1,0.0242,0.0725,0.9033
2781,ssh_interactive,none,benign,benign,1,0.9323,0.0363,0.0314
2782,ddos_flood,timing_jitter+tunnel_encapsulation,malicious_obfuscated,malicious_obfuscated,1,0.0179,0.0391,0.9430
2783,port_scan,protocol_mimicry+block_padding+random_padding,malicious_obfuscated,malicious_obfuscated,1,0.0294,0.0104,0.9602
2784,data_exfiltration,none,malicious_plain,malicious_plain,1,0.0161,0.9741,0.0098
2785,voip,none,benign,benign,1,0.9759,0.0158,0.0082
2786,voip,block_padding+dummy_injection,benign,benign,1,0.8562,0.0231,0.1206
2787,reverse_shell,none,malicious_plain,malicious_plain,1,0.0081,0.9668,0.0251
2788,reverse_shell,none,malicious_plain,malicious_plain,1,0.0140,0.9649,0.0211
2789,video_streaming,none,benign,benign,1,0.9560,0.0256,0.0184
2790,ssh_interactive,none,benign,benign,1,0.9685,0.0215,0.0100
2791,reverse_shell,fragmentation+block_padding+tunnel_encapsulation,malicious_obfuscated,malicious_obfuscated,1,0.0464,0.0096,0.9440
2792,file_download,protocol_mimicry+block_padding,benign,benign,1,0.9486,0.0118,0.0396
2793,data_exfiltration,random_padding+tunnel_encapsulation,malicious_obfuscated,malicious_obfuscated,1,0.0080,0.0074,0.9846
2794,brute_force,none,malicious_plain,malicious_plain,1,0.0182,0.9309,0.0510
2795,brute_force,constant_rate_shaping,malicious_obfuscated,malicious_obfuscated,1,0.2167,0.0124,0.7710
2796,reverse_shell,block_padding+dummy_injection+tunnel_encapsulation,malicious_obfuscated,malicious_obfuscated,1,0.1116,0.0178,0.8705
2797,brute_force,fragmentation+dummy_injection+constant_rate_shaping,malicious_obfuscated,malicious_obfuscated,1,0.3072,0.0226,0.6703
2798,ssh_interactive,none,benign,benign,1,0.9709,0.0194,0.0097
2799,reverse_shell,fragmentation+block_padding+dummy_injection,malicious_obfuscated,malicious_obfuscated,1,0.0394,0.0137,0.9468
2800,c2_beacon,fragmentation+random_padding+dummy_injection,malicious_obfuscated,malicious_obfuscated,1,0.0269,0.0070,0.9662
2801,brute_force,none,malicious_plain,malicious_plain,1,0.0240,0.9329,0.0431
2802,data_exfiltration,protocol_mimicry+random_padding,malicious_obfuscated,malicious_obfuscated,1,0.0462,0.0153,0.9385
2803,web_browsing,none,benign,benign,1,0.9841,0.0085,0.0074
2804,ddos_flood,timing_jitter+constant_rate_shaping,malicious_obfuscated,malicious_obfuscated,1,0.1319,0.0297,0.8384
2805,port_scan,protocol_mimicry+random_padding+constant_rate_shaping,malicious_obfuscated,malicious_obfuscated,1,0.0295,0.0142,0.9562
2806,voip,block_padding+constant_rate_shaping,benign,benign,1,0.5357,0.0294,0.4349
2807,port_scan,protocol_mimicry+block_padding,malicious_obfuscated,malicious_obfuscated,1,0.0390,0.0089,0.9522
2808,video_streaming,none,benign,benign,1,0.9604,0.0211,0.0185
2809,reverse_shell,protocol_mimicry+random_padding+tunnel_encapsulation,malicious_obfuscated,malicious_obfuscated,1,0.0246,0.0116,0.9638
2810,reverse_shell,protocol_mimicry+block_padding+tunnel_encapsulation,malicious_obfuscated,malicious_obfuscated,1,0.1909,0.0099,0.7992
2811,video_streaming,none,benign,benign,1,0.9564,0.0231,0.0205
2812,reverse_shell,protocol_mimicry+random_padding,malicious_obfuscated,malicious_obfuscated,1,0.0586,0.0217,0.9198
2813,web_browsing,none,benign,benign,1,0.9854,0.0087,0.0059
2814,dns_query,protocol_mimicry+fragmentation+random_padding,benign,benign,1,0.8509,0.0238,0.1252
2815,video_streaming,none,benign,benign,1,0.9721,0.0168,0.0112
2816,file_download,protocol_mimicry+block_padding,benign,benign,1,0.9760,0.0114,0.0125
2817,file_download,constant_rate_shaping,benign,benign,1,0.9239,0.0279,0.0482
2818,ddos_flood,random_padding+constant_rate_shaping,malicious_obfuscated,malicious_obfuscated,1,0.0341,0.0285,0.9374
2819,reverse_shell,none,malicious_plain,malicious_plain,1,0.0086,0.9770,0.0144
2820,data_exfiltration,none,malicious_plain,malicious_plain,1,0.0226,0.9681,0.0093
2821,c2_beacon,none,malicious_plain,malicious_plain,1,0.0162,0.9448,0.0389
2822,file_download,fragmentation+block_padding+dummy_injection,benign,benign,1,0.9536,0.0138,0.0325
2823,voip,none,benign,benign,1,0.9781,0.0148,0.0071
2824,web_browsing,none,benign,benign,1,0.9795,0.0129,0.0076
2825,file_download,fragmentation,benign,benign,1,0.9306,0.0317,0.0377
2826,video_streaming,none,benign,benign,1,0.9529,0.0282,0.0188
2827,data_exfiltration,block_padding+timing_jitter,malicious_obfuscated,malicious_obfuscated,1,0.0107,0.0110,0.9783
2828,port_scan,none,malicious_plain,malicious_plain,1,0.0154,0.9294,0.0552
2829,reverse_shell,protocol_mimicry+fragmentation+timing_jitter,malicious_obfuscated,malicious_obfuscated,1,0.3732,0.0515,0.5753
2830,video_streaming,block_padding+dummy_injection,benign,benign,1,0.9647,0.0198,0.0155
2831,brute_force,random_padding,malicious_obfuscated,malicious_obfuscated,1,0.0243,0.0932,0.8825
2832,reverse_shell,none,malicious_plain,malicious_plain,1,0.0337,0.8783,0.0880
2833,c2_beacon,none,malicious_plain,malicious_plain,1,0.0164,0.9456,0.0380
2834,brute_force,none,malicious_plain,malicious_plain,1,0.0174,0.9285,0.0541
2835,brute_force,timing_jitter,malicious_obfuscated,malicious_plain,0,0.0163,0.9280,0.0557
2836,file_download,protocol_mimicry+timing_jitter,benign,benign,1,0.9586,0.0261,0.0153
2837,c2_beacon,dummy_injection+timing_jitter+tunnel_encapsulation,malicious_obfuscated,malicious_obfuscated,1,0.0163,0.0257,0.9581
2838,c2_beacon,none,malicious_plain,malicious_plain,1,0.0183,0.9371,0.0446
2839,c2_beacon,none,malicious_plain,malicious_plain,1,0.0156,0.9421,0.0423
2840,file_download,timing_jitter,benign,benign,1,0.9542,0.0260,0.0197
2841,port_scan,none,malicious_plain,malicious_plain,1,0.0190,0.9300,0.0510
2842,video_streaming,none,benign,benign,1,0.9613,0.0230,0.0157
2843,c2_beacon,fragmentation+random_padding,malicious_obfuscated,malicious_obfuscated,1,0.0211,0.0267,0.9522
2844,reverse_shell,fragmentation+timing_jitter+tunnel_encapsulation,malicious_obfuscated,malicious_obfuscated,1,0.1998,0.0228,0.7773
2845,data_exfiltration,none,malicious_plain,malicious_plain,1,0.0176,0.9736,0.0089
2846,video_streaming,block_padding+random_padding,benign,benign,1,0.9640,0.0181,0.0179
2847,data_exfiltration,fragmentation+block_padding+timing_jitter,malicious_obfuscated,malicious_obfuscated,1,0.0147,0.0150,0.9703
2848,port_scan,timing_jitter+tunnel_encapsulation,malicious_obfuscated,malicious_obfuscated,1,0.0169,0.0154,0.9677
2849,reverse_shell,protocol_mimicry+timing_jitter+tunnel_encapsulation,malicious_obfuscated,malicious_obfuscated,1,0.0719,0.0084,0.9197
2850,c2_beacon,none,malicious_plain,malicious_plain,1,0.0174,0.9412,0.0415
2851,ssh_interactive,none,benign,benign,1,0.9749,0.0185,0.0067
2852,video_streaming,timing_jitter,benign,benign,1,0.9497,0.0304,0.0199
2853,ddos_flood,fragmentation,malicious_obfuscated,malicious_plain,0,0.0157,0.9519,0.0324
2854,file_download,protocol_mimicry+dummy_injection+constant_rate_shaping,benign,benign,1,0.6188,0.0252,0.3560
2855,brute_force,timing_jitter+tunnel_encapsulation,malicious_obfuscated,malicious_obfuscated,1,0.0409,0.0364,0.9227
2856,reverse_shell,fragmentation+constant_rate_shaping,malicious_obfuscated,malicious_obfuscated,1,0.2499,0.0209,0.7291
2857,ssh_interactive,none,benign,benign,1,0.9759,0.0160,0.0081
2858,ddos_flood,none,malicious_plain,malicious_plain,1,0.0148,0.9514,0.0338
2859,c2_beacon,dummy_injection,malicious_obfuscated,malicious_obfuscated,1,0.0218,0.0439,0.9342
2860,video_streaming,constant_rate_shaping,benign,benign,1,0.8976,0.0378,0.0646
2861,port_scan,block_padding+timing_jitter,malicious_obfuscated,malicious_obfuscated,1,0.0285,0.0091,0.9624
2862,data_exfiltration,tunnel_encapsulation,malicious_obfuscated,malicious_obfuscated,1,0.0074,0.0087,0.9840
2863,reverse_shell,none,malicious_plain,malicious_plain,1,0.0113,0.9732,0.0155
2864,data_exfiltration,none,malicious_plain,malicious_plain,1,0.0213,0.9693,0.0094
2865,port_scan,none,malicious_plain,malicious_plain,1,0.0139,0.9442,0.0420
2866,port_scan,none,malicious_plain,malicious_plain,1,0.0151,0.9394,0.0456
2867,brute_force,none,malicious_plain,malicious_plain,1,0.0156,0.9345,0.0499
2868,ddos_flood,protocol_mimicry+fragmentation+random_padding,malicious_obfuscated,malicious_obfuscated,1,0.0081,0.0201,0.9718
2869,ddos_flood,none,malicious_plain,malicious_plain,1,0.0144,0.9530,0.0326
2870,brute_force,tunnel_encapsulation,malicious_obfuscated,malicious_plain,0,0.0161,0.9330,0.0509
2871,reverse_shell,none,malicious_plain,malicious_plain,1,0.0451,0.9443,0.0106
2872,port_scan,none,malicious_plain,malicious_plain,1,0.0185,0.9508,0.0306
2873,ssh_interactive,none,benign,benign,1,0.9715,0.0179,0.0107
2874,video_streaming,random_padding+timing_jitter,benign,benign,1,0.9779,0.0134,0.0087
2875,port_scan,fragmentation+random_padding+timing_jitter,malicious_obfuscated,malicious_obfuscated,1,0.0260,0.0181,0.9559
2876,voip,none,benign,benign,1,0.9752,0.0164,0.0084
2877,file_download,none,benign,benign,1,0.9734,0.0150,0.0117
2878,reverse_shell,none,malicious_plain,malicious_plain,1,0.0102,0.9522,0.0376
2879,port_scan,protocol_mimicry+timing_jitter,malicious_obfuscated,malicious_obfuscated,1,0.0145,0.0148,0.9706
2880,brute_force,fragmentation+random_padding+constant_rate_shaping,malicious_obfuscated,malicious_obfuscated,1,0.1378,0.0193,0.8429
2881,data_exfiltration,none,malicious_plain,malicious_plain,1,0.0147,0.9770,0.0083
2882,file_download,fragmentation,benign,benign,1,0.9534,0.0253,0.0213
2883,ddos_flood,timing_jitter+tunnel_encapsulation,malicious_obfuscated,malicious_obfuscated,1,0.0164,0.0240,0.9596
2884,video_streaming,dummy_injection+timing_jitter,benign,benign,1,0.9636,0.0246,0.0118
2885,ddos_flood,protocol_mimicry+block_padding+constant_rate_shaping,malicious_obfuscated,malicious_obfuscated,1,0.0164,0.0123,0.9713
2886,reverse_shell,none,malicious_plain,malicious_plain,1,0.0184,0.9463,0.0353
2887,brute_force,protocol_mimicry+fragmentation+random_padding,malicious_obfuscated,malicious_obfuscated,1,0.2425,0.0376,0.7199
2888,data_exfiltration,none,malicious_plain,malicious_plain,1,0.0175,0.9730,0.0095
2889,c2_beacon,none,malicious_plain,malicious_plain,1,0.0142,0.9270,0.0588
2890,reverse_shell,none,malicious_plain,malicious_plain,1,0.0066,0.9728,0.0206
2891,video_streaming,none,benign,benign,1,0.9633,0.0212,0.0154
2892,brute_force,block_padding+tunnel_encapsulation,malicious_obfuscated,malicious_obfuscated,1,0.0317,0.1240,0.8443
2893,reverse_shell,none,malicious_plain,malicious_plain,1,0.0121,0.9785,0.0093
2894,c2_beacon,block_padding,malicious_obfuscated,malicious_obfuscated,1,0.0269,0.0305,0.9426
2895,c2_beacon,none,malicious_plain,malicious_plain,1,0.0147,0.9475,0.0378
2896,data_exfiltration,none,malicious_plain,malicious_plain,1,0.0170,0.9728,0.0102
2897,file_download,none,benign,benign,1,0.9658,0.0219,0.0124
2898,reverse_shell,none,malicious_plain,malicious_plain,1,0.0137,0.9624,0.0239
2899,c2_beacon,fragmentation+random_padding+tunnel_encapsulation,malicious_obfuscated,malicious_obfuscated,1,0.0252,0.0077,0.9672
2900,reverse_shell,none,malicious_plain,malicious_plain,1,0.0097,0.9729,0.0174
2901,ddos_flood,none,malicious_plain,malicious_plain,1,0.0167,0.9514,0.0319
2902,brute_force,none,malicious_plain,malicious_plain,1,0.0153,0.9360,0.0487
2903,web_browsing,block_padding,benign,benign,1,0.9721,0.0106,0.0173
2904,port_scan,none,malicious_plain,malicious_plain,1,0.0162,0.9310,0.0528
2905,ddos_flood,random_padding+timing_jitter,malicious_obfuscated,malicious_obfuscated,1,0.0110,0.0274,0.9617
2906,file_download,timing_jitter+tunnel_encapsulation,benign,benign,1,0.9706,0.0190,0.0104
2907,file_download,constant_rate_shaping,benign,benign,1,0.9541,0.0228,0.0231
2908,file_download,block_padding+dummy_injection+timing_jitter,benign,benign,1,0.9737,0.0099,0.0164
2909,ddos_flood,protocol_mimicry,malicious_obfuscated,malicious_obfuscated,1,0.0160,0.0265,0.9576
2910,web_browsing,none,benign,benign,1,0.9367,0.0463,0.0170
2911,data_exfiltration,tunnel_encapsulation,malicious_obfuscated,malicious_obfuscated,1,0.0114,0.0267,0.9619
2912,data_exfiltration,none,malicious_plain,malicious_plain,1,0.0162,0.9744,0.0094
2913,port_scan,block_padding+timing_jitter+tunnel_encapsulation,malicious_obfuscated,malicious_obfuscated,1,0.0112,0.0119,0.9769
2914,brute_force,fragmentation+dummy_injection,malicious_obfuscated,malicious_obfuscated,1,0.0109,0.0082,0.9810
2915,brute_force,none,malicious_plain,malicious_plain,1,0.0145,0.9400,0.0456
2916,reverse_shell,random_padding+dummy_injection+timing_jitter,malicious_obfuscated,malicious_obfuscated,1,0.0206,0.0607,0.9187
2917,file_download,block_padding+dummy_injection+timing_jitter,benign,benign,1,0.7858,0.0195,0.1947
2918,ssh_interactive,none,benign,benign,1,0.9675,0.0179,0.0147
2919,ssh_interactive,none,benign,benign,1,0.9663,0.0221,0.0116
2920,reverse_shell,none,malicious_plain,malicious_plain,1,0.0134,0.9369,0.0497
2921,web_browsing,none,benign,benign,1,0.9773,0.0156,0.0071
2922,reverse_shell,block_padding+dummy_injection+tunnel_encapsulation,malicious_obfuscated,malicious_obfuscated,1,0.0703,0.0187,0.9109
2923,voip,none,benign,benign,1,0.9772,0.0152,0.0076
2924,brute_force,none,malicious_plain,malicious_plain,1,0.0155,0.9351,0.0494
2925,c2_beacon,none,malicious_plain,malicious_plain,1,0.0166,0.9442,0.0392
2926,c2_beacon,none,malicious_plain,malicious_plain,1,0.0144,0.9469,0.0387
2927,ssh_interactive,none,benign,benign,1,0.9180,0.0300,0.0519
2928,voip,none,benign,benign,1,0.9734,0.0174,0.0093
2929,reverse_shell,none,malicious_plain,malicious_plain,1,0.0090,0.9565,0.0345
2930,file_download,fragmentation+block_padding+timing_jitter,benign,benign,1,0.8981,0.0468,0.0551
2931,data_exfiltration,fragmentation+block_padding+timing_jitter,malicious_obfuscated,malicious_obfuscated,1,0.0158,0.0132,0.9710
2932,brute_force,fragmentation,malicious_obfuscated,malicious_obfuscated,1,0.0205,0.0427,0.9368
2933,c2_beacon,none,malicious_plain,malicious_plain,1,0.0167,0.9346,0.0488
2934,file_download,none,benign,benign,1,0.9630,0.0211,0.0158
2935,port_scan,none,malicious_plain,malicious_plain,1,0.0139,0.9566,0.0295
2936,video_streaming,fragmentation+block_padding+constant_rate_shaping,benign,benign,1,0.9221,0.0275,0.0504
2937,port_scan,dummy_injection+constant_rate_shaping+tunnel_encapsulation,malicious_obfuscated,malicious_obfuscated,1,0.3002,0.0274,0.6724
2938,voip,none,benign,benign,1,0.9783,0.0146,0.0072
2939,ddos_flood,none,malicious_plain,malicious_plain,1,0.0167,0.9488,0.0345
2940,ddos_flood,fragmentation+block_padding,malicious_obfuscated,malicious_obfuscated,1,0.0275,0.0259,0.9465
2941,web_browsing,none,benign,benign,1,0.9666,0.0211,0.0123
2942,reverse_shell,fragmentation+tunnel_encapsulation,malicious_obfuscated,malicious_obfuscated,1,0.4268,0.0552,0.5180
2943,file_download,block_padding+constant_rate_shaping,benign,benign,1,0.9315,0.0279,0.0405
2944,voip,tunnel_encapsulation,benign,benign,1,0.9654,0.0105,0.0240
2945,data_exfiltration,block_padding+constant_rate_shaping+tunnel_encapsulation,malicious_obfuscated,malicious_obfuscated,1,0.0077,0.0091,0.9831
2946,port_scan,block_padding+random_padding,malicious_obfuscated,malicious_obfuscated,1,0.0183,0.0126,0.9691
2947,file_download,none,benign,benign,1,0.9677,0.0188,0.0135
2948,brute_force,none,malicious_plain,malicious_plain,1,0.0160,0.9307,0.0533
2949,video_streaming,none,benign,benign,1,0.9565,0.0250,0.0185
2950,ddos_flood,block_padding+timing_jitter+constant_rate_shaping,malicious_obfuscated,malicious_obfuscated,1,0.1098,0.0420,0.8482
2951,ssh_interactive,none,benign,benign,1,0.9759,0.0164,0.0077
2952,reverse_shell,none,malicious_plain,malicious_plain,1,0.0129,0.9527,0.0344
2953,data_exfiltration,none,malicious_plain,malicious_plain,1,0.0178,0.9732,0.0090
2954,brute_force,random_padding+timing_jitter,malicious_obfuscated,malicious_obfuscated,1,0.0223,0.0428,0.9349
2955,video_streaming,none,benign,benign,1,0.9618,0.0212,0.0170
2956,c2_beacon,block_padding+dummy_injection,malicious_obfuscated,malicious_obfuscated,1,0.0077,0.0055,0.9868
2957,port_scan,none,malicious_plain,malicious_plain,1,0.0167,0.9352,0.0482
2958,video_streaming,none,benign,benign,1,0.9694,0.0195,0.0112
2959,voip,none,benign,benign,1,0.9757,0.0154,0.0089
2960,port_scan,constant_rate_shaping,malicious_obfuscated,malicious_obfuscated,1,0.0382,0.0193,0.9425
2961,file_download,timing_jitter,benign,benign,1,0.9653,0.0218,0.0129
2962,ddos_flood,none,malicious_plain,malicious_plain,1,0.0200,0.9307,0.0493
2963,data_exfiltration,none,malicious_plain,malicious_plain,1,0.0157,0.9746,0.0098
2964,file_download,none,benign,benign,1,0.9555,0.0251,0.0193
2965,data_exfiltration,none,malicious_plain,malicious_plain,1,0.0185,0.9721,0.0094
2966,brute_force,none,malicious_plain,malicious_plain,1,0.0169,0.9407,0.0425
2967,video_streaming,none,benign,benign,1,0.9679,0.0197,0.0124
2968,c2_beacon,protocol_mimicry,malicious_obfuscated,malicious_obfuscated,1,0.0247,0.0131,0.9622
2969,voip,none,benign,benign,1,0.9747,0.0162,0.0091
2970,brute_force,fragmentation+timing_jitter+tunnel_encapsulation,malicious_obfuscated,malicious_obfuscated,1,0.0195,0.0307,0.9498
2971,ddos_flood,fragmentation,malicious_obfuscated,malicious_plain,0,0.0198,0.9250,0.0552
2972,c2_beacon,none,malicious_plain,malicious_plain,1,0.0150,0.9493,0.0357
2973,web_browsing,none,benign,benign,1,0.9616,0.0218,0.0166
2974,reverse_shell,none,malicious_plain,malicious_plain,1,0.0149,0.9457,0.0394
2975,c2_beacon,protocol_mimicry+fragmentation+tunnel_encapsulation,malicious_obfuscated,malicious_obfuscated,1,0.3004,0.0498,0.6498
2976,web_browsing,none,benign,benign,1,0.9774,0.0154,0.0072
2977,ddos_flood,none,malicious_plain,malicious_plain,1,0.0177,0.9510,0.0313
2978,reverse_shell,protocol_mimicry+dummy_injection+constant_rate_shaping,malicious_obfuscated,malicious_obfuscated,1,0.1392,0.0314,0.8294
2979,reverse_shell,protocol_mimicry+fragmentation+tunnel_encapsulation,malicious_obfuscated,benign,0,0.5918,0.0305,0.3777
2980,c2_beacon,none,malicious_plain,malicious_plain,1,0.0281,0.9248,0.0471
2981,video_streaming,fragmentation+random_padding+tunnel_encapsulation,benign,benign,1,0.9634,0.0220,0.0146
2982,web_browsing,none,benign,benign,1,0.9842,0.0100,0.0058
2983,port_scan,fragmentation+timing_jitter,malicious_obfuscated,malicious_obfuscated,1,0.0221,0.0409,0.9370
2984,port_scan,none,malicious_plain,malicious_plain,1,0.0114,0.9564,0.0322
2985,port_scan,random_padding+timing_jitter+tunnel_encapsulation,malicious_obfuscated,malicious_obfuscated,1,0.0190,0.0195,0.9615
2986,ssh_interactive,none,benign,benign,1,0.9671,0.0199,0.0130
2987,data_exfiltration,none,malicious_plain,malicious_plain,1,0.0191,0.9708,0.0102
2988,web_browsing,none,benign,benign,1,0.9624,0.0233,0.0142
2989,file_download,none,benign,benign,1,0.9625,0.0223,0.0152
2990,port_scan,block_padding,malicious_obfuscated,malicious_obfuscated,1,0.0227,0.0116,0.9657
2991,reverse_shell,block_padding+constant_rate_shaping,malicious_obfuscated,malicious_obfuscated,1,0.1129,0.0096,0.8775
2992,brute_force,none,malicious_plain,malicious_plain,1,0.0174,0.9371,0.0455
2993,file_download,dummy_injection+constant_rate_shaping,benign,benign,1,0.9427,0.0234,0.0339
2994,port_scan,none,malicious_plain,malicious_plain,1,0.0128,0.9456,0.0416
2995,data_exfiltration,none,malicious_plain,malicious_plain,1,0.0221,0.9701,0.0078
2996,brute_force,none,malicious_plain,malicious_plain,1,0.0182,0.9426,0.0392
2997,brute_force,fragmentation,malicious_obfuscated,malicious_plain,0,0.0164,0.9326,0.0510
2998,video_streaming,none,benign,benign,1,0.9575,0.0253,0.0173
2999,data_exfiltration,none,malicious_plain,malicious_plain,1,0.0174,0.9739,0.0088
3000,data_exfiltration,random_padding+timing_jitter,malicious_obfuscated,malicious_obfuscated,1,0.0089,0.0260,0.9651
3001,c2_beacon,protocol_mimicry+block_padding,malicious_obfuscated,malicious_obfuscated,1,0.0175,0.0072,0.9753
3002,port_scan,none,malicious_plain,malicious_plain,1,0.0147,0.9400,0.0453
3003,c2_beacon,protocol_mimicry+timing_jitter,malicious_obfuscated,malicious_obfuscated,1,0.0463,0.0168,0.9369
3004,ssh_interactive,none,benign,benign,1,0.9624,0.0227,0.0149
3005,web_browsing,none,benign,benign,1,0.9784,0.0121,0.0096
3006,file_download,none,benign,benign,1,0.9639,0.0205,0.0157
3007,video_streaming,none,benign,benign,1,0.9535,0.0270,0.0194
3008,data_exfiltration,timing_jitter,malicious_obfuscated,malicious_obfuscated,1,0.0112,0.0406,0.9482
3009,brute_force,protocol_mimicry+dummy_injection+tunnel_encapsulation,malicious_obfuscated,malicious_obfuscated,1,0.0176,0.0146,0.9678
3010,c2_beacon,none,malicious_plain,malicious_plain,1,0.0228,0.9334,0.0438
3011,ddos_flood,timing_jitter,malicious_obfuscated,malicious_obfuscated,1,0.0327,0.0788,0.8885
3012,ddos_flood,constant_rate_shaping,malicious_obfuscated,malicious_obfuscated,1,0.0128,0.0162,0.9710
3013,video_streaming,none,benign,benign,1,0.9667,0.0198,0.0135
3014,file_download,block_padding+random_padding+tunnel_encapsulation,benign,benign,1,0.9551,0.0203,0.0246
3015,ssh_interactive,none,benign,benign,1,0.9644,0.0232,0.0124
3016,data_exfiltration,none,malicious_plain,malicious_plain,1,0.0230,0.9685,0.0085
3017,ddos_flood,dummy_injection,malicious_obfuscated,malicious_obfuscated,1,0.0474,0.0689,0.8837
3018,voip,none,benign,benign,1,0.9770,0.0154,0.0077
3019,data_exfiltration,protocol_mimicry+timing_jitter,malicious_obfuscated,malicious_obfuscated,1,0.0711,0.0286,0.9003
3020,voip,none,benign,benign,1,0.9784,0.0145,0.0071
3021,ssh_interactive,none,benign,benign,1,0.9648,0.0201,0.0151
3022,video_streaming,none,benign,benign,1,0.9618,0.0198,0.0184
3023,web_browsing,none,benign,benign,1,0.9836,0.0091,0.0073
3024,file_download,none,benign,benign,1,0.9641,0.0211,0.0148
3025,port_scan,none,malicious_plain,malicious_plain,1,0.0118,0.9490,0.0393
3026,port_scan,none,malicious_plain,malicious_plain,1,0.0140,0.9456,0.0405
3027,data_exfiltration,protocol_mimicry+fragmentation+random_padding,malicious_obfuscated,malicious_obfuscated,1,0.0734,0.0395,0.8871
3028,c2_beacon,none,malicious_plain,malicious_plain,1,0.0193,0.9422,0.0385
3029,brute_force,block_padding,malicious_obfuscated,malicious_obfuscated,1,0.0564,0.0317,0.9119
3030,voip,dummy_injection+timing_jitter+constant_rate_shaping,benign,malicious_obfuscated,0,0.1493,0.0232,0.8275
3031,data_exfiltration,protocol_mimicry,malicious_obfuscated,malicious_obfuscated,1,0.0442,0.0255,0.9303
3032,brute_force,fragmentation+block_padding,malicious_obfuscated,malicious_obfuscated,1,0.0988,0.0218,0.8795
3033,brute_force,fragmentation+dummy_injection+constant_rate_shaping,malicious_obfuscated,malicious_obfuscated,1,0.1847,0.0236,0.7917
3034,reverse_shell,none,malicious_plain,malicious_plain,1,0.0113,0.9715,0.0172
3035,web_browsing,protocol_mimicry+timing_jitter,benign,benign,1,0.9065,0.0359,0.0576
3036,brute_force,fragmentation,malicious_obfuscated,malicious_obfuscated,1,0.0318,0.0332,0.9350
3037,port_scan,block_padding+random_padding,malicious_obfuscated,malicious_obfuscated,1,0.0139,0.0097,0.9765
3038,brute_force,tunnel_encapsulation,malicious_obfuscated,malicious_obfuscated,1,0.0276,0.0415,0.9310
3039,ddos_flood,none,malicious_plain,malicious_plain,1,0.0143,0.9559,0.0298
3040,data_exfiltration,none,malicious_plain,malicious_plain,1,0.0181,0.9710,0.0109
3041,data_exfiltration,protocol_mimicry+fragmentation+block_padding,malicious_obfuscated,malicious_obfuscated,1,0.0482,0.0215,0.9303
3042,reverse_shell,protocol_mimicry+random_padding+dummy_injection,malicious_obfuscated,benign,0,0.6335,0.0415,0.3250
3043,ddos_flood,random_padding,malicious_obfuscated,malicious_obfuscated,1,0.0295,0.0302,0.9403
3044,web_browsing,none,benign,benign,1,0.9752,0.0155,0.0093
3045,reverse_shell,none,malicious_plain,malicious_plain,1,0.0086,0.9491,0.0423
3046,voip,none,benign,benign,1,0.9782,0.0152,0.0066
3047,ssh_interactive,random_padding+timing_jitter,benign,benign,1,0.9362,0.0201,0.0437
3048,reverse_shell,none,malicious_plain,malicious_plain,1,0.0190,0.9640,0.0170
3049,data_exfiltration,protocol_mimicry+random_padding+tunnel_encapsulation,malicious_obfuscated,malicious_obfuscated,1,0.0235,0.0156,0.9609
3050,data_exfiltration,fragmentation+random_padding+tunnel_encapsulation,malicious_obfuscated,malicious_obfuscated,1,0.0172,0.0140,0.9688
3051,ssh_interactive,fragmentation+block_padding+dummy_injection,benign,benign,1,0.8285,0.0204,0.1511
3052,reverse_shell,none,malicious_plain,malicious_plain,1,0.1181,0.8492,0.0328
3053,file_download,none,benign,benign,1,0.9703,0.0178,0.0119
3054,file_download,none,benign,benign,1,0.9622,0.0209,0.0169
3055,file_download,none,benign,benign,1,0.9573,0.0226,0.0200
3056,reverse_shell,none,malicious_plain,malicious_plain,1,0.0145,0.9107,0.0748
3057,reverse_shell,none,malicious_plain,malicious_plain,1,0.0137,0.9349,0.0514
3058,web_browsing,none,benign,benign,1,0.9876,0.0074,0.0050
3059,ssh_interactive,none,benign,benign,1,0.9702,0.0186,0.0112
3060,ssh_interactive,none,benign,benign,1,0.9695,0.0211,0.0094
3061,port_scan,fragmentation+block_padding+timing_jitter,malicious_obfuscated,malicious_obfuscated,1,0.0219,0.0123,0.9657
3062,c2_beacon,none,malicious_plain,malicious_plain,1,0.0212,0.9312,0.0476
3063,voip,none,benign,benign,1,0.9764,0.0159,0.0077
3064,video_streaming,none,benign,benign,1,0.9636,0.0225,0.0139
3065,ssh_interactive,none,benign,benign,1,0.9724,0.0157,0.0119
3066,video_streaming,block_padding,benign,benign,1,0.9663,0.0202,0.0136
3067,video_streaming,dummy_injection,benign,benign,1,0.9608,0.0243,0.0149
3068,voip,none,benign,benign,1,0.9778,0.0148,0.0074
3069,ddos_flood,fragmentation+random_padding+timing_jitter,malicious_obfuscated,malicious_obfuscated,1,0.0160,0.0258,0.9582
3070,voip,none,benign,benign,1,0.9747,0.0151,0.0102
3071,data_exfiltration,dummy_injection+constant_rate_shaping+tunnel_encapsulation,malicious_obfuscated,malicious_obfuscated,1,0.0515,0.0155,0.9330
3072,data_exfiltration,none,malicious_plain,malicious_plain,1,0.0190,0.9701,0.0109
3073,ssh_interactive,none,benign,benign,1,0.9759,0.0174,0.0067
3074,port_scan,fragmentation+random_padding+timing_jitter,malicious_obfuscated,malicious_obfuscated,1,0.0099,0.0134,0.9766
3075,voip,none,benign,benign,1,0.9750,0.0164,0.0086
3076,reverse_shell,dummy_injection+timing_jitter,malicious_obfuscated,malicious_obfuscated,1,0.1065,0.0709,0.8226
3077,c2_beacon,random_padding,malicious_obfuscated,malicious_obfuscated,1,0.0169,0.0398,0.9433
3078,data_exfiltration,fragmentation,malicious_obfuscated,malicious_obfuscated,1,0.0197,0.0377,0.9426
3079,ssh_interactive,none,benign,benign,1,0.9637,0.0225,0.0138
3080,port_scan,block_padding+constant_rate_shaping,malicious_obfuscated,malicious_obfuscated,1,0.0319,0.0153,0.9529
3081,file_download,none,benign,benign,1,0.9664,0.0185,0.0150
3082,web_browsing,protocol_mimicry,benign,benign,1,0.8186,0.0344,0.1470
3083,reverse_shell,none,malicious_plain,malicious_plain,1,0.0109,0.9664,0.0227
3084,data_exfiltration,none,malicious_plain,malicious_plain,1,0.0250,0.9649,0.0101
3085,port_scan,none,malicious_plain,malicious_plain,1,0.0152,0.9504,0.0343
3086,reverse_shell,random_padding+timing_jitter+tunnel_encapsulation,malicious_obfuscated,malicious_obfuscated,1,0.0252,0.0125,0.9623
3087,port_scan,fragmentation+random_padding+dummy_injection,malicious_obfuscated,malicious_obfuscated,1,0.0148,0.0089,0.9762
3088,voip,none,benign,benign,1,0.9770,0.0154,0.0076
3089,brute_force,protocol_mimicry,malicious_obfuscated,malicious_obfuscated,1,0.1435,0.0295,0.8270
3090,data_exfiltration,protocol_mimicry+dummy_injection,malicious_obfuscated,malicious_obfuscated,1,0.0185,0.0114,0.9701
3091,brute_force,random_padding,malicious_obfuscated,malicious_obfuscated,1,0.0241,0.0342,0.9417
3092,video_streaming,none,benign,benign,1,0.9570,0.0259,0.0171
3093,voip,fragmentation,benign,benign,1,0.9762,0.0155,0.0083
3094,data_exfiltration,protocol_mimicry+fragmentation+random_padding,malicious_obfuscated,malicious_obfuscated,1,0.0223,0.0125,0.9652
3095,web_browsing,none,benign,benign,1,0.9832,0.0117,0.0051
3096,data_exfiltration,random_padding,malicious_obfuscated,malicious_obfuscated,1,0.0241,0.0210,0.9549
3097,file_download,protocol_mimicry+block_padding+dummy_injection,benign,benign,1,0.9379,0.0149,0.0472
3098,ssh_interactive,timing_jitter,benign,benign,1,0.9504,0.0217,0.0280
3099,brute_force,none,malicious_plain,malicious_plain,1,0.0161,0.9358,0.0480
3100,data_exfiltration,random_padding+dummy_injection,malicious_obfuscated,malicious_obfuscated,1,0.0187,0.0091,0.9722
3101,port_scan,protocol_mimicry+timing_jitter+tunnel_encapsulation,malicious_obfuscated,malicious_obfuscated,1,0.0437,0.0194,0.9368
3102,web_browsing,tunnel_encapsulation,benign,benign,1,0.8936,0.0389,0.0675
3103,c2_beacon,none,malicious_plain,malicious_plain,1,0.0202,0.9360,0.0438
3104,data_exfiltration,fragmentation+block_padding+timing_jitter,malicious_obfuscated,malicious_obfuscated,1,0.0154,0.0122,0.9724
3105,c2_beacon,none,malicious_plain,malicious_plain,1,0.0131,0.9208,0.0661
3106,reverse_shell,none,malicious_plain,malicious_plain,1,0.0103,0.9358,0.0539
3107,ssh_interactive,block_padding+random_padding,benign,benign,1,0.9270,0.0246,0.0484
3108,data_exfiltration,none,malicious_plain,malicious_plain,1,0.0158,0.9740,0.0102
3109,data_exfiltration,fragmentation+random_padding+timing_jitter,malicious_obfuscated,malicious_obfuscated,1,0.0152,0.0227,0.9622
3110,data_exfiltration,none,malicious_plain,malicious_plain,1,0.0171,0.9745,0.0084
3111,web_browsing,none,benign,benign,1,0.9272,0.0411,0.0317
3112,brute_force,random_padding+dummy_injection+timing_jitter,malicious_obfuscated,malicious_obfuscated,1,0.0829,0.0297,0.8874
3113,c2_beacon,timing_jitter+constant_rate_shaping+tunnel_encapsulation,malicious_obfuscated,malicious_obfuscated,1,0.0838,0.0086,0.9076
3114,ddos_flood,protocol_mimicry+fragmentation+timing_jitter,malicious_obfuscated,malicious_obfuscated,1,0.0226,0.0140,0.9634
3115,ssh_interactive,none,benign,benign,1,0.9712,0.0170,0.0118
3116,ddos_flood,fragmentation+timing_jitter,malicious_obfuscated,malicious_obfuscated,1,0.0137,0.0234,0.9629
3117,brute_force,none,malicious_plain,malicious_plain,1,0.0166,0.9419,0.0415
3118,c2_beacon,protocol_mimicry,malicious_obfuscated,malicious_obfuscated,1,0.1989,0.0367,0.7644
3119,brute_force,protocol_mimicry+block_padding+constant_rate_shaping,malicious_obfuscated,malicious_obfuscated,1,0.1403,0.0142,0.8455
3120,ssh_interactive,dummy_injection,benign,benign,1,0.9471,0.0214,0.0315
3121,file_download,none,benign,benign,1,0.9673,0.0178,0.0149
3122,ddos_flood,none,malicious_plain,malicious_plain,1,0.0169,0.9493,0.0338
3123,data_exfiltration,none,malicious_plain,malicious_plain,1,0.0194,0.9696,0.0110
3124,c2_beacon,none,malicious_plain,malicious_plain,1,0.0190,0.9372,0.0438
3125,reverse_shell,random_padding+dummy_injection,malicious_obfuscated,malicious_obfuscated,1,0.0377,0.0243,0.9381
3126,voip,constant_rate_shaping+tunnel_encapsulation,benign,malicious_obfuscated,0,0.2099,0.0181,0.7720
3127,port_scan,timing_jitter,malicious_obfuscated,malicious_obfuscated,1,0.0432,0.0747,0.8821
3128,voip,none,benign,benign,1,0.9772,0.0147,0.0081
3129,file_download,none,benign,benign,1,0.9699,0.0175,0.0126
3130,data_exfiltration,none,malicious_plain,malicious_plain,1,0.0198,0.9713,0.0089
3131,port_scan,timing_jitter,malicious_obfuscated,malicious_obfuscated,1,0.0155,0.0212,0.9633
3132,voip,block_padding,benign,benign,1,0.8156,0.0209,0.1635
3133,ddos_flood,constant_rate_shaping,malicious_obfuscated,malicious_obfuscated,1,0.0112,0.0135,0.9753
3134,brute_force,timing_jitter,malicious_obfuscated,malicious_plain,0,0.0132,0.9475,0.0394
3135,file_download,none,benign,benign,1,0.9705,0.0175,0.0120
3136,brute_force,none,malicious_plain,malicious_plain,1,0.0178,0.9299,0.0523
3137,c2_beacon,block_padding+constant_rate_shaping,malicious_obfuscated,malicious_obfuscated,1,0.1828,0.0166,0.8006
3138,ssh_interactive,none,benign,benign,1,0.9666,0.0201,0.0133
3139,data_exfiltration,none,malicious_plain,malicious_plain,1,0.0155,0.9750,0.0095
3140,c2_beacon,fragmentation+block_padding+dummy_injection,malicious_obfuscated,malicious_obfuscated,1,0.0137,0.0110,0.9753
3141,ddos_flood,protocol_mimicry+random_padding,malicious_obfuscated,malicious_obfuscated,1,0.0132,0.0166,0.9702
3142,c2_beacon,none,malicious_plain,malicious_plain,1,0.0143,0.9463,0.0394
3143,port_scan,block_padding+random_padding,malicious_obfuscated,malicious_obfuscated,1,0.0255,0.0100,0.9645
3144,brute_force,dummy_injection,malicious_obfuscated,malicious_obfuscated,1,0.0632,0.0264,0.9104
3145,ssh_interactive,none,benign,benign,1,0.9750,0.0168,0.0082
3146,brute_force,none,malicious_plain,malicious_plain,1,0.0179,0.9338,0.0483
3147,reverse_shell,none,malicious_plain,malicious_plain,1,0.0129,0.9550,0.0322
3148,voip,random_padding+dummy_injection+constant_rate_shaping,benign,malicious_obfuscated,0,0.3095,0.0331,0.6574
3149,video_streaming,none,benign,benign,1,0.9673,0.0178,0.0149
3150,reverse_shell,none,malicious_plain,malicious_plain,1,0.0111,0.9695,0.0194
3151,c2_beacon,none,malicious_plain,malicious_plain,1,0.0257,0.9211,0.0532
3152,ssh_interactive,none,benign,benign,1,0.9674,0.0220,0.0106
3153,c2_beacon,timing_jitter,malicious_obfuscated,malicious_obfuscated,1,0.0453,0.2221,0.7327
3154,c2_beacon,none,malicious_plain,malicious_plain,1,0.0188,0.9494,0.0318
3155,brute_force,protocol_mimicry+tunnel_encapsulation,malicious_obfuscated,malicious_obfuscated,1,0.0680,0.0200,0.9121
3156,c2_beacon,protocol_mimicry+block_padding+tunnel_encapsulation,malicious_obfuscated,malicious_obfuscated,1,0.0601,0.0146,0.9254
3157,brute_force,none,malicious_plain,malicious_plain,1,0.0196,0.9331,0.0473
3158,reverse_shell,none,malicious_plain,malicious_plain,1,0.0151,0.9683,0.0165
3159,c2_beacon,none,malicious_plain,malicious_plain,1,0.0173,0.9433,0.0394
3160,brute_force,dummy_injection+constant_rate_shaping,malicious_obfuscated,malicious_obfuscated,1,0.1389,0.0150,0.8460
3161,file_download,fragmentation,benign,benign,1,0.9646,0.0206,0.0147
3162,ssh_interactive,none,benign,benign,1,0.9682,0.0183,0.0135
3163,web_browsing,dummy_injection+timing_jitter,benign,benign,1,0.7497,0.0372,0.2131
3164,ssh_interactive,protocol_mimicry+fragmentation+dummy_injection,benign,benign,1,0.9752,0.0104,0.0144
3165,ssh_interactive,protocol_mimicry+fragmentation+block_padding,benign,malicious_obfuscated,0,0.4276,0.0237,0.5487
3166,reverse_shell,constant_rate_shaping,malicious_obfuscated,malicious_obfuscated,1,0.2297,0.0171,0.7532
3167,port_scan,none,malicious_plain,malicious_plain,1,0.0130,0.9475,0.0395
3168,video_streaming,none,benign,benign,1,0.9588,0.0250,0.0163
3169,file_download,block_padding+random_padding,benign,benign,1,0.9578,0.0243,0.0179
3170,data_exfiltration,none,malicious_plain,malicious_plain,1,0.0180,0.9727,0.0093
3171,ddos_flood,none,malicious_plain,malicious_plain,1,0.0181,0.9315,0.0504
3172,file_download,none,benign,benign,1,0.9730,0.0169,0.0101
3173,port_scan,tunnel_encapsulation,malicious_obfuscated,malicious_obfuscated,1,0.0524,0.3336,0.6140
3174,video_streaming,none,benign,benign,1,0.9596,0.0236,0.0168
3175,file_download,none,benign,benign,1,0.9633,0.0207,0.0160
3176,c2_beacon,fragmentation+timing_jitter+constant_rate_shaping,malicious_obfuscated,malicious_obfuscated,1,0.2030,0.0229,0.7740
3177,data_exfiltration,protocol_mimicry+fragmentation+block_padding,malicious_obfuscated,malicious_obfuscated,1,0.0499,0.0163,0.9338
3178,video_streaming,none,benign,benign,1,0.9638,0.0198,0.0164
3179,reverse_shell,block_padding,malicious_obfuscated,malicious_obfuscated,1,0.0429,0.0606,0.8964
3180,web_browsing,none,benign,benign,1,0.9602,0.0230,0.0168
3181,data_exfiltration,dummy_injection+timing_jitter,malicious_obfuscated,malicious_obfuscated,1,0.0100,0.0177,0.9722
3182,port_scan,none,malicious_plain,malicious_plain,1,0.0120,0.9603,0.0277
3183,voip,random_padding+dummy_injection,benign,benign,1,0.9678,0.0111,0.0212
3184,port_scan,random_padding,malicious_obfuscated,malicious_obfuscated,1,0.0203,0.0133,0.9664
3185,file_download,none,benign,benign,1,0.9660,0.0206,0.0134
3186,port_scan,constant_rate_shaping+tunnel_encapsulation,malicious_obfuscated,malicious_obfuscated,1,0.0320,0.0120,0.9559
3187,brute_force,random_padding+timing_jitter+constant_rate_shaping,malicious_obfuscated,malicious_obfuscated,1,0.1203,0.0150,0.8647
3188,reverse_shell,none,malicious_plain,malicious_plain,1,0.0171,0.9469,0.0361
3189,file_download,none,benign,benign,1,0.9715,0.0179,0.0105
3190,brute_force,none,malicious_plain,malicious_plain,1,0.0145,0.9501,0.0354
3191,port_scan,none,malicious_plain,malicious_plain,1,0.0221,0.8984,0.0795
3192,voip,random_padding,benign,benign,1,0.9769,0.0156,0.0075
3193,video_streaming,none,benign,benign,1,0.9616,0.0195,0.0189
3194,ssh_interactive,fragmentation+tunnel_encapsulation,benign,benign,1,0.9326,0.0207,0.0467
3195,ddos_flood,none,malicious_plain,malicious_plain,1,0.0183,0.9408,0.0409
3196,web_browsing,none,benign,benign,1,0.5778,0.3774,0.0448
3197,ssh_interactive,none,benign,benign,1,0.9672,0.0200,0.0128
3198,file_download,protocol_mimicry+block_padding+dummy_injection,benign,benign,1,0.9613,0.0160,0.0227
3199,data_exfiltration,none,malicious_plain,malicious_plain,1,0.0196,0.9699,0.0105
3200,ssh_interactive,tunnel_encapsulation,benign,benign,1,0.9599,0.0140,0.0261
3201,brute_force,fragmentation+constant_rate_shaping,malicious_obfuscated,malicious_obfuscated,1,0.2677,0.0241,0.7082
3202,reverse_shell,none,malicious_plain,malicious_plain,1,0.0163,0.9152,0.0684
3203,video_streaming,none,benign,benign,1,0.9685,0.0210,0.0105
3204,c2_beacon,none,malicious_plain,malicious_plain,1,0.0168,0.9410,0.0422
3205,voip,fragmentation,benign,benign,1,0.9780,0.0141,0.0079
3206,dns_query,protocol_mimicry+dummy_injection+tunnel_encapsulation,benign,benign,1,0.8691,0.0142,0.1168
3207,data_exfiltration,timing_jitter,malicious_obfuscated,malicious_obfuscated,1,0.0189,0.0726,0.9085
3208,c2_beacon,timing_jitter,malicious_obfuscated,malicious_obfuscated,1,0.0310,0.1324,0.8366
3209,c2_beacon,none,malicious_plain,malicious_plain,1,0.0229,0.9278,0.0493
3210,file_download,block_padding+tunnel_encapsulation,benign,benign,1,0.9719,0.0170,0.0111
3211,reverse_shell,none,malicious_plain,malicious_plain,1,0.0099,0.9745,0.0156
3212,data_exfiltration,none,malicious_plain,malicious_plain,1,0.0184,0.9710,0.0106
3213,c2_beacon,none,malicious_plain,malicious_plain,1,0.0255,0.9222,0.0523
3214,ssh_interactive,protocol_mimicry+fragmentation,benign,benign,1,0.6404,0.0415,0.3182
3215,data_exfiltration,fragmentation+block_padding+tunnel_encapsulation,malicious_obfuscated,malicious_obfuscated,1,0.0149,0.0178,0.9673
3216,ddos_flood,none,malicious_plain,malicious_plain,1,0.0187,0.9410,0.0403
3217,port_scan,fragmentation+random_padding+constant_rate_shaping,malicious_obfuscated,malicious_obfuscated,1,0.0966,0.0157,0.8877
3218,ssh_interactive,none,benign,benign,1,0.9724,0.0165,0.0111
3219,ssh_interactive,none,benign,benign,1,0.9665,0.0190,0.0144
3220,brute_force,block_padding,malicious_obfuscated,malicious_obfuscated,1,0.0582,0.0329,0.9088
3221,data_exfiltration,protocol_mimicry+fragmentation+dummy_injection,malicious_obfuscated,malicious_obfuscated,1,0.2703,0.0481,0.6816
3222,video_streaming,none,benign,benign,1,0.9422,0.0329,0.0249
3223,reverse_shell,none,malicious_plain,malicious_plain,1,0.0152,0.9590,0.0258
3224,c2_beacon,dummy_injection+tunnel_encapsulation,malicious_obfuscated,malicious_obfuscated,1,0.0331,0.2840,0.6829
3225,video_streaming,dummy_injection+timing_jitter+constant_rate_shaping,benign,benign,1,0.9418,0.0215,0.0367
3226,reverse_shell,block_padding+random_padding+dummy_injection,malicious_obfuscated,malicious_obfuscated,1,0.0417,0.0293,0.9290
3227,c2_beacon,none,malicious_plain,malicious_plain,1,0.0153,0.9442,0.0405
3228,ssh_interactive,protocol_mimicry+dummy_injection,benign,malicious_obfuscated,0,0.1735,0.0180,0.8085
3229,voip,timing_jitter,benign,benign,1,0.9391,0.0265,0.0344
3230,reverse_shell,tunnel_encapsulation,malicious_obfuscated,malicious_obfuscated,1,0.0720,0.1043,0.8237
3231,voip,none,benign,benign,1,0.9735,0.0173,0.0092
3232,port_scan,timing_jitter+tunnel_encapsulation,malicious_obfuscated,malicious_obfuscated,1,0.0309,0.0363,0.9327
3233,video_streaming,none,benign,benign,1,0.9651,0.0208,0.0140
3234,ssh_interactive,none,benign,benign,1,0.9718,0.0188,0.0095
3235,data_exfiltration,none,malicious_plain,malicious_plain,1,0.0172,0.9731,0.0097
3236,voip,dummy_injection,benign,benign,1,0.9599,0.0148,0.0253
3237,ssh_interactive,none,benign,benign,1,0.9679,0.0199,0.0122
3238,web_browsing,none,benign,benign,1,0.9875,0.0071,0.0054
3239,web_browsing,none,benign,benign,1,0.9184,0.0481,0.0335
3240,port_scan,none,malicious_plain,malicious_plain,1,0.0111,0.9511,0.0378
3241,voip,none,benign,benign,1,0.9747,0.0164,0.0089
3242,brute_force,fragmentation+constant_rate_shaping,malicious_obfuscated,malicious_obfuscated,1,0.3767,0.0295,0.5939
3243,c2_beacon,none,malicious_plain,malicious_plain,1,0.0144,0.9415,0.0441
3244,ssh_interactive,none,benign,benign,1,0.9733,0.0172,0.0095
3245,c2_beacon,none,malicious_plain,malicious_plain,1,0.0175,0.9367,0.0458
3246,port_scan,fragmentation+dummy_injection+constant_rate_shaping,malicious_obfuscated,malicious_obfuscated,1,0.2082,0.0214,0.7704
3247,voip,none,benign,benign,1,0.9768,0.0156,0.0076
3248,ddos_flood,tunnel_encapsulation,malicious_obfuscated,malicious_obfuscated,1,0.0318,0.0275,0.9407
3249,c2_beacon,protocol_mimicry+block_padding+tunnel_encapsulation,malicious_obfuscated,malicious_obfuscated,1,0.2048,0.0179,0.7773
3250,reverse_shell,none,malicious_plain,malicious_plain,1,0.0533,0.9121,0.0346
3251,c2_beacon,random_padding,malicious_obfuscated,malicious_obfuscated,1,0.0211,0.1927,0.7862
3252,voip,dummy_injection+timing_jitter,benign,benign,1,0.9582,0.0163,0.0254
3253,data_exfiltration,timing_jitter+tunnel_encapsulation,malicious_obfuscated,malicious_obfuscated,1,0.0052,0.0141,0.9807
3254,c2_beacon,protocol_mimicry+fragmentation,malicious_obfuscated,malicious_obfuscated,1,0.4630,0.0393,0.4977
3255,brute_force,protocol_mimicry+random_padding+constant_rate_shaping,malicious_obfuscated,malicious_obfuscated,1,0.1527,0.0138,0.8336
3256,c2_beacon,protocol_mimicry+block_padding+constant_rate_shaping,malicious_obfuscated,malicious_obfuscated,1,0.2854,0.0558,0.6588
3257,ssh_interactive,fragmentation+dummy_injection+timing_jitter,benign,benign,1,0.8784,0.0205,0.1011
3258,port_scan,none,malicious_plain,malicious_plain,1,0.0130,0.9572,0.0299
3259,brute_force,none,malicious_plain,malicious_plain,1,0.0174,0.9304,0.0521
3260,web_browsing,protocol_mimicry+random_padding+tunnel_encapsulation,benign,benign,1,0.8252,0.0357,0.1392
3261,reverse_shell,none,malicious_plain,malicious_plain,1,0.0309,0.9490,0.0202
3262,ddos_flood,none,malicious_plain,malicious_plain,1,0.0175,0.9493,0.0332
3263,reverse_shell,none,malicious_plain,malicious_plain,1,0.0120,0.9693,0.0187
3264,brute_force,none,malicious_plain,malicious_plain,1,0.0187,0.9265,0.0548
3265,ssh_interactive,none,benign,benign,1,0.9683,0.0206,0.0111
3266,c2_beacon,none,malicious_plain,malicious_plain,1,0.0127,0.9449,0.0423
3267,data_exfiltration,random_padding,malicious_obfuscated,malicious_obfuscated,1,0.0299,0.0516,0.9185
3268,port_scan,block_padding+timing_jitter+constant_rate_shaping,malicious_obfuscated,malicious_obfuscated,1,0.0771,0.0095,0.9133
3269,c2_beacon,random_padding+constant_rate_shaping+tunnel_encapsulation,malicious_obfuscated,malicious_obfuscated,1,0.1539,0.0163,0.8298
3270,c2_beacon,tunnel_encapsulation,malicious_obfuscated,malicious_plain,0,0.0144,0.9457,0.0400
3271,reverse_shell,protocol_mimicry,malicious_obfuscated,malicious_obfuscated,1,0.0723,0.0196,0.9081
3272,data_exfiltration,protocol_mimicry+random_padding,malicious_obfuscated,malicious_obfuscated,1,0.0523,0.0210,0.9268
3273,ddos_flood,none,malicious_plain,malicious_plain,1,0.0176,0.9308,0.0516
3274,brute_force,none,malicious_plain,malicious_plain,1,0.0189,0.9271,0.0540
3275,c2_beacon,none,malicious_plain,malicious_plain,1,0.0189,0.9381,0.0430
3276,reverse_shell,fragmentation+random_padding,malicious_obfuscated,malicious_obfuscated,1,0.0274,0.0081,0.9645
3277,brute_force,none,malicious_plain,malicious_plain,1,0.0159,0.9382,0.0458
3278,ddos_flood,protocol_mimicry,malicious_obfuscated,malicious_obfuscated,1,0.0256,0.0276,0.9468
3279,file_download,none,benign,benign,1,0.9671,0.0210,0.0119
3280,port_scan,none,malicious_plain,malicious_plain,1,0.0176,0.9262,0.0562
3281,video_streaming,protocol_mimicry+block_padding+dummy_injection,benign,benign,1,0.9815,0.0084,0.0102
3282,file_download,block_padding,benign,benign,1,0.9680,0.0199,0.0120
3283,c2_beacon,none,malicious_plain,malicious_plain,1,0.0177,0.9428,0.0394
3284,voip,none,benign,benign,1,0.9744,0.0162,0.0094
3285,reverse_shell,none,malicious_plain,malicious_plain,1,0.0255,0.8013,0.1732
3286,c2_beacon,random_padding+timing_jitter+tunnel_encapsulation,malicious_obfuscated,malicious_obfuscated,1,0.0195,0.0117,0.9688
3287,ssh_interactive,protocol_mimicry+timing_jitter+tunnel_encapsulation,benign,benign,1,0.7505,0.0346,0.2148
3288,ddos_flood,none,malicious_plain,malicious_plain,1,0.0163,0.9525,0.0313
3289,data_exfiltration,block_padding,malicious_obfuscated,malicious_obfuscated,1,0.0257,0.0326,0.9417
3290,voip,none,benign,benign,1,0.9747,0.0166,0.0087
3291,reverse_shell,none,malicious_plain,malicious_plain,1,0.0213,0.9553,0.0234
3292,ddos_flood,fragmentation+block_padding,malicious_obfuscated,malicious_obfuscated,1,0.0452,0.0333,0.9214
3293,web_browsing,dummy_injection+constant_rate_shaping,benign,benign,1,0.6653,0.0306,0.3041
3294,data_exfiltration,protocol_mimicry+random_padding+constant_rate_shaping,malicious_obfuscated,malicious_obfuscated,1,0.2025,0.0269,0.7706
3295,brute_force,dummy_injection+timing_jitter,malicious_obfuscated,malicious_obfuscated,1,0.0445,0.0312,0.9243
3296,port_scan,none,malicious_plain,malicious_plain,1,0.0146,0.9386,0.0468
3297,c2_beacon,random_padding,malicious_obfuscated,malicious_obfuscated,1,0.0167,0.0522,0.9311
3298,data_exfiltration,none,malicious_plain,malicious_plain,1,0.0174,0.9730,0.0096
3299,c2_beacon,none,malicious_plain,malicious_plain,1,0.0224,0.9200,0.0576
3300,data_exfiltration,block_padding,malicious_obfuscated,malicious_obfuscated,1,0.0227,0.0089,0.9684
3301,web_browsing,none,benign,benign,1,0.9912,0.0069,0.0019
3302,ddos_flood,fragmentation+dummy_injection+tunnel_encapsulation,malicious_obfuscated,malicious_obfuscated,1,0.0112,0.0131,0.9758
3303,port_scan,none,malicious_plain,malicious_plain,1,0.0203,0.9359,0.0439
3304,port_scan,none,malicious_plain,malicious_plain,1,0.0133,0.9503,0.0364
3305,reverse_shell,constant_rate_shaping+tunnel_encapsulation,malicious_obfuscated,malicious_obfuscated,1,0.1764,0.0145,0.8090
3306,file_download,none,benign,benign,1,0.9583,0.0238,0.0179
3307,file_download,none,benign,benign,1,0.9642,0.0217,0.0142
3308,video_streaming,block_padding,benign,benign,1,0.9678,0.0182,0.0140
3309,port_scan,none,malicious_plain,malicious_plain,1,0.0143,0.9423,0.0434
3310,data_exfiltration,none,malicious_plain,malicious_plain,1,0.0205,0.9703,0.0092
3311,port_scan,dummy_injection,malicious_obfuscated,malicious_obfuscated,1,0.0472,0.0645,0.8883
3312,brute_force,random_padding+timing_jitter+constant_rate_shaping,malicious_obfuscated,malicious_obfuscated,1,0.0748,0.0133,0.9119
3313,web_browsing,none,benign,benign,1,0.9836,0.0106,0.0058
3314,c2_beacon,none,malicious_plain,malicious_plain,1,0.0216,0.9354,0.0431
3315,data_exfiltration,none,malicious_plain,malicious_plain,1,0.0151,0.9774,0.0075
3316,data_exfiltration,none,malicious_plain,malicious_plain,1,0.0186,0.9718,0.0096
3317,ssh_interactive,fragmentation+tunnel_encapsulation,benign,benign,1,0.8691,0.0336,0.0973
3318,port_scan,none,malicious_plain,malicious_plain,1,0.0148,0.9348,0.0504
3319,brute_force,dummy_injection+tunnel_encapsulation,malicious_obfuscated,malicious_obfuscated,1,0.0188,0.0248,0.9564
3320,data_exfiltration,block_padding+random_padding,malicious_obfuscated,malicious_obfuscated,1,0.0208,0.0239,0.9553
3321,brute_force,none,malicious_plain,malicious_plain,1,0.0170,0.9291,0.0538
3322,c2_beacon,random_padding,malicious_obfuscated,malicious_obfuscated,1,0.0193,0.1045,0.8761
3323,c2_beacon,none,malicious_plain,malicious_plain,1,0.0178,0.9402,0.0420
3324,c2_beacon,none,malicious_plain,malicious_plain,1,0.0168,0.9416,0.0416
3325,data_exfiltration,fragmentation,malicious_obfuscated,malicious_obfuscated,1,0.0242,0.0320,0.9438
3326,ddos_flood,dummy_injection+timing_jitter+tunnel_encapsulation,malicious_obfuscated,malicious_obfuscated,1,0.0162,0.0185,0.9653
3327,c2_beacon,none,malicious_plain,malicious_plain,1,0.0200,0.9403,0.0397
3328,reverse_shell,protocol_mimicry+fragmentation,malicious_obfuscated,malicious_obfuscated,1,0.2668,0.0410,0.6923
3329,data_exfiltration,none,malicious_plain,malicious_plain,1,0.0192,0.9721,0.0088
3330,c2_beacon,none,malicious_plain,malicious_plain,1,0.0118,0.9436,0.0446
3331,c2_beacon,none,malicious_plain,malicious_plain,1,0.0223,0.9287,0.0489
3332,voip,fragmentation+tunnel_encapsulation,benign,benign,1,0.9625,0.0125,0.0250
3333,ddos_flood,random_padding+constant_rate_shaping+tunnel_encapsulation,malicious_obfuscated,malicious_obfuscated,1,0.0168,0.0194,0.9638
3334,file_download,dummy_injection+constant_rate_shaping+tunnel_encapsulation,benign,benign,1,0.9174,0.0304,0.0522
3335,ddos_flood,none,malicious_plain,malicious_plain,1,0.0154,0.9515,0.0331
3336,c2_beacon,none,malicious_plain,malicious_plain,1,0.0206,0.9258,0.0535
3337,ssh_interactive,tunnel_encapsulation,benign,benign,1,0.9499,0.0176,0.0325
3338,dns_query,dummy_injection,benign,benign,1,0.9061,0.0435,0.0504
3339,file_download,none,benign,benign,1,0.9710,0.0169,0.0121
3340,brute_force,fragmentation,malicious_obfuscated,malicious_obfuscated,1,0.0121,0.0485,0.9395
3341,voip,none,benign,benign,1,0.9778,0.0139,0.0083
3342,c2_beacon,protocol_mimicry+dummy_injection+constant_rate_shaping,malicious_obfuscated,malicious_obfuscated,1,0.0463,0.0128,0.9409
3343,port_scan,none,malicious_plain,malicious_plain,1,0.0147,0.9407,0.0446
3344,port_scan,block_padding,malicious_obfuscated,malicious_obfuscated,1,0.0227,0.0111,0.9662
3345,c2_beacon,protocol_mimicry+fragmentation+random_padding,malicious_obfuscated,malicious_obfuscated,1,0.0382,0.0163,0.9455
3346,video_streaming,protocol_mimicry+tunnel_encapsulation,benign,benign,1,0.9914,0.0056,0.0030
3347,file_download,none,benign,benign,1,0.9718,0.0152,0.0130
3348,ddos_flood,none,malicious_plain,malicious_plain,1,0.0263,0.7255,0.2482
3349,video_streaming,block_padding+timing_jitter,benign,benign,1,0.9513,0.0294,0.0193
3350,c2_beacon,none,malicious_plain,malicious_plain,1,0.0142,0.9394,0.0464
3351,brute_force,protocol_mimicry+block_padding+tunnel_encapsulation,malicious_obfuscated,malicious_obfuscated,1,0.1594,0.0128,0.8278
3352,port_scan,none,malicious_plain,malicious_plain,1,0.0118,0.9503,0.0380
3353,port_scan,constant_rate_shaping,malicious_obfuscated,malicious_obfuscated,1,0.0391,0.0134,0.9474
3354,ssh_interactive,dummy_injection,benign,benign,1,0.9739,0.0093,0.0168
3355,brute_force,none,malicious_plain,malicious_plain,1,0.0154,0.9356,0.0491
3356,brute_force,none,malicious_plain,malicious_plain,1,0.0160,0.9436,0.0403
3357,brute_force,protocol_mimicry+fragmentation+tunnel_encapsulation,malicious_obfuscated,malicious_obfuscated,1,0.3369,0.0313,0.6319
3358,c2_beacon,protocol_mimicry+block_padding,malicious_obfuscated,malicious_obfuscated,1,0.0891,0.0086,0.9023
3359,voip,none,benign,benign,1,0.9751,0.0164,0.0084
3360,video_streaming,protocol_mimicry+fragmentation+constant_rate_shaping,benign,benign,1,0.5623,0.0578,0.3800
3361,reverse_shell,none,malicious_plain,malicious_plain,1,0.0120,0.9483,0.0398
3362,c2_beacon,protocol_mimicry+dummy_injection,malicious_obfuscated,malicious_obfuscated,1,0.0446,0.0141,0.9413
3363,data_exfiltration,none,malicious_plain,malicious_plain,1,0.0204,0.9691,0.0104
3364,video_streaming,protocol_mimicry,benign,benign,1,0.9469,0.0289,0.0242
3365,ddos_flood,none,malicious_plain,malicious_plain,1,0.0148,0.9565,0.0287
3366,voip,constant_rate_shaping,benign,malicious_obfuscated,0,0.3916,0.0274,0.5810
3367,file_download,random_padding,benign,benign,1,0.9611,0.0235,0.0154
3368,port_scan,none,malicious_plain,malicious_plain,1,0.0186,0.9432,0.0382
3369,brute_force,none,malicious_plain,malicious_plain,1,0.0192,0.9322,0.0486
3370,web_browsing,none,benign,benign,1,0.9453,0.0413,0.0134
3371,web_browsing,none,benign,benign,1,0.8199,0.1627,0.0174
3372,port_scan,random_padding+tunnel_encapsulation,malicious_obfuscated,malicious_obfuscated,1,0.0203,0.0118,0.9679
3373,ssh_interactive,none,benign,benign,1,0.9768,0.0155,0.0077
3374,c2_beacon,random_padding,malicious_obfuscated,malicious_obfuscated,1,0.0203,0.1078,0.8719
3375,video_streaming,none,benign,benign,1,0.9673,0.0184,0.0142
3376,port_scan,none,malicious_plain,malicious_plain,1,0.0121,0.9490,0.0388
3377,brute_force,random_padding,malicious_obfuscated,malicious_plain,0,0.0306,0.6037,0.3657
3378,ssh_interactive,none,benign,benign,1,0.9658,0.0194,0.0148
3379,brute_force,protocol_mimicry,malicious_obfuscated,malicious_obfuscated,1,0.0315,0.0243,0.9442
3380,brute_force,none,malicious_plain,malicious_plain,1,0.0152,0.9397,0.0451
3381,ssh_interactive,none,benign,benign,1,0.9567,0.0246,0.0187
3382,ddos_flood,timing_jitter+constant_rate_shaping+tunnel_encapsulation,malicious_obfuscated,malicious_obfuscated,1,0.1149,0.0137,0.8714
3383,c2_beacon,none,malicious_plain,malicious_plain,1,0.0148,0.9458,0.0394
3384,port_scan,block_padding,malicious_obfuscated,malicious_obfuscated,1,0.0317,0.0117,0.9565
3385,data_exfiltration,none,malicious_plain,malicious_plain,1,0.0150,0.9757,0.0093
3386,port_scan,none,malicious_plain,malicious_plain,1,0.0140,0.9405,0.0455
3387,port_scan,none,malicious_plain,malicious_plain,1,0.0126,0.9462,0.0411
3388,brute_force,none,malicious_plain,malicious_plain,1,0.0132,0.9495,0.0372
3389,ddos_flood,timing_jitter+constant_rate_shaping,malicious_obfuscated,malicious_obfuscated,1,0.1402,0.0261,0.8337
3390,ssh_interactive,none,benign,benign,1,0.9575,0.0260,0.0165
3391,voip,none,benign,benign,1,0.9782,0.0154,0.0064
3392,reverse_shell,protocol_mimicry+fragmentation+block_padding,malicious_obfuscated,malicious_obfuscated,1,0.4159,0.0138,0.5703
3393,ddos_flood,none,malicious_plain,malicious_plain,1,0.0164,0.9503,0.0333
3394,file_download,none,benign,benign,1,0.9608,0.0193,0.0199
3395,c2_beacon,none,malicious_plain,malicious_plain,1,0.0206,0.9395,0.0398
3396,reverse_shell,protocol_mimicry+block_padding+dummy_injection,malicious_obfuscated,malicious_obfuscated,1,0.3447,0.0158,0.6394
3397,ssh_interactive,none,benign,benign,1,0.9710,0.0192,0.0098
3398,data_exfiltration,none,malicious_plain,malicious_plain,1,0.0181,0.9732,0.0086
3399,ddos_flood,none,malicious_plain,malicious_plain,1,0.0150,0.9545,0.0305
3400,reverse_shell,protocol_mimicry,malicious_obfuscated,malicious_obfuscated,1,0.1552,0.0271,0.8177
3401,ssh_interactive,none,benign,benign,1,0.9678,0.0180,0.0142
3402,video_streaming,none,benign,benign,1,0.9657,0.0207,0.0136
3403,voip,none,benign,benign,1,0.9768,0.0153,0.0079
3404,reverse_shell,none,malicious_plain,malicious_plain,1,0.0067,0.9854,0.0079
3405,file_download,none,benign,benign,1,0.9643,0.0197,0.0161
3406,ddos_flood,protocol_mimicry+fragmentation,malicious_obfuscated,malicious_obfuscated,1,0.0392,0.0184,0.9423
3407,reverse_shell,protocol_mimicry+timing_jitter+constant_rate_shaping,malicious_obfuscated,malicious_obfuscated,1,0.3496,0.0120,0.6384
3408,brute_force,none,malicious_plain,malicious_plain,1,0.0168,0.9317,0.0515
3409,brute_force,protocol_mimicry+fragmentation+random_padding,malicious_obfuscated,malicious_obfuscated,1,0.0850,0.0203,0.8947
3410,c2_beacon,none,malicious_plain,malicious_plain,1,0.0175,0.9364,0.0461
3411,port_scan,protocol_mimicry+block_padding,malicious_obfuscated,malicious_obfuscated,1,0.0180,0.0082,0.9737
3412,ssh_interactive,none,benign,benign,1,0.9661,0.0205,0.0134
3413,file_download,none,benign,benign,1,0.9523,0.0260,0.0217
3414,ddos_flood,none,malicious_plain,malicious_plain,1,0.0133,0.9556,0.0311
3415,ddos_flood,protocol_mimicry+block_padding,malicious_obfuscated,malicious_obfuscated,1,0.0126,0.0107,0.9767
3416,ssh_interactive,none,benign,benign,1,0.9671,0.0208,0.0121
3417,c2_beacon,block_padding+timing_jitter,malicious_obfuscated,malicious_obfuscated,1,0.0264,0.0232,0.9504
3418,ddos_flood,none,malicious_plain,malicious_plain,1,0.0166,0.9501,0.0333
3419,file_download,fragmentation+dummy_injection,benign,benign,1,0.9765,0.0104,0.0131
3420,ddos_flood,random_padding+constant_rate_shaping,malicious_obfuscated,malicious_obfuscated,1,0.0297,0.0255,0.9448
3421,ddos_flood,none,malicious_plain,malicious_plain,1,0.0221,0.9437,0.0342
3422,port_scan,tunnel_encapsulation,malicious_obfuscated,malicious_obfuscated,1,0.0166,0.0241,0.9594
3423,ssh_interactive,protocol_mimicry,benign,malicious_obfuscated,0,0.1633,0.0310,0.8057
3424,web_browsing,dummy_injection+tunnel_encapsulation,benign,benign,1,0.9474,0.0140,0.0386
3425,c2_beacon,timing_jitter+tunnel_encapsulation,malicious_obfuscated,malicious_obfuscated,1,0.0294,0.0212,0.9494
3426,data_exfiltration,none,malicious_plain,malicious_plain,1,0.0298,0.9594,0.0108
3427,c2_beacon,none,malicious_plain,malicious_plain,1,0.0251,0.8752,0.0997
3428,brute_force,protocol_mimicry+fragmentation+tunnel_encapsulation,malicious_obfuscated,benign,0,0.6480,0.0241,0.3279
3429,port_scan,dummy_injection,malicious_obfuscated,malicious_plain,0,0.0119,0.9461,0.0420
3430,c2_beacon,none,malicious_plain,malicious_plain,1,0.0166,0.9440,0.0394
3431,voip,protocol_mimicry,benign,benign,1,0.8349,0.0260,0.1391
3432,data_exfiltration,none,malicious_plain,malicious_plain,1,0.0183,0.9730,0.0086
3433,video_streaming,none,benign,benign,1,0.9561,0.0270,0.0169
3434,voip,protocol_mimicry,benign,benign,1,0.8531,0.0316,0.1153
3435,ddos_flood,none,malicious_plain,malicious_plain,1,0.0173,0.9504,0.0323
3436,data_exfiltration,none,malicious_plain,malicious_plain,1,0.0176,0.9729,0.0095
3437,port_scan,none,malicious_plain,malicious_plain,1,0.0148,0.9540,0.0312
3438,ddos_flood,none,malicious_plain,malicious_plain,1,0.0165,0.9510,0.0325
3439,c2_beacon,constant_rate_shaping,malicious_obfuscated,malicious_obfuscated,1,0.2395,0.0239,0.7365
3440,port_scan,none,malicious_plain,malicious_plain,1,0.0136,0.9417,0.0446
3441,web_browsing,none,benign,benign,1,0.9853,0.0081,0.0066
3442,web_browsing,none,benign,benign,1,0.9646,0.0200,0.0154
3443,voip,block_padding+dummy_injection+constant_rate_shaping,benign,malicious_obfuscated,0,0.3935,0.0250,0.5815
3444,reverse_shell,none,malicious_plain,malicious_plain,1,0.0135,0.9719,0.0146
3445,brute_force,none,malicious_plain,malicious_plain,1,0.0153,0.9375,0.0472
3446,reverse_shell,none,malicious_plain,malicious_plain,1,0.0075,0.9761,0.0164
3447,data_exfiltration,protocol_mimicry+random_padding,malicious_obfuscated,malicious_obfuscated,1,0.0179,0.0138,0.9683
3448,web_browsing,protocol_mimicry+dummy_injection,benign,benign,1,0.8766,0.0210,0.1024
3449,ssh_interactive,protocol_mimicry,benign,benign,1,0.8411,0.0282,0.1307
3450,brute_force,none,malicious_plain,malicious_plain,1,0.0165,0.9488,0.0347
3451,ddos_flood,none,malicious_plain,malicious_plain,1,0.0138,0.9490,0.0372
3452,web_browsing,none,benign,benign,1,0.9810,0.0142,0.0048
3453,web_browsing,none,benign,benign,1,0.9811,0.0108,0.0081
3454,data_exfiltration,none,malicious_plain,malicious_plain,1,0.0209,0.9701,0.0091
3455,reverse_shell,none,malicious_plain,malicious_plain,1,0.0222,0.9410,0.0369
3456,voip,block_padding+dummy_injection+constant_rate_shaping,benign,malicious_obfuscated,0,0.3878,0.0270,0.5852
3457,data_exfiltration,protocol_mimicry+tunnel_encapsulation,malicious_obfuscated,malicious_obfuscated,1,0.0121,0.0205,0.9674
3458,port_scan,none,malicious_plain,malicious_plain,1,0.0148,0.9313,0.0538
3459,file_download,block_padding+tunnel_encapsulation,benign,benign,1,0.9734,0.0152,0.0114
3460,brute_force,block_padding,malicious_obfuscated,malicious_obfuscated,1,0.1039,0.0378,0.8583
3461,brute_force,fragmentation+dummy_injection+constant_rate_shaping,malicious_obfuscated,malicious_obfuscated,1,0.3680,0.0227,0.6093
3462,ddos_flood,dummy_injection+timing_jitter+constant_rate_shaping,malicious_obfuscated,benign,0,0.5660,0.0345,0.3994
3463,ddos_flood,constant_rate_shaping,malicious_obfuscated,malicious_obfuscated,1,0.0148,0.0187,0.9665
3464,video_streaming,none,benign,benign,1,0.9764,0.0142,0.0094
3465,web_browsing,random_padding+timing_jitter,benign,benign,1,0.9558,0.0161,0.0282
3466,c2_beacon,none,malicious_plain,malicious_plain,1,0.0172,0.9407,0.0421
3467,web_browsing,none,benign,benign,1,0.9355,0.0384,0.0262
3468,ddos_flood,none,malicious_plain,malicious_plain,1,0.0146,0.9483,0.0371
3469,ddos_flood,none,malicious_plain,malicious_plain,1,0.0152,0.9522,0.0326
3470,video_streaming,none,benign,benign,1,0.9635,0.0211,0.0154
3471,brute_force,timing_jitter,malicious_obfuscated,malicious_plain,0,0.0186,0.9059,0.0755
3472,voip,fragmentation,benign,benign,1,0.9428,0.0211,0.0361
3473,brute_force,timing_jitter+constant_rate_shaping+tunnel_encapsulation,malicious_obfuscated,malicious_obfuscated,1,0.1657,0.0183,0.8160
3474,c2_beacon,none,malicious_plain,malicious_plain,1,0.0183,0.9392,0.0425
3475,port_scan,constant_rate_shaping+tunnel_encapsulation,malicious_obfuscated,malicious_obfuscated,1,0.0328,0.0120,0.9552
3476,voip,random_padding+timing_jitter,benign,benign,1,0.8201,0.0277,0.1522
3477,reverse_shell,none,malicious_plain,malicious_plain,1,0.0112,0.9761,0.0127
3478,ddos_flood,protocol_mimicry+random_padding,malicious_obfuscated,malicious_obfuscated,1,0.0198,0.0190,0.9612
3479,port_scan,protocol_mimicry+timing_jitter+constant_rate_shaping,malicious_obfuscated,malicious_obfuscated,1,0.0444,0.0131,0.9425
3480,c2_beacon,fragmentation,malicious_obfuscated,malicious_obfuscated,1,0.0141,0.0191,0.9668
3481,reverse_shell,random_padding+timing_jitter,malicious_obfuscated,malicious_obfuscated,1,0.2692,0.0813,0.6495
3482,port_scan,dummy_injection,malicious_obfuscated,malicious_obfuscated,1,0.0276,0.0382,0.9342
3483,web_browsing,none,benign,benign,1,0.9774,0.0116,0.0110
3484,web_browsing,none,benign,benign,1,0.9781,0.0133,0.0086
3485,c2_beacon,fragmentation+dummy_injection+constant_rate_shaping,malicious_obfuscated,malicious_obfuscated,1,0.2052,0.0216,0.7732
3486,brute_force,none,malicious_plain,malicious_plain,1,0.0193,0.9385,0.0422
3487,voip,none,benign,benign,1,0.9771,0.0152,0.0077
3488,data_exfiltration,protocol_mimicry,malicious_obfuscated,malicious_obfuscated,1,0.0216,0.0169,0.9616
3489,reverse_shell,constant_rate_shaping,malicious_obfuscated,malicious_obfuscated,1,0.0963,0.0087,0.8950
3490,video_streaming,none,benign,benign,1,0.9735,0.0163,0.0102
3491,ssh_interactive,block_padding+constant_rate_shaping+tunnel_encapsulation,benign,benign,1,0.7321,0.0185,0.2495
3492,port_scan,none,malicious_plain,malicious_plain,1,0.0155,0.9335,0.0510
3493,reverse_shell,protocol_mimicry+random_padding+timing_jitter,malicious_obfuscated,malicious_obfuscated,1,0.0408,0.0165,0.9427
3494,ddos_flood,none,malicious_plain,malicious_plain,1,0.0151,0.9543,0.0306
3495,web_browsing,none,benign,benign,1,0.9808,0.0100,0.0092
3496,file_download,protocol_mimicry+constant_rate_shaping,benign,benign,1,0.9113,0.0275,0.0612
3497,brute_force,none,malicious_plain,malicious_plain,1,0.0215,0.9391,0.0393
3498,reverse_shell,none,malicious_plain,malicious_plain,1,0.0089,0.9648,0.0263
3499,ssh_interactive,protocol_mimicry+block_padding+timing_jitter,benign,benign,1,0.8549,0.0183,0.1269
3500,web_browsing,none,benign,benign,1,0.9783,0.0124,0.0093
3501,reverse_shell,none,malicious_plain,malicious_plain,1,0.0213,0.9477,0.0309
3502,c2_beacon,protocol_mimicry+fragmentation+tunnel_encapsulation,malicious_obfuscated,malicious_obfuscated,1,0.0653,0.0161,0.9186
3503,file_download,none,benign,benign,1,0.9617,0.0210,0.0172
3504,data_exfiltration,fragmentation+timing_jitter+tunnel_encapsulation,malicious_obfuscated,malicious_obfuscated,1,0.0110,0.0194,0.9696
3505,port_scan,protocol_mimicry+constant_rate_shaping,malicious_obfuscated,malicious_obfuscated,1,0.0346,0.0294,0.9360
3506,file_download,block_padding,benign,benign,1,0.9608,0.0199,0.0193
3507,c2_beacon,none,malicious_plain,malicious_plain,1,0.0172,0.9377,0.0450
3508,ssh_interactive,dummy_injection,benign,benign,1,0.9265,0.0208,0.0527
3509,ddos_flood,none,malicious_plain,malicious_plain,1,0.0227,0.9353,0.0420
3510,file_download,protocol_mimicry+fragmentation+block_padding,benign,benign,1,0.9462,0.0250,0.0288
3511,c2_beacon,random_padding+constant_rate_shaping,malicious_obfuscated,malicious_obfuscated,1,0.0806,0.0094,0.9100
3512,ssh_interactive,none,benign,benign,1,0.9692,0.0209,0.0099
3513,file_download,none,benign,benign,1,0.9560,0.0224,0.0216
3514,port_scan,none,malicious_plain,malicious_plain,1,0.0149,0.9492,0.0359
3515,c2_beacon,none,malicious_plain,malicious_plain,1,0.0145,0.9429,0.0426
3516,data_exfiltration,none,malicious_plain,malicious_plain,1,0.0233,0.9676,0.0091
3517,file_download,none,benign,benign,1,0.9604,0.0219,0.0177
3518,reverse_shell,protocol_mimicry,malicious_obfuscated,malicious_obfuscated,1,0.0852,0.0171,0.8976
3519,data_exfiltration,protocol_mimicry+fragmentation,malicious_obfuscated,malicious_obfuscated,1,0.0175,0.0269,0.9556
3520,web_browsing,none,benign,benign,1,0.9844,0.0080,0.0076
3521,data_exfiltration,none,malicious_plain,malicious_plain,1,0.0159,0.9751,0.0090
3522,ddos_flood,none,malicious_plain,malicious_plain,1,0.0175,0.9512,0.0313
3523,c2_beacon,none,malicious_plain,malicious_plain,1,0.0127,0.9484,0.0390
3524,reverse_shell,none,malicious_plain,malicious_plain,1,0.0132,0.9188,0.0680
3525,reverse_shell,protocol_mimicry+block_padding+constant_rate_shaping,malicious_obfuscated,malicious_obfuscated,1,0.3839,0.0357,0.5804
3526,reverse_shell,none,malicious_plain,malicious_plain,1,0.0280,0.9174,0.0546
3527,data_exfiltration,none,malicious_plain,malicious_plain,1,0.0231,0.9672,0.0097
3528,voip,none,benign,benign,1,0.9761,0.0156,0.0083
3529,reverse_shell,protocol_mimicry+dummy_injection+tunnel_encapsulation,malicious_obfuscated,malicious_obfuscated,1,0.4204,0.0164,0.5632
3530,c2_beacon,block_padding+timing_jitter+constant_rate_shaping,malicious_obfuscated,malicious_obfuscated,1,0.0758,0.0097,0.9145
3531,ddos_flood,protocol_mimicry+fragmentation+dummy_injection,malicious_obfuscated,malicious_obfuscated,1,0.0706,0.0248,0.9045
3532,dns_query,block_padding+dummy_injection,benign,benign,1,0.9208,0.0150,0.0642
3533,reverse_shell,block_padding+constant_rate_shaping+tunnel_encapsulation,malicious_obfuscated,malicious_obfuscated,1,0.2681,0.0139,0.7180
3534,ddos_flood,none,malicious_plain,malicious_plain,1,0.0182,0.9507,0.0311
3535,data_exfiltration,none,malicious_plain,malicious_plain,1,0.0184,0.9703,0.0113
3536,brute_force,fragmentation,malicious_obfuscated,malicious_obfuscated,1,0.0240,0.0366,0.9394
3537,ddos_flood,timing_jitter+tunnel_encapsulation,malicious_obfuscated,malicious_obfuscated,1,0.0188,0.0260,0.9553
3538,data_exfiltration,none,malicious_plain,malicious_plain,1,0.0230,0.9684,0.0086
3539,web_browsing,none,benign,benign,1,0.9864,0.0102,0.0035
3540,brute_force,none,malicious_plain,malicious_plain,1,0.0166,0.9324,0.0509
3541,ssh_interactive,none,benign,benign,1,0.9626,0.0211,0.0163
3542,voip,random_padding+dummy_injection,benign,benign,1,0.9595,0.0130,0.0275
3543,port_scan,random_padding,malicious_obfuscated,malicious_obfuscated,1,0.0237,0.0309,0.9454
3544,port_scan,fragmentation,malicious_obfuscated,malicious_plain,0,0.0222,0.9397,0.0381
3545,video_streaming,none,benign,benign,1,0.9570,0.0229,0.0201
3546,reverse_shell,none,malicious_plain,malicious_plain,1,0.0075,0.9736,0.0188
3547,ddos_flood,none,malicious_plain,malicious_plain,1,0.0174,0.9493,0.0333
3548,ssh_interactive,none,benign,benign,1,0.9661,0.0219,0.0120
3549,port_scan,none,malicious_plain,malicious_plain,1,0.0189,0.9114,0.0697
3550,reverse_shell,none,malicious_plain,malicious_plain,1,0.0154,0.9475,0.0371
3551,data_exfiltration,protocol_mimicry,malicious_obfuscated,malicious_obfuscated,1,0.0235,0.0238,0.9526
3552,video_streaming,none,benign,benign,1,0.9663,0.0199,0.0138
3553,c2_beacon,none,malicious_plain,malicious_plain,1,0.0182,0.9406,0.0412
3554,data_exfiltration,block_padding,malicious_obfuscated,malicious_obfuscated,1,0.0335,0.0118,0.9546
3555,ssh_interactive,none,benign,benign,1,0.9684,0.0184,0.0132
3556,brute_force,constant_rate_shaping,malicious_obfuscated,malicious_obfuscated,1,0.2809,0.0290,0.6901
3557,reverse_shell,block_padding,malicious_obfuscated,malicious_obfuscated,1,0.3259,0.0671,0.6070
3558,web_browsing,block_padding,benign,benign,1,0.9682,0.0153,0.0165
3559,reverse_shell,random_padding+dummy_injection,malicious_obfuscated,malicious_obfuscated,1,0.0182,0.0356,0.9462
3560,web_browsing,block_padding+random_padding,benign,benign,1,0.6733,0.0319,0.2948
3561,brute_force,none,malicious_plain,malicious_plain,1,0.0162,0.9431,0.0407
3562,reverse_shell,none,malicious_plain,malicious_plain,1,0.0108,0.9287,0.0605
3563,brute_force,none,malicious_plain,malicious_plain,1,0.0168,0.9357,0.0474
3564,brute_force,fragmentation,malicious_obfuscated,malicious_obfuscated,1,0.0207,0.0285,0.9507
3565,c2_beacon,protocol_mimicry+fragmentation+tunnel_encapsulation,malicious_obfuscated,malicious_obfuscated,1,0.0458,0.0139,0.9403
3566,ddos_flood,none,malicious_plain,malicious_plain,1,0.0169,0.9525,0.0306
3567,data_exfiltration,random_padding+tunnel_encapsulation,malicious_obfuscated,malicious_obfuscated,1,0.0130,0.0292,0.9577
3568,web_browsing,block_padding+random_padding,benign,benign,1,0.9727,0.0151,0.0122
3569,ssh_interactive,none,benign,benign,1,0.9600,0.0218,0.0181
3570,port_scan,none,malicious_plain,malicious_plain,1,0.0119,0.9552,0.0329
3571,brute_force,fragmentation+timing_jitter+tunnel_encapsulation,malicious_obfuscated,malicious_obfuscated,1,0.0170,0.0281,0.9549
3572,brute_force,protocol_mimicry+constant_rate_shaping,malicious_obfuscated,malicious_obfuscated,1,0.2827,0.0149,0.7024
3573,voip,dummy_injection+constant_rate_shaping,benign,benign,1,0.5125,0.0182,0.4693
3574,web_browsing,none,benign,benign,1,0.9577,0.0221,0.0202
3575,brute_force,none,malicious_plain,malicious_plain,1,0.0181,0.9263,0.0556
3576,brute_force,timing_jitter,malicious_obfuscated,malicious_plain,0,0.0162,0.9319,0.0519
3577,port_scan,fragmentation+constant_rate_shaping,malicious_obfuscated,malicious_obfuscated,1,0.0361,0.0113,0.9526
3578,brute_force,none,malicious_plain,malicious_plain,1,0.0153,0.9359,0.0488
3579,data_exfiltration,none,malicious_plain,malicious_plain,1,0.0187,0.9703,0.0110
3580,reverse_shell,tunnel_encapsulation,malicious_obfuscated,malicious_obfuscated,1,0.0243,0.0216,0.9541
3581,reverse_shell,block_padding+timing_jitter,malicious_obfuscated,malicious_obfuscated,1,0.0186,0.0235,0.9579
3582,data_exfiltration,fragmentation+random_padding+constant_rate_shaping,malicious_obfuscated,malicious_obfuscated,1,0.0619,0.0171,0.9210
3583,reverse_shell,protocol_mimicry+constant_rate_shaping,malicious_obfuscated,malicious_obfuscated,1,0.3644,0.0119,0.6237
3584,port_scan,none,malicious_plain,malicious_plain,1,0.0106,0.9531,0.0363
3585,brute_force,block_padding+random_padding,malicious_obfuscated,malicious_obfuscated,1,0.0176,0.0228,0.9596
3586,data_exfiltration,none,malicious_plain,malicious_plain,1,0.0241,0.9657,0.0102
3587,ddos_flood,none,malicious_plain,malicious_plain,1,0.0174,0.9500,0.0326
3588,port_scan,none,malicious_plain,malicious_plain,1,0.0147,0.9522,0.0331
3589,reverse_shell,none,malicious_plain,malicious_plain,1,0.0434,0.9302,0.0264
3590,brute_force,none,malicious_plain,malicious_plain,1,0.0143,0.9332,0.0525
3591,reverse_shell,none,malicious_plain,malicious_plain,1,0.0349,0.9521,0.0131
3592,reverse_shell,block_padding+timing_jitter+constant_rate_shaping,malicious_obfuscated,malicious_obfuscated,1,0.1747,0.0138,0.8115
3593,video_streaming,none,benign,benign,1,0.9673,0.0209,0.0119
3594,ddos_flood,none,malicious_plain,malicious_plain,1,0.0165,0.9524,0.0311
3595,reverse_shell,protocol_mimicry+block_padding+random_padding,malicious_obfuscated,malicious_obfuscated,1,0.0961,0.0191,0.8847
3596,web_browsing,none,benign,benign,1,0.9717,0.0193,0.0090
3597,video_streaming,protocol_mimicry,benign,benign,1,0.9519,0.0244,0.0237
3598,data_exfiltration,protocol_mimicry+timing_jitter,malicious_obfuscated,malicious_obfuscated,1,0.0399,0.0212,0.9389
3599,dns_query,fragmentation+dummy_injection+tunnel_encapsulation,benign,benign,1,0.9771,0.0058,0.0171
3600,data_exfiltration,none,malicious_plain,malicious_plain,1,0.0163,0.9746,0.0091
3601,c2_beacon,random_padding+dummy_injection,malicious_obfuscated,malicious_obfuscated,1,0.0113,0.0281,0.9607
3602,reverse_shell,fragmentation+block_padding,malicious_obfuscated,malicious_obfuscated,1,0.0214,0.0105,0.9681
3603,data_exfiltration,none,malicious_plain,malicious_plain,1,0.0243,0.9675,0.0082
3604,file_download,none,benign,benign,1,0.9633,0.0199,0.0168
3605,c2_beacon,block_padding,malicious_obfuscated,malicious_obfuscated,1,0.0306,0.0307,0.9387
3606,brute_force,constant_rate_shaping,malicious_obfuscated,malicious_obfuscated,1,0.3914,0.0247,0.5839
3607,web_browsing,timing_jitter,benign,benign,1,0.8708,0.0154,0.1138
3608,data_exfiltration,none,malicious_plain,malicious_plain,1,0.0161,0.9756,0.0084
3609,ssh_interactive,none,benign,benign,1,0.9618,0.0202,0.0181
3610,reverse_shell,none,malicious_plain,malicious_plain,1,0.0188,0.9666,0.0146
3611,port_scan,none,malicious_plain,malicious_plain,1,0.0141,0.9404,0.0455
3612,port_scan,none,malicious_plain,malicious_plain,1,0.0122,0.9465,0.0414
3613,ddos_flood,none,malicious_plain,malicious_plain,1,0.0148,0.9532,0.0319
3614,data_exfiltration,none,malicious_plain,malicious_plain,1,0.0163,0.9748,0.0089
3615,port_scan,none,malicious_plain,malicious_plain,1,0.0151,0.9383,0.0465
3616,ssh_interactive,protocol_mimicry+timing_jitter,benign,benign,1,0.5494,0.0184,0.4321
3617,c2_beacon,none,malicious_plain,malicious_plain,1,0.0145,0.9433,0.0422
3618,c2_beacon,tunnel_encapsulation,malicious_obfuscated,malicious_obfuscated,1,0.0333,0.0210,0.9457
3619,ssh_interactive,none,benign,benign,1,0.9198,0.0260,0.0542
3620,video_streaming,none,benign,benign,1,0.9670,0.0171,0.0158
3621,ssh_interactive,timing_jitter+constant_rate_shaping,benign,malicious_obfuscated,0,0.4389,0.0287,0.5325
3622,data_exfiltration,protocol_mimicry+dummy_injection+constant_rate_shaping,malicious_obfuscated,benign,0,0.5877,0.0229,0.3893
3623,data_exfiltration,protocol_mimicry+timing_jitter,malicious_obfuscated,malicious_obfuscated,1,0.0266,0.0142,0.9592
3624,data_exfiltration,none,malicious_plain,malicious_plain,1,0.0159,0.9762,0.0078
3625,brute_force,none,malicious_plain,malicious_plain,1,0.0171,0.9362,0.0468
3626,ddos_flood,protocol_mimicry+dummy_injection+tunnel_encapsulation,malicious_obfuscated,malicious_obfuscated,1,0.0202,0.0123,0.9675
3627,video_streaming,none,benign,benign,1,0.9602,0.0199,0.0199
3628,c2_beacon,none,malicious_plain,malicious_plain,1,0.0225,0.9330,0.0445
3629,reverse_shell,none,malicious_plain,malicious_plain,1,0.0085,0.9742,0.0172
3630,ssh_interactive,none,benign,benign,1,0.9670,0.0204,0.0126
3631,ddos_flood,none,malicious_plain,malicious_plain,1,0.0164,0.9523,0.0313
3632,web_browsing,none,benign,benign,1,0.9817,0.0102,0.0082
3633,c2_beacon,none,malicious_plain,malicious_plain,1,0.0171,0.9405,0.0424
3634,brute_force,none,malicious_plain,malicious_plain,1,0.0156,0.9392,0.0452
3635,data_exfiltration,none,malicious_plain,malicious_plain,1,0.0208,0.9709,0.0082
3636,voip,none,benign,benign,1,0.9729,0.0167,0.0104
3637,brute_force,none,malicious_plain,malicious_plain,1,0.0170,0.9310,0.0520
3638,voip,protocol_mimicry+random_padding+timing_jitter,benign,benign,1,0.9729,0.0151,0.0120
3639,reverse_shell,none,malicious_plain,malicious_plain,1,0.0089,0.9642,0.0270
3640,brute_force,none,malicious_plain,malicious_plain,1,0.0170,0.9324,0.0506
3641,port_scan,none,malicious_plain,malicious_plain,1,0.0174,0.9218,0.0608
3642,ddos_flood,constant_rate_shaping,malicious_obfuscated,malicious_obfuscated,1,0.0146,0.0164,0.9690
3643,voip,random_padding,benign,benign,1,0.9708,0.0147,0.0145
3644,file_download,fragmentation+block_padding+tunnel_encapsulation,benign,benign,1,0.9585,0.0231,0.0184
3645,ddos_flood,none,malicious_plain,malicious_plain,1,0.0162,0.9487,0.0351
3646,ssh_interactive,none,benign,benign,1,0.9747,0.0166,0.0087
3647,data_exfiltration,dummy_injection+timing_jitter,malicious_obfuscated,malicious_obfuscated,1,0.0253,0.0167,0.9580
3648,brute_force,none,malicious_plain,malicious_plain,1,0.0152,0.9469,0.0379
3649,c2_beacon,none,malicious_plain,malicious_plain,1,0.0171,0.9280,0.0549
3650,c2_beacon,random_padding+dummy_injection,malicious_obfuscated,malicious_obfuscated,1,0.0233,0.0168,0.9598
3651,data_exfiltration,none,malicious_plain,malicious_plain,1,0.0190,0.9724,0.0086
3652,port_scan,timing_jitter+constant_rate_shaping+tunnel_encapsulation,malicious_obfuscated,malicious_obfuscated,1,0.0335,0.0157,0.9508
3653,reverse_shell,none,malicious_plain,malicious_plain,1,0.0136,0.9250,0.0614
3654,ssh_interactive,none,benign,benign,1,0.9717,0.0190,0.0093
3655,ssh_interactive,fragmentation+block_padding+tunnel_encapsulation,benign,benign,1,0.9348,0.0134,0.0518
3656,port_scan,random_padding+constant_rate_shaping+tunnel_encapsulation,malicious_obfuscated,malicious_obfuscated,1,0.0167,0.0125,0.9708
3657,brute_force,none,malicious_plain,malicious_plain,1,0.0159,0.9358,0.0482
3658,brute_force,protocol_mimicry+dummy_injection+tunnel_encapsulation,malicious_obfuscated,malicious_obfuscated,1,0.0360,0.0182,0.9459
3659,brute_force,fragmentation+constant_rate_shaping,malicious_obfuscated,malicious_obfuscated,1,0.3064,0.0174,0.6761
3660,file_download,dummy_injection,benign,benign,1,0.9598,0.0122,0.0280
3661,data_exfiltration,none,malicious_plain,malicious_plain,1,0.0159,0.9754,0.0087
3662,web_browsing,none,benign,benign,1,0.9643,0.0209,0.0148
3663,port_scan,none,malicious_plain,malicious_plain,1,0.0177,0.9252,0.0571
3664,brute_force,protocol_mimicry+block_padding+random_padding,malicious_obfuscated,malicious_obfuscated,1,0.0805,0.0281,0.8914
3665,c2_beacon,none,malicious_plain,malicious_plain,1,0.0155,0.9333,0.0512
3666,c2_beacon,fragmentation+random_padding+constant_rate_shaping,malicious_obfuscated,malicious_obfuscated,1,0.1385,0.0171,0.8444
3667,voip,none,benign,benign,1,0.9761,0.0155,0.0084
3668,video_streaming,fragmentation+random_padding+dummy_injection,benign,benign,1,0.9154,0.0420,0.0426
3669,ddos_flood,none,malicious_plain,malicious_plain,1,0.0151,0.9475,0.0374
3670,ssh_interactive,random_padding+timing_jitter,benign,benign,1,0.9502,0.0202,0.0296
3671,c2_beacon,fragmentation+dummy_injection+tunnel_encapsulation,malicious_obfuscated,malicious_obfuscated,1,0.0172,0.0114,0.9714
3672,file_download,none,benign,benign,1,0.9552,0.0231,0.0217
3673,data_exfiltration,protocol_mimicry+block_padding+random_padding,malicious_obfuscated,malicious_obfuscated,1,0.0289,0.0185,0.9526
3674,port_scan,protocol_mimicry+fragmentation+dummy_injection,malicious_obfuscated,malicious_obfuscated,1,0.0110,0.0131,0.9759
3675,ssh_interactive,protocol_mimicry+constant_rate_shaping+tunnel_encapsulation,benign,malicious_obfuscated,0,0.0422,0.0186,0.9393
3676,web_browsing,fragmentation+block_padding+timing_jitter,benign,benign,1,0.5050,0.0342,0.4608
3677,data_exfiltration,none,malicious_plain,malicious_plain,1,0.0175,0.9716,0.0110
3678,web_browsing,none,benign,benign,1,0.9657,0.0205,0.0138
3679,brute_force,constant_rate_shaping,malicious_obfuscated,malicious_obfuscated,1,0.3719,0.0323,0.5958
3680,file_download,random_padding+dummy_injection,benign,benign,1,0.9737,0.0113,0.0149
3681,reverse_shell,none,malicious_plain,malicious_plain,1,0.0238,0.9548,0.0214
3682,video_streaming,none,benign,benign,1,0.9619,0.0227,0.0154
3683,c2_beacon,protocol_mimicry+random_padding,malicious_obfuscated,malicious_obfuscated,1,0.2053,0.0454,0.7493
3684,reverse_shell,none,malicious_plain,malicious_plain,1,0.0141,0.9676,0.0183
3685,voip,fragmentation,benign,benign,1,0.9730,0.0176,0.0093
3686,ssh_interactive,none,benign,benign,1,0.9689,0.0207,0.0103
3687,reverse_shell,none,malicious_plain,malicious_plain,1,0.0132,0.9652,0.0216
3688,data_exfiltration,none,malicious_plain,malicious_plain,1,0.0226,0.9677,0.0096
3689,c2_beacon,protocol_mimicry,malicious_obfuscated,malicious_obfuscated,1,0.0564,0.0212,0.9224
3690,c2_beacon,none,malicious_plain,malicious_plain,1,0.0185,0.9373,0.0442
3691,voip,none,benign,benign,1,0.9761,0.0157,0.0083
3692,data_exfiltration,none,malicious_plain,malicious_plain,1,0.0179,0.9718,0.0104
3693,port_scan,none,malicious_plain,malicious_plain,1,0.0147,0.9364,0.0489
3694,brute_force,fragmentation+block_padding+timing_jitter,malicious_obfuscated,malicious_obfuscated,1,0.0119,0.0205,0.9676
3695,file_download,none,benign,benign,1,0.9661,0.0205,0.0135
3696,ddos_flood,none,malicious_plain,malicious_plain,1,0.0161,0.9522,0.0317
3697,reverse_shell,protocol_mimicry,malicious_obfuscated,benign,0,0.6616,0.0304,0.3079
3698,data_exfiltration,none,malicious_plain,malicious_plain,1,0.0181,0.9708,0.0111
3699,reverse_shell,none,malicious_plain,malicious_plain,1,0.0084,0.9739,0.0177
3700,c2_beacon,fragmentation+dummy_injection+tunnel_encapsulation,malicious_obfuscated,malicious_obfuscated,1,0.0252,0.0082,0.9666
3701,web_browsing,fragmentation+tunnel_encapsulation,benign,benign,1,0.6998,0.0246,0.2756
3702,data_exfiltration,block_padding+dummy_injection+tunnel_encapsulation,malicious_obfuscated,malicious_obfuscated,1,0.0217,0.0110,0.9673
3703,video_streaming,protocol_mimicry,benign,benign,1,0.9064,0.0441,0.0496
3704,ssh_interactive,random_padding,benign,benign,1,0.8129,0.0555,0.1316
3705,data_exfiltration,timing_jitter,malicious_obfuscated,malicious_obfuscated,1,0.0305,0.1413,0.8282
3706,ddos_flood,none,malicious_plain,malicious_plain,1,0.0166,0.9491,0.0343
3707,video_streaming,fragmentation+tunnel_encapsulation,benign,benign,1,0.9510,0.0248,0.0242
3708,ssh_interactive,block_padding+constant_rate_shaping,benign,malicious_obfuscated,0,0.4862,0.0225,0.4913
3709,c2_beacon,fragmentation+block_padding+random_padding,malicious_obfuscated,malicious_obfuscated,1,0.0181,0.0477,0.9342
3710,data_exfiltration,protocol_mimicry,malicious_obfuscated,malicious_obfuscated,1,0.0461,0.0128,0.9412
3711,brute_force,protocol_mimicry+fragmentation,malicious_obfuscated,malicious_obfuscated,1,0.2855,0.0332,0.6814
3712,brute_force,none,malicious_plain,malicious_plain,1,0.0152,0.9383,0.0465
3713,c2_beacon,none,malicious_plain,malicious_plain,1,0.0156,0.9410,0.0434
3714,port_scan,protocol_mimicry,malicious_obfuscated,malicious_obfuscated,1,0.0320,0.0252,0.9428
3715,ddos_flood,none,malicious_plain,malicious_plain,1,0.0156,0.9496,0.0348
3716,data_exfiltration,random_padding,malicious_obfuscated,malicious_obfuscated,1,0.0227,0.0174,0.9599
3717,video_streaming,none,benign,benign,1,0.9671,0.0198,0.0131
3718,c2_beacon,none,malicious_plain,malicious_plain,1,0.0222,0.9342,0.0436
3719,reverse_shell,none,malicious_plain,malicious_plain,1,0.0082,0.9538,0.0380
3720,c2_beacon,none,malicious_plain,malicious_plain,1,0.0164,0.9432,0.0404
3721,ssh_interactive,protocol_mimicry+dummy_injection+tunnel_encapsulation,benign,malicious_obfuscated,0,0.1858,0.0188,0.7953
3722,data_exfiltration,none,malicious_plain,malicious_plain,1,0.0176,0.9728,0.0096
3723,brute_force,none,malicious_plain,malicious_plain,1,0.0170,0.9302,0.0528
3724,port_scan,dummy_injection+tunnel_encapsulation,malicious_obfuscated,malicious_obfuscated,1,0.0172,0.0111,0.9716
3725,file_download,none,benign,benign,1,0.9604,0.0220,0.0176
3726,video_streaming,random_padding+timing_jitter+tunnel_encapsulation,benign,benign,1,0.9671,0.0204,0.0126
3727,video_streaming,none,benign,benign,1,0.9759,0.0134,0.0107
3728,dns_query,dummy_injection,benign,benign,1,0.8704,0.0593,0.0703
3729,ssh_interactive,none,benign,benign,1,0.9718,0.0168,0.0114
3730,port_scan,none,malicious_plain,malicious_plain,1,0.0130,0.9504,0.0366
3731,reverse_shell,timing_jitter,malicious_obfuscated,malicious_plain,0,0.0087,0.9529,0.0384
3732,brute_force,none,malicious_plain,malicious_plain,1,0.0175,0.9265,0.0561
3733,data_exfiltration,none,malicious_plain,malicious_plain,1,0.0171,0.9749,0.0080
3734,reverse_shell,none,malicious_plain,malicious_plain,1,0.0080,0.9552,0.0368
3735,c2_beacon,constant_rate_shaping,malicious_obfuscated,malicious_obfuscated,1,0.2053,0.0217,0.7730
3736,port_scan,timing_jitter,malicious_obfuscated,malicious_obfuscated,1,0.0095,0.0163,0.9741
3737,ddos_flood,random_padding,malicious_obfuscated,malicious_obfuscated,1,0.0287,0.0270,0.9443
3738,ddos_flood,none,malicious_plain,malicious_plain,1,0.0191,0.9285,0.0525
3739,file_download,none,benign,benign,1,0.9626,0.0214,0.0160
3740,reverse_shell,none,malicious_plain,malicious_plain,1,0.2072,0.7401,0.0527
3741,c2_beacon,protocol_mimicry+timing_jitter,malicious_obfuscated,malicious_obfuscated,1,0.0774,0.0166,0.9061
3742,reverse_shell,protocol_mimicry+dummy_injection,malicious_obfuscated,malicious_obfuscated,1,0.3583,0.0359,0.6058
3743,c2_beacon,none,malicious_plain,malicious_plain,1,0.0161,0.9489,0.0351
3744,ssh_interactive,none,benign,benign,1,0.9660,0.0220,0.0120
3745,dns_query,protocol_mimicry+dummy_injection+tunnel_encapsulation,benign,benign,1,0.9296,0.0167,0.0536
3746,voip,none,benign,benign,1,0.9730,0.0176,0.0094
3747,file_download,none,benign,benign,1,0.9692,0.0177,0.0131
3748,port_scan,none,malicious_plain,malicious_plain,1,0.0120,0.9495,0.0385
3749,port_scan,none,malicious_plain,malicious_plain,1,0.0120,0.9588,0.0291
3750,c2_beacon,none,malicious_plain,malicious_plain,1,0.0132,0.9398,0.0470
3751,brute_force,none,malicious_plain,malicious_plain,1,0.0188,0.9289,0.0524
3752,web_browsing,timing_jitter+tunnel_encapsulation,benign,benign,1,0.9626,0.0180,0.0194
3753,data_exfiltration,dummy_injection,malicious_obfuscated,malicious_obfuscated,1,0.0299,0.0123,0.9578
3754,file_download,none,benign,benign,1,0.9665,0.0195,0.0140
3755,port_scan,none,malicious_plain,malicious_plain,1,0.0100,0.9567,0.0333
3756,ddos_flood,fragmentation,malicious_obfuscated,malicious_plain,0,0.0188,0.9494,0.0319
3757,port_scan,fragmentation+random_padding+dummy_injection,malicious_obfuscated,malicious_obfuscated,1,0.0124,0.0092,0.9784
3758,brute_force,timing_jitter,malicious_obfuscated,malicious_plain,0,0.0232,0.8743,0.1025
3759,brute_force,none,malicious_plain,malicious_plain,1,0.0149,0.9343,0.0508
3760,voip,protocol_mimicry+block_padding+tunnel_encapsulation,benign,malicious_obfuscated,0,0.3299,0.0270,0.6431
3761,voip,block_padding+constant_rate_shaping+tunnel_encapsulation,benign,malicious_obfuscated,0,0.3935,0.0304,0.5761
3762,ddos_flood,none,malicious_plain,malicious_plain,1,0.0180,0.9502,0.0318
3763,c2_beacon,dummy_injection+timing_jitter+tunnel_encapsulation,malicious_obfuscated,malicious_obfuscated,1,0.0182,0.0120,0.9698
3764,data_exfiltration,none,malicious_plain,malicious_plain,1,0.0237,0.9680,0.0083
3765,data_exfiltration,block_padding+timing_jitter+tunnel_encapsulation,malicious_obfuscated,malicious_obfuscated,1,0.0093,0.0199,0.9707
3766,reverse_shell,protocol_mimicry+dummy_injection+timing_jitter,malicious_obfuscated,malicious_obfuscated,1,0.0822,0.0142,0.9037
3767,reverse_shell,block_padding+dummy_injection+timing_jitter,malicious_obfuscated,malicious_obfuscated,1,0.0127,0.0097,0.9775
3768,file_download,none,benign,benign,1,0.9721,0.0164,0.0114
3769,dns_query,dummy_injection+timing_jitter+tunnel_encapsulation,benign,benign,1,0.9228,0.0229,0.0543
3770,voip,none,benign,benign,1,0.9785,0.0144,0.0070
3771,reverse_shell,tunnel_encapsulation,malicious_obfuscated,malicious_obfuscated,1,0.0938,0.0272,0.8791
3772,voip,none,benign,benign,1,0.9749,0.0163,0.0088
3773,voip,protocol_mimicry+timing_jitter+constant_rate_shaping,benign,malicious_obfuscated,0,0.1221,0.0168,0.8611
3774,video_streaming,none,benign,benign,1,0.9675,0.0181,0.0144
3775,port_scan,fragmentation+timing_jitter+constant_rate_shaping,malicious_obfuscated,malicious_obfuscated,1,0.2217,0.0154,0.7629
3776,data_exfiltration,none,malicious_plain,malicious_plain,1,0.0210,0.9698,0.0092
3777,c2_beacon,protocol_mimicry+random_padding+constant_rate_shaping,malicious_obfuscated,malicious_obfuscated,1,0.0696,0.0155,0.9148
3778,port_scan,none,malicious_plain,malicious_plain,1,0.0106,0.9557,0.0338
3779,port_scan,none,malicious_plain,malicious_plain,1,0.0122,0.9437,0.0441
3780,data_exfiltration,none,malicious_plain,malicious_plain,1,0.0155,0.9763,0.0083
3781,web_browsing,none,benign,benign,1,0.9621,0.0235,0.0144
3782,c2_beacon,fragmentation+block_padding,malicious_obfuscated,malicious_obfuscated,1,0.0137,0.0201,0.9662
3783,voip,none,benign,benign,1,0.9775,0.0148,0.0077
3784,port_scan,timing_jitter+constant_rate_shaping+tunnel_encapsulation,malicious_obfuscated,malicious_obfuscated,1,0.4378,0.0344,0.5278
3785,brute_force,none,malicious_plain,malicious_plain,1,0.0217,0.9381,0.0402
3786,data_exfiltration,none,malicious_plain,malicious_plain,1,0.0161,0.9739,0.0101
3787,brute_force,tunnel_encapsulation,malicious_obfuscated,malicious_obfuscated,1,0.0580,0.0555,0.8865
3788,ddos_flood,tunnel_encapsulation,malicious_obfuscated,malicious_obfuscated,1,0.0294,0.0258,0.9448
3789,file_download,none,benign,benign,1,0.9677,0.0179,0.0144
3790,ssh_interactive,none,benign,benign,1,0.9619,0.0217,0.0164
3791,port_scan,protocol_mimicry+block_padding+constant_rate_shaping,malicious_obfuscated,malicious_obfuscated,1,0.0162,0.0099,0.9739
3792,ddos_flood,none,malicious_plain,malicious_plain,1,0.0179,0.9492,0.0329
3793,reverse_shell,none,malicious_plain,malicious_plain,1,0.0163,0.9059,0.0779
3794,brute_force,block_padding+random_padding,malicious_obfuscated,malicious_obfuscated,1,0.0253,0.0821,0.8926
3795,video_streaming,none,benign,benign,1,0.9702,0.0180,0.0119
3796,ddos_flood,dummy_injection+timing_jitter,malicious_obfuscated,malicious_obfuscated,1,0.0099,0.0163,0.9739
3797,reverse_shell,timing_jitter,malicious_obfuscated,malicious_obfuscated,1,0.1367,0.2564,0.6069
3798,web_browsing,fragmentation,benign,benign,1,0.9153,0.0251,0.0596
3799,reverse_shell,fragmentation+random_padding,malicious_obfuscated,malicious_obfuscated,1,0.0262,0.0233,0.9505
3800,brute_force,random_padding+constant_rate_shaping,malicious_obfuscated,malicious_obfuscated,1,0.2392,0.0258,0.7351
3801,file_download,none,benign,benign,1,0.9533,0.0269,0.0199
3802,web_browsing,dummy_injection+constant_rate_shaping+tunnel_encapsulation,benign,malicious_obfuscated,0,0.3981,0.0281,0.5738
3803,c2_beacon,none,malicious_plain,malicious_plain,1,0.0120,0.9469,0.0410
3804,data_exfiltration,timing_jitter,malicious_obfuscated,malicious_obfuscated,1,0.0192,0.0553,0.9255
3805,reverse_shell,none,malicious_plain,malicious_plain,1,0.0221,0.9190,0.0590
3806,voip,none,benign,benign,1,0.9759,0.0156,0.0085
3807,video_streaming,none,benign,benign,1,0.9669,0.0196,0.0135
3808,video_streaming,dummy_injection,benign,benign,1,0.9741,0.0165,0.0094
3809,ssh_interactive,none,benign,benign,1,0.9704,0.0186,0.0110
3810,brute_force,none,malicious_plain,malicious_plain,1,0.0129,0.9531,0.0340
3811,c2_beacon,protocol_mimicry+random_padding,malicious_obfuscated,malicious_obfuscated,1,0.0727,0.0214,0.9059
3812,c2_beacon,block_padding+dummy_injection,malicious_obfuscated,malicious_obfuscated,1,0.0070,0.0095,0.9835
3813,brute_force,none,malicious_plain,malicious_plain,1,0.0146,0.9356,0.0499
3814,ssh_interactive,dummy_injection,benign,benign,1,0.9390,0.0177,0.0432
3815,data_exfiltration,timing_jitter,malicious_obfuscated,malicious_obfuscated,1,0.0194,0.1231,0.8575
3816,web_browsing,random_padding,benign,benign,1,0.9663,0.0161,0.0176
3817,port_scan,none,malicious_plain,malicious_plain,1,0.0138,0.9447,0.0415
3818,port_scan,none,malicious_plain,malicious_plain,1,0.0158,0.9338,0.0504
3819,video_streaming,dummy_injection+constant_rate_shaping,benign,benign,1,0.9230,0.0289,0.0480
3820,ddos_flood,none,malicious_plain,malicious_plain,1,0.0172,0.9496,0.0331
3821,brute_force,protocol_mimicry+block_padding+dummy_injection,malicious_obfuscated,malicious_obfuscated,1,0.4665,0.0253,0.5082
3822,data_exfiltration,constant_rate_shaping,malicious_obfuscated,malicious_obfuscated,1,0.0245,0.0196,0.9558
3823,brute_force,none,malicious_plain,malicious_plain,1,0.0232,0.9306,0.0461
3824,web_browsing,none,benign,benign,1,0.9824,0.0105,0.0071
3825,ddos_flood,none,malicious_plain,malicious_plain,1,0.0152,0.9283,0.0565
3826,reverse_shell,none,malicious_plain,malicious_plain,1,0.0148,0.9747,0.0105
3827,voip,timing_jitter,benign,benign,1,0.9256,0.0285,0.0459
3828,port_scan,protocol_mimicry+dummy_injection,malicious_obfuscated,malicious_obfuscated,1,0.0453,0.0334,0.9212
3829,file_download,none,benign,benign,1,0.9677,0.0193,0.0130
3830,brute_force,protocol_mimicry,malicious_obfuscated,malicious_obfuscated,1,0.0372,0.0253,0.9375
3831,ssh_interactive,none,benign,benign,1,0.9684,0.0182,0.0133
3832,c2_beacon,timing_jitter+constant_rate_shaping,malicious_obfuscated,malicious_obfuscated,1,0.2281,0.0113,0.7606
3833,ssh_interactive,tunnel_encapsulation,benign,benign,1,0.9629,0.0151,0.0220
3834,ddos_flood,protocol_mimicry+random_padding+dummy_injection,malicious_obfuscated,malicious_obfuscated,1,0.0121,0.0217,0.9661
3835,c2_beacon,protocol_mimicry+random_padding,malicious_obfuscated,malicious_obfuscated,1,0.1607,0.0246,0.8146
3836,ddos_flood,none,malicious_plain,malicious_plain,1,0.0174,0.9502,0.0324
3837,reverse_shell,protocol_mimicry+random_padding+timing_jitter,malicious_obfuscated,benign,0,0.8075,0.0573,0.1352
3838,file_download,protocol_mimicry+dummy_injection+constant_rate_shaping,benign,malicious_obfuscated,0,0.3556,0.0277,0.6167
3839,voip,protocol_mimicry+block_padding,benign,benign,1,0.7407,0.0275,0.2318
3840,file_download,none,benign,benign,1,0.9614,0.0213,0.0173
3841,ddos_flood,random_padding,malicious_obfuscated,malicious_obfuscated,1,0.0263,0.0141,0.9596
3842,video_streaming,none,benign,benign,1,0.9666,0.0195,0.0139
3843,port_scan,none,malicious_plain,malicious_plain,1,0.0124,0.9445,0.0432
3844,file_download,block_padding+tunnel_encapsulation,benign,benign,1,0.9652,0.0195,0.0154
3845,voip,none,benign,benign,1,0.9752,0.0162,0.0086
3846,c2_beacon,random_padding,malicious_obfuscated,malicious_obfuscated,1,0.0223,0.0849,0.8928
3847,video_streaming,none,benign,benign,1,0.9682,0.0168,0.0149
3848,voip,none,benign,benign,1,0.9741,0.0168,0.0091
3849,port_scan,fragmentation+constant_rate_shaping,malicious_obfuscated,malicious_obfuscated,1,0.0924,0.0105,0.8971
3850,c2_beacon,random_padding+dummy_injection+tunnel_encapsulation,malicious_obfuscated,malicious_obfuscated,1,0.0074,0.0123,0.9803
3851,video_streaming,none,benign,benign,1,0.9665,0.0204,0.0132
3852,ssh_interactive,none,benign,benign,1,0.9729,0.0177,0.0094
3853,reverse_shell,block_padding,malicious_obfuscated,malicious_obfuscated,1,0.0422,0.0772,0.8807
3854,port_scan,none,malicious_plain,malicious_plain,1,0.0107,0.9509,0.0384
3855,data_exfiltration,none,malicious_plain,malicious_plain,1,0.0164,0.9746,0.0090
3856,data_exfiltration,fragmentation+dummy_injection,malicious_obfuscated,malicious_obfuscated,1,0.0129,0.0110,0.9761
3857,brute_force,tunnel_encapsulation,malicious_obfuscated,malicious_obfuscated,1,0.0387,0.0602,0.9011
3858,c2_beacon,tunnel_encapsulation,malicious_obfuscated,malicious_obfuscated,1,0.0415,0.0267,0.9318
3859,ddos_flood,none,malicious_plain,malicious_plain,1,0.0155,0.9520,0.0326
3860,web_browsing,fragmentation+random_padding+tunnel_encapsulation,benign,benign,1,0.9242,0.0307,0.0451
3861,port_scan,none,malicious_plain,malicious_plain,1,0.0114,0.9513,0.0373
3862,data_exfiltration,block_padding+timing_jitter,malicious_obfuscated,malicious_obfuscated,1,0.0120,0.0104,0.9776
3863,reverse_shell,none,malicious_plain,malicious_plain,1,0.0088,0.9552,0.0360
3864,ssh_interactive,none,benign,benign,1,0.9719,0.0164,0.0117
3865,c2_beacon,none,malicious_plain,malicious_plain,1,0.0145,0.9445,0.0410
3866,brute_force,none,malicious_plain,malicious_plain,1,0.0192,0.9277,0.0530
3867,ddos_flood,dummy_injection,malicious_obfuscated,malicious_obfuscated,1,0.0204,0.0238,0.9558
3868,ddos_flood,none,malicious_plain,malicious_plain,1,0.0141,0.9510,0.0349
3869,data_exfiltration,fragmentation+constant_rate_shaping,malicious_obfuscated,malicious_obfuscated,1,0.0619,0.0290,0.9090
3870,voip,tunnel_encapsulation,benign,benign,1,0.9650,0.0214,0.0136
3871,ddos_flood,none,malicious_plain,malicious_plain,1,0.0131,0.9585,0.0284
3872,file_download,none,benign,benign,1,0.9717,0.0161,0.0121
3873,port_scan,none,malicious_plain,malicious_plain,1,0.0125,0.9602,0.0273
3874,c2_beacon,none,malicious_plain,malicious_plain,1,0.0150,0.9436,0.0414
3875,c2_beacon,fragmentation+random_padding,malicious_obfuscated,malicious_obfuscated,1,0.0160,0.0421,0.9420
3876,c2_beacon,block_padding+random_padding,malicious_obfuscated,malicious_obfuscated,1,0.0204,0.1302,0.8494
3877,ssh_interactive,none,benign,benign,1,0.9704,0.0195,0.0100
3878,web_browsing,none,benign,benign,1,0.9697,0.0213,0.0090
3879,data_exfiltration,fragmentation+dummy_injection+constant_rate_shaping,malicious_obfuscated,malicious_obfuscated,1,0.2290,0.0313,0.7397
3880,port_scan,protocol_mimicry+fragmentation,malicious_obfuscated,malicious_obfuscated,1,0.0177,0.0127,0.9696
3881,data_exfiltration,protocol_mimicry+dummy_injection+tunnel_encapsulation,malicious_obfuscated,malicious_obfuscated,1,0.1467,0.0195,0.8339
3882,port_scan,none,malicious_plain,malicious_plain,1,0.0142,0.9409,0.0450
3883,voip,none,benign,benign,1,0.9761,0.0160,0.0079
3884,ddos_flood,none,malicious_plain,malicious_plain,1,0.0165,0.9490,0.0344
3885,data_exfiltration,none,malicious_plain,malicious_plain,1,0.0235,0.9615,0.0150
3886,ddos_flood,none,malicious_plain,malicious_plain,1,0.0169,0.9507,0.0323
3887,ddos_flood,none,malicious_plain,malicious_plain,1,0.0156,0.9511,0.0334
3888,ddos_flood,none,malicious_plain,malicious_plain,1,0.0165,0.9504,0.0331
3889,web_browsing,none,benign,benign,1,0.9809,0.0134,0.0057
3890,ddos_flood,block_padding+dummy_injection,malicious_obfuscated,malicious_obfuscated,1,0.0253,0.0129,0.9617
3891,voip,none,benign,benign,1,0.9795,0.0141,0.0064
3892,brute_force,random_padding,malicious_obfuscated,malicious_obfuscated,1,0.0228,0.0359,0.9413
3893,voip,none,benign,benign,1,0.9777,0.0137,0.0086
3894,reverse_shell,fragmentation+timing_jitter+tunnel_encapsulation,malicious_obfuscated,malicious_obfuscated,1,0.0281,0.0068,0.9650
3895,video_streaming,protocol_mimicry+fragmentation+tunnel_encapsulation,benign,benign,1,0.9666,0.0176,0.0157
3896,port_scan,protocol_mimicry,malicious_obfuscated,malicious_obfuscated,1,0.0193,0.0269,0.9538
3897,data_exfiltration,none,malicious_plain,malicious_plain,1,0.0167,0.9747,0.0087
3898,dns_query,tunnel_encapsulation,benign,benign,1,0.8815,0.0392,0.0793
3899,reverse_shell,none,malicious_plain,malicious_plain,1,0.0098,0.9586,0.0316
3900,reverse_shell,none,malicious_plain,malicious_plain,1,0.0217,0.9190,0.0594
3901,data_exfiltration,constant_rate_shaping,malicious_obfuscated,malicious_obfuscated,1,0.0263,0.0250,0.9487
3902,reverse_shell,fragmentation+block_padding,malicious_obfuscated,malicious_obfuscated,1,0.0548,0.0335,0.9117
3903,ssh_interactive,constant_rate_shaping,benign,malicious_obfuscated,0,0.4665,0.0316,0.5019
3904,ssh_interactive,none,benign,benign,1,0.9718,0.0181,0.0102
3905,reverse_shell,none,malicious_plain,malicious_plain,1,0.0152,0.9417,0.0431
3906,voip,none,benign,benign,1,0.9746,0.0169,0.0085
3907,c2_beacon,protocol_mimicry+tunnel_encapsulation,malicious_obfuscated,malicious_obfuscated,1,0.0789,0.0247,0.8963
3908,port_scan,none,malicious_plain,malicious_plain,1,0.0127,0.9492,0.0381
3909,ssh_interactive,none,benign,benign,1,0.9464,0.0321,0.0215
3910,file_download,none,benign,benign,1,0.9614,0.0222,0.0163
3911,c2_beacon,protocol_mimicry+constant_rate_shaping,malicious_obfuscated,malicious_obfuscated,1,0.0220,0.0190,0.9590
3912,data_exfiltration,fragmentation,malicious_obfuscated,malicious_obfuscated,1,0.0234,0.0299,0.9467
3913,data_exfiltration,protocol_mimicry,malicious_obfuscated,malicious_obfuscated,1,0.1165,0.0312,0.8523
3914,port_scan,random_padding+timing_jitter+tunnel_encapsulation,malicious_obfuscated,malicious_obfuscated,1,0.0107,0.0132,0.9762
3915,video_streaming,none,benign,benign,1,0.9520,0.0251,0.0229
3916,ssh_interactive,none,benign,benign,1,0.9759,0.0170,0.0071
3917,web_browsing,none,benign,benign,1,0.9852,0.0097,0.0051
3918,ddos_flood,tunnel_encapsulation,malicious_obfuscated,malicious_obfuscated,1,0.0247,0.0228,0.9526
3919,video_streaming,none,benign,benign,1,0.9699,0.0172,0.0128
3920,voip,none,benign,benign,1,0.9766,0.0155,0.0080
3921,ssh_interactive,none,benign,benign,1,0.9736,0.0176,0.0088
3922,brute_force,none,malicious_plain,malicious_plain,1,0.0149,0.9454,0.0397
3923,video_streaming,dummy_injection+tunnel_encapsulation,benign,benign,1,0.9583,0.0224,0.0193
3924,port_scan,protocol_mimicry,malicious_obfuscated,malicious_obfuscated,1,0.0438,0.0315,0.9247
3925,file_download,dummy_injection,benign,benign,1,0.9291,0.0209,0.0500
3926,reverse_shell,none,malicious_plain,malicious_plain,1,0.0924,0.8767,0.0310
3927,video_streaming,none,benign,benign,1,0.9719,0.0168,0.0113
3928,voip,none,benign,benign,1,0.9753,0.0160,0.0087
3929,data_exfiltration,none,malicious_plain,malicious_plain,1,0.0200,0.9709,0.0091
3930,file_download,none,benign,benign,1,0.9501,0.0299,0.0200
3931,reverse_shell,fragmentation+random_padding+timing_jitter,malicious_obfuscated,malicious_obfuscated,1,0.0329,0.0585,0.9085
3932,data_exfiltration,none,malicious_plain,malicious_plain,1,0.0247,0.9662,0.0091
3933,video_streaming,protocol_mimicry+block_padding+timing_jitter,benign,benign,1,0.9470,0.0198,0.0332
3934,voip,protocol_mimicry,benign,benign,1,0.5644,0.0290,0.4067
3935,reverse_shell,block_padding+random_padding+timing_jitter,malicious_obfuscated,malicious_obfuscated,1,0.0517,0.0707,0.8776
3936,file_download,none,benign,benign,1,0.9689,0.0187,0.0124
3937,reverse_shell,none,malicious_plain,malicious_plain,1,0.0209,0.9592,0.0199
3938,video_streaming,fragmentation+timing_jitter+tunnel_encapsulation,benign,benign,1,0.9485,0.0287,0.0228
3939,brute_force,none,malicious_plain,malicious_plain,1,0.0249,0.9162,0.0589
3940,dns_query,protocol_mimicry+dummy_injection,benign,benign,1,0.9247,0.0443,0.0310
3941,video_streaming,protocol_mimicry+fragmentation+tunnel_encapsulation,benign,benign,1,0.9635,0.0175,0.0191
3942,voip,none,benign,benign,1,0.9779,0.0148,0.0074
3943,data_exfiltration,none,malicious_plain,malicious_plain,1,0.0155,0.9762,0.0083
3944,web_browsing,none,benign,benign,1,0.9465,0.0294,0.0241
3945,brute_force,block_padding+random_padding,malicious_obfuscated,malicious_obfuscated,1,0.0163,0.0131,0.9705
3946,video_streaming,none,benign,benign,1,0.9510,0.0313,0.0177
3947,port_scan,none,malicious_plain,malicious_plain,1,0.0253,0.9235,0.0512
3948,ssh_interactive,none,benign,benign,1,0.9716,0.0146,0.0138
3949,video_streaming,none,benign,benign,1,0.9593,0.0229,0.0178
3950,c2_beacon,none,malicious_plain,malicious_plain,1,0.0214,0.9380,0.0406
3951,reverse_shell,none,malicious_plain,malicious_plain,1,0.0096,0.9745,0.0158
3952,ddos_flood,block_padding+timing_jitter+tunnel_encapsulation,malicious_obfuscated,malicious_obfuscated,1,0.0209,0.0174,0.9617
3953,brute_force,block_padding,malicious_obfuscated,malicious_obfuscated,1,0.0417,0.0383,0.9200
3954,reverse_shell,none,malicious_plain,malicious_plain,1,0.1681,0.7962,0.0357
3955,video_streaming,protocol_mimicry+block_padding+constant_rate_shaping,benign,benign,1,0.8311,0.0320,0.1369
3956,web_browsing,block_padding,benign,benign,1,0.9825,0.0064,0.0111
3957,file_download,protocol_mimicry+constant_rate_shaping+tunnel_encapsulation,benign,malicious_obfuscated,0,0.4730,0.0382,0.4888
3958,reverse_shell,none,malicious_plain,malicious_plain,1,0.2164,0.7444,0.0392
3959,reverse_shell,none,malicious_plain,malicious_plain,1,0.0116,0.9534,0.0350
3960,data_exfiltration,none,malicious_plain,malicious_plain,1,0.0165,0.9758,0.0077
3961,reverse_shell,dummy_injection+constant_rate_shaping,malicious_obfuscated,malicious_obfuscated,1,0.1606,0.0140,0.8254
3962,brute_force,none,malicious_plain,malicious_plain,1,0.0139,0.9505,0.0356
3963,reverse_shell,timing_jitter,malicious_obfuscated,malicious_obfuscated,1,0.1730,0.2964,0.5306
3964,video_streaming,none,benign,benign,1,0.9409,0.0317,0.0275
3965,web_browsing,none,benign,benign,1,0.9768,0.0170,0.0061
3966,reverse_shell,none,malicious_plain,malicious_plain,1,0.0143,0.9766,0.0091
3967,ssh_interactive,random_padding,benign,benign,1,0.7984,0.0387,0.1629
3968,c2_beacon,fragmentation+constant_rate_shaping+tunnel_encapsulation,malicious_obfuscated,malicious_obfuscated,1,0.1739,0.0145,0.8116
3969,file_download,timing_jitter+constant_rate_shaping,benign,benign,1,0.8465,0.0467,0.1068
3970,c2_beacon,protocol_mimicry+fragmentation+tunnel_encapsulation,malicious_obfuscated,malicious_obfuscated,1,0.0360,0.0057,0.9583
3971,data_exfiltration,none,malicious_plain,malicious_plain,1,0.0159,0.9758,0.0083
3972,ssh_interactive,none,benign,benign,1,0.9706,0.0151,0.0143
3973,c2_beacon,block_padding+timing_jitter,malicious_obfuscated,malicious_obfuscated,1,0.0200,0.0319,0.9481
3974,ssh_interactive,none,benign,benign,1,0.9676,0.0193,0.0131
3975,reverse_shell,fragmentation+dummy_injection+tunnel_encapsulation,malicious_obfuscated,malicious_obfuscated,1,0.0346,0.0091,0.9563
3976,port_scan,none,malicious_plain,malicious_plain,1,0.0164,0.9510,0.0326
3977,brute_force,block_padding+dummy_injection+timing_jitter,malicious_obfuscated,malicious_obfuscated,1,0.0312,0.0100,0.9588
3978,voip,timing_jitter+constant_rate_shaping,benign,benign,1,0.5325,0.0290,0.4385
3979,port_scan,protocol_mimicry+random_padding+dummy_injection,malicious_obfuscated,malicious_obfuscated,1,0.0783,0.0211,0.9005
3980,data_exfiltration,none,malicious_plain,malicious_plain,1,0.0259,0.9625,0.0116
3981,data_exfiltration,fragmentation+block_padding+tunnel_encapsulation,malicious_obfuscated,malicious_obfuscated,1,0.0156,0.0151,0.9693
3982,data_exfiltration,fragmentation+tunnel_encapsulation,malicious_obfuscated,malicious_obfuscated,1,0.0141,0.0166,0.9693
3983,data_exfiltration,none,malicious_plain,malicious_plain,1,0.0184,0.9727,0.0089
3984,reverse_shell,none,malicious_plain,malicious_plain,1,0.0427,0.9208,0.0365
3985,video_streaming,protocol_mimicry,benign,benign,1,0.9732,0.0151,0.0117
3986,video_streaming,block_padding+tunnel_encapsulation,benign,benign,1,0.9691,0.0174,0.0135
3987,file_download,none,benign,benign,1,0.9626,0.0219,0.0155
3988,ssh_interactive,none,benign,benign,1,0.9641,0.0213,0.0145
3989,ddos_flood,constant_rate_shaping,malicious_obfuscated,malicious_obfuscated,1,0.0148,0.0154,0.9698
3990,data_exfiltration,protocol_mimicry+fragmentation+tunnel_encapsulation,malicious_obfuscated,malicious_obfuscated,1,0.0157,0.0166,0.9678
3991,reverse_shell,fragmentation+random_padding+dummy_injection,malicious_obfuscated,benign,0,0.7518,0.0384,0.2098
3992,reverse_shell,block_padding+tunnel_encapsulation,malicious_obfuscated,malicious_obfuscated,1,0.1325,0.0489,0.8186
3993,data_exfiltration,none,malicious_plain,malicious_plain,1,0.0188,0.9730,0.0082
3994,data_exfiltration,none,malicious_plain,malicious_plain,1,0.0166,0.9743,0.0092
3995,data_exfiltration,none,malicious_plain,malicious_plain,1,0.0222,0.9675,0.0103
3996,c2_beacon,fragmentation+random_padding+timing_jitter,malicious_obfuscated,malicious_obfuscated,1,0.0238,0.0132,0.9630
3997,voip,none,benign,benign,1,0.9749,0.0166,0.0086
3998,c2_beacon,timing_jitter,malicious_obfuscated,malicious_plain,0,0.0151,0.9309,0.0540
3999,video_streaming,fragmentation,benign,benign,1,0.9502,0.0241,0.0257
4000,port_scan,protocol_mimicry+dummy_injection+tunnel_encapsulation,malicious_obfuscated,malicious_obfuscated,1,0.0107,0.0149,0.9744
